loan_id,P1,P2,P3,P4,P4b,P5,amt,amt_stated,freq,n_src,ev,batch,n_inst,n_obs,on_time_rate,early_rate,late_rate,mean_delay,exposure,max_delay,first_delinq_k,first_delinq_frac,return_to_current_k,re_delinq_k,ever_delinq,n_unpaid,year,status,outcome,plan_len,purpose_len,amount,duration,rate,gender,age,job,income,expend,disposable,past_ordinary,past_early,past_late,past_overdue,past_loss,in_sample,inc17,exp17,disp17,capacity,amt_won,dur_m,req_pay,req_avg,pcg_abs,pcg_ratio,pcg_over,pcg_abs_avg,suffix,lnlen,bgroup,anchor,auto,day,multi,P3b,inc_anchor,cal_anchor,evt_anchor,auto_f,lnamt,past_ordinary_f,past_late_f,past_overdue_f,past_loss_f,past_m,male,P3v3,P4v3,anchor_v3,day_v3,multi_v3,batch_v3,v2b,v3b,income_doc,pay_sched_rx,S2,S3,salday
B081223-1,5,5,5,1,0,3,130000.0,1,월,2,본인급여+아내 취업예정,1,12,12,0.25,0.1667,0.75,8.0,96,27,1.0,0.083,5.0,8.0,1,0,2008,정상종료,완납,405,2094,100만원,12개월,0.3,남자,세,기타,,,,4.0,2.0,16.0,2.0,0.0,1,,,,,1000000.0,12.0,108333.33333333331,96875.0,,,,,1,6.003887067106539,B081223-1,income,False,,False,0,1,0,0,0,13.815510557964274,4.0,16.0,2.0,0.0,0,1,3,1,,,,1,1,0,1,0,0.0,0.0,
B081230-1,5,4,3,2,1,4,100000.0,1,월,1,남편 현재월급 160만,1,6,6,0.1667,0.1667,0.8333,20.167,121,61,2.0,0.333,,,1,0,2008,연체중,손실,272,781,100만원,9개월,0.3,여자,세,기타,,,,2.0,1.0,6.0,2.0,0.0,1,,,,,1000000.0,9.0,136111.11111111112,125000.0,,,,,1,5.605802066295998,B090106-3,,,,,0,0,0,0,0,13.815510557964274,2.0,6.0,2.0,0.0,0,0,1,2,,,,1,0,0,0,0,0.0,0.0,
B090104-1,2,4,2,1,0,4,,0,,1,현재 고정급 140만원,1,8,8,1.0,1.0,0.0,0.0,0,0,,,,,0,0,2009,정상종료,완납,576,360,100만원,9개월,0.3,남자,세,기타,,,,62.0,61.0,4.0,0.0,0.0,1,,,,,1000000.0,9.0,136111.11111111112,125000.0,,,,,1,6.356107660695892,B081208-5,,,,,0,0,0,0,0,13.815510557964274,62.0,4.0,0.0,0.0,0,1,1,1,,,,1,0,0,0,0,0.0,0.0,
B090117-1,2,4,1,1,0,4,,0,,1,외주업체 재직 100만원,1,12,12,0.5833,0.1667,0.4167,0.917,11,3,1.0,0.083,2.0,6.0,1,0,2009,정상종료,완납,215,324,200만원,12개월,0.3,여자,세,기타,,,,,,,,,1,,,,,2000000.0,12.0,216666.66666666663,193750.0,,,,,1,5.3706380281276624,B090117-1,,,,,0,0,0,0,0,14.50865773852422,0.0,0.0,0.0,0.0,1,0,1,1,,,,1,0,0,0,0,0.4651162790697674,0.0,
B090124-1,1,4,1,1,0,5,,0,,2,현재 월급150만,1,5,5,0.2,0.0,0.8,30.2,151,61,2.0,0.4,,,1,0,2009,연체중,손실,141,784,100만원,12개월,0.3,여자,세,기타,,,,,,,,,1,,,,,1000000.0,12.0,108333.33333333331,96875.0,,,,,1,4.948759890378168,B090124-1,,,,,0,0,0,0,0,13.815510557964274,0.0,0.0,0.0,0.0,1,0,1,1,,,,1,0,0,0,0,0.0,0.0,
B090127-1,2,4,3,2,1,4,,0,,2,1년치 물량 수주 상태,1,5,5,0.0,0.0,1.0,24.0,120,61,1.0,0.2,,,1,0,2009,손실(상환완료),손실,436,517,100만원,12개월,0.3,남자,세,기타,,,,2.0,1.0,5.0,2.0,0.0,1,,,,,1000000.0,12.0,108333.33333333331,96875.0,,,,,1,6.077642243349034,B090119-18,,,,,0,0,0,0,0,13.815510557964274,2.0,5.0,2.0,0.0,0,1,1,1,,,,1,0,0,0,0,0.0,0.0,
B090128-1,3,5,3,4,1,4,,0,월,2,현급여+장모님 30만,1,7,7,0.4286,0.4286,0.5714,10.429,73,61,4.0,0.571,,,1,0,2009,연체중,손실,264,700,100만원,12개월,0.3,남자,세,기타,,,,13.0,13.0,9.0,1.0,0.0,1,,,,,1000000.0,12.0,108333.33333333331,96875.0,,,,,1,5.575949103146316,B090117-5,,,,,0,0,0,0,0,13.815510557964274,13.0,9.0,1.0,0.0,0,1,1,2,,,,1,0,0,0,0,0.0,0.0,
B090201-1,2,4,1,1,0,4,,0,,1,압류후 최소급여 150만,1,5,5,0.0,0.0,1.0,11.6,58,35,1.0,0.2,,,1,0,2009,정상종료,완납,198,1633,100만원,9개월,0.3,남자,세,기타,,,,,,,,,1,,,,,1000000.0,9.0,136111.11111111112,125000.0,,,,,1,5.288267030694535,B090201-1,,,,,0,0,0,0,0,13.815510557964274,0.0,0.0,0.0,0.0,1,1,1,1,,,,1,0,0,0,0,0.0,0.0,
B090214-1,2,4,4,1,0,4,,0,,1,급여+당직수당 현재수령,1,3,3,1.0,0.6667,0.0,0.0,0,0,,,,,0,0,2009,정상종료,완납,255,1416,100만원,12개월,0.3,남자,세,기타,,,,48.0,36.0,0.0,0.0,0.0,1,,,,,1000000.0,12.0,108333.33333333331,96875.0,,,,,1,5.541263545158426,A080423-3,calendar,False,25.0,False,0,0,1,0,0,13.815510557964274,48.0,0.0,0.0,0.0,0,1,1,1,,,,1,1,0,1,0,0.0,0.0,
B090217-1,3,5,5,1,0,4,,0,월,3,현직 급여226만+성과금,1,12,12,0.6667,0.4167,0.3333,0.583,7,3,3.0,0.25,5.0,7.0,1,0,2009,정상종료,완납,240,395,200만원,12개월,0.3,남자,세,기타,,,,22.0,9.0,5.0,0.0,0.0,1,,,,,2000000.0,12.0,216666.66666666663,193750.0,,,,,1,5.480638923341991,B100406-1,income,False,,False,1,1,0,0,0,14.50865773852422,22.0,5.0,0.0,0.0,0,1,4,1,income,,False,1,1,1,0,0,0.0,4.166666666666667,
B090222-1,4,4,1,1,0,4,200000.0,1,월,1,세후 185만 현재급여,1,12,12,0.0,0.0,1.0,23.167,278,31,1.0,0.083,,,1,0,2009,정상종료,완납,101,440,100만원,12개월,0.3,여자,세,기타,,,,17.0,9.0,28.0,7.0,0.0,1,,,,,1000000.0,12.0,108333.33333333331,96875.0,,,,,1,4.61512051684126,A080718-3,,,,,0,0,0,0,0,13.815510557964274,17.0,28.0,7.0,0.0,0,0,1,1,,,,1,0,0,0,0,0.0,0.0,
B090302-1,2,4,1,1,0,4,,0,,2,남편급여245만+월세수입,1,11,11,0.8182,0.4545,0.1818,0.182,2,1,3.0,0.273,4.0,5.0,1,0,2009,정상종료,완납,3721,3061,200만원,12개월,0.3,여자,세,기타,,,,17.0,11.0,9.0,0.0,0.0,1,,,,,2000000.0,12.0,216666.66666666663,193750.0,,,,,1,8.221747728346623,B100206-4,,,,,0,0,0,0,0,14.50865773852422,17.0,9.0,0.0,0.0,0,0,1,1,,,,1,0,0,0,0,2.0901194353963084,1.3572204125950054,
B090311-1,4,4,4,2,1,4,300000.0,1,월,1,"구청지급 급여, 3년재직",1,8,8,1.0,1.0,0.0,0.0,0,0,,,,,0,0,2009,정상종료,완납,411,288,100만원,12개월,0.3,,세,기타,,,,,,,,,1,,,,,1000000.0,12.0,108333.33333333331,96875.0,,,,,1,6.018593214496234,B090311-1,income,False,5.0,False,0,1,0,0,0,13.815510557964274,0.0,0.0,0.0,0.0,1,0,1,2,,,,1,1,0,1,1,0.48661800486618,4.866180048661801,5.0
B090331-1,2,5,5,5,1,4,,0,,3,본인급여+배우자 육아비,1,9,9,1.0,1.0,0.0,0.0,0,0,,,,,0,0,2009,정상종료,완납,1054,2115,200만원,12개월,0.3,,세,기타,,,,,,,,,1,,,,,2000000.0,12.0,216666.66666666663,193750.0,,,,,1,6.960347729101308,B090331-1,income,False,25.0,False,0,1,0,0,0,14.50865773852422,0.0,0.0,0.0,0.0,1,0,1,5,,,,1,1,0,1,1,0.0,0.9523809523809524,
B090404-1,3,4,1,1,0,5,,0,월,1,3월 순수입180만 실적,1,12,12,0.9167,0.5833,0.0833,0.167,2,2,10.0,0.833,11.0,,1,0,2009,정상종료,완납,307,739,100만원,12개월,0.3,남자,세,기타,,,,,,,,,1,,,,,1000000.0,12.0,108333.33333333331,96875.0,,,,,1,5.726847747587197,B090404-1,,,,,0,0,0,0,0,13.815510557964274,0.0,0.0,0.0,0.0,1,1,1,1,,,,1,0,0,0,0,0.0,3.3003300330033003,
B090412-1,4,5,3,5,1,4,,0,월,3,공탁금 1200만원 실재,1,9,9,0.7778,0.7778,0.2222,3.333,30,29,3.0,0.333,4.0,9.0,1,0,2009,정상종료,완납,843,1477,200만원,9개월,0.3,남자,세,기타,,,,16.0,11.0,15.0,1.0,0.0,1,,,,,2000000.0,9.0,272222.22222222225,250000.0,,,,,1,6.736966958001855,B110403-4,,,,,0,0,0,0,0,14.50865773852422,16.0,15.0,1.0,0.0,0,1,1,5,,,,1,0,0,0,0,0.0,0.0,
B090417-1,2,4,5,5,1,4,,0,,1,"구직급여 일28,800원 수령",1,12,12,0.6667,0.4167,0.3333,3.167,38,24,8.0,0.667,9.0,10.0,1,0,2009,정상종료,완납,291,562,100만원,12개월,0.3,남자,세,기타,,,,21.0,12.0,6.0,0.0,0.0,1,,,,,1000000.0,12.0,108333.33333333331,96875.0,,,,,1,5.673323267171493,A080602-2,income,False,,False,0,1,0,0,0,13.815510557964274,21.0,6.0,0.0,0.0,0,1,1,5,,,,1,1,0,1,0,0.3436426116838488,0.0,
B090424-1,2,5,3,3,1,4,,0,,2,최근3개월 평균330만,1,6,6,1.0,0.8333,0.0,0.0,0,0,,,,,0,0,2009,정상종료,완납,357,588,100만원,6개월,0.3,남자,세,기타,,,,19.0,10.0,1.0,0.0,0.0,1,,,,,1000000.0,6.0,191666.66666666663,181250.0,,,,,1,5.877735781779639,B090424-1,,,,,0,0,0,0,0,13.815510557964274,19.0,1.0,0.0,0.0,0,1,2,2,,,,1,0,0,0,0,0.0,0.0,
B090702-1,5,4,1,1,0,4,130000.0,1,월,1,월급150만 잔액13만,1,9,9,0.2222,0.1111,0.7778,1.111,10,3,1.0,0.111,4.0,5.0,1,0,2009,정상종료,완납,224,1228,100만원,9개월,0.3,남자,세,기타,,,,89.0,36.0,28.0,0.0,0.0,1,,,,,1000000.0,9.0,136111.11111111112,125000.0,,,,,1,5.41164605185504,B100410-9,,,,,0,0,0,0,0,13.815510557964274,89.0,28.0,0.0,0.0,0,1,1,1,,,,1,0,0,0,0,0.0,0.0,
B090703-1,5,4,3,2,1,4,300000.0,1,월,1,남편 현재급여 300만,1,5,5,0.0,0.0,1.0,21.4,107,61,1.0,0.2,,,1,0,2009,연체중,손실,261,1093,100만원,6개월,0.3,여자,세,기타,,,,,,,,,1,,,,,1000000.0,6.0,191666.66666666663,181250.0,,,,,1,5.564520407322694,B090703-1,,,,,0,0,0,0,0,13.815510557964274,0.0,0.0,0.0,0.0,1,0,1,2,,,,1,0,0,0,0,0.7662835249042145,0.0,
B090723-1,5,4,5,1,0,4,220000.0,1,월,2,세후360만+과거2회 이력,1,11,11,1.0,1.0,0.0,0.0,0,0,,,,,0,0,2009,정상종료,완납,347,601,200만원,12개월,0.3,남자,세,기타,,,,37.0,31.0,0.0,0.0,0.0,1,,,,,2000000.0,12.0,216666.66666666663,193750.0,,,,,1,5.849324779946859,A071107-1,income,True,25.0,False,1,1,0,0,1,14.50865773852422,37.0,0.0,0.0,0.0,0,1,4,1,income,25.0,False,1,1,1,0,1,0.0,0.0,25.0
B090828-1,3,4,1,1,0,4,,0,월,1,월급여110만 잔액상환,1,9,9,1.0,1.0,0.0,0.0,0,0,,,,,0,0,2009,정상종료,완납,140,2377,100만원,9개월,0.3,여자,세,기타,,,,32.0,32.0,0.0,0.0,0.0,1,,,,,1000000.0,9.0,136111.11111111112,125000.0,,,,,1,4.941642422609304,B100428-6,,,,,0,0,0,0,0,13.815510557964274,32.0,0.0,0.0,0.0,0,0,1,1,,,,1,0,0,0,0,0.0,0.0,
B090901-1,5,4,5,1,0,4,300000.0,1,월,2,실수령220만+내년4월퇴직금,1,5,5,1.0,1.0,0.0,0.0,0,0,,,,,0,0,2009,정상종료,완납,245,1097,200만원,12개월,0.3,남자,세,기타,,,,37.0,36.0,0.0,0.0,0.0,1,,,,,2000000.0,12.0,216666.66666666663,193750.0,,,,,1,5.501258210544727,B100217-14,event,False,,True,1,0,0,1,0,14.50865773852422,37.0,0.0,0.0,0.0,0,1,4,1,event,,False,1,1,1,0,0,0.0,0.0,
B090916-1,5,4,2,3,1,4,250000.0,1,월,2,현재 순수익200만 실적,1,12,12,0.9167,0.8333,0.0833,0.25,3,3,1.0,0.083,2.0,,1,0,2009,정상종료,완납,775,867,200만원,12개월,0.3,,세,기타,,,,,,,,,1,,,,,2000000.0,12.0,216666.66666666663,193750.0,,,,,1,6.652863029353347,B090916-1,,,,,0,0,0,0,0,14.50865773852422,0.0,0.0,0.0,0.0,1,0,2,1,,,,1,0,0,0,0,0.0,0.0,
B091005-1,1,5,3,1,0,4,,0,,3,급여260만+적금 만기임박,1,9,9,0.7778,0.6667,0.2222,0.333,3,2,4.0,0.444,5.0,9.0,1,0,2009,정상종료,완납,255,429,200만원,9개월,0.3,여자,세,기타,,,,20.0,16.0,16.0,0.0,0.0,1,,,,,2000000.0,9.0,272222.22222222225,250000.0,,,,,1,5.541263545158426,B101201-19,,,,,0,0,0,0,0,14.50865773852422,20.0,16.0,0.0,0.0,0,0,1,1,,,,1,0,0,0,0,0.0,0.0,
B091024-1,4,4,3,1,0,4,10000.0,1,,1,가게 단골30곳 운영중,1,6,6,0.8333,0.1667,0.1667,0.167,1,1,5.0,0.833,6.0,,1,0,2009,정상종료,완납,482,1106,100만원,6개월,0.29,여자,세,기타,,,,,,,,,1,,,,,1000000.0,6.0,190833.3333333333,180763.88888888888,,,,,1,6.1779441140506,B091024-1,,,,,0,0,0,0,0,13.815510557964274,0.0,0.0,0.0,0.0,1,0,1,1,,,,1,0,0,0,0,1.4553014553014554,0.0,
B091026-1,2,4,1,1,0,4,,0,,2,월사업소득200~250만,1,7,7,0.8571,0.8571,0.1429,3.0,21,21,5.0,0.714,6.0,,1,0,2009,정상종료,완납,248,774,200만원,12개월,0.3,남자,세,기타,,,,13.0,12.0,6.0,0.0,0.0,1,,,,,2000000.0,12.0,216666.66666666663,193750.0,,,,,1,5.513428746164983,B090416-2,,,,,0,0,0,0,0,14.50865773852422,13.0,6.0,0.0,0.0,0,1,3,1,,,,1,0,0,0,0,0.0,0.0,
B091104-1,4,5,5,1,0,5,200000.0,1,월,2,급여98만+장려금20만 수령,1,13,13,1.0,0.9231,0.0,0.0,0,0,,,,,0,0,2009,정상종료,완납,189,1366,300만원,21개월,0.3,,세,기타,,,,,,,,,1,,,,,3000000.0,21.0,217857.14285714287,182142.8571428572,,,,,1,5.241747015059643,B091104-1,income,False,5.0,True,0,1,0,0,0,14.914122846632385,0.0,0.0,0.0,0.0,1,0,3,1,,,,1,1,0,1,1,0.0,0.0,5.0
B091113-1,5,5,1,2,1,4,160000.0,1,월,2,남편110만+본인알바20만,1,8,8,1.0,1.0,0.0,0.0,0,0,,,,,0,0,2009,정상종료,완납,407,577,150만원,12개월,0.3,여자,세,기타,,,,58.0,40.0,6.0,0.0,0.0,1,,,,,1500000.0,12.0,162500.0,145312.5,,,,,1,6.008813185442595,A070601-5,,,,,0,0,0,0,0,14.22097566607244,58.0,6.0,0.0,0.0,0,0,1,1,,,,1,0,0,0,0,0.0,0.0,
B091116-1,2,4,2,1,0,5,,0,,1,5년6개월 재직 실수령220,1,8,8,1.0,0.25,0.0,0.0,0,0,,,,,0,0,2009,정상종료,완납,311,1038,200만원,12개월,0.3,남자,세,기타,,,,20.0,6.0,0.0,0.0,0.0,1,,,,,2000000.0,12.0,216666.66666666663,193750.0,,,,,1,5.739792912179234,A070705-5,,,,,0,0,0,0,0,14.50865773852422,20.0,0.0,0.0,0.0,0,1,1,1,,,,1,0,0,0,0,0.0,0.0,
B091214-1,3,4,5,1,0,4,,0,월,1,고시텔 총무 급여100만,1,1,1,0.0,0.0,1.0,61.0,61,61,1.0,1.0,,,1,0,2009,연체중,손실,314,942,50만원,3개월,0.3,남자,세,기타,,,,,,,,,1,,,,,500000.0,3.0,179166.66666666666,175000.0,,,,,1,5.749392985908253,B091214-1,income,False,,False,1,1,0,0,0,13.122363377404328,0.0,0.0,0.0,0.0,1,1,4,1,income,,False,1,1,1,0,0,0.0,6.430868167202572,
B091219-1,2,5,1,3,1,4,,0,월,2,부업 월10만 실수령중,1,6,6,0.3333,0.1667,0.6667,12.833,77,61,2.0,0.333,3.0,4.0,1,0,2009,연체중,손실,476,848,150만원,12개월,0.3,여자,세,기타,,,,,,,,,1,,,,,1500000.0,12.0,162500.0,145312.5,,,,,1,6.16541785423142,B091219-1,,,,,0,0,0,0,0,14.22097566607244,0.0,0.0,0.0,0.0,1,0,1,1,,,,1,0,0,0,0,0.0,0.0,
B091223-1,5,5,4,3,1,4,350000.0,1,월,3,3원천 수입+지출관리 습관,1,5,5,1.0,1.0,0.0,0.0,0,0,,,,,0,0,2009,정상종료,완납,703,1967,400만원,24개월,0.3,남자,세,기타,,,,75.0,56.0,27.0,4.0,0.0,1,,,,,4000000.0,24.0,266666.6666666666,218750.0,,,,,1,6.555356891810665,A070817-4,calendar,False,12.0,False,1,0,1,0,0,15.201804919084164,75.0,27.0,4.0,0.0,0,1,4,1,calendar,12.0,False,1,1,1,0,0,0.0,0.0,
B091226-1,4,5,3,3,1,5,200000.0,1,월,2,본업135만+부업55만 현재,1,9,9,1.0,0.8889,0.0,0.0,0,0,,,,,0,0,2009,정상종료,완납,557,2169,150만원,9개월,0.3,여자,세,기타,,,,,,,,,1,,,,,1500000.0,9.0,204166.66666666663,187500.0,,,,,1,6.322565239927284,B091226-1,,,,,0,0,0,0,0,14.22097566607244,0.0,0.0,0.0,0.0,1,0,1,2,,,,1,0,0,0,0,0.0,1.8050541516245489,
B100129-1,2,5,3,4,1,4,,0,,2,급여160만+새벽세차55만,1,7,7,0.4286,0.1429,0.5714,12.714,89,49,3.0,0.429,4.0,5.0,1,0,2010,정상종료,완납,510,537,100만원,9개월,0.3,남자,세,기타,,,,,,,,,1,,,,,1000000.0,9.0,136111.11111111112,125000.0,,,,,1,6.234410725718371,B100129-1,,,,,0,0,0,0,0,13.815510557964274,0.0,0.0,0.0,0.0,1,1,1,4,,,,1,0,0,0,0,0.0,1.96078431372549,
B100303-1,3,4,5,1,0,3,,0,월,1,입사후 첫급여 3/30 예정,1,8,8,1.0,1.0,0.0,0.0,0,0,,,,,0,0,2010,정상종료,완납,276,415,100만원,12개월,0.3,여자,세,기타,,,,,,,,,1,,,,,1000000.0,12.0,108333.33333333331,96875.0,,,,,1,5.62040086571715,B100303-1,income,False,30.0,False,0,1,0,0,0,13.815510557964274,0.0,0.0,0.0,0.0,1,0,1,1,,,,1,1,0,1,1,0.3623188405797101,0.0,
B100304-1,2,5,3,1,0,5,,0,,3,본인229만+배우자50만,1,7,7,0.7143,0.7143,0.2857,2.429,17,11,5.0,0.714,6.0,7.0,1,0,2010,정상종료,완납,619,941,300만원,15개월,0.3,남자,세,기타,,,,7.0,7.0,3.0,0.0,0.0,1,,,,,3000000.0,15.0,275000.0,240000.0,,,,,1,6.428105272684596,B110209-15,,,,,0,0,0,0,0,14.914122846632385,7.0,3.0,0.0,0.0,0,1,2,1,,,,1,0,0,0,0,0.0,1.6420361247947457,
B100306-1,5,4,1,1,0,4,160000.0,1,월,2,12월 취업 세후130만,1,6,6,0.5,0.5,0.5,5.333,32,21,2.0,0.333,3.0,4.0,1,0,2010,정상종료,완납,357,793,50만원,6개월,0.3,,세,기타,,,,,,,,,1,,,,,500000.0,6.0,95833.33333333331,90625.0,,,,,1,5.877735781779639,B100306-1,,,,,0,0,0,0,0,13.122363377404328,0.0,0.0,0.0,0.0,1,0,1,1,,,,1,0,0,0,0,0.0,0.0,
B100311-1,5,4,5,5,1,4,200000.0,1,월,2,"1월부터 재직, 3년 무지연",1,6,6,1.0,1.0,0.0,0.0,0,0,,,,,0,0,2010,정상종료,완납,1085,2979,100만원,6개월,0.3,남자,세,기타,,,,,,,,,1,,,,,1000000.0,6.0,191666.66666666663,181250.0,,,,,1,6.98933526597456,B100311-1,income,False,,False,0,1,0,0,0,13.815510557964274,0.0,0.0,0.0,0.0,1,1,3,4,,,,1,1,0,1,0,0.8712487899322363,2.904162633107454,
B100322-1,5,4,3,1,0,4,150000.0,1,월,1,신규 연구소 월급150만,1,9,9,1.0,0.8889,0.0,0.0,0,0,,,,,0,0,2010,정상종료,완납,694,4931,100만원,9개월,0.3,남자,세,기타,,,,,,,,,1,,,,,1000000.0,9.0,136111.11111111112,125000.0,,,,,1,6.542471960506805,B100322-1,,,,,0,0,0,0,0,13.815510557964274,0.0,0.0,0.0,0.0,1,1,1,1,,,,1,0,0,0,0,0.0,0.0,
B100401-1,2,4,4,1,0,4,,0,,2,취업후 홀180/짝360 수령,1,9,9,1.0,1.0,0.0,0.0,0,0,,,,,0,0,2010,정상종료,완납,1377,540,300만원,15개월,0.3,남자,세,기타,,,,,,,,,1,,,,,3000000.0,15.0,275000.0,240000.0,,,,,1,7.227662498728654,B100401-1,income,False,,False,0,1,0,0,0,14.914122846632385,0.0,0.0,0.0,0.0,1,1,1,1,,,,1,1,0,1,0,0.0,0.0,
B100406-1,3,1,3,2,1,2,,0,월,0,근거 제시 없음,1,15,15,0.9333,0.2667,0.0667,0.067,1,1,13.0,0.867,14.0,,1,0,2010,정상종료,완납,109,1089,300만원,15개월,0.3,남자,세,기타,,,,22.0,9.0,5.0,0.0,0.0,1,,,,,3000000.0,15.0,275000.0,240000.0,,,,,1,4.691347882229144,B100406-1,,,,,0,0,0,0,0,14.914122846632385,22.0,5.0,0.0,0.0,0,1,2,2,,,,1,0,0,0,0,0.0,9.174311926605505,
B100428-1,5,4,3,1,0,5,100000.0,1,월,1,현재 월급여140만,1,12,12,0.9167,0.0,0.0833,0.083,1,1,5.0,0.417,6.0,,1,0,2010,정상종료,완납,124,673,100만원,12개월,0.3,남자,세,기타,,,,27.0,10.0,1.0,0.0,0.0,1,,,,,1000000.0,12.0,108333.33333333331,96875.0,,,,,1,4.820281565605037,B110721-2,,,,,0,0,0,0,0,13.815510557964274,27.0,1.0,0.0,0.0,0,1,1,1,,,,1,0,0,0,0,0.0,0.0,
B100501-1,1,4,5,1,0,4,,0,,1,가게 순수익155만 현재,1,24,24,1.0,0.7917,0.0,0.0,0,0,,,,,0,0,2010,정상종료,완납,862,1957,300만원,24개월,0.3,여자,세,기타,,,,,,,,,1,,,,,3000000.0,24.0,200000.0,164062.5,,,,,1,6.759255270663693,B100501-1,none,False,,False,0,0,0,0,0,14.914122846632385,0.0,0.0,0.0,0.0,1,0,1,1,,,,1,1,0,1,0,0.2328288707799767,0.0,
B100502-1,5,4,3,1,0,4,320000.0,1,월,1,3년 근속 월급160만,1,12,12,0.8333,0.5833,0.1667,0.25,3,2,11.0,0.917,,,1,0,2010,정상종료,완납,128,1361,150만원,12개월,0.3,남자,세,기타,,,,17.0,9.0,5.0,0.0,0.0,1,,,,,1500000.0,12.0,162500.0,145312.5,,,,,1,4.852030263919617,B100102-2,,,,,0,0,0,0,0,14.22097566607244,17.0,5.0,0.0,0.0,0,1,1,1,,,,1,0,0,0,0,0.0,0.0,
B100508-1,1,5,1,1,0,5,,0,,3,본인200+부인85+장려금,1,12,12,0.25,0.0833,0.75,0.833,10,2,1.0,0.083,2.0,3.0,1,0,2010,정상종료,완납,212,1115,200만원,12개월,0.3,남자,세,기타,,,,,,,,,1,,,,,2000000.0,12.0,216666.66666666663,193750.0,,,,,1,5.356586274672012,B100508-1,,,,,0,0,0,0,0,14.50865773852422,0.0,0.0,0.0,0.0,1,1,1,1,,,,1,0,0,0,0,0.0,0.0,
B100608-1,3,5,1,1,0,5,,0,월,2,본인200+남편220 현재,1,21,21,0.4286,0.1905,0.5714,1.571,33,6,4.0,0.19,5.0,10.0,1,0,2010,정상종료,완납,833,1970,300만원,21개월,0.3,여자,세,기타,,,,,,,,,1,,,,,3000000.0,21.0,217857.14285714287,182142.8571428572,,,,,1,6.725033642166843,B100608-1,,,,,0,0,0,0,0,14.914122846632385,0.0,0.0,0.0,0.0,1,0,1,1,,,,1,0,0,0,0,0.1207729468599033,1.207729468599034,
B100707-1,2,5,4,3,1,3,,0,월,2,8/25부터 소득 예상,1,12,12,1.0,1.0,0.0,0.0,0,0,,,,,0,0,2010,정상종료,완납,292,199,400만원,18개월,0.3,남자,세,기타,,,,24.0,22.0,0.0,0.0,0.0,1,,,,,4000000.0,18.0,322222.22222222225,275000.0,,,,,1,5.676753802268282,B090416-3,income,False,25.0,False,0,1,0,0,0,15.201804919084164,24.0,0.0,0.0,0.0,0,1,1,1,,,,1,1,0,1,0,0.0,0.0,
B100713-1,2,5,4,1,0,4,,0,,2,남편200+행사30 예약확정,1,12,12,1.0,1.0,0.0,0.0,0,0,,,,,0,0,2010,정상종료,완납,509,644,150만원,12개월,0.3,여자,세,기타,,,,35.0,25.0,10.0,4.0,0.0,1,,,,,1500000.0,12.0,162500.0,145312.5,,,,,1,6.2324480165505225,A080409-1,event,False,,False,0,0,0,1,0,14.22097566607244,35.0,10.0,4.0,0.0,0,0,3,1,,,,1,1,0,1,0,1.2371134020618555,0.0,
B100716-1,3,5,5,1,0,4,,0,월,1,스튜디오 실적 304만,1,18,18,0.1667,0.0556,0.8333,22.944,413,30,3.0,0.167,4.0,5.0,1,0,2010,정상종료,완납,679,1370,400만원,18개월,0.3,남자,세,기타,,,,6.0,1.0,8.0,7.0,0.0,1,,,,,4000000.0,18.0,322222.22222222225,275000.0,,,,,1,6.520621127558696,B100222-6,none,False,,False,0,0,0,0,0,15.201804919084164,6.0,8.0,7.0,0.0,0,1,3,1,,,,1,1,0,1,0,1.8209408194233687,1.5174506828528074,
B100721-1,1,5,1,1,0,4,,0,,2,본인134+동생130+부100,1,15,15,0.4,0.2667,0.6,4.667,70,28,4.0,0.267,5.0,6.0,1,0,2010,정상종료,완납,249,1486,300만원,15개월,0.3,여자,세,기타,,,,,,,,,1,,,,,3000000.0,15.0,275000.0,240000.0,,,,,1,5.517452896464707,B100721-1,,,,,0,0,0,0,0,14.914122846632385,0.0,0.0,0.0,0.0,1,0,1,1,,,,1,0,0,0,0,0.4347826086956521,0.0,
B100726-1,1,5,3,1,0,4,,0,,2,본인192만+아내130만,1,11,11,0.0909,0.0,0.9091,15.636,172,31,1.0,0.091,2.0,3.0,1,0,2010,손실(상환완료),손실,516,1325,250만원,12개월,0.3,남자,세,기타,,,,4.0,2.0,16.0,2.0,0.0,1,,,,,2500000.0,12.0,270833.3333333334,242187.5,,,,,1,6.246106765481563,B081223-1,,,,,0,0,0,0,0,14.73180128983843,4.0,16.0,2.0,0.0,0,1,1,1,,,,1,0,0,0,0,0.0,0.0,
B100728-1,4,4,3,3,1,4,160000.0,1,월,1,2007년부터 대리점 근무,1,12,12,1.0,1.0,0.0,0.0,0,0,,,,,0,0,2010,정상종료,완납,640,444,150만원,12개월,0.29,여자,세,기타,,,,41.0,41.0,0.0,0.0,0.0,1,,,,,1500000.0,12.0,161250.0,144635.41666666666,,,,,1,6.461468176353717,B090203-15,,,,,0,0,0,0,0,14.22097566607244,41.0,0.0,0.0,0.0,0,0,1,1,,,,1,0,0,0,0,1.740506329113924,0.0,
B100817-1,1,5,4,4,1,4,,0,,2,현수입260만+대리수송 대기,1,18,18,1.0,0.8889,0.0,0.0,0,0,,,,,0,0,2010,정상종료,완납,352,3784,300만원,18개월,0.3,남자,세,기타,,,,75.0,66.0,0.0,0.0,0.0,1,,,,,3000000.0,18.0,241666.66666666663,206250.0,,,,,1,5.863631175598097,B120323-17,income,False,,False,0,1,0,0,0,14.914122846632385,75.0,0.0,0.0,0.0,0,1,1,1,,,,1,1,0,1,0,2.2792022792022792,0.0,
B100826-1,5,5,3,1,0,5,200000.0,1,월,2,본인급여+컴퓨터AS 25만,1,9,9,1.0,0.4444,0.0,0.0,0,0,,,,,0,0,2010,정상종료,완납,422,1412,150만원,9개월,0.3,남자,세,기타,,,,,,,,,1,,,,,1500000.0,9.0,204166.66666666663,187500.0,,,,,1,6.045005314036012,B100826-1,,,,,0,0,0,0,0,14.22097566607244,0.0,0.0,0.0,0.0,1,1,1,1,,,,1,0,0,0,0,0.0,0.0,
B100923-1,2,4,3,1,0,4,,0,,1,월300만+작년신고 4900만,1,8,8,0.5,0.375,0.5,9.5,76,31,3.0,0.375,4.0,6.0,1,0,2010,연체중,손실,304,2106,200만원,9개월,0.3,남자,세,기타,,,,,,,,,1,,,,,2000000.0,9.0,272222.22222222225,250000.0,,,,,1,5.717027701406222,B100923-1,,,,,0,0,0,0,0,14.50865773852422,0.0,0.0,0.0,0.0,1,1,2,1,,,,1,0,0,0,0,0.0,10.0,
B100928-1,5,5,3,1,0,4,200000.0,1,월,2,3교대+새벽 택배 투잡중,1,9,9,0.5556,0.4444,0.4444,1.111,10,3,3.0,0.333,6.0,7.0,1,0,2010,정상종료,완납,411,1683,150만원,9개월,0.3,남자,세,기타,,,,,,,,,1,,,,,1500000.0,9.0,204166.66666666663,187500.0,,,,,1,6.018593214496234,B100928-1,,,,,0,0,0,0,0,14.22097566607244,0.0,0.0,0.0,0.0,1,1,1,1,,,,1,0,0,0,1,0.0,4.950495049504951,
B100930-1,1,4,4,1,0,4,,0,,3,연봉2300+아내 복직예정,1,12,12,1.0,0.3333,0.0,0.0,0,0,,,,,0,0,2010,정상종료,완납,325,674,200만원,12개월,0.3,남자,세,기타,,,,,,,,,1,,,,,2000000.0,12.0,216666.66666666663,193750.0,,,,,1,5.783825182329737,B100930-1,income,False,,False,0,1,0,0,0,14.50865773852422,0.0,0.0,0.0,0.0,1,1,1,1,,,,1,1,0,1,0,0.0,0.0,
B101007-1,3,5,4,1,0,4,,0,월,2,급여230만+예비배우자150만,1,24,24,1.0,0.9583,0.0,0.0,0,0,,,,,0,0,2010,정상종료,완납,1003,915,300만원,24개월,0.3,남자,세,기타,,,,,,,,,1,,,,,3000000.0,24.0,200000.0,164062.5,,,,,1,6.910750787961936,B101007-1,none,False,,False,0,0,0,0,0,14.914122846632385,0.0,0.0,0.0,0.0,1,1,1,1,,,,1,1,0,1,0,0.0,0.0,
B101008-1,5,4,1,1,0,4,250000.0,1,월,1,인상된 월급170만,1,12,12,0.8333,0.25,0.1667,0.167,2,1,6.0,0.5,7.0,8.0,1,0,2010,정상종료,완납,165,1505,100만원,12개월,0.3,남자,세,기타,,,,16.0,7.0,2.0,0.0,0.0,1,,,,,1000000.0,12.0,108333.33333333331,96875.0,,,,,1,5.10594547390058,B100303-10,,,,,0,0,0,0,0,13.815510557964274,16.0,2.0,0.0,0.0,0,1,1,1,,,,1,0,0,0,0,0.0,6.097560975609756,
B101013-1,5,5,2,1,0,4,170000.0,1,월,2,월급130만+알바40~60만,1,7,7,0.5714,0.1429,0.4286,5.429,38,31,4.0,0.571,5.0,6.0,1,0,2010,연체중,손실,300,783,200만원,12개월,0.3,여자,세,기타,,,,,,,,,1,,,,,2000000.0,12.0,216666.66666666663,193750.0,,,,,1,5.703782474656201,B101013-1,,,,,0,0,0,0,0,14.50865773852422,0.0,0.0,0.0,0.0,1,0,2,2,,,,1,0,0,0,0,0.6666666666666667,6.666666666666667,
B101028-1,5,5,1,1,0,4,280000.0,1,월,2,"월급130+부수입15, 무연체",1,2,2,0.0,0.0,1.0,31.5,63,61,1.0,0.5,,,1,0,2010,연체중,손실,337,2285,150만원,6개월,0.3,여자,세,기타,,,,,,,,,1,,,,,1500000.0,6.0,287500.0,271875.0,,,,,1,5.820082930352362,B101028-1,,,,,0,0,0,0,0,14.22097566607244,0.0,0.0,0.0,0.0,1,0,1,1,,,,1,0,0,0,0,0.0,2.967359050445104,
B101031-1,4,4,3,1,0,4,200000.0,1,월,1,교대근무 평균월160만,1,7,7,0.4286,0.1429,0.5714,1.143,8,3,3.0,0.429,7.0,,1,0,2010,정상종료,완납,778,887,200만원,12개월,0.3,여자,세,기타,,,,,,,,,1,,,,,2000000.0,12.0,216666.66666666663,193750.0,,,,,1,6.656726524178391,B101031-1,,,,,0,0,0,0,0,14.50865773852422,0.0,0.0,0.0,0.0,1,0,1,1,,,,1,0,0,0,0,0.0,2.574002574002574,
B101102-1,2,4,3,1,0,4,,0,,1,3년 근속 월급여205만,1,12,12,1.0,0.6667,0.0,0.0,0,0,,,,,0,0,2010,정상종료,완납,376,2168,250만원,12개월,0.3,남자,세,기타,,,,,,,,,1,,,,,2500000.0,12.0,270833.3333333334,242187.5,,,,,1,5.929589143389895,B101102-1,,,,,0,0,0,0,0,14.73180128983843,0.0,0.0,0.0,0.0,1,1,1,1,,,,1,0,0,0,0,0.0,0.0,
B101103-1,2,4,4,1,0,4,,0,,1,월수입400~500만 사업,1,1,1,1.0,1.0,0.0,0.0,0,0,,,,,0,0,2010,정상종료,완납,686,3258,100만원,12개월,0.3,남자,세,기타,,,,9.0,5.0,2.0,0.0,0.0,1,,,,,1000000.0,12.0,108333.33333333331,96875.0,,,,,1,6.530877627725885,B110121-16,calendar,False,,False,1,0,1,0,0,13.815510557964274,9.0,2.0,0.0,0.0,0,1,4,1,calendar,,False,1,1,1,0,0,0.0,1.45985401459854,
B101105-1,3,5,3,1,0,4,,0,월,3,선박간부 급여271만+수당,1,11,11,0.8182,0.5455,0.1818,0.818,9,7,5.0,0.455,6.0,7.0,1,0,2010,정상종료,완납,270,666,250만원,12개월,0.3,남자,세,기타,,,,11.0,7.0,5.0,0.0,0.0,1,,,,,2500000.0,12.0,270833.3333333334,242187.5,,,,,1,5.598421958998375,B111108-1,,,,,0,0,0,0,0,14.73180128983843,11.0,5.0,0.0,0.0,0,1,1,1,,,,1,0,0,0,0,0.0,0.0,
B101106-1,4,5,5,1,0,4,200000.0,1,월,2,월급150만+곗돈 1월수령,1,24,24,0.7083,0.3333,0.2917,0.792,19,6,6.0,0.25,7.0,9.0,1,0,2010,정상종료,완납,212,3807,300만원,24개월,0.3,여자,세,기타,,,,75.0,54.0,7.0,0.0,0.0,1,,,,,3000000.0,24.0,200000.0,164062.5,,,,,1,5.356586274672012,B140711-2,event,False,,True,1,0,0,1,0,14.914122846632385,75.0,7.0,0.0,0.0,0,0,4,1,event,,False,1,1,1,0,0,0.0,0.0,
B101122-1,5,5,4,4,1,4,150000.0,1,월,2,컴퓨터업 순수입360만,1,21,21,1.0,1.0,0.0,0.0,0,0,,,,,0,0,2010,정상종료,완납,1643,3462,300만원,21개월,0.3,남자,세,기타,,,,60.0,44.0,5.0,0.0,0.0,1,,,,,3000000.0,21.0,217857.14285714287,182142.8571428572,,,,,1,7.404279118037268,B110713-20,none,False,,False,0,0,0,0,0,14.914122846632385,60.0,5.0,0.0,0.0,0,1,3,1,,,,1,1,0,1,0,0.0,1.2315270935960592,
B101220-1,2,5,4,1,0,4,,0,,2,남편250+알바85 맞벌이,1,12,12,0.3333,0.1667,0.6667,8.417,101,26,2.0,0.167,3.0,4.0,1,0,2010,정상종료,완납,310,449,150만원,12개월,0.3,여자,세,기타,,,,,,,,,1,,,,,1500000.0,12.0,162500.0,145312.5,,,,,1,5.736572297479192,B101220-1,income,False,,False,0,1,0,0,0,14.22097566607244,0.0,0.0,0.0,0.0,1,0,3,2,,,,1,1,0,1,0,0.0,3.236245954692557,
B081209-2,5,5,5,1,0,4,130000.0,1,월,2,부부 맞벌이 여유40만,1,9,9,0.3333,0.1111,0.6667,18.778,169,68,4.0,0.444,,,1,0,2008,정상종료,완납,384,453,100만원,9개월,0.3,여자,세,기타,,,,7.0,2.0,8.0,2.0,0.0,1,,,,,1000000.0,9.0,136111.11111111112,125000.0,,,,,2,5.950642552587727,B081226-8,income,False,15.0,False,0,1,0,0,0,13.815510557964274,7.0,8.0,2.0,0.0,0,0,1,2,,,,1,1,0,1,1,0.2604166666666666,5.208333333333333,
B081210-2,3,4,1,1,0,4,,0,,1,실수령176만 여유45만,2,7,7,1.0,1.0,0.0,0.0,0,0,,,,,0,0,2008,정상종료,완납,286,408,100만원,12개월,0.3,남자,세,기타,,,,69.0,66.0,16.0,0.0,0.0,1,,,,,1000000.0,12.0,108333.33333333331,96875.0,,,,,2,5.655991810819852,B081210-2,,,,,0,0,0,0,0,13.815510557964274,69.0,16.0,0.0,0.0,0,1,1,1,,,,2,0,0,0,0,0.0,0.0,
B090103-2,3,4,1,1,0,4,,0,,1,월급85만 잔여35만,2,12,12,0.8333,0.6667,0.1667,0.25,3,2,1.0,0.083,3.0,,1,0,2009,정상종료,완납,129,541,200만원,12개월,0.3,여자,세,기타,,,,17.0,8.0,7.0,0.0,0.0,1,,,,,2000000.0,12.0,216666.66666666663,193750.0,,,,,2,4.859812404361672,B090103-2,,,,,0,0,0,0,0,14.50865773852422,17.0,7.0,0.0,0.0,0,0,1,1,,,,2,0,0,0,0,0.0,0.0,
B090209-2,2,4,3,1,0,2,,0,,1,구리생산 수익 추정,2,6,6,0.6667,0.0,0.3333,1.167,7,5,5.0,0.833,,,1,0,2009,정상종료,완납,236,722,200만원,6개월,0.3,남자,세,기타,,,,,,,,,1,,,,,2000000.0,6.0,383333.3333333333,362500.0,,,,,2,5.4638318050256105,B090209-2,,,,,0,0,0,0,0,14.50865773852422,0.0,0.0,0.0,0.0,1,1,3,1,,,,2,0,0,0,0,0.0,0.0,
B090212-2,1,3,2,1,0,2,,0,,3,3월 소득증가 기대,2,12,12,1.0,0.6667,0.0,0.0,0,0,,,,,0,0,2009,정상종료,완납,254,968,100만원,12개월,0.3,여자,세,기타,,,,54.0,30.0,5.0,0.0,0.0,1,,,,,1000000.0,12.0,108333.33333333331,96875.0,,,,,2,5.537334267018537,B090128-17,,,,,0,0,0,0,0,13.815510557964274,54.0,5.0,0.0,0.0,0,0,1,1,,,,2,0,0,0,0,0.0,0.0,
B090214-2,1,5,1,1,0,4,,0,,2,보험80+호프집150만,2,10,10,0.8,0.4,0.2,0.4,4,2,5.0,0.5,6.0,7.0,1,0,2009,정상종료,완납,145,336,100만원,12개월,0.3,남자,세,기타,,,,19.0,11.0,2.0,0.0,0.0,1,,,,,1000000.0,12.0,108333.33333333331,96875.0,,,,,2,4.976733742420574,B091229-7,,,,,0,0,0,0,0,13.815510557964274,19.0,2.0,0.0,0.0,0,1,1,1,,,,2,0,0,0,0,0.0,0.0,
B090227-2,2,5,2,1,0,4,,0,,2,남편급여+공방수입,2,8,8,0.25,0.0,0.75,19.125,153,61,3.0,0.375,,,1,0,2009,연체중,손실,262,1964,200만원,12개월,0.3,여자,세,기타,,,,,,,,,1,,,,,2000000.0,12.0,216666.66666666663,193750.0,,,,,2,5.568344503761097,B090227-2,,,,,0,0,0,0,0,14.50865773852422,0.0,0.0,0.0,0.0,1,0,1,1,,,,2,0,0,0,0,0.0,0.0,
B090315-2,5,5,3,1,0,5,110000.0,1,월,2,연체없이 상환중,2,10,10,0.8,0.3,0.2,0.3,3,2,4.0,0.4,5.0,6.0,1,0,2009,정상종료,완납,385,1256,100만원,12개월,0.3,여자,세,기타,,,,18.0,3.0,13.0,0.0,0.0,1,,,,,1000000.0,12.0,108333.33333333331,96875.0,,,,,2,5.953243334287785,B100121-9,,,,,0,0,0,0,0,13.815510557964274,18.0,13.0,0.0,0.0,0,0,1,1,,,,2,0,0,0,0,0.0,0.0,
B090401-2,5,4,1,1,0,4,400000.0,1,월,1,압류후 월130만 입금,2,11,11,0.8182,0.8182,0.1818,3.182,35,25,1.0,0.091,2.0,6.0,1,0,2009,정상종료,완납,166,373,200만원,12개월,0.3,남자,세,기타,,,,68.0,49.0,27.0,0.0,0.0,1,,,,,2000000.0,12.0,216666.66666666663,193750.0,,,,,2,5.111987788356544,A080212-2,,,,,0,0,0,0,0,14.50865773852422,68.0,27.0,0.0,0.0,0,1,1,1,,,,2,0,0,0,0,0.6097560975609756,0.0,
B090416-2,3,4,4,4,1,3,,0,월,1,발주1건 60만 수익,2,6,6,0.6667,0.5,0.3333,1.167,7,4,2.0,0.333,3.0,4.0,1,0,2009,정상종료,완납,589,1105,200만원,12개월,0.3,남자,세,기타,,,,13.0,12.0,6.0,0.0,0.0,1,,,,,2000000.0,12.0,216666.66666666663,193750.0,,,,,2,6.3784261836515865,B090416-2,calendar,True,,False,1,0,1,0,1,14.50865773852422,13.0,6.0,0.0,0.0,0,1,4,4,calendar,,False,2,1,1,0,0,0.0,0.0,
B090420-2,2,5,5,5,1,5,,0,,3,5월급여 220만 확보,2,12,12,0.75,0.0,0.25,0.333,4,2,7.0,0.583,8.0,9.0,1,0,2009,정상종료,완납,565,680,100만원,12개월,0.3,여자,세,기타,,,,,,,,,1,,,,,1000000.0,12.0,108333.33333333331,96875.0,,,,,2,6.336825731146441,B090420-2,income,False,25.0,False,0,1,0,0,0,13.815510557964274,0.0,0.0,0.0,0.0,1,0,1,5,,,,2,1,0,1,1,0.0,0.0,25.0
B090423-2,2,5,3,1,0,4,,0,,2,솔로몬 2회 남음,2,3,3,0.3333,0.0,0.6667,11.333,34,27,2.0,0.667,,,1,0,2009,정상종료,완납,366,503,200만원,12개월,0.3,여자,세,기타,,,,5.0,1.0,5.0,0.0,0.0,1,,,,,2000000.0,12.0,216666.66666666663,193750.0,,,,,2,5.902633333401366,B110118-24,,,,,0,0,0,0,0,14.50865773852422,5.0,5.0,0.0,0.0,0,0,2,1,,,,2,0,0,0,0,0.0,0.0,
B090507-2,2,5,1,5,1,4,,0,,2,부부소득 500만,2,12,12,0.6667,0.1667,0.3333,0.417,5,2,1.0,0.083,2.0,6.0,1,0,2009,정상종료,완납,771,768,200만원,12개월,0.3,여자,세,기타,,,,,,,,,1,,,,,2000000.0,12.0,216666.66666666663,193750.0,,,,,2,6.647688373563329,B090507-2,,,,,0,0,0,0,0,14.50865773852422,0.0,0.0,0.0,0.0,1,0,1,4,,,,2,0,0,0,0,0.5242463958060288,0.0,
B090514-2,4,3,1,1,0,4,300000.0,1,월,0,월수입 200만 명시,2,8,8,0.875,0.875,0.125,0.125,1,1,7.0,0.875,8.0,,1,0,2009,정상종료,완납,125,896,300만원,15개월,0.3,여자,세,기타,,,,23.0,16.0,18.0,0.0,0.0,1,,,,,3000000.0,15.0,275000.0,240000.0,,,,,2,4.8283137373023015,A081020-6,,,,,0,0,0,0,0,14.914122846632385,23.0,18.0,0.0,0.0,0,0,1,1,,,,2,0,0,0,0,0.0,0.0,
B090516-2,2,5,1,1,0,4,,0,,2,학원170+과외120만,2,14,14,1.0,0.7143,0.0,0.0,0,0,,,,,0,0,2009,정상종료,완납,659,933,300만원,18개월,0.3,여자,세,기타,,,,67.0,38.0,14.0,0.0,0.0,1,,,,,3000000.0,18.0,241666.66666666663,206250.0,,,,,2,6.490723534502507,A080507-2,,,,,0,0,0,0,0,14.914122846632385,67.0,14.0,0.0,0.0,0,0,1,1,,,,2,0,0,0,0,0.4573170731707316,0.0,
B090702-2,3,5,3,1,0,4,,0,,2,부부수입300만 여유80,2,6,6,0.0,0.0,1.0,24.667,148,30,1.0,0.167,,,1,0,2009,정상종료,완납,454,1740,100만원,6개월,0.3,남자,세,기타,,,,,,,,,1,,,,,1000000.0,6.0,191666.66666666663,181250.0,,,,,2,6.118097198041348,B090702-2,,,,,0,0,0,0,0,13.815510557964274,0.0,0.0,0.0,0.0,1,1,1,1,,,,2,0,0,0,0,0.0,0.0,
B090709-2,2,4,2,1,0,4,,0,,1,월급200만 재직,2,9,9,0.7778,0.4444,0.2222,0.667,6,5,1.0,0.111,2.0,5.0,1,0,2009,정상종료,완납,167,733,100만원,12개월,0.3,,세,기타,,,,10.0,6.0,6.0,0.0,0.0,1,,,,,1000000.0,12.0,108333.33333333331,96875.0,,,,,2,5.117993812416755,B090709-2,,,,,0,0,0,0,0,13.815510557964274,10.0,6.0,0.0,0.0,0,0,2,2,,,,2,0,0,0,0,0.0,17.964071856287426,
B090803-2,4,5,5,4,1,4,5000000.0,1,일시,4,11월 곗돈 500만 수령,2,15,15,0.2,0.1333,0.8,2.867,43,12,1.0,0.067,3.0,6.0,1,0,2009,정상종료,완납,347,525,300만원,15개월,0.3,여자,세,기타,,,,9.0,6.0,22.0,0.0,0.0,1,,,,,3000000.0,15.0,275000.0,240000.0,,,,,2,5.849324779946859,B101221-7,event,False,,True,1,0,0,1,0,14.914122846632385,9.0,22.0,0.0,0.0,0,0,4,1,event,,False,2,1,1,0,0,0.0,2.932551319648094,
B090815-2,3,5,1,1,0,4,,0,,2,가게매출+알바90만,2,4,4,0.0,0.0,1.0,34.0,136,61,1.0,0.25,,,1,0,2009,연체중,손실,240,653,200만원,12개월,0.3,여자,세,기타,,,,,,,,,1,,,,,2000000.0,12.0,216666.66666666663,193750.0,,,,,2,5.480638923341991,B090815-2,,,,,0,0,0,0,0,14.50865773852422,0.0,0.0,0.0,0.0,1,0,1,1,,,,2,0,0,0,0,0.4166666666666667,0.0,
B090907-2,1,5,1,1,0,4,,0,,2,급여156+알바24만,2,11,11,0.0909,0.0,0.9091,11.455,126,30,2.0,0.182,,,1,0,2009,정상종료,완납,95,2283,100만원,12개월,0.3,남자,세,기타,,,,,,,,,1,,,,,1000000.0,12.0,108333.33333333331,96875.0,,,,,2,4.553876891600541,B090907-2,,,,,0,0,0,0,0,13.815510557964274,0.0,0.0,0.0,0.0,1,1,1,1,,,,2,0,0,0,0,0.0,0.0,
B091021-2,2,5,1,1,0,4,,0,,2,7~9월 실수령 실적,2,3,3,1.0,1.0,0.0,0.0,0,0,,,,,0,0,2009,정상종료,완납,617,478,200만원,3개월,0.3,남자,세,기타,,,,15.0,11.0,1.0,0.0,0.0,1,,,,,2000000.0,3.0,716666.6666666666,700000.0,,,,,2,6.424869023905388,B100211-4,,,,,0,0,0,0,0,14.50865773852422,15.0,1.0,0.0,0.0,0,1,1,1,,,,2,0,0,0,0,0.0,0.0,
B091027-2,3,5,1,1,0,4,,0,,2,부부소득525 잔여49만,2,9,9,1.0,0.5556,0.0,0.0,0,0,,,,,0,0,2009,정상종료,완납,396,821,200만원,9개월,0.3,여자,세,기타,,,,,,,,,1,,,,,2000000.0,9.0,272222.22222222225,250000.0,,,,,2,5.981414211254481,B091027-2,,,,,0,0,0,0,0,14.50865773852422,0.0,0.0,0.0,0.0,1,0,1,1,,,,2,0,0,0,0,0.0,0.0,
B091109-2,2,5,3,1,0,2,,0,,2,내년 부업·승진 기대,2,9,9,1.0,1.0,0.0,0.0,0,0,,,,,0,0,2009,정상종료,완납,738,1021,150만원,9개월,0.3,남자,세,기타,,,,49.0,43.0,0.0,0.0,0.0,1,,,,,1500000.0,9.0,204166.66666666663,187500.0,,,,,2,6.6039438246004725,B091109-2,,,,,0,0,0,0,0,14.22097566607244,49.0,0.0,0.0,0.0,0,1,1,2,,,,2,0,0,0,0,0.0,0.0,
B091126-2,3,4,1,3,1,4,,0,,1,식당 일매출 25~27만,2,12,12,0.9167,0.4167,0.0833,0.083,1,1,5.0,0.417,6.0,,1,0,2009,정상종료,완납,1633,3310,200만원,12개월,0.3,남자,세,기타,,,,28.0,6.0,14.0,3.0,0.0,1,,,,,2000000.0,12.0,216666.66666666663,193750.0,,,,,2,7.398174092970465,B091126-2,,,,,0,0,0,0,0,14.50865773852422,28.0,14.0,3.0,0.0,0,1,1,1,,,,2,0,0,0,0,0.0,1.2300123001230012,
B091127-2,2,5,1,2,1,3,,0,,2,남편 수금 불안정,2,21,21,0.7619,0.1905,0.2381,0.857,18,5,2.0,0.095,3.0,7.0,1,0,2009,정상종료,완납,173,475,300만원,21개월,0.3,여자,세,기타,,,,40.0,8.0,9.0,0.0,0.0,1,,,,,3000000.0,21.0,217857.14285714287,182142.8571428572,,,,,2,5.153291594497779,A070905-1,,,,,0,0,0,0,0,14.914122846632385,40.0,9.0,0.0,0.0,0,0,1,2,,,,2,0,0,0,0,0.0,0.0,
B091129-2,5,5,4,3,1,4,130000.0,1,월,3,12/7 신규취업 확정,2,9,9,1.0,1.0,0.0,0.0,0,0,,,,,0,0,2009,정상종료,완납,961,1795,100만원,9개월,0.3,남자,세,기타,,,,16.0,12.0,2.0,0.0,0.0,1,,,,,1000000.0,9.0,136111.11111111112,125000.0,,,,,2,6.8679744089702925,B101013-12,income,False,,False,0,1,0,0,0,13.815510557964274,16.0,2.0,0.0,0.0,0,1,1,2,,,,2,1,0,1,0,0.0,3.147953830010493,
B091130-2,5,4,5,1,0,4,100000.0,1,월,2,월240만+내년5월퇴직금,2,12,12,0.9167,0.5833,0.0833,0.083,1,1,3.0,0.25,4.0,,1,0,2009,정상종료,완납,157,1299,100만원,12개월,0.3,남자,세,기타,,,,,,,,,1,,,,,1000000.0,12.0,108333.33333333331,96875.0,,,,,2,5.056245805348308,B091130-2,event,False,,True,1,0,0,1,0,13.815510557964274,0.0,0.0,0.0,0.0,1,1,4,1,event,,False,2,1,1,0,0,0.0,0.0,
B091230-2,2,5,3,1,0,4,,0,,2,부부 고정급여 수령,2,3,3,0.3333,0.3333,0.6667,21.333,64,61,2.0,0.667,,,1,0,2009,연체중,손실,697,828,200만원,12개월,0.3,여자,세,기타,,,,13.0,9.0,13.0,0.0,0.0,1,,,,,2000000.0,12.0,216666.66666666663,193750.0,,,,,2,6.546785410760524,B081124-7,,,,,0,0,0,0,0,14.50865773852422,13.0,13.0,0.0,0.0,0,0,1,2,,,,2,0,0,0,0,0.1443001443001443,2.886002886002886,
B091231-2,2,5,1,1,0,4,,0,,1,슈퍼 등 월수입1220만,2,5,5,0.2,0.2,0.8,17.4,87,61,2.0,0.4,,,1,0,2009,연체중,손실,707,845,200만원,12개월,0.3,여자,세,기타,,,,,,,,,1,,,,,2000000.0,12.0,216666.66666666663,193750.0,,,,,2,6.561030665896573,B091231-2,,,,,0,0,0,0,0,14.50865773852422,0.0,0.0,0.0,0.0,1,0,1,1,,,,2,0,0,0,0,0.0,1.4184397163120568,
B100102-2,2,4,1,1,0,4,,0,,1,월급160만 적금해지,2,4,4,1.0,0.25,0.0,0.0,0,0,,,,,0,0,2010,정상종료,완납,131,461,50만원,6개월,0.3,남자,세,기타,,,,17.0,9.0,5.0,0.0,0.0,1,,,,,500000.0,6.0,95833.33333333331,90625.0,,,,,2,4.875197323201151,B100102-2,,,,,0,0,0,0,0,13.122363377404328,17.0,5.0,0.0,0.0,0,1,1,1,,,,2,0,0,0,0,0.0,0.0,
B100212-2,2,5,4,5,1,4,,0,,2,월세 무연체 이력,2,5,5,1.0,1.0,0.0,0.0,0,0,,,,,0,0,2010,정상종료,완납,832,2704,150만원,6개월,0.3,남자,세,기타,,,,11.0,11.0,0.0,0.0,0.0,1,,,,,1500000.0,6.0,287500.0,271875.0,,,,,2,6.723832440821209,B100201-15,income,False,10.0,False,0,1,0,0,0,14.22097566607244,11.0,0.0,0.0,0.0,0,1,3,5,,,,2,1,0,1,0,0.6031363088057901,3.618817852834741,
B100227-2,3,4,3,3,1,4,,0,월,1,장애수당 월80만 수령,2,3,3,0.0,0.0,1.0,24.667,74,61,1.0,0.333,,,1,0,2010,연체중,손실,382,792,150만원,12개월,0.3,여자,세,기타,,,,,,,,,1,,,,,1500000.0,12.0,162500.0,145312.5,,,,,2,5.945420608606575,B100227-2,,,,,1,0,0,0,0,14.22097566607244,0.0,0.0,0.0,0.0,1,0,4,2,income,,False,2,0,1,0,0,0.5249343832020997,0.0,
B100302-2,3,4,2,1,0,4,,0,월,1,입사4주차 월급210만,2,12,12,0.0,0.0,1.0,6.417,77,12,1.0,0.083,,,1,0,2010,정상종료,완납,372,2389,150만원,12개월,0.3,남자,세,기타,,,,0.0,0.0,15.0,0.0,0.0,1,,,,,1500000.0,12.0,162500.0,145312.5,,,,,2,5.918893854273146,B100302-2,,,,,0,0,0,0,0,14.22097566607244,0.0,15.0,0.0,0.0,0,1,1,1,,,,2,0,0,0,0,0.0,0.0,
B100405-2,5,5,1,3,1,4,170000.0,1,월,2,급여100+알바25만,2,3,3,0.6667,0.0,0.3333,0.333,1,1,2.0,0.667,3.0,,1,0,2010,정상종료,완납,284,762,50만원,3개월,0.3,남자,세,기타,,,,3.0,0.0,14.0,0.0,0.0,1,,,,,500000.0,3.0,179166.66666666666,175000.0,,,,,2,5.648974238161206,B100729-25,,,,,0,0,0,0,0,13.122363377404328,3.0,14.0,0.0,0.0,0,1,1,1,,,,2,0,0,0,0,0.0,0.0,
B100412-2,5,5,5,3,1,3,200000.0,1,월,3,6월 정상급여 회복예정,2,12,12,0.9167,0.5833,0.0833,0.083,1,1,8.0,0.667,9.0,,1,0,2010,정상종료,완납,782,2738,200만원,12개월,0.3,남자,세,기타,,,,17.0,11.0,2.0,0.0,0.0,1,,,,,2000000.0,12.0,216666.66666666663,193750.0,,,,,2,6.661854740545311,B110426-17,income,False,,False,1,1,0,0,0,14.50865773852422,17.0,2.0,0.0,0.0,0,1,5,2,income,,True,2,1,1,0,0,0.5128205128205128,0.0,
B100424-2,1,5,2,1,0,4,,0,,2,급여210만+어머니수입,2,18,18,0.9444,0.6667,0.0556,0.111,2,2,18.0,1.0,,,1,0,2010,정상종료,완납,374,720,300만원,18개월,0.3,남자,세,기타,,,,24.0,14.0,7.0,0.0,0.0,1,,,,,3000000.0,18.0,241666.66666666663,206250.0,,,,,2,5.924255797414532,B120129-2,,,,,0,0,0,0,0,14.914122846632385,24.0,7.0,0.0,0.0,0,1,1,1,,,,2,0,0,0,0,0.0,0.0,
B100430-2,5,5,5,4,1,4,253000.0,1,월,2,10월 만기보험금 450만,2,1,1,0.0,0.0,1.0,61.0,61,61,1.0,1.0,,,1,0,2010,연체중,손실,2097,2416,150만원,9개월,0.3,남자,세,기타,,,,,,,,,1,,,,,1500000.0,9.0,204166.66666666663,187500.0,,,,,2,7.64826303090192,B100430-2,event,False,,True,1,0,0,1,0,14.22097566607244,0.0,0.0,0.0,0.0,1,1,5,1,event,,True,2,1,1,0,0,0.1914791766395404,1.4360938247965531,
B100507-2,3,5,4,1,0,4,,0,,2,부부235만 여유30만,2,24,24,0.7083,0.1667,0.2917,0.542,13,3,5.0,0.208,6.0,12.0,1,0,2010,정상종료,완납,827,1164,300만원,24개월,0.3,여자,세,기타,,,,,,,,,1,,,,,3000000.0,24.0,200000.0,164062.5,,,,,2,6.717804695023691,B100507-2,none,False,,False,0,0,0,0,0,14.914122846632385,0.0,0.0,0.0,0.0,1,0,1,1,,,,2,1,0,1,0,0.2424242424242424,1.2121212121212122,
B100601-2,1,4,1,3,1,4,,0,,1,기본급160만 재직중,2,6,6,1.0,1.0,0.0,0.0,0,0,,,,,0,0,2010,정상종료,완납,478,952,50만원,6개월,0.3,남자,세,기타,,,,75.0,56.0,27.0,4.0,0.0,1,,,,,500000.0,6.0,95833.33333333331,90625.0,,,,,2,6.169610732491456,A070817-4,,,,,0,0,0,0,0,13.122363377404328,75.0,27.0,4.0,0.0,0,1,1,3,,,,2,0,0,0,0,0.0,0.0,
B100603-2,3,3,5,3,1,4,,0,월,1,1차 대출 조기상환 완료,2,6,6,0.6667,0.6667,0.3333,0.667,4,3,4.0,0.667,6.0,,1,0,2010,정상종료,완납,272,1329,100만원,12개월,0.3,남자,세,기타,,,,9.0,9.0,3.0,0.0,0.0,1,,,,,1000000.0,12.0,108333.33333333331,96875.0,,,,,2,5.605802066295998,B100126-15,event,False,,False,0,0,0,1,0,13.815510557964274,9.0,3.0,0.0,0.0,0,1,3,1,,,,2,1,0,1,0,0.0,0.0,
B100612-2,5,5,1,1,0,4,300000.0,1,월,2,부부수입 270만,2,17,17,1.0,1.0,0.0,0.0,0,0,,,,,0,0,2010,정상종료,완납,212,545,300만원,18개월,0.3,남자,세,기타,,,,40.0,39.0,1.0,0.0,0.0,1,,,,,3000000.0,18.0,241666.66666666663,206250.0,,,,,2,5.356586274672012,B090914-19,,,,,0,0,0,0,0,14.914122846632385,40.0,1.0,0.0,0.0,0,1,1,1,,,,2,0,0,0,0,0.0,0.0,
B100616-2,5,5,5,3,1,5,280000.0,1,월,3,원천징수 증빙 가능,2,4,4,1.0,1.0,0.0,0.0,0,0,,,,,0,0,2010,정상종료,완납,884,2132,150만원,6개월,0.3,여자,세,기타,,,,12.0,9.0,4.0,0.0,0.0,1,,,,,1500000.0,6.0,287500.0,271875.0,,,,,2,6.784457062637643,B130204-2,income,False,21.0,False,0,1,0,0,0,14.22097566607244,12.0,4.0,0.0,0.0,0,0,1,2,,,,2,1,0,1,1,0.0,0.0,
B100621-2,5,4,1,1,0,4,100000.0,1,월,1,실수령140 지출117만,2,12,12,1.0,0.8333,0.0,0.0,0,0,,,,,0,0,2010,정상종료,완납,452,1295,100만원,12개월,0.3,여자,세,기타,,,,21.0,14.0,8.0,0.0,0.0,1,,,,,1000000.0,12.0,108333.33333333331,96875.0,,,,,2,6.113682179832232,B110511-16,,,,,0,0,0,0,0,13.815510557964274,21.0,8.0,0.0,0.0,0,0,1,1,,,,2,0,0,0,0,0.0,0.0,
B100711-2,3,5,5,1,0,4,,0,,2,수급130+알바250만,2,9,9,0.7778,0.7778,0.2222,1.111,10,7,3.0,0.333,4.0,5.0,1,0,2010,정상종료,완납,677,983,250만원,9개월,0.3,남자,세,기타,,,,36.0,30.0,6.0,0.0,0.0,1,,,,,2500000.0,9.0,340277.7777777777,312500.0,,,,,2,6.517671272912275,B100316-14,income,False,20.0,False,0,1,0,0,0,14.73180128983843,36.0,6.0,0.0,0.0,0,1,1,1,,,,2,1,0,1,0,0.2976190476190476,1.488095238095238,
B100717-2,3,4,4,3,1,4,,0,,1,급여150만 가불공제중,2,10,10,1.0,0.8,0.0,0.0,0,0,,,,,0,0,2010,정상종료,완납,514,1682,200만원,12개월,0.3,남자,세,기타,,,,29.0,22.0,0.0,0.0,0.0,1,,,,,2000000.0,12.0,216666.66666666663,193750.0,,,,,2,6.2422232654551655,B100717-2,income,False,25.0,False,0,1,0,0,0,14.50865773852422,29.0,0.0,0.0,0.0,0,1,3,1,,,,2,1,0,1,1,0.0,0.0,25.0
B100720-2,3,5,1,1,0,4,,0,월,2,부부 월소득 300만,2,12,12,0.9167,0.8333,0.0833,0.083,1,1,8.0,0.667,9.0,,1,0,2010,정상종료,완납,312,2467,200만원,12개월,0.3,남자,세,기타,,,,,,,,,1,,,,,2000000.0,12.0,216666.66666666663,193750.0,,,,,2,5.7430031878094825,B100720-2,,,,,0,0,0,0,0,14.50865773852422,0.0,0.0,0.0,0.0,1,1,1,3,,,,2,0,0,0,0,0.0,0.0,
B100824-2,3,4,1,2,1,4,,0,,1,택시 월수입180~190만,2,12,12,0.1667,0.0833,0.8333,11.833,142,30,1.0,0.083,2.0,4.0,1,0,2010,정상종료,완납,229,748,200만원,12개월,0.3,남자,세,기타,,,,,,,,,1,,,,,2000000.0,12.0,216666.66666666663,193750.0,,,,,2,5.43372200355424,B100824-2,,,,,0,0,0,0,0,14.50865773852422,0.0,0.0,0.0,0.0,1,1,1,1,,,,2,0,0,0,0,0.0,0.0,
B100830-2,5,5,1,1,0,4,200000.0,1,월,2,급여160만+상여83만,2,23,23,0.913,0.2609,0.087,0.087,2,1,9.0,0.391,10.0,14.0,1,0,2010,정상종료,완납,457,1162,300만원,24개월,0.3,여자,세,기타,,,,29.0,11.0,5.0,0.0,0.0,1,,,,,3000000.0,24.0,200000.0,164062.5,,,,,2,6.124683390894205,B090918-13,,,,,0,0,0,0,0,14.914122846632385,29.0,5.0,0.0,0.0,0,0,1,1,,,,2,0,0,0,0,0.0,4.385964912280701,
B100912-2,5,5,3,1,0,4,50000.0,1,월,3,수급·연금 73만 고정,2,12,12,1.0,0.8333,0.0,0.0,0,0,,,,,0,0,2010,정상종료,완납,423,1164,100만원,12개월,0.3,남자,세,기타,,,,,,,,,1,,,,,1000000.0,12.0,108333.33333333331,96875.0,,,,,2,6.0473721790462776,B100912-2,,,,,0,0,0,0,0,13.815510557964274,0.0,0.0,0.0,0.0,1,1,1,1,,,,2,0,0,0,0,0.0,2.364066193853428,
B101002-2,3,5,5,1,0,4,,0,월,2,1년재직 급여이체상환,2,6,6,0.8333,0.3333,0.1667,1.0,6,6,3.0,0.5,4.0,,1,0,2010,정상종료,완납,604,589,200만원,6개월,0.3,남자,세,기타,,,,115.0,91.0,4.0,0.0,0.0,1,,,,,2000000.0,6.0,383333.3333333333,362500.0,,,,,2,6.403574197934815,B100222-15,income,True,5.0,False,1,1,0,0,1,14.50865773852422,115.0,4.0,0.0,0.0,0,1,4,1,income,5.0,False,2,1,1,0,0,0.0,0.0,
B101010-2,5,4,3,3,1,4,200000.0,1,월,1,일당수입 월100만,2,1,1,0.0,0.0,1.0,61.0,61,61,1.0,1.0,,,1,0,2010,연체중,손실,272,624,150만원,9개월,0.3,남자,세,기타,,,,,,,,,1,,,,,1500000.0,9.0,204166.66666666663,187500.0,,,,,2,5.605802066295998,B101010-2,,,,,1,0,0,0,0,14.22097566607244,0.0,0.0,0.0,0.0,1,1,4,1,calendar,,False,2,0,1,0,1,0.0,0.0,
B101016-2,5,4,4,1,0,4,160000.0,1,월,1,월급여280만 10일수령,2,12,12,0.5,0.4167,0.5,4.667,56,13,2.0,0.167,3.0,5.0,1,0,2010,정상종료,완납,163,253,150만원,12개월,0.3,남자,세,기타,,,,7.0,6.0,6.0,0.0,0.0,1,,,,,1500000.0,12.0,162500.0,145312.5,,,,,2,5.093750200806762,B100317-11,income,False,10.0,False,0,1,0,0,0,14.22097566607244,7.0,6.0,0.0,0.0,0,1,1,1,,,,2,1,0,1,1,0.0,0.0,
B101027-2,5,4,3,1,0,4,300000.0,1,월,1,월급여 220만 수령,2,3,3,0.0,0.0,1.0,19.0,57,31,1.0,0.333,,,1,0,2010,연체중,손실,469,861,200만원,9개월,0.3,남자,세,기타,,,,,,,,,1,,,,,2000000.0,9.0,272222.22222222225,250000.0,,,,,2,6.150602768446279,B101027-2,,,,,0,0,0,0,0,14.50865773852422,0.0,0.0,0.0,0.0,1,1,2,2,,,,2,0,0,0,0,0.0,0.0,
B101107-2,5,4,5,4,1,5,280000.0,1,월,1,매월10일 200만 정시지급,2,18,18,0.8889,0.7222,0.1111,1.0,18,11,10.0,0.556,11.0,12.0,1,0,2010,정상종료,완납,915,1953,300만원,18개월,0.3,여자,세,기타,,,,,,,,,1,,,,,3000000.0,18.0,241666.66666666663,206250.0,,,,,2,6.818924065275521,B101107-2,income,False,10.0,False,0,1,0,0,0,14.914122846632385,0.0,0.0,0.0,0.0,1,0,3,4,,,,2,1,0,1,0,0.1095290251916757,1.095290251916758,
B101111-2,3,4,3,1,0,4,,0,,1,월급220만 회생변제중,2,18,18,1.0,1.0,0.0,0.0,0,0,,,,,0,0,2010,정상종료,완납,413,1623,300만원,18개월,0.3,남자,세,기타,,,,,,,,,1,,,,,3000000.0,18.0,241666.66666666663,206250.0,,,,,2,6.023447592961033,B101111-2,,,,,0,0,0,0,0,14.914122846632385,0.0,0.0,0.0,0.0,1,1,1,1,,,,2,0,0,0,0,0.0,0.0,
B101121-2,3,4,1,2,1,4,,0,,1,실수령138 지출94만,2,4,4,0.25,0.25,0.75,8.5,34,31,1.0,0.25,2.0,3.0,1,0,2010,연체중,손실,757,1918,300만원,15개월,0.3,남자,세,기타,,,,6.0,6.0,5.0,0.0,0.0,1,,,,,3000000.0,15.0,275000.0,240000.0,,,,,2,6.6293632534374485,B100331-11,,,,,0,0,0,0,0,14.914122846632385,6.0,5.0,0.0,0.0,0,1,1,3,,,,2,0,0,0,0,0.3978779840848806,0.0,
B101218-2,3,4,1,1,0,4,,0,,2,월수입150만+알바,2,10,10,0.7,0.1,0.3,4.3,43,31,2.0,0.2,3.0,9.0,1,0,2010,연체중,손실,296,2268,100만원,12개월,0.3,여자,세,기타,,,,,,,,,1,,,,,1000000.0,12.0,108333.33333333331,96875.0,,,,,2,5.69035945432406,B101218-2,,,,,0,0,0,0,0,13.815510557964274,0.0,0.0,0.0,0.0,1,0,1,1,,,,2,0,0,0,0,0.0,0.0,
B101220-2,3,4,4,1,0,4,,0,월,1,급여200만 급여일2일,2,11,11,0.9091,0.9091,0.0909,0.091,1,1,2.0,0.182,3.0,,1,0,2010,정상종료,완납,278,1939,250만원,12개월,0.3,남자,세,기타,,,,,,,,,1,,,,,2500000.0,12.0,270833.3333333334,242187.5,,,,,2,5.627621113690637,B101220-2,income,False,2.0,False,1,1,0,0,0,14.73180128983843,0.0,0.0,0.0,0.0,1,1,4,1,income,2.0,False,2,1,1,0,1,1.079136690647482,0.0,
B081203-3,3,5,1,1,0,4,,0,,2,수입93만 여유24만,2,9,9,0.3333,0.3333,0.6667,6.222,56,25,1.0,0.111,4.0,5.0,1,0,2008,정상종료,완납,169,480,100만원,9개월,0.3,여자,세,기타,,,,14.0,9.0,26.0,2.0,0.0,1,,,,,1000000.0,9.0,136111.11111111112,125000.0,,,,,3,5.1298987149230735,B081112-2,,,,,0,0,0,0,0,13.815510557964274,14.0,26.0,2.0,0.0,0,0,1,1,,,,2,0,0,0,0,0.0,0.0,
B081229-3,5,5,1,2,1,4,120000.0,1,월,2,주수입110만+주말알바,2,11,11,0.7273,0.4545,0.2727,0.273,3,1,3.0,0.273,5.0,6.0,1,0,2008,정상종료,완납,223,740,100만원,12개월,0.3,여자,세,기타,,,,25.0,15.0,10.0,0.0,0.0,1,,,,,1000000.0,12.0,108333.33333333331,96875.0,,,,,3,5.407171771460119,B081112-1,,,,,0,0,0,0,0,13.815510557964274,25.0,10.0,0.0,0.0,0,0,1,1,,,,2,0,0,0,0,1.7937219730941705,0.0,
B081230-3,3,5,3,3,1,4,,0,월,2,8~12월 평균매출231만,2,12,12,0.6667,0.3333,0.3333,2.083,25,12,6.0,0.5,9.0,11.0,1,0,2008,정상종료,완납,974,825,100만원,12개월,0.3,여자,세,기타,,,,46.0,17.0,10.0,0.0,0.0,1,,,,,1000000.0,12.0,108333.33333333331,96875.0,,,,,3,6.881411303642535,A070912-1,,,,,0,0,0,0,0,13.815510557964274,46.0,10.0,0.0,0.0,0,0,3,1,,,,2,0,0,0,0,0.2061855670103093,0.0,
B090102-3,2,4,1,1,0,4,,0,,1,카드사 1년2개월 근무,2,8,8,0.375,0.0,0.625,12.375,99,61,3.0,0.375,4.0,5.0,1,0,2009,연체중,손실,241,254,100만원,9개월,0.3,여자,세,기타,,,,3.0,0.0,8.0,2.0,0.0,1,,,,,1000000.0,9.0,136111.11111111112,125000.0,,,,,3,5.484796933490655,B090102-3,,,,,0,0,0,0,0,13.815510557964274,3.0,8.0,2.0,0.0,0,0,1,2,,,,2,0,0,0,0,0.0,0.0,
B090106-3,2,4,4,1,0,4,,0,,1,신랑 월급160만 말일,2,6,6,0.1667,0.0,0.8333,24.0,144,61,2.0,0.333,,,1,0,2009,연체중,손실,389,348,100만원,12개월,0.3,여자,세,기타,,,,2.0,1.0,6.0,2.0,0.0,1,,,,,1000000.0,12.0,108333.33333333331,96875.0,,,,,3,5.963579343618446,B090106-3,income,False,,False,0,1,0,0,0,13.815510557964274,2.0,6.0,2.0,0.0,0,0,1,2,,,,2,1,0,1,1,0.0,0.0,
B090117-3,5,4,4,1,0,4,130000.0,1,월,1,카드사 재직 1년2개월,2,7,7,0.0,0.0,1.0,15.0,105,61,1.0,0.143,,,1,0,2009,연체중,손실,319,386,100만원,12개월,0.3,여자,세,기타,,,,3.0,0.0,8.0,2.0,0.0,1,,,,,1000000.0,12.0,108333.33333333331,96875.0,,,,,3,5.765191102784844,B090102-3,calendar,False,,False,0,0,1,0,0,13.815510557964274,3.0,8.0,2.0,0.0,0,0,1,2,,,,2,1,0,1,0,0.0,0.0,
B090121-3,4,3,1,1,0,4,300000.0,1,월,2,회생변제중 맞벌이,2,10,10,0.9,0.4,0.1,0.2,2,2,6.0,0.6,7.0,,1,0,2009,정상종료,완납,71,1382,100만원,12개월,0.3,남자,세,기타,,,,42.0,17.0,10.0,0.0,0.0,1,,,,,1000000.0,12.0,108333.33333333331,96875.0,,,,,3,4.262679877041316,B090121-3,,,,,0,0,0,0,0,13.815510557964274,42.0,10.0,0.0,0.0,0,1,1,1,,,,2,0,0,0,0,0.0,0.0,
B090123-3,2,5,1,1,0,4,,0,,2,부부 월소득 250만,2,12,12,1.0,0.5,0.0,0.0,0,0,,,,,0,0,2009,정상종료,완납,121,752,100만원,12개월,0.3,여자,세,기타,,,,,,,,,1,,,,,1000000.0,12.0,108333.33333333331,96875.0,,,,,3,4.795790545596741,B090123-3,,,,,0,0,0,0,0,13.815510557964274,0.0,0.0,0.0,0.0,1,0,1,1,,,,2,0,0,0,0,0.0,0.0,
B090203-3,3,5,3,1,0,4,,0,,2,부부수입 200만 일용직,2,12,12,0.0,0.0,1.0,15.083,181,43,1.0,0.083,,,1,0,2009,정상종료,완납,224,385,100만원,12개월,0.3,여자,세,기타,,,,,,,,,1,,,,,1000000.0,12.0,108333.33333333331,96875.0,,,,,3,5.41164605185504,B090203-3,,,,,0,0,0,0,0,13.815510557964274,0.0,0.0,0.0,0.0,1,0,1,1,,,,2,0,0,0,0,0.0,0.0,
B090205-3,3,5,3,3,1,4,,0,,2,본인급여+아내부업,2,5,5,0.4,0.2,0.6,16.2,81,61,3.0,0.6,,,1,0,2009,연체중,손실,319,1031,100만원,12개월,0.3,남자,세,기타,,,,3.0,1.0,4.0,1.0,0.0,1,,,,,1000000.0,12.0,108333.33333333331,96875.0,,,,,3,5.765191102784844,B090205-3,,,,,0,0,0,0,0,13.815510557964274,3.0,4.0,1.0,0.0,0,1,1,1,,,,2,0,0,0,0,0.0,0.0,
B090306-3,2,5,1,1,0,4,,0,,2,복수수입 255+150만,2,12,12,0.5,0.0833,0.5,1.833,22,6,2.0,0.167,3.0,6.0,1,0,2009,정상종료,완납,359,752,200만원,12개월,0.3,남자,세,기타,,,,48.0,12.0,29.0,0.0,0.0,1,,,,,2000000.0,12.0,216666.66666666663,193750.0,,,,,3,5.883322388488279,A080211-5,,,,,0,0,0,0,0,14.50865773852422,48.0,29.0,0.0,0.0,0,1,1,1,,,,2,0,0,0,0,0.0,2.785515320334262,
B090309-3,5,5,3,1,0,4,100000.0,1,월,3,부부합산 210만,2,12,12,0.9167,0.5,0.0833,0.083,1,1,4.0,0.333,5.0,,1,0,2009,정상종료,완납,303,1157,100만원,12개월,0.3,여자,세,기타,,,,40.0,14.0,19.0,0.0,0.0,1,,,,,1000000.0,12.0,108333.33333333331,96875.0,,,,,3,5.713732805509369,B100217-4,,,,,0,0,0,0,0,13.815510557964274,40.0,19.0,0.0,0.0,0,0,2,2,,,,2,0,0,0,0,0.0,0.0,
B090312-3,2,5,1,4,1,3,,0,,3,고정금80만 계약 체결,2,10,10,0.9,0.4,0.1,0.1,1,1,4.0,0.4,5.0,,1,0,2009,정상종료,완납,363,1032,100만원,12개월,0.3,남자,세,기타,,,,125.0,86.0,2.0,0.0,0.0,1,,,,,1000000.0,12.0,108333.33333333331,96875.0,,,,,3,5.8944028342648505,B100111-15,,,,,0,0,0,0,0,13.815510557964274,125.0,2.0,0.0,0.0,0,1,1,1,,,,2,0,0,0,0,0.0,0.0,
B090407-3,2,4,1,1,0,5,,0,,1,현직 경비 실수령 116만,3,11,11,0.0,0.0,1.0,15.909,175,44,1.0,0.091,,,1,0,2009,정상종료,완납,686,1851,200만원,12개월,0.3,남자,세,기타,,,,,,,,,1,,,,,2000000.0,12.0,216666.66666666663,193750.0,,,,,3,6.530877627725885,B090407-3,,,,,0,0,0,0,0,14.50865773852422,0.0,0.0,0.0,0.0,1,1,1,2,,,,3,0,0,0,0,0.0,0.0,
B090408-3,5,5,5,2,1,4,200000.0,1,월,2,가게수입+아내 어장수입,3,12,12,1.0,0.75,0.0,0.0,0,0,,,,,0,0,2009,정상종료,완납,917,751,200만원,12개월,0.3,남자,세,기타,,,,72.0,58.0,0.0,0.0,0.0,1,,,,,2000000.0,12.0,216666.66666666663,193750.0,,,,,3,6.821107472256465,B100831-15,event,False,,True,0,0,0,1,0,14.50865773852422,72.0,0.0,0.0,0.0,0,1,3,1,,,,3,1,0,1,0,0.0,2.1881838074398248,
B090416-3,5,5,5,1,0,4,200000.0,1,월,2,본인급여+큰애 정직원예정,3,12,12,1.0,0.8333,0.0,0.0,0,0,,,,,0,0,2009,정상종료,완납,287,498,200만원,12개월,0.3,남자,세,기타,,,,24.0,22.0,0.0,0.0,0.0,1,,,,,2000000.0,12.0,216666.66666666663,193750.0,,,,,3,5.659482215759621,B090416-3,income,True,23.0,False,0,1,0,0,1,14.50865773852422,24.0,0.0,0.0,0.0,0,1,2,1,,,,3,1,0,1,0,0.0,0.0,
B090427-3,2,5,3,2,1,4,,0,,2,"부부소득, 사채 완납이력",3,12,12,1.0,0.8333,0.0,0.0,0,0,,,,,0,0,2009,정상종료,완납,1500,2250,200만원,12개월,0.3,여자,세,기타,,,,58.0,42.0,1.0,0.0,0.0,1,,,,,2000000.0,12.0,216666.66666666663,193750.0,,,,,3,7.313220387090301,B100928-20,,,,,0,0,0,0,0,14.50865773852422,58.0,1.0,0.0,0.0,0,0,1,1,,,,3,0,0,0,1,0.1384083044982698,0.6920415224913494,
B090428-3,2,5,2,1,0,4,,0,,2,신랑 정직원+본인 레슨,3,8,8,0.125,0.125,0.875,23.5,188,61,2.0,0.25,,,1,0,2009,연체중,손실,366,788,200만원,12개월,0.3,여자,세,기타,,,,,,,,,1,,,,,2000000.0,12.0,216666.66666666663,193750.0,,,,,3,5.902633333401366,B090428-3,,,,,0,0,0,0,0,14.50865773852422,0.0,0.0,0.0,0.0,1,0,1,1,,,,3,0,0,0,0,0.546448087431694,0.0,
B090504-3,3,4,1,4,1,5,,0,월,1,"재직 월급165만, 연차대체",3,6,6,0.8333,0.6667,0.1667,1.5,9,9,4.0,0.667,5.0,,1,0,2009,정상종료,완납,305,922,200만원,12개월,0.3,남자,세,기타,,,,,,,,,1,,,,,2000000.0,12.0,216666.66666666663,193750.0,,,,,3,5.720311776607412,B090504-3,,,,,0,0,0,0,0,14.50865773852422,0.0,0.0,0.0,0.0,1,1,1,2,,,,3,0,0,0,0,0.0,0.0,
B090515-3,1,4,5,2,1,4,,0,,1,연봉4500+월별급여 예상,3,19,19,0.9474,0.6316,0.0526,0.368,7,7,8.0,0.421,9.0,,1,0,2009,정상종료,완납,312,1242,300만원,21개월,0.3,여자,세,기타,,,,39.0,14.0,15.0,0.0,0.0,1,,,,,3000000.0,21.0,217857.14285714287,182142.8571428572,,,,,3,5.7430031878094825,A070822-1,income,False,,False,0,1,0,0,0,14.914122846632385,39.0,15.0,0.0,0.0,0,0,1,1,,,,3,1,0,1,0,0.0,0.0,
B090608-3,2,4,1,1,0,5,,0,,1,세후 월급190만,3,8,8,0.875,0.25,0.125,0.125,1,1,5.0,0.625,6.0,,1,0,2009,정상종료,완납,179,1430,200만원,9개월,0.3,여자,세,기타,,,,,,,,,1,,,,,2000000.0,9.0,272222.22222222225,250000.0,,,,,3,5.187385805840755,B090608-3,,,,,0,0,0,0,0,14.50865773852422,0.0,0.0,0.0,0.0,1,0,1,1,,,,3,0,0,0,0,0.0,0.0,
B090614-3,3,5,5,2,1,4,,0,월,2,본인급여+남편 오토바이판매,3,6,6,0.5,0.1667,0.5,5.0,30,13,2.0,0.333,3.0,4.0,1,0,2009,정상종료,완납,564,2154,100만원,6개월,0.3,여자,세,기타,,,,22.0,7.0,14.0,0.0,0.0,1,,,,,1000000.0,6.0,191666.66666666663,181250.0,,,,,3,6.335054251498059,B090614-3,income,False,25.0,True,1,1,0,0,0,13.815510557964274,22.0,14.0,0.0,0.0,0,0,4,2,income,25.0,False,3,1,1,0,0,0.3610108303249097,1.8050541516245489,
B090720-3,2,5,4,3,1,3,,0,,2,"수지균형, 아내 복직기대",3,6,6,0.6667,0.0,0.3333,0.333,2,1,1.0,0.167,3.0,,1,0,2009,정상종료,완납,306,575,100만원,6개월,0.3,남자,세,기타,,,,,,,,,1,,,,,1000000.0,6.0,191666.66666666663,181250.0,,,,,3,5.723585101952381,B090720-3,income,False,,False,0,1,0,0,0,13.815510557964274,0.0,0.0,0.0,0.0,1,1,1,3,,,,3,1,0,1,0,0.0,0.0,
B090725-3,2,4,4,1,0,5,,0,,1,매월25일 급여183만,3,6,6,1.0,0.6667,0.0,0.0,0,0,,,,,0,0,2009,정상종료,완납,285,553,100만원,6개월,0.3,남자,세,기타,,,,,,,,,1,,,,,1000000.0,6.0,191666.66666666663,181250.0,,,,,3,5.652489180268651,B090725-3,income,False,25.0,False,0,1,0,0,0,13.815510557964274,0.0,0.0,0.0,0.0,1,1,1,2,,,,3,1,0,1,0,0.0,0.0,
B090805-3,5,5,4,4,1,5,100000.0,1,월,3,고정급여+알바+부모직장,3,12,12,0.9167,0.1667,0.0833,0.167,2,2,8.0,0.667,9.0,,1,0,2009,정상종료,완납,356,1714,100만원,12개월,0.3,남자,세,기타,,,,57.0,6.0,5.0,0.0,0.0,1,,,,,1000000.0,12.0,108333.33333333331,96875.0,,,,,3,5.87493073085203,B100817-69,income,False,5.0,False,0,1,0,0,0,13.815510557964274,57.0,5.0,0.0,0.0,0,1,1,1,,,,3,1,0,1,0,0.0,0.0,
B090811-3,4,5,3,2,1,5,150000.0,1,월,2,"부부 평균소득, 지출대체",3,24,24,1.0,1.0,0.0,0.0,0,0,,,,,0,0,2009,정상종료,완납,465,2695,300만원,24개월,0.3,여자,세,기타,,,,48.0,35.0,0.0,0.0,0.0,1,,,,,3000000.0,24.0,200000.0,164062.5,,,,,3,6.142037405587356,A071221-2,,,,,0,0,0,0,0,14.914122846632385,48.0,0.0,0.0,0.0,0,0,2,1,,,,3,0,0,0,0,0.0,0.0,
B090815-3,4,4,4,1,0,5,400000.0,1,월,1,재직8년 실급여300만,3,5,5,0.8,0.8,0.2,1.0,5,5,1.0,0.2,2.0,,1,0,2009,정상종료,완납,419,704,200만원,6개월,0.3,여자,세,기타,,,,95.0,76.0,2.0,0.0,0.0,1,,,,,2000000.0,6.0,383333.3333333333,362500.0,,,,,3,6.037870919922137,B090815-3,income,False,,False,0,1,0,0,0,14.50865773852422,95.0,2.0,0.0,0.0,0,0,1,1,,,,3,1,0,1,0,0.0,0.0,
B090925-3,2,5,4,1,0,4,,0,,2,가게 순마진600만,3,5,5,1.0,1.0,0.0,0.0,0,0,,,,,0,0,2009,정상종료,완납,314,1109,200만원,9개월,0.3,남자,세,기타,,,,89.0,37.0,22.0,4.0,0.0,1,,,,,2000000.0,9.0,272222.22222222225,250000.0,,,,,3,5.749392985908253,B100225-11,event,False,,False,0,0,0,1,0,14.50865773852422,89.0,22.0,4.0,0.0,0,1,1,1,,,,3,1,0,1,0,0.3184713375796179,0.0,
B090926-3,4,5,4,1,0,3,200000.0,1,월,2,남편 누적수당 예정,3,6,6,0.6667,0.3333,0.3333,0.333,2,1,4.0,0.667,6.0,,1,0,2009,정상종료,완납,213,982,100만원,6개월,0.3,여자,세,기타,,,,,,,,,1,,,,,1000000.0,6.0,191666.66666666663,181250.0,,,,,3,5.3612921657094255,B090926-3,income,False,,False,0,1,0,0,0,13.815510557964274,0.0,0.0,0.0,0.0,1,0,1,1,,,,3,1,0,1,0,0.0,0.0,
B091028-3,5,5,3,5,1,5,200000.0,1,월,2,순이익300만+잔액200만,3,12,12,1.0,0.1667,0.0,0.0,0,0,,,,,0,0,2009,정상종료,완납,739,1083,100만원,12개월,0.3,여자,세,기타,,,,,,,,,1,,,,,1000000.0,12.0,108333.33333333331,96875.0,,,,,3,6.6052979209482015,B091028-3,,,,,0,0,0,0,0,13.815510557964274,0.0,0.0,0.0,0.0,1,0,1,5,,,,3,0,0,0,0,0.0,0.0,
B091104-3,1,5,4,1,0,4,,0,,2,바 근무140만+알바예정,3,1,1,0.0,0.0,1.0,32.0,32,32,1.0,1.0,,,1,0,2009,정상종료,완납,239,1061,50만원,3개월,0.3,,세,기타,,,,,,,,,1,,,,,500000.0,3.0,179166.66666666666,175000.0,,,,,3,5.476463551931511,B091104-3,income,False,,False,0,1,0,0,0,13.122363377404328,0.0,0.0,0.0,0.0,1,0,1,1,,,,3,1,0,1,0,0.4184100418410041,0.0,
B091107-3,3,5,2,1,0,5,,0,월,2,"본업180+대리50, 여유70",3,5,5,1.0,1.0,0.0,0.0,0,0,,,,,0,0,2009,정상종료,완납,169,1034,150만원,6개월,0.3,남자,세,기타,,,,20.0,19.0,0.0,0.0,0.0,1,,,,,1500000.0,6.0,287500.0,271875.0,,,,,3,5.1298987149230735,B100709-11,,,,,0,0,0,0,0,14.22097566607244,20.0,0.0,0.0,0.0,0,1,1,1,,,,3,0,0,0,0,0.0,0.0,
B091220-3,1,1,1,2,1,1,,0,,0,소득 언급 없음,3,7,7,0.7143,0.2857,0.2857,1.286,9,8,4.0,0.571,6.0,,1,0,2009,정상종료,완납,127,707,150만원,12개월,0.3,남자,세,기타,,,,60.0,22.0,15.0,0.0,0.0,1,,,,,1500000.0,12.0,162500.0,145312.5,,,,,3,4.844187086458591,B090424-7,,,,,0,0,0,0,0,14.22097566607244,60.0,15.0,0.0,0.0,0,1,1,2,,,,3,0,0,0,0,0.0,0.0,
B100105-3,5,5,4,1,0,4,280000.0,1,월,2,판매수당110만+과외20만,3,12,12,1.0,1.0,0.0,0.0,0,0,,,,,0,0,2010,정상종료,완납,608,2983,250만원,12개월,0.3,여자,세,기타,,,,,,,,,1,,,,,2500000.0,12.0,270833.3333333334,242187.5,,,,,3,6.410174881966167,B100105-3,income,False,,False,0,1,0,0,0,14.73180128983843,0.0,0.0,0.0,0.0,1,0,1,1,,,,3,1,0,1,0,0.165837479270315,0.0,
B100121-3,2,4,2,4,1,4,,0,,1,납품수입 200~250만,3,6,6,0.8333,0.6667,0.1667,2.333,14,14,6.0,1.0,,,1,0,2010,정상종료,완납,375,1410,250만원,6개월,0.3,남자,세,기타,,,,20.0,7.0,1.0,0.0,0.0,1,,,,,2500000.0,6.0,479166.6666666667,453125.0,,,,,3,5.926926025970411,B110816-13,,,,,0,0,0,0,0,14.73180128983843,20.0,1.0,0.0,0.0,0,1,2,1,,,,3,0,0,0,0,0.0,0.0,
B100122-3,4,4,2,1,0,4,340000.0,1,월,1,보험영업 급여180만,3,7,7,0.8571,0.7143,0.1429,1.857,13,13,1.0,0.143,2.0,,1,0,2010,정상종료,완납,177,1112,250만원,9개월,0.3,여자,세,기타,,,,95.0,76.0,2.0,0.0,0.0,1,,,,,2500000.0,9.0,340277.7777777777,312500.0,,,,,3,5.176149732573829,B090815-3,,,,,0,0,0,0,0,14.73180128983843,95.0,2.0,0.0,0.0,0,0,1,1,,,,3,0,0,0,0,0.0,0.0,
B100305-3,1,3,5,1,0,3,,0,,2,"근무2개월차, 향후여유 기대",3,9,9,1.0,1.0,0.0,0.0,0,0,,,,,0,0,2010,정상종료,완납,591,1641,150만원,12개월,0.3,여자,세,기타,,,,16.0,16.0,0.0,0.0,0.0,1,,,,,1500000.0,12.0,162500.0,145312.5,,,,,3,6.3818160174060985,B101213-13,income,False,,False,0,1,0,0,0,14.22097566607244,16.0,0.0,0.0,0.0,0,0,1,1,,,,3,1,0,1,0,0.1692047377326565,0.0,
B100311-3,2,5,5,1,0,3,,0,,2,남편 배송수당 예상350만,3,12,12,0.75,0.6667,0.25,0.917,11,8,7.0,0.583,9.0,12.0,1,0,2010,정상종료,완납,567,1492,150만원,12개월,0.3,여자,세,기타,,,,,,,,,1,,,,,1500000.0,12.0,162500.0,145312.5,,,,,3,6.340359303727752,B100311-3,income,True,,False,0,1,0,0,1,14.22097566607244,0.0,0.0,0.0,0.0,1,0,2,1,,,,3,1,0,1,1,0.1805054151624548,0.0,
B100317-3,3,4,5,3,1,4,,0,월,1,"페이230만, 이사로 지출감소",3,18,18,1.0,0.9444,0.0,0.0,0,0,,,,,0,0,2010,정상종료,완납,1027,797,300만원,18개월,0.3,여자,세,기타,,,,47.0,32.0,3.0,0.0,0.0,1,,,,,3000000.0,18.0,241666.66666666663,206250.0,,,,,3,6.934397209928558,B090622-5,income,False,,False,0,1,0,0,0,14.914122846632385,47.0,3.0,0.0,0.0,0,0,3,4,,,,3,1,0,1,0,0.0,0.0,
B100322-3,2,5,5,1,0,4,,0,,2,실수령230만+아내80만,3,24,24,0.0417,0.0,0.9583,8.458,203,11,1.0,0.042,14.0,15.0,1,0,2010,정상종료,완납,1433,1455,300만원,24개월,0.3,남자,세,기타,,,,,,,,,1,,,,,3000000.0,24.0,200000.0,164062.5,,,,,3,7.267525427828172,B100322-3,income,False,,False,0,1,0,0,0,14.914122846632385,0.0,0.0,0.0,0.0,1,1,1,1,,,,3,1,0,1,0,0.0,0.0,
B100507-3,2,5,1,2,1,5,,0,,2,8년재직 급여154만,3,24,24,1.0,0.875,0.0,0.0,0,0,,,,,0,0,2010,정상종료,완납,277,718,300만원,24개월,0.3,여자,세,기타,,,,,,,,,1,,,,,3000000.0,24.0,200000.0,164062.5,,,,,3,5.6240175061873385,B100507-3,,,,,0,0,0,0,0,14.914122846632385,0.0,0.0,0.0,0.0,1,0,1,1,,,,3,0,0,0,0,0.0,0.0,
B100512-3,4,4,1,4,1,5,210000.0,1,월,1,"실수령130만, 부식보조",3,15,15,1.0,1.0,0.0,0.0,0,0,,,,,0,0,2010,정상종료,완납,242,868,300만원,21개월,0.3,여자,세,기타,,,,51.0,40.0,9.0,0.0,0.0,1,,,,,3000000.0,21.0,217857.14285714287,182142.8571428572,,,,,3,5.488937726156687,A080116-1,,,,,0,0,0,0,0,14.914122846632385,51.0,9.0,0.0,0.0,0,0,1,1,,,,3,0,0,0,0,0.4166666666666667,0.0,
B100518-3,2,4,1,1,0,5,,0,,1,월급100만 여유33.5만,3,9,9,0.4444,0.0,0.5556,4.111,37,27,2.0,0.222,3.0,4.0,1,0,2010,정상종료,완납,289,1764,100만원,9개월,0.3,여자,세,기타,,,,,,,,,1,,,,,1000000.0,9.0,136111.11111111112,125000.0,,,,,3,5.666426688112432,B100518-3,,,,,0,0,0,0,0,13.815510557964274,0.0,0.0,0.0,0.0,1,0,1,1,,,,3,0,0,0,0,0.0,0.0,
B100524-3,1,4,1,1,0,5,,0,,1,월사업소득250~300만,3,7,7,0.4286,0.4286,0.5714,13.0,91,61,3.0,0.429,4.0,5.0,1,0,2010,연체중,손실,152,867,500만원,24개월,0.3,남자,세,기타,,,,13.0,12.0,6.0,0.0,0.0,1,,,,,5000000.0,24.0,333333.3333333334,273437.5,,,,,3,5.0238805208462765,B090416-2,,,,,0,0,0,0,0,15.424948470398377,13.0,6.0,0.0,0.0,0,1,1,1,,,,3,0,0,0,0,0.0,0.0,
B100528-3,2,5,2,1,0,4,,0,,2,치킨집 순이익200만,3,18,18,0.4444,0.4444,0.5556,2.0,36,8,6.0,0.333,10.0,11.0,1,0,2010,정상종료,완납,583,202,300만원,18개월,0.3,여자,세,기타,,,,,,,,,1,,,,,3000000.0,18.0,241666.66666666663,206250.0,,,,,3,6.368187186350492,B100528-3,,,,,0,0,0,0,0,14.914122846632385,0.0,0.0,0.0,0.0,1,0,1,4,,,,3,0,0,0,0,0.0,1.7152658662092624,
B100617-3,2,5,3,4,1,4,,0,월,2,"신랑180+본인100, 무연체",3,8,8,1.0,1.0,0.0,0.0,0,0,,,,,0,0,2010,정상종료,완납,1099,3640,200만원,12개월,0.3,여자,세,기타,,,,73.0,48.0,0.0,0.0,0.0,1,,,,,2000000.0,12.0,216666.66666666663,193750.0,,,,,3,7.002155954403621,B110209-9,,,,,0,0,0,0,0,14.50865773852422,73.0,0.0,0.0,0.0,0,0,1,4,,,,3,0,0,0,0,0.3766478342749529,0.0,
B100701-3,4,4,1,1,0,4,200000.0,1,월,1,월수입140~150 증빙불가,3,9,9,0.6667,0.4444,0.3333,3.667,33,22,4.0,0.444,5.0,7.0,1,0,2010,정상종료,완납,275,2357,150만원,9개월,0.299,남자,세,기타,,,,,,,,,1,,,,,1500000.0,9.0,204041.66666666663,187430.5555555556,,,,,3,5.616771097666572,B100701-3,,,,,0,0,0,0,0,14.22097566607244,0.0,0.0,0.0,0.0,1,1,1,2,,,,3,0,0,0,0,0.0,0.0,
B100908-3,3,4,5,4,1,5,,0,월,1,작가실적+진행중 계약1640만,3,22,22,1.0,0.9545,0.0,0.0,0,0,,,,,0,0,2010,정상종료,완납,952,1768,300만원,24개월,0.3,남자,세,기타,,,,97.0,55.0,3.0,0.0,0.0,1,,,,,3000000.0,24.0,200000.0,164062.5,,,,,3,6.858565034791365,B120621-9,event,False,,False,0,0,0,1,0,14.914122846632385,97.0,3.0,0.0,0.0,0,1,1,2,,,,3,1,0,1,0,0.1064962726304579,1.064962726304579,
B100913-3,5,5,5,1,0,3,200000.0,1,월,2,공익월급24만+알바예정,3,9,9,0.8889,0.7778,0.1111,0.333,3,3,1.0,0.111,2.0,,1,0,2010,정상종료,완납,511,1286,100만원,9개월,0.3,남자,세,기타,,,,22.0,12.0,5.0,0.0,0.0,1,,,,,1000000.0,9.0,136111.11111111112,125000.0,,,,,3,6.236369590203704,B100913-3,income,False,10.0,False,1,1,0,0,0,13.815510557964274,22.0,5.0,0.0,0.0,0,1,4,1,calendar,10.0,False,3,1,1,0,0,0.0,0.0,
B100919-3,3,5,2,1,0,5,,0,월,2,세후184만+아내공부방80만,3,12,12,1.0,0.8333,0.0,0.0,0,0,,,,,0,0,2010,정상종료,완납,273,1459,250만원,12개월,0.3,남자,세,기타,,,,,,,,,1,,,,,2500000.0,12.0,270833.3333333334,242187.5,,,,,3,5.60947179518496,B100919-3,,,,,0,0,0,0,0,14.73180128983843,0.0,0.0,0.0,0.0,1,1,2,1,,,,3,0,0,0,0,0.0,0.0,
B100922-3,5,5,5,3,1,4,220000.0,1,월,3,월급170만+내년3월 퇴직정산,3,6,6,1.0,0.6667,0.0,0.0,0,0,,,,,0,0,2010,정상종료,완납,750,2723,200만원,12개월,0.3,남자,세,기타,,,,31.0,25.0,18.0,0.0,0.0,1,,,,,2000000.0,12.0,216666.66666666663,193750.0,,,,,3,6.620073206530356,B100922-3,income,False,5.0,True,1,1,0,0,0,14.50865773852422,31.0,18.0,0.0,0.0,0,1,4,1,income,5.0,False,3,1,1,0,1,0.0,1.335113484646195,
B100930-3,1,2,2,1,0,4,,0,,0,3년간 월세 무연체,3,12,12,1.0,0.75,0.0,0.0,0,0,,,,,0,0,2010,정상종료,완납,193,820,200만원,12개월,0.3,남자,세,기타,,,,,,,,,1,,,,,2000000.0,12.0,216666.66666666663,193750.0,,,,,3,5.262690188904886,B100930-3,,,,,0,0,0,0,0,14.50865773852422,0.0,0.0,0.0,0.0,1,1,2,1,,,,3,0,0,0,0,0.0,0.0,
B101006-3,3,5,2,1,0,5,,0,월,2,영양사130만+알바25만,3,12,12,0.75,0.4167,0.25,0.333,4,2,9.0,0.75,10.0,11.0,1,0,2010,정상종료,완납,270,1408,200만원,12개월,0.3,여자,세,기타,,,,,,,,,1,,,,,2000000.0,12.0,216666.66666666663,193750.0,,,,,3,5.598421958998375,B101006-3,,,,,0,0,0,0,0,14.50865773852422,0.0,0.0,0.0,0.0,1,0,1,1,,,,3,0,0,0,0,0.3703703703703704,0.0,
B101008-3,1,4,1,1,0,5,,0,,1,세후 소득111만,3,12,12,0.4167,0.1667,0.5833,8.333,100,30,6.0,0.5,,,1,0,2010,정상종료,완납,255,3666,200만원,12개월,0.3,여자,세,기타,,,,7.0,3.0,11.0,6.0,0.0,1,,,,,2000000.0,12.0,216666.66666666663,193750.0,,,,,3,5.541263545158426,B101008-3,,,,,0,0,0,0,0,14.50865773852422,7.0,11.0,6.0,0.0,0,0,1,1,,,,3,0,0,0,0,0.0,0.0,
B101025-3,2,5,3,1,0,4,,0,,2,수강생17명 원비272만,3,5,5,0.2,0.0,0.8,10.0,50,31,2.0,0.4,,,1,0,2010,연체중,손실,510,1002,150만원,12개월,0.3,여자,세,기타,,,,,,,,,1,,,,,1500000.0,12.0,162500.0,145312.5,,,,,3,6.234410725718371,B101025-3,,,,,0,0,0,0,0,14.22097566607244,0.0,0.0,0.0,0.0,1,0,1,1,,,,3,0,0,0,0,0.0,0.0,
B101109-3,2,5,1,3,1,5,,0,,2,PC방 순수익500만,3,12,12,0.25,0.0833,0.75,4.417,53,11,3.0,0.25,12.0,,1,0,2010,정상종료,완납,596,593,200만원,12개월,0.3,남자,세,기타,,,,,,,,,1,,,,,2000000.0,12.0,216666.66666666663,193750.0,,,,,3,6.39024066706535,B101109-3,,,,,0,0,0,0,0,14.50865773852422,0.0,0.0,0.0,0.0,1,1,1,3,,,,3,0,0,0,0,0.0,0.0,
B101125-3,5,4,4,1,0,5,170000.0,1,월,1,"월급112만, 무연체",3,12,12,0.9167,0.5,0.0833,0.083,1,1,10.0,0.833,11.0,,1,0,2010,정상종료,완납,249,680,150만원,12개월,0.3,여자,세,기타,,,,,,,,,1,,,,,1500000.0,12.0,162500.0,145312.5,,,,,3,5.517452896464707,B101125-3,income,False,,False,0,1,0,0,0,14.22097566607244,0.0,0.0,0.0,0.0,1,0,1,1,,,,3,1,0,1,0,0.0,0.0,
B101130-3,3,5,5,4,1,3,,0,월,3,"수급비+가족보조, 카드완납",3,12,12,0.4167,0.0833,0.5833,1.917,23,10,5.0,0.417,7.0,8.0,1,0,2010,정상종료,완납,833,1529,250만원,12개월,0.3,여자,세,기타,,,,18.0,4.0,9.0,0.0,0.0,1,,,,,2500000.0,12.0,270833.3333333334,242187.5,,,,,3,6.725033642166843,B111212-2,income,False,,False,0,1,0,0,0,14.73180128983843,18.0,9.0,0.0,0.0,0,0,3,2,,,,3,1,0,1,0,0.4813477737665463,1.203369434416366,
B101201-3,1,5,3,1,0,3,,0,,3,"견인수입 변동, 단가인상 예정",3,24,24,1.0,0.9583,0.0,0.0,0,0,,,,,0,0,2010,정상종료,완납,1326,507,500만원,24개월,0.3,여자,세,기타,,,,125.0,120.0,0.0,0.0,0.0,1,,,,,5000000.0,24.0,333333.3333333334,273437.5,,,,,3,7.189922170745808,B090406-6,,,,,0,0,0,0,0,15.424948470398377,125.0,0.0,0.0,0.0,0,0,1,2,,,,3,0,0,0,0,0.3018867924528302,0.0,
B101203-3,5,5,1,1,0,5,200000.0,1,월,2,"대리운전 월110만, 무부채",3,12,12,0.4167,0.0833,0.5833,3.75,45,20,1.0,0.083,3.0,4.0,1,0,2010,정상종료,완납,652,2332,200만원,12개월,0.3,여자,세,기타,,,,28.0,12.0,42.0,5.0,0.0,1,,,,,2000000.0,12.0,216666.66666666663,193750.0,,,,,3,6.480044561926653,B091118-8,,,,,0,0,0,0,0,14.50865773852422,28.0,42.0,5.0,0.0,0,0,1,1,,,,3,0,0,0,0,0.0,0.0,
B101211-3,1,5,3,1,0,4,,0,,2,꽃배달 고정수입 일10만,3,2,2,0.5,0.0,0.5,15.5,31,31,2.0,1.0,,,1,0,2010,연체중,손실,697,2442,200만원,12개월,0.3,남자,세,기타,,,,,,,,,1,,,,,2000000.0,12.0,216666.66666666663,193750.0,,,,,3,6.546785410760524,B101211-3,,,,,0,0,0,0,0,14.50865773852422,0.0,0.0,0.0,0.0,1,1,1,1,,,,3,0,0,0,0,0.0,0.0,
B081209-4,3,4,5,1,0,5,,0,월,1,"실수령280만, 카드 정리중",3,5,5,0.8,0.6,0.2,1.4,7,7,2.0,0.4,3.0,,1,0,2008,정상종료,완납,331,462,100만원,6개월,0.29,남자,세,기타,,,,,,,,,1,,,,,1000000.0,6.0,190833.3333333333,180763.88888888888,,,,,4,5.802118375377063,B081209-4,income,False,,False,0,1,0,0,0,13.815510557964274,0.0,0.0,0.0,0.0,1,1,3,1,,,,3,1,0,1,0,0.0,0.0,
B081223-4,3,4,3,2,1,5,,0,,1,"실수령176만, 여유15만",3,7,7,1.0,1.0,0.0,0.0,0,0,,,,,0,0,2008,정상종료,완납,286,475,100만원,12개월,0.3,남자,세,기타,,,,69.0,66.0,16.0,0.0,0.0,1,,,,,1000000.0,12.0,108333.33333333331,96875.0,,,,,4,5.655991810819852,B081210-2,,,,,0,0,0,0,0,13.815510557964274,69.0,16.0,0.0,0.0,0,1,1,2,,,,3,0,0,0,0,0.0,0.0,
B090114-4,1,5,1,1,0,4,,0,,2,학생25명+신랑150만,3,9,9,0.7778,0.2222,0.2222,0.444,4,3,6.0,0.667,7.0,8.0,1,0,2009,정상종료,완납,159,594,200만원,9개월,0.3,여자,세,기타,,,,8.0,2.0,10.0,0.0,0.0,1,,,,,2000000.0,9.0,272222.22222222225,250000.0,,,,,4,5.068904202220232,B090114-4,,,,,0,0,0,0,0,14.50865773852422,8.0,10.0,0.0,0.0,0,0,1,1,,,,3,0,0,0,0,1.8867924528301887,6.289308176100629,
B090121-4,5,4,2,3,1,5,100000.0,1,월,1,"월소득260~290, 지출240",3,12,12,1.0,0.9167,0.0,0.0,0,0,,,,,0,0,2009,정상종료,완납,209,471,100만원,12개월,0.3,남자,세,기타,,,,,,,,,1,,,,,1000000.0,12.0,108333.33333333331,96875.0,,,,,4,5.342334251964811,B090121-4,,,,,0,0,0,0,0,13.815510557964274,0.0,0.0,0.0,0.0,1,1,1,1,,,,3,0,0,0,0,0.4784688995215311,0.0,
B090223-4,3,5,4,1,0,4,,0,,2,"실수령105만, 5월 퇴직정산",3,6,6,1.0,1.0,0.0,0.0,0,0,,,,,0,0,2009,정상종료,완납,335,1518,200만원,12개월,0.3,여자,세,기타,,,,125.0,109.0,1.0,0.0,0.0,1,,,,,2000000.0,12.0,216666.66666666663,193750.0,,,,,4,5.814130531825066,B090817-7,income,False,,False,0,1,0,0,0,14.50865773852422,125.0,1.0,0.0,0.0,0,0,1,1,,,,3,1,0,1,0,0.0,0.0,
B090309-4,4,4,1,1,0,5,110000.0,1,월,1,실수익 300만,3,12,12,0.9167,0.3333,0.0833,0.083,1,1,5.0,0.417,6.0,,1,0,2009,정상종료,완납,256,1410,100만원,12개월,0.3,남자,세,기타,,,,,,,,,1,,,,,1000000.0,12.0,108333.33333333331,96875.0,,,,,4,5.545177444479562,B090309-4,,,,,0,0,0,0,0,13.815510557964274,0.0,0.0,0.0,0.0,1,1,1,1,,,,3,0,0,0,0,0.0,0.0,
B090416-4,1,4,1,1,0,5,,0,,1,4년 재직 월150만,3,8,8,1.0,0.875,0.0,0.0,0,0,,,,,0,0,2009,정상종료,완납,165,546,200만원,12개월,0.3,여자,세,기타,,,,28.0,18.0,4.0,0.0,0.0,1,,,,,2000000.0,12.0,216666.66666666663,193750.0,,,,,4,5.10594547390058,B090416-4,,,,,0,0,0,0,0,14.50865773852422,28.0,4.0,0.0,0.0,0,0,1,1,,,,3,0,0,0,0,0.0,0.0,
B090504-4,3,4,4,2,1,4,,0,월,1,"공익월급25만, 상환이력",3,9,9,0.6667,0.6667,0.3333,2.333,21,10,1.0,0.111,4.0,,1,0,2009,정상종료,완납,326,809,100만원,12개월,0.3,여자,세,기타,,,,9.0,9.0,3.0,0.0,0.0,1,,,,,1000000.0,12.0,108333.33333333331,96875.0,,,,,4,5.786897381366708,B101013-15,income,False,,False,0,1,0,0,0,13.815510557964274,9.0,3.0,0.0,0.0,0,0,1,1,,,,3,1,0,1,0,0.0,3.067484662576687,
B090508-4,4,5,5,1,0,4,200000.0,1,월,2,남편170만+본인 알바예정,3,6,6,0.8333,0.6667,0.1667,6.5,39,39,6.0,1.0,,,1,0,2009,정상종료,완납,479,1194,100만원,6개월,0.3,여자,세,기타,,,,,,,,,1,,,,,1000000.0,6.0,191666.66666666663,181250.0,,,,,4,6.171700597410915,B090508-4,income,False,30.0,False,0,1,0,0,0,13.815510557964274,0.0,0.0,0.0,0.0,1,0,1,1,,,,3,1,0,1,0,0.0,0.0,
B090526-4,5,4,1,1,0,5,300000.0,1,월,1,"월급여170만, 부모 소득",3,6,6,1.0,1.0,0.0,0.0,0,0,,,,,0,0,2009,정상종료,완납,168,1129,200만원,12개월,0.3,여자,세,기타,,,,12.0,11.0,29.0,1.0,0.0,1,,,,,2000000.0,12.0,216666.66666666663,193750.0,,,,,4,5.123963979403259,B090526-4,,,,,0,0,0,0,0,14.50865773852422,12.0,29.0,1.0,0.0,0,0,1,1,,,,3,0,0,0,0,0.0,0.0,
B090606-4,2,5,1,1,0,4,,0,,2,신랑300만+본인 부업,3,2,2,0.5,0.5,0.5,1.0,2,2,1.0,0.5,2.0,,1,0,2009,정상종료,완납,772,921,300만원,18개월,0.3,여자,세,기타,,,,62.0,13.0,24.0,1.0,0.0,1,,,,,3000000.0,18.0,241666.66666666663,206250.0,,,,,4,6.648984550024776,B090606-4,,,,,0,0,0,0,0,14.914122846632385,62.0,24.0,1.0,0.0,0,0,1,1,,,,3,0,0,0,0,2.2280471821756227,0.0,
B090618-4,5,4,1,5,1,5,400000.0,1,월,1,업체소속 과외 고정250만,3,1,1,0.0,0.0,1.0,61.0,61,61,1.0,1.0,,,1,0,2009,손실(상환완료),손실,606,1085,100만원,3개월,0.3,여자,세,기타,,,,,,,,,1,,,,,1000000.0,3.0,358333.3333333333,350000.0,,,,,4,6.406879986069314,B090618-4,,,,,0,0,0,0,0,13.815510557964274,0.0,0.0,0.0,0.0,1,0,1,1,,,,3,0,0,0,0,0.0,0.0,
B090623-4,3,4,1,1,0,5,,0,,1,"일매출30만, 여유143만",3,9,9,0.3333,0.0,0.6667,14.111,127,61,1.0,0.111,2.0,4.0,1,0,2009,연체중,손실,247,573,200만원,12개월,0.3,남자,세,기타,,,,,,,,,1,,,,,2000000.0,12.0,216666.66666666663,193750.0,,,,,4,5.5093883366279774,B090623-4,,,,,0,0,0,0,0,14.50865773852422,0.0,0.0,0.0,0.0,1,1,1,1,,,,3,0,0,0,0,0.4048582995951417,0.0,
B090801-4,3,5,3,1,0,5,,0,,2,월급140만+보너스,3,12,12,0.9167,0.5833,0.0833,0.083,1,1,8.0,0.667,9.0,,1,0,2009,정상종료,완납,268,1691,200만원,12개월,0.3,여자,세,기타,,,,48.0,38.0,1.0,0.0,0.0,1,,,,,2000000.0,12.0,216666.66666666663,193750.0,,,,,4,5.5909869805108565,B101210-12,,,,,0,0,0,0,0,14.50865773852422,48.0,1.0,0.0,0.0,0,0,2,1,,,,3,0,0,0,0,0.0,0.0,
B090807-4,3,4,3,5,1,5,,0,월,1,"연봉1억, 통장577만",3,10,10,0.7,0.1,0.3,0.7,7,3,1.0,0.1,2.0,8.0,1,0,2009,정상종료,완납,325,1620,200만원,12개월,0.3,남자,세,기타,,,,11.0,1.0,7.0,0.0,0.0,1,,,,,2000000.0,12.0,216666.66666666663,193750.0,,,,,4,5.783825182329737,A080925-3,,,,,0,0,0,0,0,14.50865773852422,11.0,7.0,0.0,0.0,0,1,1,4,,,,3,0,0,0,0,0.0,0.0,
B090930-4,3,4,1,1,0,5,,0,,1,"신랑300만, 여유66만",3,21,21,0.7619,0.1429,0.2381,5.81,122,30,15.0,0.714,16.0,17.0,1,0,2009,정상종료,완납,511,487,300만원,21개월,0.3,여자,세,기타,,,,62.0,13.0,24.0,1.0,0.0,1,,,,,3000000.0,21.0,217857.14285714287,182142.8571428572,,,,,4,6.236369590203704,B090606-4,,,,,0,0,0,0,0,14.914122846632385,62.0,24.0,1.0,0.0,0,0,1,1,,,,3,0,0,0,0,1.574803149606299,0.0,
B091022-4,2,5,1,1,0,5,,0,,2,영업수익300만+시모90만,3,6,6,0.8333,0.0,0.1667,0.167,1,1,1.0,0.167,2.0,,1,0,2009,정상종료,완납,463,947,200만원,6개월,0.3,여자,세,기타,,,,9.0,0.0,12.0,0.0,0.0,1,,,,,2000000.0,6.0,383333.3333333333,362500.0,,,,,4,6.137727054086234,B100517-9,,,,,0,0,0,0,0,14.50865773852422,9.0,12.0,0.0,0.0,0,0,1,1,,,,3,0,0,0,0,0.0,0.0,
B091024-4,3,5,2,1,0,4,,0,,3,본인150만+신랑 택배알바,3,6,6,1.0,0.5,0.0,0.0,0,0,,,,,0,0,2009,정상종료,완납,581,869,100만원,6개월,0.3,남자,세,기타,,,,70.0,51.0,8.0,0.0,0.0,1,,,,,1000000.0,6.0,191666.66666666663,181250.0,,,,,4,6.364750756851911,B091024-4,,,,,0,0,0,0,0,13.815510557964274,70.0,8.0,0.0,0.0,0,1,2,1,,,,3,0,0,0,0,0.8635578583765112,3.454231433506045,
B091113-4,3,4,5,2,1,5,,0,,1,의원 순수입1100만,3,15,15,0.9333,0.8667,0.0667,0.067,1,1,11.0,0.733,12.0,,1,0,2009,정상종료,완납,619,904,500만원,15개월,0.3,남자,세,기타,,,,,,,,,1,,,,,5000000.0,15.0,458333.3333333333,400000.0,,,,,4,6.428105272684596,B091113-4,income,False,,False,0,1,0,0,0,15.424948470398377,0.0,0.0,0.0,0.0,1,1,1,1,,,,3,1,0,1,0,0.0,0.0,
B091115-4,5,5,2,3,1,5,130000.0,1,월,2,"가용소득280만, 전세거주",3,8,8,1.0,0.625,0.0,0.0,0,0,,,,,0,0,2009,정상종료,완납,353,1039,100만원,9개월,0.3,남자,세,기타,,,,43.0,32.0,11.0,0.0,0.0,1,,,,,1000000.0,9.0,136111.11111111112,125000.0,,,,,4,5.8664680569332965,B100727-7,,,,,0,0,0,0,0,13.815510557964274,43.0,11.0,0.0,0.0,0,1,1,1,,,,3,0,0,0,0,0.0,0.0,
B091122-4,3,4,2,1,0,5,,0,월,1,10년차 근무 월급180만,3,24,24,0.9583,0.4167,0.0417,0.042,1,1,20.0,0.833,21.0,,1,0,2009,정상종료,완납,354,657,300만원,24개월,0.3,여자,세,기타,,,,35.0,14.0,10.0,0.0,0.0,1,,,,,3000000.0,24.0,200000.0,164062.5,,,,,4,5.869296913133774,B091122-4,,,,,0,0,0,0,0,14.914122846632385,35.0,10.0,0.0,0.0,0,0,1,1,,,,3,0,0,0,0,0.2865329512893982,0.0,
B091218-4,3,5,4,2,1,5,,0,,2,급여300만+아내과외70만 증빙,3,12,12,1.0,0.6667,0.0,0.0,0,0,,,,,0,0,2009,정상종료,완납,1564,793,200만원,12개월,0.3,남자,세,기타,,,,,,,,,1,,,,,2000000.0,12.0,216666.66666666663,193750.0,,,,,4,7.355001921105257,B091218-4,income,False,,False,0,1,0,0,0,14.50865773852422,0.0,0.0,0.0,0.0,1,1,1,2,,,,3,1,0,1,0,0.0,0.6557377049180327,
B091231-4,1,5,1,1,0,4,,0,,2,현 급여300만+아내알바,4,12,12,0.0833,0.0,0.9167,6.917,83,27,1.0,0.083,12.0,,1,0,2009,정상종료,완납,348,1533,200만원,12개월,0.3,남자,세,기타,,,,,,,,,1,,,,,2000000.0,12.0,216666.66666666663,193750.0,,,,,4,5.8522024797744745,B091231-4,,,,,0,0,0,0,0,14.50865773852422,0.0,0.0,0.0,0.0,1,1,1,1,,,,4,0,0,0,0,0.0,0.0,
B100117-4,1,5,3,1,0,4,,0,,2,남편소득+본인 2월복직,4,4,4,0.5,0.5,0.5,15.75,63,61,3.0,0.75,,,1,0,2010,연체중,손실,172,608,100만원,12개월,0.3,여자,세,기타,,,,,,,,,1,,,,,1000000.0,12.0,108333.33333333331,96875.0,,,,,4,5.147494476813453,B100117-4,,,,,0,0,0,0,0,13.815510557964274,0.0,0.0,0.0,0.0,1,0,1,1,,,,4,0,0,0,0,0.0,0.0,
B100206-4,2,4,3,1,0,4,,0,,1,남편 현재직장 급여,4,15,15,0.5333,0.4,0.4667,1.267,19,8,3.0,0.2,4.0,6.0,1,0,2010,정상종료,완납,781,1252,300만원,15개월,0.3,여자,세,기타,,,,17.0,11.0,9.0,0.0,0.0,1,,,,,3000000.0,15.0,275000.0,240000.0,,,,,4,6.660575149839686,B100206-4,,,,,0,0,0,0,0,14.914122846632385,17.0,9.0,0.0,0.0,0,0,1,1,,,,4,0,0,0,1,2.083333333333333,0.0,10.0
B100211-4,3,5,4,4,1,5,,0,월,2,현 급여+경비 재입금,4,13,13,0.9231,0.6154,0.0769,0.231,3,3,12.0,0.923,13.0,,1,0,2010,정상종료,완납,502,401,300만원,15개월,0.3,남자,세,기타,,,,15.0,11.0,1.0,0.0,0.0,1,,,,,3000000.0,15.0,275000.0,240000.0,,,,,4,6.218600119691729,B100211-4,income,False,,False,0,1,0,0,0,14.914122846632385,15.0,1.0,0.0,0.0,0,1,2,1,,,,4,1,0,1,0,0.0,0.0,
B100217-4,5,5,1,1,0,5,200000.0,1,월,2,현 수지차 59만원,4,24,24,0.75,0.125,0.25,0.708,17,6,11.0,0.458,12.0,17.0,1,0,2010,정상종료,완납,358,1439,300만원,24개월,0.3,여자,세,기타,,,,40.0,14.0,19.0,0.0,0.0,1,,,,,3000000.0,24.0,200000.0,164062.5,,,,,4,5.8805329864007,B100217-4,,,,,0,0,0,0,0,14.914122846632385,40.0,19.0,0.0,0.0,0,0,1,1,,,,4,0,0,0,0,0.0,11.299435028248588,
B100221-4,2,4,4,1,0,3,,0,,1,3월 골프시즌 예약확인,4,3,3,1.0,0.0,0.0,0.0,0,0,,,,,0,0,2010,정상종료,완납,342,1294,50만원,3개월,0.3,여자,세,기타,,,,,,,,,1,,,,,500000.0,3.0,179166.66666666666,175000.0,,,,,4,5.834810737062605,B100221-4,income,False,,False,1,1,0,0,0,13.122363377404328,0.0,0.0,0.0,0.0,1,0,4,1,income,,False,4,1,1,0,0,0.0,5.865102639296188,
B100223-4,1,4,1,1,0,4,,0,,1,현 월급여 220만,4,3,3,0.3333,0.3333,0.6667,0.667,2,1,2.0,0.667,,,1,0,2010,정상종료,완납,431,941,50만원,3개월,0.3,남자,세,기타,,,,,,,,,1,,,,,500000.0,3.0,179166.66666666666,175000.0,,,,,4,6.066108090103747,B100223-4,,,,,0,0,0,0,0,13.122363377404328,0.0,0.0,0.0,0.0,1,1,1,1,,,,4,0,0,0,0,0.0,0.0,
B100303-4,4,2,3,3,1,3,60000.0,1,월,0,"지출목록만, 수입무기재",4,9,9,0.2222,0.0,0.7778,6.556,59,11,1.0,0.111,3.0,5.0,1,0,2010,정상종료,완납,220,1149,50만원,9개월,0.3,여자,세,기타,,,,,,,,,1,,,,,500000.0,9.0,68055.55555555556,62500.0,,,,,4,5.393627546352362,B100303-4,,,,,0,0,0,0,0,13.122363377404328,0.0,0.0,0.0,0.0,1,0,1,1,,,,4,0,0,0,0,0.4629629629629629,0.0,
B100315-4,2,5,4,1,0,4,,0,,2,"신랑 현소득, 본인4월",4,21,21,1.0,1.0,0.0,0.0,0,0,,,,,0,0,2010,정상종료,완납,968,2267,300만원,24개월,0.3,여자,세,기타,,,,,,,,,1,,,,,3000000.0,24.0,200000.0,164062.5,,,,,4,6.875232087276577,B100315-4,income,False,,False,0,1,0,0,0,14.914122846632385,0.0,0.0,0.0,0.0,1,0,1,1,,,,4,1,0,1,0,0.1042752867570385,0.0,
B100323-4,1,4,1,2,1,4,,0,,1,현 토스트장사 순익,4,5,5,1.0,1.0,0.0,0.0,0,0,,,,,0,0,2010,정상종료,완납,180,412,200만원,12개월,0.3,남자,세,기타,,,,88.0,82.0,0.0,0.0,0.0,1,,,,,2000000.0,12.0,216666.66666666663,193750.0,,,,,4,5.19295685089021,B091130-1,,,,,0,0,0,0,0,14.50865773852422,88.0,0.0,0.0,0.0,0,1,1,1,,,,4,0,0,0,0,0.0,0.0,
B100402-4,5,5,3,4,1,5,300000.0,1,월,3,현 수지차 48만,4,12,12,0.9167,0.8333,0.0833,0.417,5,5,12.0,1.0,,,1,0,2010,정상종료,완납,454,940,250만원,12개월,0.3,여자,세,기타,,,,,,,,,1,,,,,2500000.0,12.0,270833.3333333334,242187.5,,,,,4,6.118097198041348,B100402-4,,,,,0,0,0,0,0,14.73180128983843,0.0,0.0,0.0,0.0,1,0,1,4,,,,4,0,0,0,0,0.0,0.0,
B100406-4,1,5,1,1,0,4,,0,,2,부부 현재 재직소득,4,12,12,1.0,0.8333,0.0,0.0,0,0,,,,,0,0,2010,정상종료,완납,347,1625,150만원,12개월,0.3,여자,세,기타,,,,102.0,96.0,0.0,0.0,0.0,1,,,,,1500000.0,12.0,162500.0,145312.5,,,,,4,5.849324779946859,B110311-6,,,,,0,0,0,0,0,14.22097566607244,102.0,0.0,0.0,0.0,0,0,1,1,,,,4,0,0,0,0,0.0,5.763688760806916,
B100415-4,1,4,1,1,0,4,,0,,2,본인 수입120만 여유20,4,12,12,0.9167,0.6667,0.0833,0.083,1,1,11.0,0.917,12.0,,1,0,2010,정상종료,완납,275,1383,250만원,12개월,0.3,여자,세,기타,,,,25.0,15.0,10.0,0.0,0.0,1,,,,,2500000.0,12.0,270833.3333333334,242187.5,,,,,4,5.616771097666572,B081112-1,,,,,0,0,0,0,0,14.73180128983843,25.0,10.0,0.0,0.0,0,0,1,1,,,,4,0,0,0,0,0.3636363636363636,0.0,
B100416-4,5,5,5,1,0,4,250000.0,1,월,2,현 급여+과외 구직중,4,12,12,1.0,1.0,0.0,0.0,0,0,,,,,0,0,2010,정상종료,완납,315,2442,250만원,12개월,0.3,여자,세,기타,,,,51.0,51.0,0.0,0.0,0.0,1,,,,,2500000.0,12.0,270833.3333333334,242187.5,,,,,4,5.752572638825633,B110727-24,income,False,,False,1,1,0,0,0,14.73180128983843,51.0,0.0,0.0,0.0,0,0,4,1,calendar,,False,4,1,1,0,0,0.0,0.0,
B100504-4,1,4,3,1,0,4,,0,,1,현 급여(삭감270만),4,12,12,0.9167,0.6667,0.0833,0.083,1,1,2.0,0.167,3.0,,1,0,2010,정상종료,완납,158,1655,200만원,12개월,0.3,여자,세,기타,,,,26.0,12.0,14.0,0.0,0.0,1,,,,,2000000.0,12.0,216666.66666666663,193750.0,,,,,4,5.062595033026967,B100504-4,,,,,0,0,0,0,0,14.50865773852422,26.0,14.0,0.0,0.0,0,0,1,1,,,,4,0,0,0,0,0.0,0.0,
B100515-4,5,4,4,1,0,5,275000.0,1,월,1,10년경력 현 실수령270,4,15,15,0.7333,0.2667,0.2667,0.333,5,2,2.0,0.133,5.0,15.0,1,0,2010,정상종료,완납,726,1564,300만원,15개월,0.3,여자,세,기타,,,,26.0,16.0,4.0,0.0,0.0,1,,,,,3000000.0,15.0,275000.0,240000.0,,,,,4,6.587550014824796,B120326-9,income,False,,False,0,1,0,0,0,14.914122846632385,26.0,4.0,0.0,0.0,0,0,2,1,,,,4,1,0,1,0,0.0,0.0,
B100602-4,2,5,3,2,1,5,,0,,2,남편급여300+적금해지,4,2,2,1.0,1.0,0.0,0.0,0,0,,,,,0,0,2010,정상종료,완납,456,1060,250만원,9개월,0.3,,세,기타,,,,,,,,,1,,,,,2500000.0,9.0,340277.7777777777,312500.0,,,,,4,6.1224928095143865,B100602-4,,,,,0,0,0,0,0,14.73180128983843,0.0,0.0,0.0,0.0,1,0,3,1,,,,4,0,0,0,0,0.0,0.0,
B100618-4,5,4,3,1,0,5,200000.0,1,월,1,현 급여214만 수지차,4,12,12,0.9167,0.75,0.0833,0.167,2,2,7.0,0.583,8.0,,1,0,2010,정상종료,완납,488,1604,200만원,12개월,0.3,남자,세,기타,,,,,,,,,1,,,,,2000000.0,12.0,216666.66666666663,193750.0,,,,,4,6.190315405853148,B100618-4,,,,,0,0,0,0,0,14.50865773852422,0.0,0.0,0.0,0.0,1,1,1,1,,,,4,0,0,0,1,0.2114164904862579,0.0,5.0
B100714-4,2,5,3,4,1,4,,0,,2,부부수입+지출절감,4,9,9,1.0,0.3333,0.0,0.0,0,0,,,,,0,0,2010,정상종료,완납,332,1333,200만원,9개월,0.3,남자,세,기타,,,,48.0,12.0,29.0,0.0,0.0,1,,,,,2000000.0,9.0,272222.22222222225,250000.0,,,,,4,5.805134968916488,A080211-5,,,,,0,0,0,0,0,14.50865773852422,48.0,29.0,0.0,0.0,0,1,1,1,,,,4,0,0,0,0,0.0,3.0120481927710845,
B100827-4,2,3,5,1,0,3,,0,월,2,여유금+연말성과급기대,4,7,7,0.8571,0.5714,0.1429,0.143,1,1,5.0,0.714,6.0,,1,0,2010,정상종료,완납,232,1500,150만원,12개월,0.3,남자,세,기타,,,,,,,,,1,,,,,1500000.0,12.0,162500.0,145312.5,,,,,4,5.44673737166631,B100827-4,income,False,,True,1,1,0,0,0,14.22097566607244,0.0,0.0,0.0,0.0,1,1,4,1,income,,False,4,1,1,0,0,0.0,0.0,
B101101-4,1,4,1,1,0,5,,0,,1,현 일매출15~20만,4,12,12,1.0,0.5,0.0,0.0,0,0,,,,,0,0,2010,정상종료,완납,627,551,200만원,12개월,0.3,남자,세,기타,,,,30.0,8.0,15.0,0.0,0.0,1,,,,,2000000.0,12.0,216666.66666666663,193750.0,,,,,4,6.440946540632921,B101101-4,,,,,0,0,0,0,0,14.50865773852422,30.0,15.0,0.0,0.0,0,1,1,1,,,,4,0,0,0,0,0.1597444089456869,1.5974440894568689,
B101105-4,1,4,1,1,0,5,,0,,1,현 수입600만 여유126,4,12,12,0.5833,0.25,0.4167,4.083,49,31,7.0,0.583,10.0,11.0,1,0,2010,연체중,손실,286,1379,200만원,12개월,0.3,여자,세,기타,,,,,,,,,1,,,,,2000000.0,12.0,216666.66666666663,193750.0,,,,,4,5.655991810819852,B101105-4,,,,,0,0,0,0,0,14.50865773852422,0.0,0.0,0.0,0.0,1,0,1,1,,,,4,0,0,0,0,0.352112676056338,0.0,
B101114-4,5,4,1,4,1,4,250000.0,1,월,2,현 급여+부업매출증가,4,18,18,0.0556,0.0,0.9444,9.167,165,26,1.0,0.056,18.0,,1,0,2010,정상종료,완납,611,2321,300만원,18개월,0.3,여자,세,기타,,,,,,,,,1,,,,,3000000.0,18.0,241666.66666666663,206250.0,,,,,4,6.415096959171596,B101114-4,,,,,0,0,0,0,0,14.914122846632385,0.0,0.0,0.0,0.0,1,0,1,1,,,,4,0,0,0,0,0.33003300330033,1.6501650165016502,
B101115-4,2,5,5,2,1,4,,0,,4,현 급여300+퇴직금정산,4,15,15,0.8,0.7333,0.2,0.4,6,4,4.0,0.267,5.0,8.0,1,0,2010,정상종료,완납,1021,1329,300만원,15개월,0.3,남자,세,기타,,,,,,,,,1,,,,,3000000.0,15.0,275000.0,240000.0,,,,,4,6.928537818164665,B101115-4,income,False,,True,0,1,0,0,0,14.914122846632385,0.0,0.0,0.0,0.0,1,1,1,1,,,,4,1,0,1,0,0.0,0.0,
B101116-4,1,4,4,1,0,4,,0,,2,"11월입사, 남편1월출근",4,9,9,1.0,0.4444,0.0,0.0,0,0,,,,,0,0,2010,정상종료,완납,245,728,150만원,9개월,0.3,여자,세,기타,,,,32.0,14.0,14.0,1.0,0.0,1,,,,,1500000.0,9.0,204166.66666666663,187500.0,,,,,4,5.501258210544727,B110829-7,income,False,15.0,False,0,1,0,0,0,14.22097566607244,32.0,14.0,1.0,0.0,0,0,1,1,,,,4,1,0,1,1,0.0,0.0,
B101203-4,5,5,3,4,1,5,242000.0,1,월,3,현 수입330만 수지차,4,16,16,0.875,0.375,0.125,0.25,4,3,13.0,0.812,15.0,,1,0,2010,정상종료,완납,1089,1568,300만원,18개월,0.3,여자,세,기타,,,,30.0,14.0,9.0,1.0,0.0,1,,,,,3000000.0,18.0,241666.66666666663,206250.0,,,,,4,6.9930151229329605,B100413-11,,,,,0,0,0,0,0,14.914122846632385,30.0,9.0,1.0,0.0,0,0,1,1,,,,4,0,0,0,0,0.0955109837631327,0.0,
B101205-4,1,5,3,1,0,4,,0,,2,급여150+전사부업64,4,12,12,0.4167,0.1667,0.5833,4.75,57,10,6.0,0.5,,,1,0,2010,정상종료,완납,605,737,250만원,12개월,0.3,여자,세,기타,,,,10.0,4.0,8.0,0.0,0.0,1,,,,,2500000.0,12.0,270833.3333333334,242187.5,,,,,4,6.405228458030842,B100324-13,,,,,0,0,0,0,0,14.73180128983843,10.0,8.0,0.0,0.0,0,0,1,1,,,,4,0,0,0,0,0.0,0.0,
B101209-4,1,4,1,1,0,4,,0,,1,"현 급여155, 여윳돈30",4,10,10,0.9,0.7,0.1,0.2,2,2,8.0,0.8,9.0,,1,0,2010,정상종료,완납,307,998,100만원,12개월,0.3,남자,세,기타,,,,24.0,17.0,11.0,0.0,0.0,1,,,,,1000000.0,12.0,108333.33333333331,96875.0,,,,,4,5.726847747587197,B101209-4,,,,,0,0,0,0,0,13.815510557964274,24.0,11.0,0.0,0.0,0,1,1,1,,,,4,0,0,0,0,0.0,3.278688524590164,
B101216-4,5,4,3,1,0,4,700000.0,1,월,1,현 세후388만 수지차,4,12,12,0.4167,0.25,0.5833,1.417,17,6,2.0,0.167,3.0,5.0,1,0,2010,정상종료,완납,457,1173,200만원,12개월,0.3,남자,세,기타,,,,9.0,7.0,14.0,0.0,0.0,1,,,,,2000000.0,12.0,216666.66666666663,193750.0,,,,,4,6.124683390894205,B120109-7,,,,,0,0,0,0,0,14.50865773852422,9.0,14.0,0.0,0.0,0,1,1,1,,,,4,0,0,0,0,0.0,0.0,
B081208-5,5,5,2,3,1,5,300000.0,1,월,2,"적금해지금, 고정급기준",4,8,8,1.0,0.875,0.0,0.0,0,0,,,,,0,0,2008,정상종료,완납,906,572,100만원,9개월,0.3,남자,세,기타,,,,62.0,61.0,4.0,0.0,0.0,1,,,,,1000000.0,9.0,136111.11111111112,125000.0,,,,,5,6.80903930604298,B081208-5,,,,,0,0,0,0,0,13.815510557964274,62.0,4.0,0.0,0.0,0,1,1,1,,,,4,0,0,0,0,0.0,1.1111111111111112,
B090117-5,2,5,1,3,1,4,,0,,2,현 급여+장모지원30만,4,12,12,0.5,0.5,0.5,10.75,129,30,7.0,0.583,,,1,0,2009,정상종료,완납,264,882,100만원,12개월,0.3,남자,세,기타,,,,13.0,13.0,9.0,1.0,0.0,1,,,,,1000000.0,12.0,108333.33333333331,96875.0,,,,,5,5.575949103146316,B090117-5,,,,,0,0,0,0,0,13.815510557964274,13.0,9.0,1.0,0.0,0,1,1,1,,,,4,0,0,0,0,0.0,0.0,
B090118-5,2,5,3,1,0,5,,0,,2,부부 현재수입 280만,4,9,9,0.7778,0.5556,0.2222,0.556,5,4,2.0,0.222,3.0,5.0,1,0,2009,정상종료,완납,266,735,100만원,9개월,0.3,여자,세,기타,,,,39.0,22.0,11.0,0.0,0.0,1,,,,,1000000.0,9.0,136111.11111111112,125000.0,,,,,5,5.583496308781699,A080905-1,,,,,0,0,0,0,0,13.815510557964274,39.0,11.0,0.0,0.0,0,0,1,1,,,,4,0,0,0,0,0.0,0.0,
B090129-5,1,4,4,1,0,3,,0,,1,신규취업 첫달월급기준,4,4,4,0.75,0.25,0.25,0.5,2,2,3.0,0.75,4.0,,1,0,2009,정상종료,완납,269,467,100만원,12개월,0.3,남자,세,기타,,,,,,,,,1,,,,,1000000.0,12.0,108333.33333333331,96875.0,,,,,5,5.594711379601839,B090129-5,income,False,,False,0,1,0,0,0,13.815510557964274,0.0,0.0,0.0,0.0,1,1,1,1,,,,4,1,0,1,0,0.0,0.0,
B090203-5,4,4,3,1,0,4,100000.0,1,월,2,현 교직원 재직 급여,4,12,12,1.0,0.8333,0.0,0.0,0,0,,,,,0,0,2009,정상종료,완납,339,335,100만원,12개월,0.25,남자,세,기타,,,,92.0,45.0,4.0,0.0,0.0,1,,,,,1000000.0,12.0,104166.66666666666,94618.05555555556,,,,,5,5.82600010738045,A071005-1,,,,,0,0,0,0,0,13.815510557964274,92.0,4.0,0.0,0.0,0,1,1,1,,,,4,0,0,0,0,0.3048780487804878,0.0,
B090218-5,5,5,5,4,1,4,250000.0,1,월,2,"부부수입294, 지출축소",4,12,12,1.0,0.5833,0.0,0.0,0,0,,,,,0,0,2009,정상종료,완납,609,1761,200만원,12개월,0.3,여자,세,기타,,,,17.0,8.0,10.0,0.0,0.0,1,,,,,2000000.0,12.0,216666.66666666663,193750.0,,,,,5,6.411818267709897,B100607-5,income,False,,False,0,1,0,0,0,14.50865773852422,17.0,10.0,0.0,0.0,0,0,1,1,,,,4,1,0,1,0,0.0,0.0,
B090317-5,5,5,1,4,1,5,300000.0,1,월,2,현 과외교실 수입195,4,10,10,0.3,0.3,0.7,10.0,100,29,1.0,0.1,4.0,5.0,1,0,2009,정상종료,완납,497,670,300만원,12개월,0.3,여자,세,기타,,,,,,,,,1,,,,,3000000.0,12.0,325000.0,290625.0,,,,,5,6.208590026096629,B090317-5,,,,,0,0,0,0,0,14.914122846632385,0.0,0.0,0.0,0.0,1,0,1,3,,,,4,0,0,0,0,0.0,0.0,
B090318-5,1,4,1,1,0,4,,0,,2,프리랜서 고정수입150,4,8,8,0.125,0.0,0.875,12.75,102,61,1.0,0.125,3.0,4.0,1,0,2009,손실(상환완료),손실,528,676,200만원,9개월,0.3,여자,세,기타,,,,8.0,3.0,21.0,0.0,0.0,1,,,,,2000000.0,9.0,272222.22222222225,250000.0,,,,,5,6.269096283706261,A080324-1,,,,,0,0,0,0,0,14.50865773852422,8.0,21.0,0.0,0.0,0,0,1,1,,,,4,0,0,0,0,0.0,0.0,
B090409-5,2,5,2,1,0,4,,0,,2,급여140+비즈부업20,4,9,9,0.0,0.0,1.0,21.556,194,61,1.0,0.111,,,1,0,2009,연체중,손실,282,924,200만원,12개월,0.3,여자,세,기타,,,,,,,,,1,,,,,2000000.0,12.0,216666.66666666663,193750.0,,,,,5,5.641907070938114,B090409-5,,,,,0,0,0,0,0,14.50865773852422,0.0,0.0,0.0,0.0,1,0,1,1,,,,4,0,0,0,0,0.0,0.0,
B090414-5,5,4,5,3,1,5,100000.0,1,월,1,현 급여160~170 잔여,4,8,8,0.125,0.0,0.875,18.375,147,61,1.0,0.125,3.0,4.0,1,0,2009,연체중,손실,1454,2722,100만원,12개월,0.3,남자,세,기타,,,,,,,,,1,,,,,1000000.0,12.0,108333.33333333331,96875.0,,,,,5,7.282073658093465,B090414-5,income,False,,False,0,1,0,0,0,13.815510557964274,0.0,0.0,0.0,0.0,1,1,1,3,,,,4,1,0,1,0,0.0,4.163775156141568,
B090415-5,1,4,1,1,0,5,,0,,1,학원 현 순수익140~160,4,5,5,0.6,0.6,0.4,0.8,4,2,2.0,0.4,4.0,,1,0,2009,정상종료,완납,168,2460,200만원,9개월,0.3,여자,세,기타,,,,16.0,12.0,10.0,1.0,0.0,1,,,,,2000000.0,9.0,272222.22222222225,250000.0,,,,,5,5.123963979403259,B090415-5,,,,,0,0,0,0,0,14.50865773852422,16.0,10.0,1.0,0.0,0,0,1,1,,,,4,0,0,0,0,0.0,0.0,
B090424-5,5,4,5,1,0,5,200000.0,1,월,1,급여+수당 지급일 명시,4,16,16,1.0,0.8125,0.0,0.0,0,0,,,,,0,0,2009,정상종료,완납,234,807,300만원,24개월,0.3,남자,세,기타,,,,48.0,36.0,0.0,0.0,0.0,1,,,,,3000000.0,24.0,200000.0,164062.5,,,,,5,5.455321115357702,A080423-3,income,False,25.0,False,0,1,0,0,0,14.914122846632385,48.0,0.0,0.0,0.0,0,1,1,1,,,,4,1,0,1,0,0.0,0.0,
B090508-5,1,4,3,1,0,5,,0,,1,3~4월 실수령 실적,4,10,10,0.9,0.9,0.1,0.8,8,8,4.0,0.4,5.0,,1,0,2009,정상종료,완납,470,444,300만원,15개월,0.3,남자,세,기타,,,,37.0,27.0,27.0,2.0,0.0,1,,,,,3000000.0,15.0,275000.0,240000.0,,,,,5,6.152732694704104,A080814-11,,,,,0,0,0,0,0,14.914122846632385,37.0,27.0,2.0,0.0,0,1,1,1,,,,4,0,0,0,1,1.0638297872340423,0.0,23.0
B090614-5,2,4,1,2,1,4,,0,,1,"현 급여, 회사사정악화",4,3,3,0.6667,0.3333,0.3333,20.333,61,61,3.0,1.0,,,1,0,2009,연체중,손실,331,253,300만원,18개월,0.3,남자,세,기타,,,,23.0,19.0,1.0,0.0,0.0,1,,,,,3000000.0,18.0,241666.66666666663,206250.0,,,,,5,5.802118375377063,A080715-1,,,,,0,0,0,0,0,14.914122846632385,23.0,1.0,0.0,0.0,0,1,1,1,,,,4,0,0,0,0,0.0,0.0,
B090622-5,1,1,2,1,0,1,,0,,0,"지출만 나열, 수입없음",4,8,8,1.0,1.0,0.0,0.0,0,0,,,,,0,0,2009,정상종료,완납,207,2086,200만원,9개월,0.3,여자,세,기타,,,,47.0,32.0,3.0,0.0,0.0,1,,,,,2000000.0,9.0,272222.22222222225,250000.0,,,,,5,5.332718793265369,B090622-5,,,,,0,0,0,0,0,14.50865773852422,47.0,3.0,0.0,0.0,0,0,1,1,,,,4,0,0,0,0,0.0,0.0,
B090702-5,1,4,2,1,0,4,,0,,1,"현 급여220, 여윳돈70",4,12,12,0.4167,0.0,0.5833,1.167,14,3,2.0,0.167,3.0,5.0,1,0,2009,정상종료,완납,723,1901,200만원,12개월,0.3,여자,세,기타,,,,,,,,,1,,,,,2000000.0,12.0,216666.66666666663,193750.0,,,,,5,6.583409222158765,B090702-5,,,,,0,0,0,0,0,14.50865773852422,0.0,0.0,0.0,0.0,1,0,1,1,,,,4,0,0,0,0,0.0,4.160887656033287,
B090708-5,2,5,5,1,0,4,,0,,2,급여140+11월 퇴직정산,4,5,5,1.0,1.0,0.0,0.0,0,0,,,,,0,0,2009,정상종료,완납,649,1067,200만원,9개월,0.3,남자,세,기타,,,,31.0,24.0,2.0,0.0,0.0,1,,,,,2000000.0,9.0,272222.22222222225,250000.0,,,,,5,6.47543271670409,B090708-5,income,False,,True,1,1,0,0,0,14.50865773852422,31.0,2.0,0.0,0.0,0,1,4,1,event,1.0,False,4,1,1,0,0,0.0,0.0,
B090810-5,5,4,3,2,1,5,220000.0,1,월,1,"현 월급200, 월세절감",4,12,12,1.0,0.8333,0.0,0.0,0,0,,,,,0,0,2009,정상종료,완납,2012,2694,200만원,12개월,0.3,남자,세,기타,,,,21.0,19.0,0.0,0.0,0.0,1,,,,,2000000.0,12.0,216666.66666666663,193750.0,,,,,5,7.60688453121963,B110225-18,,,,,0,0,0,0,0,14.50865773852422,21.0,0.0,0.0,0.0,0,1,2,1,,,,4,0,0,0,1,0.0,1.0050251256281408,
B090902-5,1,4,1,1,0,5,,0,,1,남편 현 월급 289만,4,4,4,0.0,0.0,1.0,16.0,64,61,1.0,0.25,,,1,0,2009,연체중,손실,173,2349,100만원,9개월,0.3,여자,세,기타,,,,,,,,,1,,,,,1000000.0,9.0,136111.11111111112,125000.0,,,,,5,5.153291594497779,B090902-5,,,,,0,0,0,0,0,13.815510557964274,0.0,0.0,0.0,0.0,1,0,1,1,,,,4,0,0,0,0,0.0,0.0,
B090911-5,5,4,1,1,0,5,200000.0,1,월,1,"현 급여200, 지출150",4,8,8,1.0,0.625,0.0,0.0,0,0,,,,,0,0,2009,정상종료,완납,618,728,200만원,12개월,0.3,여자,세,기타,,,,22.0,17.0,0.0,0.0,0.0,1,,,,,2000000.0,12.0,216666.66666666663,193750.0,,,,,5,6.42648845745769,A080923-3,,,,,0,0,0,0,0,14.50865773852422,22.0,0.0,0.0,0.0,0,0,1,1,,,,4,0,0,0,0,0.0,0.0,
B090917-5,5,5,1,3,1,4,200000.0,1,월,3,3개월 평균수입 310만,4,8,8,1.0,1.0,0.0,0.0,0,0,,,,,0,0,2009,정상종료,완납,893,195,200만원,12개월,0.3,남자,세,기타,,,,30.0,14.0,6.0,1.0,0.0,1,,,,,2000000.0,12.0,216666.66666666663,193750.0,,,,,5,6.794586580876499,A080826-8,,,,,0,0,0,0,0,14.50865773852422,30.0,6.0,1.0,0.0,0,1,1,1,,,,4,0,0,0,0,0.0,0.0,
B090923-5,2,5,4,1,0,5,,0,,2,수급비 고정+상환이력,4,9,9,1.0,1.0,0.0,0.0,0,0,,,,,0,0,2009,정상종료,완납,591,1011,100만원,9개월,0.3,여자,세,기타,,,,42.0,42.0,0.0,0.0,0.0,1,,,,,1000000.0,9.0,136111.11111111112,125000.0,,,,,5,6.3818160174060985,B100808-7,income,False,,False,0,1,0,0,0,13.815510557964274,42.0,0.0,0.0,0.0,0,0,3,1,,,,4,1,0,1,0,0.0,0.0,
B090930-5,1,5,3,1,0,4,,0,,2,본인 정규직+남편 신규,4,8,8,0.75,0.25,0.25,0.5,4,3,4.0,0.5,5.0,7.0,1,0,2009,정상종료,완납,493,773,100만원,9개월,0.3,여자,세,기타,,,,23.0,7.0,12.0,0.0,0.0,1,,,,,1000000.0,9.0,136111.11111111112,125000.0,,,,,5,6.20050917404269,B100604-5,,,,,0,0,0,0,0,13.815510557964274,23.0,12.0,0.0,0.0,0,0,1,1,,,,4,0,0,0,0,0.2028397565922921,2.028397565922921,
B091019-5,2,4,5,1,0,4,,0,,3,현 급여+야간수당 예정,4,9,9,0.8889,0.8889,0.1111,2.889,26,26,7.0,0.778,8.0,,1,0,2009,정상종료,완납,641,3103,100만원,9개월,0.3,여자,세,기타,,,,11.0,9.0,5.0,0.0,0.0,1,,,,,1000000.0,9.0,136111.11111111112,125000.0,,,,,5,6.46302945692067,B100622-17,income,False,,True,0,1,0,0,0,13.815510557964274,11.0,5.0,0.0,0.0,0,0,3,1,,,,4,1,0,1,0,0.0,7.849293563579277,
B091022-5,1,5,3,1,0,5,,0,,2,부부수입222만 여유30,4,13,13,0.6923,0.4615,0.3077,2.846,37,10,3.0,0.231,4.0,6.0,1,0,2009,정상종료,완납,828,436,300만원,15개월,0.3,여자,세,기타,,,,73.0,53.0,6.0,0.0,0.0,1,,,,,3000000.0,15.0,275000.0,240000.0,,,,,5,6.71901315438526,B090204-9,,,,,0,0,0,0,0,14.914122846632385,73.0,6.0,0.0,0.0,0,0,1,1,,,,4,0,0,0,0,0.0,1.2300123001230012,
B091031-5,1,5,3,1,0,5,,0,,3,급여210+상여+아내부업,4,10,10,1.0,0.9,0.0,0.0,0,0,,,,,0,0,2009,정상종료,완납,160,769,200만원,12개월,0.3,남자,세,기타,,,,34.0,13.0,5.0,0.0,0.0,1,,,,,2000000.0,12.0,216666.66666666663,193750.0,,,,,5,5.075173815233827,B100930-7,,,,,0,0,0,0,0,14.50865773852422,34.0,5.0,0.0,0.0,0,1,1,1,,,,4,0,0,0,0,0.0,0.0,
B091114-5,5,5,4,4,1,3,272222.0,1,월,3,어머니 보탬 조건부,4,9,9,1.0,1.0,0.0,0.0,0,0,,,,,0,0,2009,정상종료,완납,378,1216,200만원,9개월,0.3,여자,세,기타,,,,30.0,28.0,0.0,0.0,0.0,1,,,,,2000000.0,9.0,272222.22222222225,250000.0,,,,,5,5.934894195619588,B091114-5,income,False,,False,0,1,0,0,0,14.50865773852422,30.0,0.0,0.0,0.0,0,0,3,1,,,,4,1,0,1,0,0.2645502645502645,0.0,
B091204-5,1,5,4,1,0,3,,0,,2,"내일 출근, 급여 예정",4,9,9,0.2222,0.2222,0.7778,8.444,76,28,1.0,0.111,2.0,4.0,1,0,2009,정상종료,완납,176,1581,50만원,9개월,0.3,여자,세,기타,,,,,,,,,1,,,,,500000.0,9.0,68055.55555555556,62500.0,,,,,5,5.170483995038151,B091204-5,income,False,,False,0,1,0,0,0,13.122363377404328,0.0,0.0,0.0,0.0,1,0,1,1,,,,4,1,0,1,0,0.0,0.0,
B091207-5,1,4,3,1,0,3,,0,,2,알바15만+남편 취업예정,4,12,12,0.5833,0.0833,0.4167,1.083,13,8,5.0,0.417,6.0,8.0,1,0,2009,정상종료,완납,180,362,150만원,12개월,0.3,여자,세,기타,,,,14.0,5.0,12.0,0.0,0.0,1,,,,,1500000.0,12.0,162500.0,145312.5,,,,,5,5.19295685089021,B090129-10,,,,,0,0,0,0,0,14.22097566607244,14.0,12.0,0.0,0.0,0,0,1,1,,,,4,0,0,0,0,0.0,11.11111111111111,
B100904-5,5,4,5,1,0,4,330000.0,1,월,1,재직 급여 219만 수령중,5,6,6,1.0,0.6667,0.0,0.0,0,0,,,,,0,0,2010,정상종료,완납,274,396,500만원,24개월,0.3,남자,세,기타,,,,48.0,36.0,0.0,0.0,0.0,1,,,,,5000000.0,24.0,333333.3333333334,273437.5,,,,,5,5.613128106388071,A080423-3,income,False,29.0,False,0,1,0,0,0,15.424948470398377,48.0,0.0,0.0,0.0,0,1,1,1,,,,5,1,0,1,0,0.0,0.0,
B100908-5,1,5,1,1,0,5,,0,,3,8월 실매출·알바 실적,5,1,1,0.0,0.0,1.0,61.0,61,61,1.0,1.0,,,1,0,2010,연체중,손실,255,893,100만원,6개월,0.3,남자,세,기타,,,,,,,,,1,,,,,1000000.0,6.0,191666.66666666663,181250.0,,,,,5,5.541263545158426,B100908-5,,,,,0,0,0,0,0,13.815510557964274,0.0,0.0,0.0,0.0,1,1,1,1,,,,5,0,0,0,0,0.0,0.0,
B100918-5,5,4,1,1,0,4,400000.0,1,월,1,현재 월급 174만,5,9,9,0.2222,0.2222,0.7778,12.222,110,31,3.0,0.333,,,1,0,2010,연체중,손실,133,985,150만원,12개월,0.3,남자,세,기타,,,,,,,,,1,,,,,1500000.0,12.0,162500.0,145312.5,,,,,5,4.890349128221754,B100918-5,,,,,0,0,0,0,0,14.22097566607244,0.0,0.0,0.0,0.0,1,1,1,1,,,,5,0,0,0,0,0.7575757575757576,0.0,
B100930-5,5,4,1,3,1,4,100000.0,1,월,1,현 월급 142만,5,7,7,0.8571,0.4286,0.1429,0.571,4,4,4.0,0.571,5.0,,1,0,2010,정상종료,완납,213,781,100만원,12개월,0.3,남자,세,기타,,,,10.0,4.0,8.0,0.0,0.0,1,,,,,1000000.0,12.0,108333.33333333331,96875.0,,,,,5,5.3612921657094255,B111218-5,,,,,0,0,0,0,0,13.815510557964274,10.0,8.0,0.0,0.0,0,1,1,1,,,,5,0,0,0,0,0.4784688995215311,0.0,
B101003-5,5,5,5,1,0,5,290000.0,1,월,3,4년간 월세 무연체,5,9,9,1.0,0.6667,0.0,0.0,0,0,,,,,0,0,2010,정상종료,완납,598,402,100만원,9개월,0.3,여자,세,기타,,,,78.0,51.0,0.0,0.0,0.0,1,,,,,1000000.0,9.0,136111.11111111112,125000.0,,,,,5,6.393590753950631,B101003-5,income,False,31.0,False,0,1,0,0,0,13.815510557964274,78.0,0.0,0.0,0.0,0,0,1,2,,,,5,1,0,1,1,0.0,5.172413793103448,20.0
B101006-5,5,4,4,1,0,4,200000.0,1,월,1,매월15일 급여 148만,5,11,11,1.0,1.0,0.0,0.0,0,0,,,,,0,0,2010,정상종료,완납,335,1471,200만원,12개월,0.3,여자,세,기타,,,,23.0,23.0,0.0,0.0,0.0,1,,,,,2000000.0,12.0,216666.66666666663,193750.0,,,,,5,5.814130531825066,B120315-11,income,False,15.0,False,0,1,0,0,0,14.50865773852422,23.0,0.0,0.0,0.0,0,0,1,1,,,,5,1,0,1,0,0.0,0.0,
B101011-5,2,4,1,1,0,4,,0,,1,재직 11개월 월급200,5,11,11,0.0,0.0,1.0,13.091,144,31,1.0,0.091,,,1,0,2010,연체중,손실,580,1900,150만원,12개월,0.3,남자,세,기타,,,,,,,,,1,,,,,1500000.0,12.0,162500.0,145312.5,,,,,5,6.363028103540465,B101011-5,,,,,0,0,0,0,0,14.22097566607244,0.0,0.0,0.0,0.0,1,1,1,1,,,,5,0,0,0,0,0.3472222222222222,0.0,
B101024-5,5,4,1,3,1,4,200000.0,1,월,1,월소득 320만 재직,5,5,5,1.0,0.8,0.0,0.0,0,0,,,,,0,0,2010,정상종료,완납,229,823,150만원,6개월,0.3,여자,세,기타,,,,84.0,58.0,16.0,0.0,0.0,1,,,,,1500000.0,6.0,287500.0,271875.0,,,,,5,5.43372200355424,B101024-5,,,,,0,0,0,0,0,14.22097566607244,84.0,16.0,0.0,0.0,0,0,1,1,,,,5,0,0,0,0,0.0,0.0,
B101029-5,1,5,1,1,0,4,,0,,2,부부 현 소득 300만,5,3,3,1.0,0.3333,0.0,0.0,0,0,,,,,0,0,2010,정상종료,완납,255,928,400만원,15개월,0.3,여자,세,기타,,,,9.0,5.0,3.0,0.0,0.0,1,,,,,4000000.0,15.0,366666.6666666667,320000.0,,,,,5,5.541263545158426,B100210-17,,,,,0,0,0,0,0,15.201804919084164,9.0,3.0,0.0,0.0,0,0,1,1,,,,5,0,0,0,0,0.0,0.0,
B101031-5,5,5,4,2,1,4,210000.0,1,월,2,5월부터 부수입 실적,5,7,7,0.8571,0.8571,0.1429,0.429,3,3,6.0,0.857,7.0,,1,0,2010,정상종료,완납,1043,643,200만원,12개월,0.3,남자,세,기타,,,,,,,,,1,,,,,2000000.0,12.0,216666.66666666663,193750.0,,,,,5,6.949856455000773,B101031-5,income,False,,True,0,1,0,0,0,14.50865773852422,0.0,0.0,0.0,0.0,1,1,3,1,,,,5,1,0,1,0,0.0,0.0,
B101129-5,5,5,4,2,1,4,160000.0,1,월,2,현 재직 급여 190만,5,1,1,0.0,0.0,1.0,61.0,61,61,1.0,1.0,,,1,0,2010,연체중,손실,1686,3198,150만원,12개월,0.3,여자,세,기타,,,,,,,,,1,,,,,1500000.0,12.0,162500.0,145312.5,,,,,5,7.430114138561801,B101129-5,income,False,,False,0,1,0,0,0,14.22097566607244,0.0,0.0,0.0,0.0,1,0,2,2,,,,5,1,0,1,0,0.0,1.799640071985603,
B101204-5,5,4,4,3,1,5,250000.0,1,월,1,8~11월 실매출 기록,5,9,9,0.4444,0.2222,0.5556,8.222,74,31,5.0,0.556,,,1,0,2010,연체중,손실,1119,1855,200만원,9개월,0.3,남자,세,기타,,,,,,,,,1,,,,,2000000.0,9.0,272222.22222222225,250000.0,,,,,5,7.020190708311925,B101204-5,income,False,,False,0,1,0,0,0,14.50865773852422,0.0,0.0,0.0,0.0,1,1,1,2,,,,5,1,0,1,0,0.0,0.8960573476702509,
B101211-5,2,5,4,1,0,4,,0,,2,본인·동생 현 급여,5,15,15,0.0667,0.0,0.9333,16.133,242,28,1.0,0.067,5.0,6.0,1,0,2010,정상종료,완납,645,2936,300만원,15개월,0.3,여자,세,기타,,,,,,,,,1,,,,,3000000.0,15.0,275000.0,240000.0,,,,,5,6.4692503167957724,B101211-5,income,False,,False,0,1,0,0,0,14.914122846632385,0.0,0.0,0.0,0.0,1,0,3,1,,,,5,1,0,1,0,1.5552099533437014,0.0,
B101212-5,1,2,1,1,0,4,,0,,0,3년차 재직 사실만,5,2,2,1.0,1.0,0.0,0.0,0,0,,,,,0,0,2010,정상종료,완납,255,255,300만원,15개월,0.3,여자,세,기타,,,,,,,,,1,,,,,3000000.0,15.0,275000.0,240000.0,,,,,5,5.541263545158426,B101212-5,,,,,0,0,0,0,0,14.914122846632385,0.0,0.0,0.0,0.0,1,0,1,1,,,,5,0,0,0,0,0.0,0.0,
B101215-5,5,5,1,2,1,4,300000.0,1,월,3,가족 3인 현 소득,5,14,14,0.1429,0.0714,0.8571,6.857,96,31,2.0,0.143,5.0,6.0,1,0,2010,연체중,손실,342,1603,300만원,24개월,0.3,남자,세,기타,,,,,,,,,1,,,,,3000000.0,24.0,200000.0,164062.5,,,,,5,5.834810737062605,B101215-5,,,,,0,0,0,0,0,14.914122846632385,0.0,0.0,0.0,0.0,1,1,1,1,,,,5,0,0,0,0,0.0,0.0,
B101220-5,4,5,3,1,0,4,,0,,2,현 대리운전 수입,5,5,5,0.6,0.6,0.4,6.8,34,31,2.0,0.4,3.0,5.0,1,0,2010,연체중,손실,601,1169,200만원,6개월,0.3,남자,세,기타,,,,,,,,,1,,,,,2000000.0,6.0,383333.3333333333,362500.0,,,,,5,6.398594934535208,B101220-5,,,,,1,0,0,0,0,14.50865773852422,0.0,0.0,0.0,0.0,1,1,4,1,income,,False,5,0,1,0,0,0.0,0.0,
B081212-6,3,4,5,1,0,4,,0,월,1,11월 실수령 165만,5,12,12,0.5,0.5,0.5,2.667,32,11,7.0,0.583,,,1,0,2008,정상종료,완납,459,305,100만원,12개월,0.3,여자,세,기타,,,,,,,,,1,,,,,1000000.0,12.0,108333.33333333331,96875.0,,,,,6,6.129050210060545,B081212-6,income,False,,False,0,1,0,0,0,13.815510557964274,0.0,0.0,0.0,0.0,1,0,3,1,,,,5,1,0,1,0,2.4122807017543857,0.0,
B081231-6,3,3,5,5,1,4,,0,월,1,매월10일 급여일,5,12,12,0.5,0.0833,0.5,2.167,26,13,3.0,0.25,5.0,7.0,1,0,2008,정상종료,완납,125,293,200만원,12개월,0.3,남자,세,기타,,,,20.0,4.0,17.0,0.0,0.0,1,,,,,2000000.0,12.0,216666.66666666663,193750.0,,,,,6,4.8283137373023015,B081231-6,income,False,10.0,False,1,1,0,0,0,14.50865773852422,20.0,17.0,0.0,0.0,0,1,4,1,income,10.0,False,5,1,1,0,0,0.0,0.0,
B090106-6,5,4,4,1,0,4,200000.0,1,월,1,현 급여 140만,5,6,6,0.8333,0.1667,0.1667,0.667,4,4,5.0,0.833,6.0,,1,0,2009,정상종료,완납,180,846,200만원,12개월,0.3,여자,세,기타,,,,6.0,1.0,7.0,3.0,0.0,1,,,,,2000000.0,12.0,216666.66666666663,193750.0,,,,,6,5.19295685089021,B090106-6,income,False,,False,0,1,0,0,0,14.50865773852422,6.0,7.0,3.0,0.0,0,0,1,2,,,,5,1,0,1,0,0.0,0.0,
B090117-6,1,5,1,2,1,4,,0,,2,부부 급여 260만,5,10,10,0.6,0.1,0.4,1.4,14,7,5.0,0.5,7.0,8.0,1,0,2009,정상종료,완납,162,294,200만원,12개월,0.3,여자,세,기타,,,,40.0,8.0,9.0,0.0,0.0,1,,,,,2000000.0,12.0,216666.66666666663,193750.0,,,,,6,5.087596335232384,A070905-1,,,,,0,0,0,0,0,14.50865773852422,40.0,9.0,0.0,0.0,0,0,1,2,,,,5,0,0,0,0,0.0,0.0,
B090121-6,5,5,1,3,1,4,100000.0,1,월,2,현 알바 일당 3만,5,8,8,0.0,0.0,1.0,26.875,215,61,1.0,0.125,,,1,0,2009,연체중,손실,312,798,100만원,12개월,0.3,여자,세,기타,,,,,,,,,1,,,,,1000000.0,12.0,108333.33333333331,96875.0,,,,,6,5.7430031878094825,B090121-6,,,,,0,0,0,0,0,13.815510557964274,0.0,0.0,0.0,0.0,1,0,3,1,,,,5,0,0,0,0,0.0,0.0,
B090222-6,2,4,3,2,1,2,,0,,1,아내 취업 예정,5,6,6,0.6667,0.6667,0.3333,11.833,71,61,5.0,0.833,,,1,0,2009,연체중,손실,351,1329,100만원,12개월,0.3,남자,세,기타,,,,13.0,13.0,9.0,1.0,0.0,1,,,,,1000000.0,12.0,108333.33333333331,96875.0,,,,,6,5.860786223465865,B090117-5,,,,,0,0,0,0,0,13.815510557964274,13.0,9.0,1.0,0.0,0,1,1,1,,,,5,0,0,0,0,0.0,0.0,
B090225-6,4,5,1,4,1,4,300000.0,1,월,2,현 배달·알바 수입,5,6,6,0.1667,0.0,0.8333,23.167,139,61,2.0,0.333,,,1,0,2009,연체중,손실,239,1477,100만원,12개월,0.3,여자,세,기타,,,,,,,,,1,,,,,1000000.0,12.0,108333.33333333331,96875.0,,,,,6,5.476463551931511,B090225-6,,,,,0,0,0,0,0,13.815510557964274,0.0,0.0,0.0,0.0,1,0,1,2,,,,5,0,0,0,0,0.4184100418410041,0.0,
B090313-6,5,5,1,3,1,4,500000.0,1,월,2,현 부부소득 300만,5,12,12,0.1667,0.0833,0.8333,2.417,29,4,1.0,0.083,2.0,3.0,1,0,2009,정상종료,완납,229,1390,200만원,12개월,0.3,남자,세,기타,,,,,,,,,1,,,,,2000000.0,12.0,216666.66666666663,193750.0,,,,,6,5.43372200355424,B090313-6,,,,,0,0,0,0,0,14.50865773852422,0.0,0.0,0.0,0.0,1,1,2,1,,,,5,0,0,0,0,3.619909502262444,0.0,
B090317-6,1,4,1,1,0,4,,0,,1,월급 200만 수령,5,9,9,0.8889,0.1111,0.1111,0.222,2,2,2.0,0.222,3.0,,1,0,2009,정상종료,완납,132,1204,100만원,12개월,0.3,남자,세,기타,,,,,,,,,1,,,,,1000000.0,12.0,108333.33333333331,96875.0,,,,,6,4.882801922586371,B090317-6,,,,,0,0,0,0,0,13.815510557964274,0.0,0.0,0.0,0.0,1,1,1,1,,,,5,0,0,0,0,0.0,7.633587786259541,
B090402-6,5,4,1,3,1,5,400000.0,1,월,1,3개월 급여통장 제출,5,6,6,0.6667,0.6667,0.3333,1.167,7,5,3.0,0.5,4.0,5.0,1,0,2009,정상종료,완납,515,328,200만원,6개월,0.3,여자,세,기타,,,,98.0,84.0,3.0,0.0,0.0,1,,,,,2000000.0,6.0,383333.3333333333,362500.0,,,,,6,6.244166900663736,B090402-6,,,,,0,0,0,0,0,14.50865773852422,98.0,3.0,0.0,0.0,0,0,1,3,,,,5,0,0,0,0,0.3891050583657587,1.9455252918287935,
B090406-6,2,4,2,1,0,4,,0,,2,부부 월 230만,5,8,8,1.0,1.0,0.0,0.0,0,0,,,,,0,0,2009,정상종료,완납,222,1019,100만원,9개월,0.3,여자,세,기타,,,,125.0,120.0,0.0,0.0,0.0,1,,,,,1000000.0,9.0,136111.11111111112,125000.0,,,,,6,5.402677381872279,B090406-6,,,,,0,0,0,0,0,13.815510557964274,125.0,0.0,0.0,0.0,0,0,1,2,,,,5,0,0,0,0,0.0,0.0,
B090427-6,3,5,5,5,1,3,,0,월,2,부업은 다음주 시작,5,10,10,0.2,0.2,0.8,19.3,193,61,3.0,0.3,,,1,0,2009,연체중,손실,1009,1288,100만원,12개월,0.3,여자,세,기타,,,,,,,,,1,,,,,1000000.0,12.0,108333.33333333331,96875.0,,,,,6,6.9167150203536085,B090427-6,income,False,17.0,False,0,1,0,0,0,13.815510557964274,0.0,0.0,0.0,0.0,1,0,1,1,,,,5,1,0,1,1,0.0,0.0,17.0
B090428-6,5,5,1,2,1,4,250000.0,1,월,2,4월 정직원 발령,5,11,11,0.8182,0.7273,0.1818,1.0,11,10,3.0,0.273,5.0,,1,0,2009,정상종료,완납,863,719,200만원,12개월,0.3,여자,세,기타,,,,18.0,16.0,3.0,0.0,0.0,1,,,,,2000000.0,12.0,216666.66666666663,193750.0,,,,,6,6.760414691083428,B090428-6,,,,,0,0,0,0,0,14.50865773852422,18.0,3.0,0.0,0.0,0,0,2,1,,,,5,0,0,0,0,0.3488372093023256,0.0,
B090429-6,2,4,5,3,1,3,,0,,1,4/26 첫 근무 신규,5,12,12,0.9167,0.1667,0.0833,0.083,1,1,10.0,0.833,11.0,,1,0,2009,정상종료,완납,517,1478,100만원,12개월,0.3,여자,세,기타,,,,,,,,,1,,,,,1000000.0,12.0,108333.33333333331,96875.0,,,,,6,6.248042874508429,B090429-6,income,False,19.0,False,0,1,0,0,0,13.815510557964274,0.0,0.0,0.0,0.0,1,0,1,2,,,,5,1,0,1,1,0.0,1.9723865877712032,
B090511-6,5,5,5,3,1,4,,0,월,2,현 대리·인력 수입,5,11,11,0.8182,0.7273,0.1818,0.636,7,4,8.0,0.727,9.0,11.0,1,0,2009,정상종료,완납,1149,1079,100만원,12개월,0.3,남자,세,기타,,,,39.0,28.0,6.0,0.0,0.0,1,,,,,1000000.0,12.0,108333.33333333331,96875.0,,,,,6,7.046647277848756,B090511-6,income,False,,False,0,1,0,0,0,13.815510557964274,39.0,6.0,0.0,0.0,0,1,3,1,,,,5,1,0,1,0,0.0870322019147084,1.7406440382941688,
B090609-6,3,5,5,2,1,4,,0,월,2,5월 실수령 실적,5,1,1,0.0,0.0,1.0,61.0,61,61,1.0,1.0,,,1,0,2009,연체중,손실,522,997,100만원,6개월,0.3,남자,세,기타,,,,,,,,,1,,,,,1000000.0,6.0,191666.66666666663,181250.0,,,,,6,6.257667587882639,B090609-6,income,True,6.0,False,1,1,0,0,1,13.815510557964274,0.0,0.0,0.0,0.0,1,1,4,1,income,6.0,False,5,1,1,0,1,0.0,0.0,5.0
B090615-6,2,4,3,2,1,4,,0,,1,현 월급 130만,5,5,5,1.0,1.0,0.0,0.0,0,0,,,,,0,0,2009,정상종료,완납,227,334,100만원,12개월,0.3,여자,세,기타,,,,13.0,10.0,4.0,2.0,0.0,1,,,,,1000000.0,12.0,108333.33333333331,96875.0,,,,,6,5.424950017481403,B091029-12,,,,,0,0,0,0,0,13.815510557964274,13.0,4.0,2.0,0.0,0,0,1,2,,,,5,0,0,0,0,0.0,4.464285714285714,
B090707-6,5,4,1,1,0,4,300000.0,1,월,1,실수령 146만,5,12,12,1.0,1.0,0.0,0.0,0,0,,,,,0,0,2009,정상종료,완납,202,506,100만원,12개월,0.3,남자,세,기타,,,,28.0,25.0,0.0,0.0,0.0,1,,,,,1000000.0,12.0,108333.33333333331,96875.0,,,,,6,5.308267697401205,B090707-6,,,,,0,0,0,0,0,13.815510557964274,28.0,0.0,0.0,0.0,0,1,1,1,,,,5,0,0,0,0,0.0,0.0,
B090709-6,5,5,5,4,1,4,166000.0,1,월,2,급여+주말알바 실적,5,6,6,0.0,0.0,1.0,8.333,50,16,1.0,0.167,,,1,0,2009,정상종료,완납,1237,2227,100만원,6개월,0.3,여자,세,기타,,,,18.0,14.0,18.0,0.0,0.0,1,,,,,1000000.0,6.0,191666.66666666663,181250.0,,,,,6,7.120444372392488,B090709-6,income,False,,False,0,1,0,0,0,13.815510557964274,18.0,18.0,0.0,0.0,0,0,3,1,,,,5,1,0,1,0,0.0,0.0,
B090723-6,2,5,5,1,0,4,,0,,3,현 급여+예정 투잡,5,9,9,0.5556,0.4444,0.4444,1.778,16,5,5.0,0.556,6.0,7.0,1,0,2009,정상종료,완납,399,1232,100만원,9개월,0.3,여자,세,기타,,,,,,,,,1,,,,,1000000.0,9.0,136111.11111111112,125000.0,,,,,6,5.988961416889864,B090723-6,income,False,,False,0,1,0,0,0,13.815510557964274,0.0,0.0,0.0,0.0,1,0,1,2,,,,5,1,0,1,0,0.2512562814070351,0.0,
B090725-6,5,4,4,4,1,4,200000.0,1,월,1,현 실급여 150만,5,8,8,1.0,1.0,0.0,0.0,0,0,,,,,0,0,2009,정상종료,완납,447,1220,200만원,12개월,0.3,여자,세,기타,,,,,,,,,1,,,,,2000000.0,12.0,216666.66666666663,193750.0,,,,,6,6.102558594613569,B090725-6,income,False,,False,0,1,0,0,0,14.50865773852422,0.0,0.0,0.0,0.0,1,0,1,1,,,,5,1,0,1,0,0.0,0.0,
B090914-6,5,5,5,4,1,5,430000.0,1,월,2,두 곳 근무 실수입,5,3,3,0.0,0.0,1.0,33.0,99,61,1.0,0.333,,,1,0,2009,연체중,손실,1235,1763,100만원,9개월,0.3,남자,세,기타,,,,,,,,,1,,,,,1000000.0,9.0,136111.11111111112,125000.0,,,,,6,7.118826249062078,B090914-6,income,False,,False,0,1,0,0,0,13.815510557964274,0.0,0.0,0.0,0.0,1,1,1,1,,,,5,1,0,1,0,0.0836820083682008,0.0,
B090921-6,5,5,5,5,1,4,200000.0,1,월,2,교사급여·작년 성과급,5,12,12,0.8333,0.0833,0.1667,0.25,3,2,7.0,0.583,8.0,11.0,1,0,2009,정상종료,완납,696,2098,200만원,12개월,0.3,여자,세,기타,,,,,,,,,1,,,,,2000000.0,12.0,216666.66666666663,193750.0,,,,,6,6.54534966033442,B090921-6,income,False,,True,1,1,0,0,0,14.50865773852422,0.0,0.0,0.0,0.0,1,0,4,1,income,,False,5,1,1,0,0,0.0,0.0,
B091007-6,5,5,5,1,0,4,200000.0,1,월,2,양육수당 지급 확정,5,6,6,1.0,1.0,0.0,0.0,0,0,,,,,0,0,2009,정상종료,완납,851,2376,100만원,9개월,0.3,여자,세,기타,,,,103.0,49.0,3.0,0.0,0.0,1,,,,,1000000.0,9.0,136111.11111111112,125000.0,,,,,6,6.746412128573375,B091007-6,income,False,25.0,False,1,1,0,0,0,13.815510557964274,103.0,3.0,0.0,0.0,0,0,4,1,income,25.0,False,5,1,1,0,0,0.1180637544273907,1.180637544273908,
B091008-6,5,5,4,5,1,4,110000.0,1,월,2,현 총무·알바 81만,5,2,2,1.0,1.0,0.0,0.0,0,0,,,,,0,0,2009,정상종료,완납,684,1933,100만원,9개월,0.3,남자,세,기타,,,,9.0,9.0,2.0,0.0,0.0,1,,,,,1000000.0,9.0,136111.11111111112,125000.0,,,,,6,6.52795791762255,B091008-6,income,False,,False,0,1,0,0,0,13.815510557964274,9.0,2.0,0.0,0.0,0,1,1,5,,,,5,1,0,1,0,0.0,1.4727540500736376,
B091027-6,5,5,5,3,1,4,200000.0,1,월,2,본인 347만 재직,5,3,3,0.3333,0.3333,0.6667,23.0,69,61,2.0,0.667,,,1,0,2009,연체중,손실,476,1501,200만원,6개월,0.3,남자,세,기타,,,,5.0,4.0,1.0,0.0,0.0,1,,,,,2000000.0,6.0,383333.3333333333,362500.0,,,,,6,6.16541785423142,B090713-14,income,False,,False,0,1,0,0,0,14.50865773852422,5.0,1.0,0.0,0.0,0,1,2,1,,,,5,1,0,1,0,0.0,0.0,
B091101-6,5,4,1,1,0,4,200000.0,1,월,1,월 195만 급여,5,11,11,0.1818,0.0909,0.8182,23.818,262,61,3.0,0.273,,,1,0,2009,연체중,손실,296,784,200만원,12개월,0.3,여자,세,기타,,,,4.0,3.0,21.0,9.0,0.0,1,,,,,2000000.0,12.0,216666.66666666663,193750.0,,,,,6,5.69035945432406,A080918-8,,,,,0,0,0,0,0,14.50865773852422,4.0,21.0,9.0,0.0,0,0,1,1,,,,5,0,0,0,0,0.0,0.0,
B091112-6,2,5,3,1,0,3,,0,,2,부모 지원 증가 기대,5,3,3,0.6667,0.3333,0.3333,20.333,61,61,3.0,1.0,,,1,0,2009,연체중,손실,239,714,50만원,6개월,0.3,여자,세,기타,,,,,,,,,1,,,,,500000.0,6.0,95833.33333333331,90625.0,,,,,6,5.476463551931511,B091112-6,,,,,0,0,0,0,0,13.122363377404328,0.0,0.0,0.0,0.0,1,0,1,1,,,,5,0,0,0,0,0.0,0.0,
B091117-6,1,5,1,1,0,4,,0,,2,부부 현 급여 320만,5,11,11,0.5455,0.2727,0.4545,9.0,99,67,1.0,0.091,2.0,8.0,1,0,2009,정상종료,완납,142,1323,200만원,12개월,0.3,남자,세,기타,,,,,,,,,1,,,,,2000000.0,12.0,216666.66666666663,193750.0,,,,,6,4.955827057601261,B091117-6,,,,,0,0,0,0,0,14.50865773852422,0.0,0.0,0.0,0.0,1,1,1,1,,,,5,0,0,0,0,0.0,0.0,
B091122-6,5,4,5,3,1,2,200000.0,1,월,1,미개시 사업 예상매출,5,5,5,0.8,0.8,0.2,0.8,4,4,3.0,0.6,4.0,,1,0,2009,정상종료,완납,1856,1699,200만원,12개월,0.3,남자,세,기타,,,,9.0,9.0,2.0,0.0,0.0,1,,,,,2000000.0,12.0,216666.66666666663,193750.0,,,,,6,7.526178913346146,B091008-6,income,False,,False,0,1,0,0,0,14.50865773852422,9.0,2.0,0.0,0.0,0,1,3,2,,,,5,1,0,1,0,0.0,0.0,
B091125-6,1,4,1,1,0,4,,0,,1,기본급 200만,5,4,4,1.0,1.0,0.0,0.0,0,0,,,,,0,0,2009,정상종료,완납,255,1240,50만원,12개월,0.3,남자,세,기타,,,,4.0,4.0,0.0,2.0,0.0,1,,,,,500000.0,12.0,54166.66666666666,48437.5,,,,,6,5.541263545158426,B091125-6,,,,,0,0,0,0,0,13.122363377404328,4.0,0.0,2.0,0.0,0,1,1,2,,,,5,0,0,0,0,0.3937007874015747,0.0,
B091126-6,1,4,1,1,0,4,,0,,1,신랑 월급 160만,5,5,5,0.4,0.4,0.6,17.6,88,61,3.0,0.6,,,1,0,2009,연체중,손실,213,1332,100만원,12개월,0.3,여자,세,기타,,,,,,,,,1,,,,,1000000.0,12.0,108333.33333333331,96875.0,,,,,6,5.3612921657094255,B091126-6,,,,,0,0,0,0,0,13.815510557964274,0.0,0.0,0.0,0.0,1,0,1,1,,,,5,0,0,0,0,1.4285714285714286,0.0,
B091214-6,4,4,1,1,0,4,500000.0,1,월,1,월급여 150만,5,24,24,0.8333,0.4583,0.1667,1.167,28,13,3.0,0.125,4.0,11.0,1,0,2009,정상종료,완납,171,816,300만원,24개월,0.3,여자,세,기타,,,,28.0,18.0,4.0,0.0,0.0,1,,,,,3000000.0,24.0,200000.0,164062.5,,,,,6,5.14166355650266,B090416-4,,,,,0,0,0,0,0,14.914122846632385,28.0,4.0,0.0,0.0,0,0,1,1,,,,5,0,0,0,0,0.0,0.0,
B100126-6,2,5,3,3,1,4,,0,,3,현 급여·수당 수령중,5,12,12,1.0,0.3333,0.0,0.0,0,0,,,,,0,0,2010,정상종료,완납,437,1397,150만원,12개월,0.3,여자,세,기타,,,,27.0,15.0,13.0,0.0,0.0,1,,,,,1500000.0,12.0,162500.0,145312.5,,,,,6,6.07993319509559,B110118-7,,,,,0,0,0,0,0,14.22097566607244,27.0,13.0,0.0,0.0,0,0,2,3,,,,5,0,0,0,0,0.0,2.3094688221709005,
B100204-6,3,1,2,1,0,1,,0,월,0,소득 근거 제시 없음,5,1,1,0.0,0.0,1.0,61.0,61,61,1.0,1.0,,,1,0,2010,연체중,손실,141,296,50만원,3개월,0.3,여자,세,기타,,,,,,,,,1,,,,,500000.0,3.0,179166.66666666666,175000.0,,,,,6,4.948759890378168,B100204-6,,,,,0,0,0,0,0,13.122363377404328,0.0,0.0,0.0,0.0,1,0,3,1,,,,5,0,0,0,0,0.7575757575757576,0.0,
B100210-6,2,5,4,1,0,4,,0,,2,부부 현 소득 285만,5,3,3,1.0,0.6667,0.0,0.0,0,0,,,,,0,0,2010,정상종료,완납,212,483,50만원,3개월,0.3,여자,세,기타,,,,39.0,22.0,11.0,0.0,0.0,1,,,,,500000.0,3.0,179166.66666666666,175000.0,,,,,6,5.356586274672012,A080905-1,income,False,,False,0,1,0,0,0,13.122363377404328,39.0,11.0,0.0,0.0,0,0,3,1,,,,5,1,0,1,0,0.0,0.0,
B100218-6,1,5,2,1,0,4,,0,,2,부부 300만 소득,5,12,12,0.6667,0.3333,0.3333,0.5,6,3,4.0,0.333,5.0,7.0,1,0,2010,정상종료,완납,140,659,200만원,12개월,0.3,여자,세,기타,,,,17.0,4.0,19.0,0.0,0.0,1,,,,,2000000.0,12.0,216666.66666666663,193750.0,,,,,6,4.941642422609304,B100218-6,,,,,0,0,0,0,0,14.50865773852422,17.0,19.0,0.0,0.0,0,0,1,1,,,,5,0,0,0,0,0.0,0.0,
B100221-6,3,5,4,4,1,4,,0,월,2,월 150만 소득 실적,5,6,6,1.0,0.6667,0.0,0.0,0,0,,,,,0,0,2010,정상종료,완납,1113,603,100만원,6개월,0.3,여자,세,기타,,,,,,,,,1,,,,,1000000.0,6.0,191666.66666666663,181250.0,,,,,6,7.014814351275545,B100221-6,income,False,,False,0,1,0,0,0,13.815510557964274,0.0,0.0,0.0,0.0,1,0,1,2,,,,5,1,0,1,0,0.0,2.702702702702702,
B100222-6,2,5,5,4,1,3,,0,,2,봄 성수기 기대 우세,5,3,3,1.0,0.0,0.0,0.0,0,0,,,,,0,0,2010,정상종료,완납,274,1189,100만원,3개월,0.3,남자,세,기타,,,,6.0,1.0,8.0,7.0,0.0,1,,,,,1000000.0,3.0,358333.3333333333,350000.0,,,,,6,5.613128106388071,B100222-6,income,False,,False,0,1,0,0,0,13.815510557964274,6.0,8.0,7.0,0.0,0,1,3,1,,,,5,1,0,1,0,0.7518796992481203,3.7593984962406015,
B100302-6,5,4,2,4,1,5,490000.0,1,월,1,원생37명 매출 실적,5,15,15,0.0,0.0,1.0,19.6,294,30,1.0,0.067,,,1,0,2010,정상종료,완납,289,1492,300만원,15개월,0.3,여자,세,기타,,,,,,,,,1,,,,,3000000.0,15.0,275000.0,240000.0,,,,,6,5.666426688112432,B100302-6,,,,,0,0,0,0,0,14.914122846632385,0.0,0.0,0.0,0.0,1,0,2,2,,,,5,0,0,0,0,0.0,0.0,
B100310-6,2,5,3,1,0,4,,0,,2,알바 지난주 시작,5,4,4,0.75,0.0,0.25,0.25,1,1,4.0,1.0,,,1,0,2010,정상종료,완납,224,511,50만원,6개월,0.3,남자,세,기타,,,,5.0,1.0,2.0,0.0,0.0,1,,,,,500000.0,6.0,95833.33333333331,90625.0,,,,,6,5.41164605185504,B100720-13,,,,,0,0,0,0,0,13.122363377404328,5.0,2.0,0.0,0.0,0,1,3,1,,,,5,0,0,0,0,0.0,0.0,
B100315-6,1,4,4,1,0,4,,0,,1,실수령 156만·25일,5,17,17,0.5294,0.5294,0.4706,1.471,25,4,9.0,0.529,17.0,,1,0,2010,정상종료,완납,360,235,300만원,18개월,0.3,남자,세,기타,,,,24.0,24.0,8.0,0.0,0.0,1,,,,,3000000.0,18.0,241666.66666666663,206250.0,,,,,6,5.886104031450156,B090528-7,income,False,25.0,False,0,1,0,0,0,14.914122846632385,24.0,8.0,0.0,0.0,0,1,1,1,,,,5,1,0,1,1,0.0,0.0,25.0
B100417-6,5,4,2,4,1,5,750000.0,1,월,1,학원 원생100명 매출,5,11,11,0.7273,0.5455,0.2727,6.091,67,31,9.0,0.818,,,1,0,2010,연체중,손실,780,1991,300만원,15개월,0.3,여자,세,기타,,,,,,,,,1,,,,,3000000.0,15.0,275000.0,240000.0,,,,,6,6.659293919683638,B100417-6,,,,,0,0,0,0,0,14.914122846632385,0.0,0.0,0.0,0.0,1,0,1,2,,,,5,0,0,0,0,0.0,0.0,
B100428-6,2,5,1,1,0,4,,0,,2,현 급여+부수입 140만,5,23,23,1.0,1.0,0.0,0.0,0,0,,,,,0,0,2010,정상종료,완납,349,929,300만원,24개월,0.3,여자,세,기타,,,,32.0,32.0,0.0,0.0,0.0,1,,,,,3000000.0,24.0,200000.0,164062.5,,,,,6,5.855071922202427,B100428-6,,,,,0,0,0,0,0,14.914122846632385,32.0,0.0,0.0,0.0,0,0,1,1,,,,5,0,0,0,0,0.2967359050445104,2.967359050445104,
B100510-6,2,4,1,1,0,4,,0,,1,공부방 15명 운영중,5,9,9,0.7778,0.1111,0.2222,0.222,2,1,2.0,0.222,3.0,4.0,1,0,2010,정상종료,완납,514,1316,100만원,9개월,0.3,여자,세,기타,,,,18.0,11.0,12.0,3.0,0.0,1,,,,,1000000.0,9.0,136111.11111111112,125000.0,,,,,6,6.2422232654551655,B100510-6,,,,,0,0,0,0,0,13.815510557964274,18.0,12.0,3.0,0.0,0,0,1,1,,,,5,0,0,0,0,0.0,3.9138943248532287,
B100517-6,1,5,2,1,0,4,,0,,2,3개월 평균급여 실적,5,12,12,0.8333,0.5,0.1667,0.167,2,1,9.0,0.75,10.0,11.0,1,0,2010,정상종료,완납,128,740,150만원,12개월,0.3,여자,세,기타,,,,39.0,22.0,11.0,0.0,0.0,1,,,,,1500000.0,12.0,162500.0,145312.5,,,,,6,4.852030263919617,A080905-1,,,,,0,0,0,0,0,14.22097566607244,39.0,11.0,0.0,0.0,0,0,1,1,,,,5,0,0,0,0,0.0,0.0,
B100525-6,2,5,5,1,0,4,,0,,4,현 급여·연봉 2700만,5,12,12,0.8333,0.5,0.1667,0.167,2,1,2.0,0.167,3.0,8.0,1,0,2010,정상종료,완납,455,2401,200만원,12개월,0.3,남자,세,기타,,,,39.0,19.0,3.0,0.0,0.0,1,,,,,2000000.0,12.0,216666.66666666663,193750.0,,,,,6,6.12029741895095,B100525-6,income,False,,True,1,1,0,0,0,14.50865773852422,39.0,3.0,0.0,0.0,0,1,4,1,income,,False,5,1,1,0,0,0.0,4.434589800443459,
B100611-6,5,4,5,4,1,4,220000.0,1,월,1,월급여 230만,5,12,12,0.9167,0.6667,0.0833,1.083,13,13,9.0,0.75,10.0,,1,0,2010,정상종료,완납,486,827,200만원,12개월,0.3,여자,세,기타,,,,18.0,9.0,18.0,0.0,0.0,1,,,,,2000000.0,12.0,216666.66666666663,193750.0,,,,,6,6.186208623900494,A080129-2,income,False,,False,0,1,0,0,0,14.50865773852422,18.0,18.0,0.0,0.0,0,0,1,1,,,,5,1,0,1,0,0.0,0.0,
B100713-6,1,4,1,1,0,4,,0,,1,월급 217만,5,7,7,0.0,0.0,1.0,23.143,162,31,1.0,0.143,,,1,0,2010,손실(상환완료),손실,108,1268,200만원,12개월,0.3,여자,세,기타,,,,,,,,,1,,,,,2000000.0,12.0,216666.66666666663,193750.0,,,,,6,4.68213122712422,B100713-6,,,,,0,0,0,0,0,14.50865773852422,0.0,0.0,0.0,0.0,1,0,1,1,,,,5,0,0,0,0,0.0,0.0,
B100903-6,2,5,4,3,1,4,,0,,2,현 알바 110만 수령,5,12,12,0.8333,0.0,0.1667,0.25,3,2,8.0,0.667,9.0,12.0,1,0,2010,정상종료,완납,534,5256,200만원,12개월,0.3,여자,세,기타,,,,31.0,4.0,16.0,1.0,0.0,1,,,,,2000000.0,12.0,216666.66666666663,193750.0,,,,,6,6.280395838960195,B090818-16,income,False,31.0,False,0,1,0,0,0,14.50865773852422,31.0,16.0,1.0,0.0,0,0,2,1,,,,5,1,0,1,0,0.3766478342749529,0.0,
B100908-6,1,5,1,2,1,4,,0,,3,현 3개 소득원 수령,5,5,5,0.6,0.4,0.4,8.6,43,31,3.0,0.6,4.0,5.0,1,0,2010,연체중,손실,216,1544,100만원,12개월,0.3,여자,세,기타,,,,,,,,,1,,,,,1000000.0,12.0,108333.33333333331,96875.0,,,,,6,5.375278407684165,B100908-6,,,,,0,0,0,0,0,13.815510557964274,0.0,0.0,0.0,0.0,1,0,1,1,,,,5,0,0,0,0,0.0,0.0,
B100924-6,5,5,4,1,0,4,200000.0,1,월,2,월급날 20일 157만,5,6,6,0.8333,0.0,0.1667,0.333,2,2,3.0,0.5,4.0,,1,0,2010,정상종료,완납,290,1165,100만원,6개월,0.3,여자,세,기타,,,,,,,,,1,,,,,1000000.0,6.0,191666.66666666663,181250.0,,,,,6,5.66988092298052,B100924-6,income,False,20.0,False,0,1,0,0,0,13.815510557964274,0.0,0.0,0.0,0.0,1,0,1,1,,,,5,1,0,1,1,0.0,14.760147601476014,
B101004-6,5,4,3,3,1,2,500000.0,1,월,1,예상 매출 기반 추정,5,15,15,0.6667,0.3333,0.3333,2.933,44,31,2.0,0.133,3.0,7.0,1,0,2010,연체중,손실,535,1392,300만원,24개월,0.3,남자,세,기타,,,,,,,,,1,,,,,3000000.0,24.0,200000.0,164062.5,,,,,6,6.282266746896006,B101004-6,,,,,0,0,0,0,0,14.914122846632385,0.0,0.0,0.0,0.0,1,1,1,2,,,,5,0,0,0,0,0.0,0.0,
B101014-6,5,4,4,3,1,4,200000.0,1,월,1,현 급여 110만,5,12,12,1.0,1.0,0.0,0.0,0,0,,,,,0,0,2010,정상종료,완납,204,1928,200만원,12개월,0.3,남자,세,기타,,,,19.0,18.0,1.0,0.0,0.0,1,,,,,2000000.0,12.0,216666.66666666663,193750.0,,,,,6,5.318119993844216,B160812-9,income,False,,False,0,1,0,0,0,14.50865773852422,19.0,1.0,0.0,0.0,0,1,3,1,,,,5,1,0,1,0,0.0,0.0,
B101018-6,2,4,1,1,0,5,,0,,1,"현재 수입지출, 회생46회차",6,12,12,1.0,0.25,0.0,0.0,0,0,,,,,0,0,2010,정상종료,완납,119,112,200만원,12개월,0.3,남자,세,기타,,,,46.0,16.0,2.0,0.0,0.0,1,,,,,2000000.0,12.0,216666.66666666663,193750.0,,,,,6,4.77912349311153,B091028-12,,,,,0,0,0,0,0,14.50865773852422,46.0,2.0,0.0,0.0,0,1,1,1,,,,6,0,0,0,0,0.0,0.0,
B101105-6,5,5,1,2,1,4,220000.0,1,월,2,현재 어린이집 재직 급여,6,4,4,1.0,1.0,0.0,0.0,0,0,,,,,0,0,2010,정상종료,완납,483,1431,150만원,12개월,0.3,여자,세,기타,,,,15.0,9.0,48.0,0.0,0.0,1,,,,,1500000.0,12.0,162500.0,145312.5,,,,,6,6.180016653652572,B101105-6,,,,,0,0,0,0,0,14.22097566607244,15.0,48.0,0.0,0.0,0,0,1,2,,,,6,0,0,0,0,0.0,0.0,
B101109-6,5,5,1,1,0,4,200000.0,1,월,3,현재 급여400만,6,12,12,0.25,0.0,0.75,1.917,23,7,3.0,0.25,4.0,5.0,1,0,2010,정상종료,완납,120,673,200만원,12개월,0.3,남자,세,기타,,,,,,,,,1,,,,,2000000.0,12.0,216666.66666666663,193750.0,,,,,6,4.787491742782046,B101109-6,,,,,0,0,0,0,0,14.50865773852422,0.0,0.0,0.0,0.0,1,1,1,1,,,,6,0,0,0,0,0.0,0.0,
B101116-6,2,5,3,2,1,5,,0,월,2,어린이집 3년9개월 재직,6,12,12,0.5833,0.5,0.4167,1.0,12,3,3.0,0.25,7.0,8.0,1,0,2010,정상종료,완납,1196,844,100만원,12개월,0.3,여자,세,기타,,,,18.0,11.0,18.0,0.0,0.0,1,,,,,1000000.0,12.0,108333.33333333331,96875.0,,,,,6,7.086737934510577,B111014-11,,,,,0,0,0,0,0,13.815510557964274,18.0,18.0,0.0,0.0,0,0,2,2,,,,6,0,0,0,0,0.3355704697986577,1.6778523489932886,
B081205-7,2,4,1,3,1,4,,0,월,1,"월급145만, 계돈 납입습관",6,10,10,1.0,0.5,0.0,0.0,0,0,,,,,0,0,2008,정상종료,완납,479,710,100만원,12개월,0.3,여자,세,기타,,,,,,,,,1,,,,,1000000.0,12.0,108333.33333333331,96875.0,,,,,7,6.171700597410915,B081205-7,,,,,0,0,0,0,0,13.815510557964274,0.0,0.0,0.0,0.0,1,0,3,3,,,,6,0,0,0,0,0.0,0.0,
B090128-7,2,3,4,1,0,2,,0,,1,배우자 2월 취직 예정,6,12,12,0.75,0.0833,0.25,0.5,6,3,2.0,0.167,4.0,8.0,1,0,2009,정상종료,완납,39,290,100만원,12개월,0.3,남자,세,기타,,,,,,,,,1,,,,,1000000.0,12.0,108333.33333333331,96875.0,,,,,7,3.6635616461296463,B090128-7,income,False,,False,0,1,0,0,0,13.815510557964274,0.0,0.0,0.0,0.0,1,1,3,1,,,,6,1,0,1,0,0.0,0.0,
B090218-7,5,4,1,1,0,5,670000.0,1,월,1,현직장 10년 재직,6,9,9,0.3333,0.1111,0.6667,20.889,188,61,4.0,0.444,,,1,0,2009,연체중,손실,342,983,100만원,12개월,0.3,여자,세,기타,,,,14.0,2.0,9.0,6.0,0.0,1,,,,,1000000.0,12.0,108333.33333333331,96875.0,,,,,7,5.834810737062605,B081110-8,,,,,0,0,0,0,0,13.815510557964274,14.0,9.0,6.0,0.0,0,0,1,1,,,,6,0,0,0,0,0.0,0.0,
B090220-7,5,5,4,2,1,2,110000.0,1,월,2,다음주 취직 예정,6,3,3,1.0,1.0,0.0,0.0,0,0,,,,,0,0,2009,정상종료,완납,479,564,100만원,12개월,0.29,남자,세,기타,,,,37.0,27.0,27.0,2.0,0.0,1,,,,,1000000.0,12.0,107500.0,96423.61111111112,,,,,7,6.171700597410915,A080814-11,income,False,,False,0,1,0,0,0,13.815510557964274,37.0,27.0,2.0,0.0,0,1,1,1,,,,6,1,0,1,0,0.208768267223382,0.0,
B090319-7,5,4,1,1,0,4,100000.0,1,월,1,현재 가게 월매출 600만,6,2,2,0.0,0.0,1.0,32.0,64,61,1.0,0.5,,,1,0,2009,연체중,손실,234,832,100만원,12개월,0.3,남자,세,기타,,,,,,,,,1,,,,,1000000.0,12.0,108333.33333333331,96875.0,,,,,7,5.455321115357702,B090319-7,,,,,0,0,0,0,0,13.815510557964274,0.0,0.0,0.0,0.0,1,1,1,1,,,,6,0,0,0,0,0.0,0.0,
B090331-7,2,4,1,1,0,4,,0,,1,5개월 장사 순익 90만,6,12,12,1.0,0.1667,0.0,0.0,0,0,,,,,0,0,2009,정상종료,완납,238,660,200만원,12개월,0.3,남자,세,기타,,,,,,,,,1,,,,,2000000.0,12.0,216666.66666666663,193750.0,,,,,7,5.472270673671475,B090331-7,,,,,0,0,0,0,0,14.50865773852422,0.0,0.0,0.0,0.0,1,1,1,1,,,,6,0,0,0,0,0.847457627118644,0.0,
B090415-7,5,5,1,2,1,4,250000.0,1,월,2,현재 과외소득 200만,6,11,11,1.0,1.0,0.0,0.0,0,0,,,,,0,0,2009,정상종료,완납,735,932,200만원,12개월,0.3,여자,세,기타,,,,52.0,46.0,2.0,0.0,0.0,1,,,,,2000000.0,12.0,216666.66666666663,193750.0,,,,,7,6.5998704992128365,B090415-7,,,,,0,0,0,0,0,14.50865773852422,52.0,2.0,0.0,0.0,0,0,1,2,,,,6,0,0,0,0,0.0,0.0,
B090416-7,2,5,1,1,0,4,,0,,2,급여170+알바30만,6,3,3,0.6667,0.0,0.3333,20.333,61,61,3.0,1.0,,,1,0,2009,손실(상환완료),손실,255,918,100만원,12개월,0.3,여자,세,기타,,,,,,,,,1,,,,,1000000.0,12.0,108333.33333333331,96875.0,,,,,7,5.541263545158426,B090416-7,,,,,0,0,0,0,0,13.815510557964274,0.0,0.0,0.0,0.0,1,0,1,1,,,,6,0,0,0,0,0.0,0.0,
B090422-7,3,5,3,3,1,4,,0,월,2,현재 설비일 월160만,6,2,2,0.0,0.0,1.0,32.5,65,61,1.0,0.5,,,1,0,2009,연체중,손실,446,1037,200만원,12개월,0.3,남자,세,기타,,,,,,,,,1,,,,,2000000.0,12.0,216666.66666666663,193750.0,,,,,7,6.100318952020064,B090422-7,,,,,1,0,0,0,0,14.50865773852422,0.0,0.0,0.0,0.0,1,1,4,1,income,,False,6,0,1,0,1,0.0,0.0,
B090424-7,2,4,3,1,0,4,,0,,1,현재 급여 170~180만,6,8,8,0.25,0.125,0.75,2.0,16,4,1.0,0.125,2.0,3.0,1,0,2009,정상종료,완납,98,604,100만원,9개월,0.3,남자,세,기타,,,,60.0,22.0,15.0,0.0,0.0,1,,,,,1000000.0,9.0,136111.11111111112,125000.0,,,,,7,4.584967478670572,B090424-7,,,,,0,0,0,0,0,13.815510557964274,60.0,15.0,0.0,0.0,0,1,1,1,,,,6,0,0,0,0,0.0,0.0,
B090528-7,3,4,4,1,0,5,,0,월,1,급여명세 실수령 189만,6,9,9,1.0,1.0,0.0,0.0,0,0,,,,,0,0,2009,정상종료,완납,515,430,200만원,9개월,0.3,남자,세,기타,,,,24.0,24.0,8.0,0.0,0.0,1,,,,,2000000.0,9.0,272222.22222222225,250000.0,,,,,7,6.244166900663736,B090528-7,income,False,25.0,False,0,1,0,0,0,14.50865773852422,24.0,8.0,0.0,0.0,0,1,1,1,,,,6,1,0,1,1,0.0,1.953125,25.0
B090628-7,5,5,5,4,1,4,200000.0,1,월,2,실수령 232만 급여,6,5,5,0.6,0.6,0.4,1.2,6,3,1.0,0.2,2.0,4.0,1,0,2009,정상종료,완납,753,2860,100만원,6개월,0.3,남자,세,기타,,,,3.0,3.0,7.0,1.0,0.0,1,,,,,1000000.0,6.0,191666.66666666663,181250.0,,,,,7,6.6240652277998935,B090628-7,income,False,,True,1,1,0,0,0,13.815510557964274,3.0,7.0,1.0,0.0,0,1,5,2,calendar,,True,6,1,1,0,0,0.0,0.0,
B090719-7,5,4,4,4,1,4,220000.0,1,월,1,현재 재직 실수령 169만,6,4,4,1.0,1.0,0.0,0.0,0,0,,,,,0,0,2009,정상종료,완납,586,1138,200만원,12개월,0.3,여자,세,기타,,,,50.0,42.0,0.0,0.0,0.0,1,,,,,2000000.0,12.0,216666.66666666663,193750.0,,,,,7,6.373319789577012,B090719-7,income,False,21.0,False,0,1,0,0,0,14.50865773852422,50.0,0.0,0.0,0.0,0,0,1,1,,,,6,1,0,1,1,0.0,5.181347150259067,21.0
B090727-7,5,5,3,1,0,4,270000.0,1,월,2,월급110만+알바2건,6,9,9,0.0,0.0,1.0,28.333,255,30,1.0,0.111,,,1,0,2009,정상종료,완납,469,2142,200만원,9개월,0.3,여자,세,기타,,,,,,,,,1,,,,,2000000.0,9.0,272222.22222222225,250000.0,,,,,7,6.150602768446279,B090727-7,,,,,0,0,0,0,0,14.50865773852422,0.0,0.0,0.0,0.0,1,0,3,2,,,,6,0,0,0,0,0.6479481641468683,0.0,
B090801-7,3,4,4,4,1,4,,0,월,1,연봉1500 현재 재직,6,5,5,0.4,0.4,0.6,2.4,12,6,2.0,0.4,4.0,5.0,1,0,2009,정상종료,완납,696,0,100만원,6개월,0.3,남자,세,기타,,,,,,,,,1,,,,,1000000.0,6.0,191666.66666666663,181250.0,,,,,7,6.54534966033442,B090801-7,income,False,,False,1,1,0,0,0,13.815510557964274,0.0,0.0,0.0,0.0,1,1,4,1,income,,False,6,1,1,0,0,0.1479289940828402,1.4792899408284024,
B090817-7,2,4,2,1,0,4,,0,,1,실수령 107만+식비,6,14,14,1.0,1.0,0.0,0.0,0,0,,,,,0,0,2009,정상종료,완납,211,372,300만원,21개월,0.3,여자,세,기타,,,,125.0,109.0,1.0,0.0,0.0,1,,,,,3000000.0,21.0,217857.14285714287,182142.8571428572,,,,,7,5.351858133476067,B090817-7,,,,,0,0,0,0,0,14.914122846632385,125.0,1.0,0.0,0.0,0,0,1,1,,,,6,0,0,0,0,0.0,0.0,
B090922-7,2,4,3,4,1,4,,0,,1,신랑급여 180만 진급,6,9,9,1.0,0.8889,0.0,0.0,0,0,,,,,0,0,2009,정상종료,완납,519,980,100만원,9개월,0.3,여자,세,기타,,,,20.0,18.0,1.0,0.0,0.0,1,,,,,1000000.0,9.0,136111.11111111112,125000.0,,,,,7,6.251903883165888,B090922-7,,,,,0,0,0,0,0,13.815510557964274,20.0,1.0,0.0,0.0,0,0,1,2,,,,6,0,0,0,0,0.3861003861003861,0.0,
B090929-7,1,5,1,1,0,4,,0,,3,부부급여+부업 실수령,6,12,12,0.75,0.25,0.25,0.333,4,2,6.0,0.5,8.0,10.0,1,0,2009,정상종료,완납,254,1611,200만원,12개월,0.3,여자,세,기타,,,,11.0,3.0,4.0,4.0,0.0,1,,,,,2000000.0,12.0,216666.66666666663,193750.0,,,,,7,5.537334267018537,B090929-7,,,,,0,0,0,0,0,14.50865773852422,11.0,4.0,4.0,0.0,0,0,1,1,,,,6,0,0,0,0,0.0,0.0,
B091005-7,5,5,5,4,1,3,150000.0,1,월,2,1월 상여 165만 예정,6,7,7,0.8571,0.2857,0.1429,0.143,1,1,1.0,0.143,2.0,,1,0,2009,정상종료,완납,583,399,100만원,9개월,0.3,남자,세,기타,,,,29.0,6.0,2.0,0.0,0.0,1,,,,,1000000.0,9.0,136111.11111111112,125000.0,,,,,7,6.368187186350492,B091005-7,income,False,10.0,True,1,1,0,0,0,13.815510557964274,29.0,2.0,0.0,0.0,0,1,5,4,income,10.0,True,6,1,1,0,0,0.3454231433506045,0.0,
B091006-7,5,5,4,1,0,4,200000.0,1,월,3,투잡 고정수입 160만,6,12,12,0.5833,0.25,0.4167,3.0,36,27,1.0,0.083,2.0,4.0,1,0,2009,정상종료,완납,898,1660,200만원,12개월,0.3,여자,세,기타,,,,,,,,,1,,,,,2000000.0,12.0,216666.66666666663,193750.0,,,,,7,6.8001700683022,B091006-7,income,False,,False,0,1,0,0,0,14.50865773852422,0.0,0.0,0.0,0.0,1,0,1,1,,,,6,1,0,1,0,0.0,0.0,
B091012-7,5,4,3,2,1,4,100000.0,1,월,1,인력시장 월15일 90만,6,2,2,0.0,0.0,1.0,32.0,64,61,1.0,0.5,,,1,0,2009,연체중,손실,292,1238,100만원,12개월,0.3,남자,세,기타,,,,13.0,5.0,11.0,1.0,0.0,1,,,,,1000000.0,12.0,108333.33333333331,96875.0,,,,,7,5.676753802268282,A080722-3,,,,,1,0,0,0,0,13.815510557964274,13.0,11.0,1.0,0.0,0,1,4,1,calendar,,False,6,0,1,0,0,0.3424657534246575,0.0,
B091014-7,5,4,4,1,0,4,600000.0,1,월,1,보험사 관리자 400만,6,3,3,1.0,0.3333,0.0,0.0,0,0,,,,,0,0,2009,정상종료,완납,683,991,100만원,3개월,0.3,남자,세,기타,,,,11.0,4.0,4.0,0.0,0.0,1,,,,,1000000.0,3.0,358333.3333333333,350000.0,,,,,7,6.52649485957079,B100205-19,income,False,25.0,False,0,1,0,0,0,13.815510557964274,11.0,4.0,0.0,0.0,0,1,3,1,,,,6,1,0,1,1,0.0,0.0,25.0
B091110-7,2,5,1,1,0,4,,0,,2,남편230+수업료200만,6,5,5,0.6,0.2,0.4,13.0,65,61,2.0,0.4,3.0,5.0,1,0,2009,연체중,손실,176,443,100만원,6개월,0.3,여자,세,기타,,,,,,,,,1,,,,,1000000.0,6.0,191666.66666666663,181250.0,,,,,7,5.170483995038151,B091110-7,,,,,0,0,0,0,0,13.815510557964274,0.0,0.0,0.0,0.0,1,0,1,1,,,,6,0,0,0,0,0.0,0.0,
B091115-7,5,5,5,4,1,4,210000.0,1,월,2,월급날11일 실수령233만,6,7,7,0.0,0.0,1.0,22.0,154,61,1.0,0.143,,,1,0,2009,연체중,손실,651,2029,200만원,12개월,0.3,남자,세,기타,,,,3.0,3.0,7.0,1.0,0.0,1,,,,,2000000.0,12.0,216666.66666666663,193750.0,,,,,7,6.478509642208569,B090628-7,income,False,11.0,True,1,1,0,0,0,14.50865773852422,3.0,7.0,1.0,0.0,0,1,5,2,income,11.0,True,6,1,1,0,1,0.0,0.0,
B091126-7,2,4,1,1,0,4,,0,,2,신랑 10년 기술자 220만,6,3,3,1.0,1.0,0.0,0.0,0,0,,,,,0,0,2009,정상종료,완납,177,859,200만원,12개월,0.3,여자,세,기타,,,,,,,,,1,,,,,2000000.0,12.0,216666.66666666663,193750.0,,,,,7,5.176149732573829,B091126-7,,,,,0,0,0,0,0,14.50865773852422,0.0,0.0,0.0,0.0,1,0,1,1,,,,6,0,0,0,0,0.5714285714285714,5.714285714285714,
B091210-7,5,5,1,5,1,4,100000.0,1,월,2,"영업급여 변동, 현재정리",6,5,5,1.0,1.0,0.0,0.0,0,0,,,,,0,0,2009,정상종료,완납,565,841,100만원,9개월,0.3,여자,세,기타,,,,,,,,,1,,,,,1000000.0,9.0,136111.11111111112,125000.0,,,,,7,6.336825731146441,B091210-7,,,,,0,0,0,0,0,13.815510557964274,0.0,0.0,0.0,0.0,1,0,1,4,,,,6,0,0,0,0,0.1779359430604982,0.0,
B091229-7,1,4,3,1,0,4,,0,,1,보험영업 월평균 100만,6,11,11,1.0,0.6364,0.0,0.0,0,0,,,,,0,0,2009,정상종료,완납,254,1217,300만원,24개월,0.3,남자,세,기타,,,,19.0,11.0,2.0,0.0,0.0,1,,,,,3000000.0,24.0,200000.0,164062.5,,,,,7,5.537334267018537,B091229-7,,,,,0,0,0,0,0,14.914122846632385,19.0,2.0,0.0,0.0,0,1,1,1,,,,6,0,0,0,0,0.0,0.0,
B091231-7,2,4,2,2,1,4,,0,,1,기본급120 잔업포함,6,12,12,0.8333,0.5,0.1667,2.75,33,28,11.0,0.917,,,1,0,2009,정상종료,완납,516,428,200만원,12개월,0.3,남자,세,기타,,,,18.0,13.0,3.0,0.0,0.0,1,,,,,2000000.0,12.0,216666.66666666663,193750.0,,,,,7,6.246106765481563,B090128-16,,,,,0,0,0,0,0,14.50865773852422,18.0,3.0,0.0,0.0,0,1,2,1,,,,6,0,0,0,0,0.1937984496124031,0.0,
B100112-7,5,4,3,4,1,4,300000.0,1,월,2,쇼파업 월600~800만,6,12,12,0.5833,0.0,0.4167,1.083,13,7,3.0,0.25,4.0,6.0,1,0,2010,정상종료,완납,768,2327,250만원,12개월,0.3,여자,세,기타,,,,,,,,,1,,,,,2500000.0,12.0,270833.3333333334,242187.5,,,,,7,6.643789733147672,B100112-7,,,,,0,0,0,0,0,14.73180128983843,0.0,0.0,0.0,0.0,1,0,1,1,,,,6,0,0,0,0,0.1305483028720626,0.0,
B100113-7,5,5,5,4,1,5,200000.0,1,월,3,공무원급여+조기상환이력,6,5,5,1.0,1.0,0.0,0.0,0,0,,,,,0,0,2010,정상종료,완납,1190,1665,250만원,6개월,0.3,,세,기타,,,,,,,,,1,,,,,2500000.0,6.0,479166.6666666667,453125.0,,,,,7,7.081708586105575,B100113-7,income,False,25.0,False,0,1,0,0,0,14.73180128983843,0.0,0.0,0.0,0.0,1,0,1,4,,,,6,1,0,1,1,0.0843881856540084,0.0,25.0
B100222-7,5,4,3,2,1,5,135000.0,1,월,1,"월급155만, 조기상환이력",6,7,7,0.8571,0.2857,0.1429,8.714,61,61,7.0,1.0,,,1,0,2010,연체중,손실,203,434,100만원,9개월,0.3,남자,세,기타,,,,,,,,,1,,,,,1000000.0,9.0,136111.11111111112,125000.0,,,,,7,5.313205979041787,B100222-7,,,,,0,0,0,0,0,13.815510557964274,0.0,0.0,0.0,0.0,1,1,2,1,,,,6,0,0,0,0,0.0,0.0,
B100225-7,5,4,1,1,0,4,300000.0,1,월,1,월수입 평균 200만,6,21,21,0.1905,0.0476,0.8095,10.19,214,31,3.0,0.143,5.0,7.0,1,0,2010,연체중,손실,131,1077,500만원,24개월,0.3,여자,세,기타,,,,23.0,16.0,18.0,0.0,0.0,1,,,,,5000000.0,24.0,333333.3333333334,273437.5,,,,,7,4.875197323201151,A081020-6,,,,,0,0,0,0,0,15.424948470398377,23.0,18.0,0.0,0.0,0,0,1,1,,,,6,0,0,0,0,0.0,0.0,
B100303-7,3,4,5,4,1,4,,0,월,1,"급여통장 1년분, 월400만",6,6,6,1.0,1.0,0.0,0.0,0,0,,,,,0,0,2010,정상종료,완납,1212,415,300만원,15개월,0.29,남자,세,기타,,,,39.0,33.0,0.0,0.0,0.0,1,,,,,3000000.0,15.0,272500.0,238666.66666666663,,,,,7,7.10002716662926,B100820-19,calendar,True,18.0,True,1,0,1,0,1,14.914122846632385,39.0,0.0,0.0,0.0,0,1,4,1,calendar,5.0,False,6,1,1,0,0,0.0,0.0,
B100311-7,5,5,1,1,0,4,80000.0,1,월,2,고정급120+행사 50만,6,4,4,0.0,0.0,1.0,24.25,97,61,1.0,0.25,,,1,0,2010,연체중,손실,275,877,50만원,6개월,0.3,여자,세,기타,,,,,,,,,1,,,,,500000.0,6.0,95833.33333333331,90625.0,,,,,7,5.616771097666572,B100311-7,,,,,0,0,0,0,0,13.122363377404328,0.0,0.0,0.0,0.0,1,0,1,1,,,,6,0,0,0,0,0.0,0.0,
B100330-7,2,4,4,3,1,3,,0,,1,"양육수당20만, 7월 종료",6,9,9,1.0,1.0,0.0,0.0,0,0,,,,,0,0,2010,정상종료,완납,232,556,150만원,9개월,0.3,여자,세,기타,,,,59.0,40.0,10.0,0.0,0.0,1,,,,,1500000.0,9.0,204166.66666666663,187500.0,,,,,7,5.44673737166631,B100330-7,income,False,31.0,False,0,1,0,0,0,14.22097566607244,59.0,10.0,0.0,0.0,0,0,1,1,,,,6,1,0,1,0,0.0,0.0,
B100331-7,3,5,5,4,1,4,,0,월,2,연봉2300+와이프 알바,6,16,16,0.1875,0.0625,0.8125,11.0,176,31,1.0,0.062,7.0,9.0,1,0,2010,연체중,손실,560,1852,300만원,18개월,0.3,남자,세,기타,,,,,,,,,1,,,,,3000000.0,18.0,241666.66666666663,206250.0,,,,,7,6.327936783729195,B100331-7,income,True,,False,0,1,0,0,1,14.914122846632385,0.0,0.0,0.0,0.0,1,1,3,1,,,,6,1,0,1,0,0.0,0.0,
B100408-7,5,5,3,5,1,4,210000.0,1,월,2,급여195+대리운전50,6,12,12,0.25,0.1667,0.75,9.833,118,27,3.0,0.25,12.0,,1,0,2010,정상종료,완납,770,1758,200만원,12개월,0.3,남자,세,기타,,,,,,,,,1,,,,,2000000.0,12.0,216666.66666666663,193750.0,,,,,7,6.646390514847729,B100408-7,,,,,0,0,0,0,0,14.50865773852422,0.0,0.0,0.0,0.0,1,1,2,2,,,,6,0,0,0,0,0.2706359945872801,0.0,
B100414-7,5,5,2,3,1,5,210000.0,1,월,3,1~3월 실수입 내역제시,6,24,24,0.9167,0.8333,0.0833,0.167,4,2,3.0,0.125,4.0,7.0,1,0,2010,정상종료,완납,1703,1827,300만원,24개월,0.3,남자,세,기타,,,,100.0,82.0,21.0,0.0,0.0,1,,,,,3000000.0,24.0,200000.0,164062.5,,,,,7,7.440146680662688,B091207-22,,,,,0,0,0,0,0,14.914122846632385,100.0,21.0,0.0,0.0,0,1,1,2,,,,6,0,0,0,0,0.0,0.5970149253731344,
B100416-7,5,4,1,4,1,4,200000.0,1,월,1,영업직 평균 200만,6,2,2,0.0,0.0,1.0,30.0,60,30,1.0,0.5,,,1,0,2010,정상종료,완납,724,3430,300만원,24개월,0.3,남자,세,기타,,,,4.0,4.0,0.0,2.0,0.0,1,,,,,3000000.0,24.0,200000.0,164062.5,,,,,7,6.584791392385716,B091125-6,,,,,0,0,0,0,0,14.914122846632385,4.0,0.0,2.0,0.0,0,1,1,1,,,,6,0,0,0,0,0.0,0.0,
B100603-7,3,4,3,2,1,4,,0,월,1,월급 실수령 120만,6,5,5,0.0,0.0,1.0,20.2,101,61,1.0,0.2,,,1,0,2010,연체중,손실,841,1838,200만원,9개월,0.3,여자,세,기타,,,,,,,,,1,,,,,2000000.0,9.0,272222.22222222225,250000.0,,,,,7,6.734591659972948,B100603-7,,,,,0,0,0,0,0,14.50865773852422,0.0,0.0,0.0,0.0,1,0,1,2,,,,6,0,0,0,0,0.2380952380952381,0.0,
B100604-7,5,5,3,1,0,4,109000.0,1,월,2,급여92만+언니 50만,6,10,10,1.0,1.0,0.0,0.0,0,0,,,,,0,0,2010,정상종료,완납,311,2013,100만원,12개월,0.3,여자,세,기타,,,,,,,,,1,,,,,1000000.0,12.0,108333.33333333331,96875.0,,,,,7,5.739792912179234,B100604-7,,,,,0,0,0,0,0,13.815510557964274,0.0,0.0,0.0,0.0,1,0,1,1,,,,6,0,0,0,0,0.0,0.0,
B100727-7,5,5,1,4,1,5,200000.0,1,월,2,이전 9개월 정상상환,6,14,14,0.4286,0.2143,0.5714,0.571,8,1,1.0,0.071,2.0,3.0,1,0,2010,정상종료,완납,555,889,300만원,15개월,0.3,남자,세,기타,,,,43.0,32.0,11.0,0.0,0.0,1,,,,,3000000.0,15.0,275000.0,240000.0,,,,,7,6.318968113746434,B100727-7,,,,,0,0,0,0,0,14.914122846632385,43.0,11.0,0.0,0.0,0,1,1,2,,,,6,0,0,0,0,0.0,0.0,
B100808-7,2,5,1,1,0,5,,0,,2,"수급비 확정, 상환이력",6,24,24,1.0,1.0,0.0,0.0,0,0,,,,,0,0,2010,정상종료,완납,283,448,300만원,24개월,0.3,여자,세,기타,,,,42.0,42.0,0.0,0.0,0.0,1,,,,,3000000.0,24.0,200000.0,164062.5,,,,,7,5.645446897643238,B100808-7,,,,,0,0,0,0,0,14.914122846632385,42.0,0.0,0.0,0.0,0,0,1,1,,,,6,0,0,0,0,0.0,0.0,
B100812-7,2,4,3,4,1,4,,0,,1,병원약국 근무 190만,6,12,12,0.75,0.4167,0.25,1.25,15,7,5.0,0.417,6.0,8.0,1,0,2010,정상종료,완납,330,1674,100만원,12개월,0.3,여자,세,기타,,,,91.0,71.0,15.0,1.0,0.0,1,,,,,1000000.0,12.0,108333.33333333331,96875.0,,,,,7,5.799092654460526,B100812-7,,,,,0,0,0,0,0,13.815510557964274,91.0,15.0,1.0,0.0,0,0,2,2,,,,6,0,0,0,0,0.0,0.0,
B100930-7,1,5,3,1,0,4,,0,,2,8월 버스기사 입사 220만,6,18,18,0.7778,0.0556,0.2222,0.333,6,2,10.0,0.556,11.0,12.0,1,0,2010,정상종료,완납,351,703,300만원,18개월,0.3,남자,세,기타,,,,34.0,13.0,5.0,0.0,0.0,1,,,,,3000000.0,18.0,241666.66666666663,206250.0,,,,,7,5.860786223465865,B100930-7,,,,,0,0,0,0,0,14.914122846632385,34.0,5.0,0.0,0.0,0,1,1,1,,,,6,0,0,0,0,0.0,0.0,
B101012-7,5,5,5,1,0,5,300000.0,1,월,2,회생 60개월 완제 이력,6,12,12,1.0,0.9167,0.0,0.0,0,0,,,,,0,0,2010,정상종료,완납,838,954,250만원,12개월,0.3,여자,세,기타,,,,,,,,,1,,,,,2500000.0,12.0,270833.3333333334,242187.5,,,,,7,6.731018100482083,B101012-7,income,False,,False,0,1,0,0,0,14.73180128983843,0.0,0.0,0.0,0.0,1,0,1,1,,,,6,1,0,1,0,0.0,0.0,
B101014-7,5,4,4,1,0,4,300000.0,1,월,1,법인이사 월300만 25일,6,7,7,1.0,0.8571,0.0,0.0,0,0,,,,,0,0,2010,정상종료,완납,453,1741,200만원,9개월,0.3,남자,세,기타,,,,23.0,13.0,6.0,0.0,0.0,1,,,,,2000000.0,9.0,272222.22222222225,250000.0,,,,,7,6.115892125483034,B101014-7,income,False,25.0,False,0,1,0,0,0,14.50865773852422,23.0,6.0,0.0,0.0,0,1,1,1,,,,6,1,0,1,0,0.0,0.0,
B101027-7,5,5,1,4,1,3,270000.0,1,월,2,가게 재개 예상매출,6,12,12,0.5,0.3333,0.5,9.083,109,31,4.0,0.333,5.0,6.0,1,0,2010,손실(상환완료),손실,774,2419,250만원,12개월,0.3,여자,세,기타,,,,16.0,12.0,10.0,1.0,0.0,1,,,,,2500000.0,12.0,270833.3333333334,242187.5,,,,,7,6.651571873589727,B090415-5,,,,,0,0,0,0,0,14.73180128983843,16.0,10.0,1.0,0.0,0,0,1,4,,,,6,0,0,0,0,0.0,3.90625,
B101028-7,2,5,3,4,1,4,,0,,3,남편생활비150+알바100,6,18,18,0.7222,0.5556,0.2778,4.889,88,30,14.0,0.778,,,1,0,2010,정상종료,완납,901,804,300만원,18개월,0.3,여자,세,기타,,,,25.0,22.0,4.0,1.0,0.0,1,,,,,3000000.0,18.0,241666.66666666663,206250.0,,,,,7,6.803505257608338,B090930-14,,,,,0,0,0,0,0,14.914122846632385,25.0,4.0,1.0,0.0,0,0,1,1,,,,6,0,0,0,0,1.351351351351351,0.0,
B101221-7,2,5,4,1,0,4,,0,,2,맞벌이 171+142만 입금,6,16,16,0.375,0.25,0.625,8.688,139,20,4.0,0.25,6.0,9.0,1,0,2010,정상종료,완납,607,364,300만원,18개월,0.3,여자,세,기타,,,,9.0,6.0,22.0,0.0,0.0,1,,,,,3000000.0,18.0,241666.66666666663,206250.0,,,,,7,6.408528791059498,B101221-7,income,False,25.0,False,0,1,0,0,0,14.914122846632385,9.0,22.0,0.0,0.0,0,0,1,1,,,,6,1,0,1,0,0.0,1.6611295681063123,
B081201-8,2,5,4,1,0,4,,0,,3,본인230+와이프110만,6,6,6,1.0,0.6667,0.0,0.0,0,0,,,,,0,0,2008,정상종료,완납,299,160,100만원,6개월,0.29,남자,세,기타,,,,25.0,18.0,4.0,0.0,0.0,1,,,,,1000000.0,6.0,190833.3333333333,180763.88888888888,,,,,8,5.700443573390687,A080331-3,income,False,,False,0,1,0,0,0,13.815510557964274,25.0,4.0,0.0,0.0,0,1,1,1,,,,6,1,0,1,0,0.0,0.0,
B081226-8,5,5,1,1,0,5,110000.0,1,월,2,기존대출 4회차 무연체,6,9,9,0.4444,0.1111,0.5556,12.333,111,61,4.0,0.444,7.0,8.0,1,0,2008,연체중,손실,596,620,100만원,12개월,0.3,여자,세,기타,,,,7.0,2.0,8.0,2.0,0.0,1,,,,,1000000.0,12.0,108333.33333333331,96875.0,,,,,8,6.39024066706535,B081226-8,,,,,0,0,0,0,0,13.815510557964274,7.0,8.0,2.0,0.0,0,0,1,1,,,,6,0,0,0,0,0.0,1.6778523489932886,
B081229-8,2,4,1,1,0,5,,0,,2,"200만 완제, 월급350만",6,6,6,0.0,0.0,1.0,7.333,44,15,1.0,0.167,,,1,0,2008,정상종료,완납,221,205,200만원,6개월,0.29,여자,세,기타,,,,14.0,2.0,28.0,1.0,0.0,1,,,,,2000000.0,6.0,381666.6666666666,361527.77777777775,,,,,8,5.3981627015177525,A071109-2,,,,,0,0,0,0,0,14.50865773852422,14.0,28.0,1.0,0.0,0,0,1,1,,,,6,0,0,0,0,0.0,0.0,
B081230-8,5,4,1,2,1,4,90000.0,1,월,1,남편월급 120~130만,6,11,11,0.8182,0.6364,0.1818,0.455,5,3,3.0,0.273,4.0,9.0,1,0,2008,정상종료,완납,255,439,100만원,12개월,0.29,여자,세,기타,,,,58.0,40.0,6.0,0.0,0.0,1,,,,,1000000.0,12.0,107500.0,96423.61111111112,,,,,8,5.541263545158426,A070601-5,,,,,0,0,0,0,0,13.815510557964274,58.0,6.0,0.0,0.0,0,0,1,2,,,,6,0,0,0,0,0.0,0.0,
B090119-8,5,5,5,3,1,5,140000.0,1,월,2,이달 16일 일해 112만,6,9,9,0.3333,0.0,0.6667,5.333,48,32,3.0,0.333,8.0,9.0,1,0,2009,정상종료,완납,797,294,100만원,9개월,0.3,남자,세,기타,,,,3.0,0.0,7.0,1.0,0.0,1,,,,,1000000.0,9.0,136111.11111111112,125000.0,,,,,8,6.680854678790215,B090119-8,income,False,20.0,False,1,1,0,0,0,13.815510557964274,3.0,7.0,1.0,0.0,0,1,4,1,income,20.0,False,6,1,1,0,0,0.0,2.5157232704402515,
B090122-8,5,5,5,1,0,3,130000.0,1,월,2,"1~2월 급료, 3월 공사",6,9,9,0.7778,0.7778,0.2222,1.0,9,7,2.0,0.222,3.0,5.0,1,0,2009,정상종료,완납,274,674,100만원,9개월,0.3,남자,세,기타,,,,24.0,22.0,4.0,0.0,0.0,1,,,,,1000000.0,9.0,136111.11111111112,125000.0,,,,,8,5.613128106388071,B090122-8,income,False,,False,0,1,0,0,0,13.815510557964274,24.0,4.0,0.0,0.0,0,1,1,1,,,,6,1,0,1,0,0.0,0.0,
B090203-8,4,3,1,1,0,4,400000.0,1,월,1,아내 직장 재직,6,9,9,0.8889,0.3333,0.1111,0.222,2,2,4.0,0.444,5.0,,1,0,2009,정상종료,완납,71,1607,100만원,12개월,0.3,남자,세,기타,,,,42.0,17.0,10.0,0.0,0.0,1,,,,,1000000.0,12.0,108333.33333333331,96875.0,,,,,8,4.262679877041316,B090121-3,,,,,0,0,0,0,0,13.815510557964274,42.0,10.0,0.0,0.0,0,1,1,1,,,,6,0,0,0,0,0.0,0.0,
B090211-8,5,5,5,3,1,4,137000.0,1,월,3,1월 12일 일당 132만,6,9,9,1.0,0.8889,0.0,0.0,0,0,,,,,0,0,2009,정상종료,완납,579,2469,100만원,9개월,0.3,남자,세,기타,,,,24.0,22.0,4.0,0.0,0.0,1,,,,,1000000.0,9.0,136111.11111111112,125000.0,,,,,8,6.361302477572996,B090122-8,calendar,False,3.0,False,1,0,1,0,0,13.815510557964274,24.0,4.0,0.0,0.0,0,1,4,2,calendar,3.0,False,6,1,1,0,0,0.0,0.0,
B090213-8,4,5,3,1,0,4,100000.0,1,월,2,본인120+남편일당,6,7,7,0.0,0.0,1.0,33.143,232,61,1.0,0.143,,,1,0,2009,연체중,손실,131,805,200만원,12개월,0.3,여자,세,기타,,,,2.0,0.0,19.0,6.0,0.0,1,,,,,2000000.0,12.0,216666.66666666663,193750.0,,,,,8,4.875197323201151,A080122-2,,,,,0,0,0,0,0,14.50865773852422,2.0,19.0,6.0,0.0,0,0,1,1,,,,6,0,0,0,0,0.0,0.0,
B090407-8,2,3,1,3,1,4,,0,,1,"제 급여로 생활, 여유30만",6,9,9,0.3333,0.1111,0.6667,14.333,129,37,4.0,0.444,,,1,0,2009,정상종료,완납,278,450,100만원,9개월,0.3,여자,세,기타,,,,6.0,4.0,8.0,1.0,0.0,1,,,,,1000000.0,9.0,136111.11111111112,125000.0,,,,,8,5.627621113690637,A080529-2,,,,,0,0,0,0,0,13.815510557964274,6.0,8.0,1.0,0.0,0,0,1,1,,,,6,0,0,0,0,0.0,0.0,
B090508-8,2,4,4,1,0,4,,0,,1,월급160만 20일 수령,6,8,8,1.0,1.0,0.0,0.0,0,0,,,,,0,0,2009,정상종료,완납,93,350,100만원,9개월,0.3,남자,세,기타,,,,33.0,24.0,5.0,0.0,0.0,1,,,,,1000000.0,9.0,136111.11111111112,125000.0,,,,,8,4.532599493153256,B090508-8,income,False,20.0,False,0,1,0,0,0,13.815510557964274,33.0,5.0,0.0,0.0,0,1,1,1,,,,6,1,0,1,1,0.0,0.0,20.0
B090514-8,2,5,4,2,1,5,,0,,2,"과외5명, 2년 무연체",6,3,3,0.3333,0.3333,0.6667,30.333,91,61,2.0,0.667,,,1,0,2009,연체중,손실,711,1674,200만원,9개월,0.3,여자,세,기타,,,,,,,,,1,,,,,2000000.0,9.0,272222.22222222225,250000.0,,,,,8,6.566672429803241,B090514-8,income,False,10.0,False,0,1,0,0,0,14.50865773852422,0.0,0.0,0.0,0.0,1,0,1,1,,,,6,1,0,1,0,0.1455604075691412,1.455604075691412,
B090528-8,2,4,5,5,1,4,,0,,3,부부합산 350만,6,11,11,0.0909,0.0909,0.9091,15.455,170,54,1.0,0.091,2.0,3.0,1,0,2009,정상종료,완납,630,415,200만원,12개월,0.3,여자,세,기타,,,,2.0,1.0,17.0,1.0,0.0,1,,,,,2000000.0,12.0,216666.66666666663,193750.0,,,,,8,6.4457198193855785,A080310-5,event,False,12.0,False,0,0,0,1,0,14.50865773852422,2.0,17.0,1.0,0.0,0,0,2,2,,,,6,1,0,1,0,0.0,3.189792663476874,
B090622-8,5,5,5,3,1,4,,0,월,3,연봉3600 13분할 지급,6,6,6,1.0,1.0,0.0,0.0,0,0,,,,,0,0,2009,정상종료,완납,949,1927,200만원,6개월,0.3,남자,세,기타,,,,16.0,14.0,1.0,1.0,0.0,1,,,,,2000000.0,6.0,383333.3333333333,362500.0,,,,,8,6.855408798609928,B090622-8,income,False,25.0,True,1,1,0,0,0,14.50865773852422,16.0,1.0,1.0,0.0,0,1,5,1,income,25.0,True,6,1,1,0,1,0.2162162162162162,2.1621621621621623,25.0
B090626-8,5,5,5,4,1,4,380000.0,1,월,2,증빙가능 소득 210만,6,6,6,1.0,0.0,0.0,0.0,0,0,,,,,0,0,2009,정상종료,완납,618,5472,200만원,6개월,0.3,남자,세,기타,,,,,,,,,1,,,,,2000000.0,6.0,383333.3333333333,362500.0,,,,,8,6.42648845745769,B090626-8,none,False,,False,0,0,0,0,0,14.50865773852422,0.0,0.0,0.0,0.0,1,1,1,1,,,,6,1,0,1,0,0.0,1.6207455429497568,
B090819-8,2,5,1,1,0,4,,0,,2,급여103만+알바30만,6,12,12,0.0833,0.0833,0.9167,20.583,247,30,2.0,0.167,,,1,0,2009,정상종료,완납,116,945,200만원,12개월,0.3,여자,세,기타,,,,14.0,9.0,26.0,2.0,0.0,1,,,,,2000000.0,12.0,216666.66666666663,193750.0,,,,,8,4.7535901911063645,B081112-2,,,,,0,0,0,0,0,14.50865773852422,14.0,26.0,2.0,0.0,0,0,1,1,,,,6,0,0,0,0,0.0,0.0,
B090910-8,2,5,3,1,0,4,,0,,2,재직 급여+보훈급여 수령중,7,6,6,0.8333,0.6667,0.1667,0.167,1,1,5.0,0.833,6.0,,1,0,2009,정상종료,완납,874,1748,100만원,6개월,0.3,남자,세,기타,,,,41.0,36.0,4.0,0.0,0.0,1,,,,,1000000.0,6.0,191666.66666666663,181250.0,,,,,8,6.773080375655535,B090910-8,,,,,0,0,0,0,0,13.815510557964274,41.0,4.0,0.0,0.0,0,1,1,1,,,,7,0,0,0,0,0.0,8.083140877598153,
B091023-8,2,5,5,3,1,3,,0,,3,현급여+12월퇴직금 기대,7,5,5,0.4,0.4,0.6,22.0,110,61,2.0,0.4,4.0,5.0,1,0,2009,연체중,손실,626,2024,200만원,12개월,0.3,남자,세,기타,,,,,,,,,1,,,,,2000000.0,12.0,216666.66666666663,193750.0,,,,,8,6.439350371100098,B091023-8,income,False,,True,1,1,0,0,0,14.50865773852422,0.0,0.0,0.0,0.0,1,1,5,1,income,,True,7,1,1,0,0,0.0,0.0,
B091118-8,5,5,1,1,0,4,200000.0,1,월,2,현재 PC방알바·대리운전,7,11,11,0.2727,0.0,0.7273,14.455,159,31,3.0,0.273,6.0,7.0,1,0,2009,정상종료,완납,482,2812,200만원,12개월,0.3,여자,세,기타,,,,28.0,12.0,42.0,5.0,0.0,1,,,,,2000000.0,12.0,216666.66666666663,193750.0,,,,,8,6.1779441140506,B091118-8,,,,,0,0,0,0,0,14.50865773852422,28.0,42.0,5.0,0.0,0,0,1,1,,,,7,0,0,0,0,0.0,0.0,
B091124-8,2,4,1,1,0,4,,0,,1,월급 340만원 수령,7,6,6,0.6667,0.5,0.3333,1.667,10,8,3.0,0.5,4.0,6.0,1,0,2009,정상종료,완납,307,1650,100만원,6개월,0.3,남자,세,기타,,,,4.0,3.0,3.0,1.0,0.0,1,,,,,1000000.0,6.0,191666.66666666663,181250.0,,,,,8,5.726847747587197,B091124-8,,,,,0,0,0,0,0,13.815510557964274,4.0,3.0,1.0,0.0,0,1,1,1,,,,7,0,0,0,0,0.0,0.0,
B091228-8,2,5,1,3,1,4,,0,,2,현재 과외+남편 생활비,7,9,9,0.8889,0.7778,0.1111,0.111,1,1,6.0,0.667,7.0,,1,0,2009,정상종료,완납,436,1426,200만원,9개월,0.3,여자,세,기타,,,,19.0,16.0,7.0,0.0,0.0,1,,,,,2000000.0,9.0,272222.22222222225,250000.0,,,,,8,6.077642243349034,B091228-8,,,,,0,0,0,0,0,14.50865773852422,19.0,7.0,0.0,0.0,0,0,1,3,,,,7,0,0,0,0,0.0,6.912442396313365,
B100108-8,2,4,1,1,0,5,,0,,1,현재 농구교실 알바수입,7,3,3,0.0,0.0,1.0,30.333,91,61,1.0,0.333,,,1,0,2010,연체중,손실,313,381,150만원,6개월,0.3,남자,세,기타,,,,,,,,,1,,,,,1500000.0,6.0,287500.0,271875.0,,,,,8,5.746203190540153,B100108-8,,,,,0,0,0,0,0,14.22097566607244,0.0,0.0,0.0,0.0,1,1,1,1,,,,7,0,0,0,0,0.0,0.0,
B100115-8,2,5,1,2,1,4,,0,,2,본인 급여+남편 알바,7,11,11,1.0,0.8182,0.0,0.0,0,0,,,,,0,0,2010,정상종료,완납,503,754,200만원,12개월,0.3,여자,세,기타,,,,,,,,,1,,,,,2000000.0,12.0,216666.66666666663,193750.0,,,,,8,6.220590170099739,B100115-8,,,,,0,0,0,0,0,14.50865773852422,0.0,0.0,0.0,0.0,1,0,1,2,,,,7,0,0,0,0,0.0,1.996007984031936,
B100209-8,4,4,3,2,1,3,170000.0,1,월,1,"퀵서비스 일5만, 2주휴식",7,1,1,1.0,1.0,0.0,0.0,0,0,,,,,0,0,2010,정상종료,완납,177,269,50만원,3개월,0.3,남자,세,기타,,,,4.0,4.0,6.0,0.0,0.0,1,,,,,500000.0,3.0,179166.66666666666,175000.0,,,,,8,5.176149732573829,B100209-8,,,,,0,0,0,0,0,13.122363377404328,4.0,6.0,0.0,0.0,0,1,1,2,,,,7,0,0,0,0,0.0,0.0,
B100309-8,2,5,3,1,0,3,,0,,3,현과외+이사후 증대기대,7,17,17,1.0,0.7647,0.0,0.0,0,0,,,,,0,0,2010,정상종료,완납,551,2229,300만원,24개월,0.3,여자,세,기타,,,,53.0,38.0,18.0,0.0,0.0,1,,,,,3000000.0,24.0,200000.0,164062.5,,,,,8,6.311734809152915,B100309-8,,,,,0,0,0,0,0,14.914122846632385,53.0,18.0,0.0,0.0,0,0,1,1,,,,7,0,0,0,0,0.0,0.0,
B100312-8,4,5,3,1,0,4,200000.0,1,월,2,재직 급여·수당 수령중,7,19,19,0.0,0.0,1.0,6.632,126,13,1.0,0.053,,,1,0,2010,정상종료,완납,437,255,300만원,24개월,0.3,남자,세,기타,,,,31.0,12.0,20.0,0.0,0.0,1,,,,,3000000.0,24.0,200000.0,164062.5,,,,,8,6.07993319509559,B100312-8,,,,,0,0,0,0,0,14.914122846632385,31.0,20.0,0.0,0.0,0,1,1,1,,,,7,0,0,0,0,0.0,0.0,
B100403-8,5,5,3,1,0,4,200000.0,1,월,2,부부급여+승진수당 예정,7,22,22,0.4545,0.1818,0.5455,7.318,161,30,7.0,0.318,9.0,11.0,1,0,2010,정상종료,완납,409,2708,300만원,24개월,0.3,여자,세,기타,,,,,,,,,1,,,,,3000000.0,24.0,200000.0,164062.5,,,,,8,6.013715156042802,B100403-8,,,,,0,0,0,0,0,14.914122846632385,0.0,0.0,0.0,0.0,1,0,1,1,,,,7,0,0,0,0,0.7425742574257426,0.0,
B100422-8,4,3,3,1,0,5,200000.0,1,월,1,2008년 입사 정규직 재직,7,2,2,1.0,1.0,0.0,0.0,0,0,,,,,0,0,2010,정상종료,완납,507,765,300만원,24개월,0.3,여자,세,기타,,,,,,,,,1,,,,,3000000.0,24.0,200000.0,164062.5,,,,,8,6.228511003591184,B100422-8,,,,,0,0,0,0,0,14.914122846632385,0.0,0.0,0.0,0.0,1,0,1,1,,,,7,0,0,0,1,0.0,0.0,
B100426-8,2,5,1,3,1,4,,0,,3,"영업수입 변동, 최저보장",7,12,12,0.4167,0.4167,0.5833,5.75,69,21,5.0,0.417,12.0,,1,0,2010,정상종료,완납,413,1168,250만원,12개월,0.3,여자,세,기타,,,,,,,,,1,,,,,2500000.0,12.0,270833.3333333334,242187.5,,,,,8,6.023447592961033,B100426-8,,,,,0,0,0,0,0,14.73180128983843,0.0,0.0,0.0,0.0,1,0,1,1,,,,7,0,0,0,0,0.0,0.0,
B100505-8,5,5,4,1,0,4,200000.0,1,월,2,신랑급여+양육수당 수령,7,21,21,1.0,1.0,0.0,0.0,0,0,,,,,0,0,2010,정상종료,완납,258,1241,300만원,24개월,0.3,남자,세,기타,,,,70.0,51.0,8.0,0.0,0.0,1,,,,,3000000.0,24.0,200000.0,164062.5,,,,,8,5.552959584921617,B091024-4,income,False,,False,0,1,0,0,0,14.914122846632385,70.0,8.0,0.0,0.0,0,1,1,1,,,,7,1,0,1,0,0.0,0.0,
B100614-8,5,4,4,1,0,4,400000.0,1,월,1,프리랜서 월270만 수입,7,10,10,0.9,0.9,0.1,0.1,1,1,6.0,0.6,7.0,,1,0,2010,정상종료,완납,372,1362,300만원,15개월,0.3,여자,세,기타,,,,,,,,,1,,,,,3000000.0,15.0,275000.0,240000.0,,,,,8,5.918893854273146,B100614-8,event,False,30.0,False,0,0,0,1,0,14.914122846632385,0.0,0.0,0.0,0.0,1,0,2,1,,,,7,1,0,1,0,0.2717391304347826,0.0,
B100717-8,4,4,1,1,0,5,200000.0,1,월,1,급여 194만원 수령중,7,20,20,0.75,0.1,0.25,1.0,20,10,4.0,0.2,5.0,12.0,1,0,2010,정상종료,완납,183,1020,300만원,24개월,0.3,남자,세,기타,,,,60.0,22.0,15.0,0.0,0.0,1,,,,,3000000.0,24.0,200000.0,164062.5,,,,,8,5.209486152841421,B090424-7,,,,,0,0,0,0,0,14.914122846632385,60.0,15.0,0.0,0.0,0,1,1,1,,,,7,0,0,0,0,0.0,0.0,
B100722-8,2,5,2,1,0,4,,0,,2,부부급여+과거 상환이력,7,11,11,1.0,0.9091,0.0,0.0,0,0,,,,,0,0,2010,정상종료,완납,696,948,200만원,12개월,0.3,여자,세,기타,,,,18.0,17.0,16.0,1.0,0.0,1,,,,,2000000.0,12.0,216666.66666666663,193750.0,,,,,8,6.54534966033442,B100304-5,,,,,0,0,0,0,0,14.50865773852422,18.0,16.0,1.0,0.0,0,0,1,1,,,,7,0,0,0,0,0.0,0.0,
B100908-8,3,5,4,2,1,3,,0,월,2,"급여+공부방수당, 월세연체",7,12,12,0.6667,0.1667,0.3333,0.917,11,4,3.0,0.25,5.0,8.0,1,0,2010,정상종료,완납,786,1005,100만원,12개월,0.3,여자,세,기타,,,,11.0,4.0,9.0,1.0,0.0,1,,,,,1000000.0,12.0,108333.33333333331,96875.0,,,,,8,6.666956792429207,B100908-8,income,False,18.0,False,1,1,0,0,0,13.815510557964274,11.0,9.0,1.0,0.0,0,0,4,2,income,18.0,False,7,1,1,0,1,0.0,5.1020408163265305,
B101001-8,2,4,4,1,0,4,,0,,1,중소기업 연구직 재직,7,9,9,0.6667,0.4444,0.3333,0.778,7,3,2.0,0.222,3.0,4.0,1,0,2010,정상종료,완납,658,1559,150만원,9개월,0.3,남자,세,기타,,,,8.0,5.0,8.0,1.0,0.0,1,,,,,1500000.0,9.0,204166.66666666663,187500.0,,,,,8,6.489204931325317,B101001-8,income,False,25.0,False,0,1,0,0,0,14.22097566607244,8.0,8.0,1.0,0.0,0,1,1,3,,,,7,1,0,1,0,0.0,0.0,
B101014-8,3,4,3,1,0,4,,0,월,1,월평균 급여 220만원,7,12,12,0.75,0.5833,0.25,1.583,19,9,8.0,0.667,10.0,11.0,1,0,2010,정상종료,완납,156,1513,200만원,12개월,0.3,남자,세,기타,,,,,,,,,1,,,,,2000000.0,12.0,216666.66666666663,193750.0,,,,,8,5.049856007249537,B101014-8,,,,,0,0,0,0,0,14.50865773852422,0.0,0.0,0.0,0.0,1,1,1,1,,,,7,0,0,0,0,0.0,0.0,
B101015-8,4,4,4,1,0,4,220000.0,1,월,1,"월급175만, 급여일 10일",7,8,8,1.0,1.0,0.0,0.0,0,0,,,,,0,0,2010,정상종료,완납,172,933,200만원,12개월,0.3,여자,세,기타,,,,,,,,,1,,,,,2000000.0,12.0,216666.66666666663,193750.0,,,,,8,5.147494476813453,B101015-8,income,False,10.0,False,0,1,0,0,0,14.50865773852422,0.0,0.0,0.0,0.0,1,0,3,1,,,,7,1,0,1,1,0.0,0.0,
B101101-8,2,4,4,1,0,4,,0,,1,월세 인하 차액으로 상환,7,3,3,1.0,1.0,0.0,0.0,0,0,,,,,0,0,2010,정상종료,완납,268,2511,200만원,12개월,0.3,여자,세,기타,,,,,,,,,1,,,,,2000000.0,12.0,216666.66666666663,193750.0,,,,,8,5.5909869805108565,B101101-8,none,False,,False,0,0,0,0,0,14.50865773852422,0.0,0.0,0.0,0.0,1,0,3,1,,,,7,1,0,1,0,0.0,0.0,
B101125-8,2,5,1,1,0,5,,0,,2,4년근무 급여+과외수입,7,4,4,0.75,0.5,0.25,0.25,1,1,1.0,0.25,2.0,,1,0,2010,정상종료,완납,255,515,100만원,9개월,0.3,남자,세,기타,,,,,,,,,1,,,,,1000000.0,9.0,136111.11111111112,125000.0,,,,,8,5.541263545158426,B101125-8,,,,,0,0,0,0,0,13.815510557964274,0.0,0.0,0.0,0.0,1,1,1,1,,,,7,0,0,0,0,0.0,0.0,
B101216-8,2,5,2,1,0,4,,0,,3,연기레슨 5명 250만,7,15,15,0.8667,0.2,0.1333,0.133,2,1,12.0,0.8,13.0,14.0,1,0,2010,정상종료,완납,1633,2321,300만원,15개월,0.3,남자,세,기타,,,,31.0,11.0,2.0,0.0,0.0,1,,,,,3000000.0,15.0,275000.0,240000.0,,,,,8,7.398174092970465,A080617-5,,,,,0,0,0,0,0,14.914122846632385,31.0,2.0,0.0,0.0,0,1,1,1,,,,7,0,0,0,0,0.2478314745972738,0.0,
B101221-8,3,5,3,1,0,4,,0,월,2,대리점수수료+남편급여,7,12,12,1.0,0.8333,0.0,0.0,0,0,,,,,0,0,2010,정상종료,완납,202,1101,200만원,12개월,0.3,여자,세,기타,,,,32.0,27.0,4.0,0.0,0.0,1,,,,,2000000.0,12.0,216666.66666666663,193750.0,,,,,8,5.308267697401205,B101221-8,,,,,0,0,0,0,0,14.50865773852422,32.0,4.0,0.0,0.0,0,0,1,1,,,,7,0,0,0,0,0.495049504950495,0.0,
B101223-8,1,1,1,1,0,1,,0,,0,근거 제시 없음,7,4,4,1.0,0.75,0.0,0.0,0,0,,,,,0,0,2010,정상종료,완납,33,956,200만원,9개월,0.3,남자,세,기타,,,,7.0,5.0,0.0,0.0,0.0,1,,,,,2000000.0,9.0,272222.22222222225,250000.0,,,,,8,3.49650756146648,B110513-5,,,,,0,0,0,0,0,14.50865773852422,7.0,0.0,0.0,0.0,0,1,1,1,,,,7,0,0,0,0,0.0,0.0,
B081201-9,5,4,4,1,0,5,130000.0,1,월,1,"급여180만, 1차 조기상환",7,9,9,0.6667,0.5556,0.3333,0.444,4,2,4.0,0.444,7.0,,1,0,2008,정상종료,완납,227,697,100만원,9개월,0.3,남자,세,기타,,,,32.0,25.0,4.0,0.0,0.0,1,,,,,1000000.0,9.0,136111.11111111112,125000.0,,,,,9,5.424950017481403,B081113-2,income,True,25.0,False,0,1,0,0,1,13.815510557964274,32.0,4.0,0.0,0.0,0,1,1,1,,,,7,1,0,1,0,0.0,4.405286343612335,
B081215-9,2,5,3,1,0,4,,0,,2,4년근무 계약직 급여,7,12,12,0.6667,0.5,0.3333,0.583,7,3,4.0,0.333,5.0,8.0,1,0,2008,정상종료,완납,483,1221,100만원,12개월,0.3,여자,세,기타,,,,13.0,9.0,13.0,0.0,0.0,1,,,,,1000000.0,12.0,108333.33333333331,96875.0,,,,,9,6.180016653652572,B081124-7,,,,,0,0,0,0,0,13.815510557964274,13.0,13.0,0.0,0.0,0,0,1,1,,,,7,0,0,0,0,0.0,0.0,
B090129-9,4,5,1,1,0,4,150000.0,1,월,2,본인급여+아내 식당운영,7,5,5,0.2,0.0,0.8,24.6,123,61,2.0,0.4,,,1,0,2009,손실(상환완료),손실,125,182,100만원,12개월,0.3,남자,세,기타,,,,,,,,,1,,,,,1000000.0,12.0,108333.33333333331,96875.0,,,,,9,4.8283137373023015,B090129-9,,,,,0,0,0,0,0,13.815510557964274,0.0,0.0,0.0,0.0,1,1,1,1,,,,7,0,0,0,0,0.0,0.0,
B090204-9,2,5,1,2,1,4,,0,,2,부부 합산 212만원,7,11,11,0.9091,0.6364,0.0909,0.091,1,1,3.0,0.273,4.0,,1,0,2009,정상종료,완납,623,768,100만원,12개월,0.3,여자,세,기타,,,,73.0,53.0,6.0,0.0,0.0,1,,,,,1000000.0,12.0,108333.33333333331,96875.0,,,,,9,6.434546518787453,B090204-9,,,,,0,0,0,0,0,13.815510557964274,73.0,6.0,0.0,0.0,0,0,1,1,,,,7,0,0,0,0,0.0,1.6051364365971108,
B090217-9,2,4,3,1,0,5,,0,,2,주유소 급여+분기 상여,7,11,11,0.1818,0.0,0.8182,22.364,246,59,3.0,0.273,,,1,0,2009,정상종료,완납,584,1883,100만원,12개월,0.3,남자,세,기타,,,,33.0,8.0,18.0,3.0,0.0,1,,,,,1000000.0,12.0,108333.33333333331,96875.0,,,,,9,6.369900982828227,B081028-11,,,,,0,0,0,0,0,13.815510557964274,33.0,18.0,3.0,0.0,0,1,1,1,,,,7,0,0,0,0,0.0,0.0,
B090313-9,2,4,3,2,1,4,,0,,1,홈쇼핑TM 월150-250만,7,12,12,0.5833,0.3333,0.4167,0.917,11,7,4.0,0.333,8.0,9.0,1,0,2009,정상종료,완납,825,1106,200만원,12개월,0.3,여자,세,기타,,,,39.0,18.0,17.0,0.0,0.0,1,,,,,2000000.0,12.0,216666.66666666663,193750.0,,,,,9,6.715383386334681,B090313-9,,,,,0,0,0,0,0,14.50865773852422,39.0,17.0,0.0,0.0,0,0,1,2,,,,7,0,0,0,0,0.1212121212121212,2.4242424242424243,
B090327-9,5,4,4,1,0,4,108333.0,1,월,1,"월급180만, 기존대출 정리",7,8,8,0.5,0.125,0.5,15.5,124,61,5.0,0.625,,,1,0,2009,연체중,손실,1598,2469,100만원,12개월,0.3,남자,세,기타,,,,,,,,,1,,,,,1000000.0,12.0,108333.33333333331,96875.0,,,,,9,7.37650812632622,B090327-9,none,False,,False,0,0,0,0,0,13.815510557964274,0.0,0.0,0.0,0.0,1,1,1,1,,,,7,1,0,1,0,0.9615384615384616,1.9230769230769231,
B090410-9,4,4,1,5,1,4,108000.0,1,월,2,"TM급여135만, 주식 보유",7,10,10,0.8,0.3,0.2,0.4,4,2,4.0,0.4,5.0,8.0,1,0,2009,정상종료,완납,368,768,100만원,12개월,0.3,여자,세,기타,,,,,,,,,1,,,,,1000000.0,12.0,108333.33333333331,96875.0,,,,,9,5.908082938168931,B090410-9,,,,,0,0,0,0,0,13.815510557964274,0.0,0.0,0.0,0.0,1,0,1,4,,,,7,0,0,0,0,0.546448087431694,0.0,
B090601-9,1,4,1,1,0,5,,0,,1,월급여 150만원,7,5,5,0.4,0.4,0.6,13.4,67,31,3.0,0.6,,,1,0,2009,정상종료,완납,294,995,200만원,6개월,0.3,여자,세,기타,,,,,,,,,1,,,,,2000000.0,6.0,383333.3333333333,362500.0,,,,,9,5.683579767338681,B090601-9,,,,,0,0,0,0,0,14.50865773852422,0.0,0.0,0.0,0.0,1,0,1,1,,,,7,0,0,0,0,0.0,0.0,
B090626-9,5,4,5,1,0,4,210000.0,1,월,1,쇼핑몰 월순익 113-130만,7,12,12,0.75,0.0,0.25,0.75,9,5,1.0,0.083,2.0,3.0,1,0,2009,정상종료,완납,886,1492,200만원,12개월,0.3,여자,세,기타,,,,20.0,8.0,4.0,0.0,0.0,1,,,,,2000000.0,12.0,216666.66666666663,193750.0,,,,,9,6.786716950605081,B090626-9,income,False,,False,0,1,0,0,0,14.50865773852422,20.0,4.0,0.0,0.0,0,0,1,1,,,,7,1,0,1,0,0.0,0.0,
B090629-9,2,5,1,2,1,4,,0,,2,남편급여200+행사수입,7,11,11,1.0,0.8182,0.0,0.0,0,0,,,,,0,0,2009,정상종료,완납,682,2569,200만원,12개월,0.3,여자,세,기타,,,,35.0,25.0,10.0,4.0,0.0,1,,,,,2000000.0,12.0,216666.66666666663,193750.0,,,,,9,6.525029657843462,A080409-1,,,,,0,0,0,0,0,14.50865773852422,35.0,10.0,4.0,0.0,0,0,1,1,,,,7,0,0,0,0,2.798232695139912,0.0,
B090630-9,4,4,1,2,1,3,200000.0,1,월,1,"월150만 급여, 사채 부담",7,11,11,0.2727,0.0,0.7273,14.727,162,61,1.0,0.091,2.0,4.0,1,0,2009,연체중,손실,519,1219,100만원,12개월,0.3,여자,세,기타,,,,,,,,,1,,,,,1000000.0,12.0,108333.33333333331,96875.0,,,,,9,6.251903883165888,B090630-9,,,,,0,0,0,0,0,13.815510557964274,0.0,0.0,0.0,0.0,1,0,1,2,,,,7,0,0,0,0,0.0,1.9342359767891684,
B091027-9,2,5,3,1,0,4,,0,,2,부부 합산 250만원,7,2,2,0.5,0.0,0.5,30.5,61,61,2.0,1.0,,,1,0,2009,연체중,손실,538,2185,200만원,6개월,0.3,여자,세,기타,,,,,,,,,1,,,,,2000000.0,6.0,383333.3333333333,362500.0,,,,,9,6.2878585601617845,B091027-9,,,,,0,0,0,0,0,14.50865773852422,0.0,0.0,0.0,0.0,1,0,1,1,,,,7,0,0,0,0,1.520912547528517,0.0,
B091029-9,1,5,1,1,0,4,,0,,2,경리 알바+번역 알바,7,11,11,1.0,0.8182,0.0,0.0,0,0,,,,,0,0,2009,정상종료,완납,138,1471,200만원,12개월,0.3,여자,세,기타,,,,13.0,10.0,1.0,1.0,0.0,1,,,,,2000000.0,12.0,216666.66666666663,193750.0,,,,,9,4.927253685157205,B101011-14,,,,,0,0,0,0,0,14.50865773852422,13.0,1.0,1.0,0.0,0,0,1,1,,,,7,0,0,0,0,0.0,0.0,
B091120-9,4,4,1,4,1,5,280000.0,1,월,1,월평균 급여 340만원,7,16,16,0.9375,0.9375,0.0625,0.062,1,1,8.0,0.5,9.0,,1,0,2009,정상종료,완납,229,836,300만원,18개월,0.3,남자,세,기타,,,,46.0,44.0,19.0,2.0,0.0,1,,,,,3000000.0,18.0,241666.66666666663,206250.0,,,,,9,5.43372200355424,A081020-3,,,,,0,0,0,0,0,14.914122846632385,46.0,19.0,2.0,0.0,0,1,1,4,,,,7,0,0,0,0,0.0,0.0,
B100107-9,3,5,4,4,1,5,,0,,3,경호업체 재직+알바수입,7,8,8,1.0,1.0,0.0,0.0,0,0,,,,,0,0,2010,정상종료,완납,961,1491,250만원,12개월,0.3,남자,세,기타,,,,19.0,15.0,3.0,0.0,0.0,1,,,,,2500000.0,12.0,270833.3333333334,242187.5,,,,,9,6.8679744089702925,B100818-35,income,False,8.0,False,0,1,0,0,0,14.73180128983843,19.0,3.0,0.0,0.0,0,1,1,4,,,,7,1,0,1,0,0.1048218029350104,0.0,
B100118-9,5,5,3,1,0,4,200000.0,1,월,3,맞벌이 고정수입 320만,7,1,1,0.0,0.0,1.0,61.0,61,61,1.0,1.0,,,1,0,2010,연체중,손실,880,448,200만원,12개월,0.3,남자,세,기타,,,,,,,,,1,,,,,2000000.0,12.0,216666.66666666663,193750.0,,,,,9,6.779921907472252,B100118-9,,,,,0,0,0,0,0,14.50865773852422,0.0,0.0,0.0,0.0,1,1,1,1,,,,7,0,0,0,0,0.0,0.0,
B100119-9,2,4,4,2,1,3,,0,,1,"겨울 비수기, 봄 회복기대",7,9,9,0.8889,0.3333,0.1111,0.111,1,1,5.0,0.556,6.0,,1,0,2010,정상종료,완납,336,988,150만원,12개월,0.3,남자,세,기타,,,,19.0,8.0,12.0,0.0,0.0,1,,,,,1500000.0,12.0,162500.0,145312.5,,,,,9,5.817111159963204,B101012-15,none,False,,False,0,0,0,0,0,14.22097566607244,19.0,12.0,0.0,0.0,0,1,1,2,,,,7,1,0,1,0,0.0,0.0,
B100121-9,2,5,1,2,1,4,,0,,2,매장순익+야간 편의점알바,7,21,21,0.4762,0.0,0.5238,2.571,54,18,7.0,0.333,8.0,10.0,1,0,2010,정상종료,완납,341,672,300만원,21개월,0.3,여자,세,기타,,,,18.0,3.0,13.0,0.0,0.0,1,,,,,3000000.0,21.0,217857.14285714287,182142.8571428572,,,,,9,5.831882477283517,B100121-9,,,,,0,0,0,0,0,14.914122846632385,18.0,13.0,0.0,0.0,0,0,1,1,,,,7,0,0,0,0,0.0,0.0,
B100127-9,4,4,1,3,1,4,200000.0,1,월,2,1년영업 고정고객·유지수당,7,9,9,0.1111,0.1111,0.8889,3.333,30,8,1.0,0.111,9.0,,1,0,2010,정상종료,완납,410,937,150만원,9개월,0.3,남자,세,기타,,,,,,,,,1,,,,,1500000.0,9.0,204166.66666666663,187500.0,,,,,9,6.016157159698354,B100127-9,,,,,0,0,0,0,0,14.22097566607244,0.0,0.0,0.0,0.0,1,1,1,1,,,,7,0,0,0,0,0.2439024390243902,2.4390243902439024,
B100202-9,1,5,1,2,1,2,,0,,3,"수지균형, 남편 실직상태",7,3,3,0.0,0.0,1.0,24.333,73,61,1.0,0.333,,,1,0,2010,연체중,손실,807,859,200만원,12개월,0.3,여자,세,기타,,,,,,,,,1,,,,,2000000.0,12.0,216666.66666666663,193750.0,,,,,9,6.693323668269949,B100202-9,,,,,0,0,0,0,0,14.50865773852422,0.0,0.0,0.0,0.0,1,0,1,2,,,,7,0,0,0,0,0.7453416149068323,2.484472049689441,
B100222-9,2,5,1,1,0,4,,0,,2,생산직 급여+주말 알바,7,22,22,0.8182,0.2727,0.1818,0.318,7,4,1.0,0.045,2.0,10.0,1,0,2010,정상종료,완납,499,1805,300만원,24개월,0.3,여자,세,기타,,,,54.0,30.0,5.0,0.0,0.0,1,,,,,3000000.0,24.0,200000.0,164062.5,,,,,9,6.212606095751519,B090128-17,,,,,0,0,0,0,0,14.914122846632385,54.0,5.0,0.0,0.0,0,0,1,1,,,,7,0,0,0,0,0.0,0.0,
B100308-9,5,5,5,1,0,4,300000.0,1,월,2,리조트 계약직 급여 100만,7,1,1,0.0,0.0,1.0,61.0,61,61,1.0,1.0,,,1,0,2010,연체중,손실,424,2344,50만원,3개월,0.3,남자,세,기타,,,,,,,,,1,,,,,500000.0,3.0,179166.66666666666,175000.0,,,,,9,6.049733455231958,B100308-9,income,False,25.0,True,1,1,0,0,0,13.122363377404328,0.0,0.0,0.0,0.0,1,1,5,1,income,25.0,True,7,1,1,0,1,0.2375296912114014,0.0,
B100310-9,2,5,4,1,0,4,,0,,3,"부부급여350만, 7월 퇴직금",7,12,12,0.9167,0.75,0.0833,0.167,2,2,2.0,0.167,3.0,,1,0,2010,정상종료,완납,439,1383,150만원,12개월,0.3,여자,세,기타,,,,,,,,,1,,,,,1500000.0,12.0,162500.0,145312.5,,,,,9,6.084499413075172,B100310-9,income,False,,False,0,1,0,0,0,14.22097566607244,0.0,0.0,0.0,0.0,1,0,1,1,,,,7,1,0,1,0,0.0,0.0,
B100317-9,4,5,5,2,1,4,150000.0,1,월,2,노점수입 200만 결산,7,5,5,0.6,0.6,0.4,16.4,82,61,4.0,0.8,,,1,0,2010,연체중,손실,932,1114,300만원,24개월,0.3,남자,세,기타,,,,9.0,9.0,2.0,0.0,0.0,1,,,,,3000000.0,24.0,200000.0,164062.5,,,,,9,6.837332814685591,B091008-6,income,False,,False,0,1,0,0,0,14.914122846632385,9.0,2.0,0.0,0.0,0,1,1,1,,,,7,1,0,1,0,0.0,0.0,
B100410-9,2,4,3,1,0,4,,0,,1,월 급여 140만원,7,12,12,1.0,0.6667,0.0,0.0,0,0,,,,,0,0,2010,정상종료,완납,195,778,200만원,12개월,0.3,남자,세,기타,,,,89.0,36.0,28.0,0.0,0.0,1,,,,,2000000.0,12.0,216666.66666666663,193750.0,,,,,9,5.272999558563747,B100410-9,,,,,0,0,0,0,0,14.50865773852422,89.0,28.0,0.0,0.0,0,1,1,1,,,,7,0,0,0,0,0.0,0.0,
B100416-9,2,5,5,1,0,4,,0,,3,부부 알바소득 280만,7,12,12,1.0,0.5833,0.0,0.0,0,0,,,,,0,0,2010,정상종료,완납,607,707,400만원,24개월,0.3,여자,세,기타,,,,36.0,31.0,0.0,0.0,0.0,1,,,,,4000000.0,24.0,266666.6666666666,218750.0,,,,,9,6.408528791059498,B100416-9,event,False,,False,1,0,0,1,0,15.201804919084164,36.0,0.0,0.0,0.0,0,0,4,1,event,,False,7,1,1,0,0,0.6622516556291391,0.0,
B100420-9,2,5,1,1,0,3,,0,,2,이사후 월세절감 기대,7,7,7,1.0,1.0,0.0,0.0,0,0,,,,,0,0,2010,정상종료,완납,749,1812,300만원,24개월,0.3,여자,세,기타,,,,9.0,9.0,0.0,0.0,0.0,1,,,,,3000000.0,24.0,200000.0,164062.5,,,,,9,6.618738983517219,B100420-9,,,,,0,0,0,0,0,14.914122846632385,9.0,0.0,0.0,0.0,0,0,1,2,,,,7,0,0,0,0,0.2735978112175102,4.1039671682626535,
B100517-9,2,4,1,2,1,4,,0,,1,매장 월매출 2350만,7,15,15,0.2667,0.0,0.7333,10.267,154,26,3.0,0.2,4.0,6.0,1,0,2010,정상종료,완납,364,602,300만원,15개월,0.3,여자,세,기타,,,,9.0,0.0,12.0,0.0,0.0,1,,,,,3000000.0,15.0,275000.0,240000.0,,,,,9,5.8971538676367405,B100517-9,,,,,0,0,0,0,0,14.914122846632385,9.0,12.0,0.0,0.0,0,0,1,1,,,,7,0,0,0,0,0.2785515320334262,0.0,
B100628-9,4,5,3,2,1,4,250000.0,1,월,2,급여170+대리운전 40만,7,18,18,1.0,0.9444,0.0,0.0,0,0,,,,,0,0,2010,정상종료,완납,271,2058,300만원,18개월,0.3,여자,세,기타,,,,51.0,31.0,7.0,3.0,0.0,1,,,,,3000000.0,18.0,241666.66666666663,206250.0,,,,,9,5.602118820879701,B120129-5,,,,,0,0,0,0,0,14.914122846632385,51.0,7.0,3.0,0.0,0,0,1,1,,,,7,0,0,0,0,0.0,0.0,
B101012-9,4,4,1,1,0,5,200000.0,1,월,1,"급여210만, 회생 변제중",7,21,21,0.381,0.381,0.619,9.095,191,26,1.0,0.048,2.0,5.0,1,0,2010,정상종료,완납,140,1006,300만원,24개월,0.3,남자,세,기타,,,,,,,,,1,,,,,3000000.0,24.0,200000.0,164062.5,,,,,9,4.941642422609304,B101012-9,,,,,0,0,0,0,0,14.914122846632385,0.0,0.0,0.0,0.0,1,1,1,1,,,,7,0,0,0,0,0.0,0.0,
B101117-9,3,5,5,4,1,4,,0,월,2,부부급여 290-300만,7,24,24,1.0,0.8333,0.0,0.0,0,0,,,,,0,0,2010,정상종료,완납,1371,569,300만원,24개월,0.3,여자,세,기타,,,,73.0,53.0,6.0,0.0,0.0,1,,,,,3000000.0,24.0,200000.0,164062.5,,,,,9,7.223295679562314,B090204-9,income,False,12.0,True,0,1,0,0,0,14.914122846632385,73.0,6.0,0.0,0.0,0,0,1,4,,,,7,1,0,1,1,0.0,0.7401924500370096,
B101118-9,1,4,1,1,0,5,,0,,1,"급여 164만, 회생중",7,9,9,0.2222,0.1111,0.7778,13.778,124,31,1.0,0.111,2.0,3.0,1,0,2010,연체중,손실,55,328,100만원,12개월,0.3,남자,세,기타,,,,,,,,,1,,,,,1000000.0,12.0,108333.33333333331,96875.0,,,,,9,4.007333185232471,B101118-9,,,,,0,0,0,0,0,13.815510557964274,0.0,0.0,0.0,0.0,1,1,1,1,,,,7,0,0,0,0,0.0,0.0,
B101125-9,4,5,2,3,1,4,200000.0,1,월,3,연금+수당 합계 124만,7,10,10,0.9,0.5,0.1,1.8,18,18,7.0,0.7,8.0,,1,0,2010,정상종료,완납,460,1093,300만원,24개월,0.3,여자,세,기타,,,,11.0,5.0,5.0,0.0,0.0,1,,,,,3000000.0,24.0,200000.0,164062.5,,,,,9,6.131226489483141,B101125-9,,,,,0,0,0,0,0,14.914122846632385,11.0,5.0,0.0,0.0,0,0,1,1,,,,7,0,0,0,0,0.2197802197802197,2.197802197802198,
B090112-10,2,4,2,1,0,4,,0,,1,8년 PC방 운영 매출450-600,7,1,1,0.0,0.0,1.0,61.0,61,61,1.0,1.0,,,1,0,2009,연체중,손실,427,342,200만원,12개월,0.29,남자,세,기타,,,,,,,,,1,,,,,2000000.0,12.0,215000.0,192847.22222222225,,,,,10,6.056784013228625,B090112-10,,,,,0,0,0,0,0,14.50865773852422,0.0,0.0,0.0,0.0,1,1,1,2,,,,7,0,0,0,0,0.0,0.0,
B090129-10,5,4,1,1,0,4,100000.0,1,월,1,남편 월수입 185-190만,7,8,8,0.375,0.0,0.625,3.5,28,12,1.0,0.125,2.0,5.0,1,0,2009,정상종료,완납,146,197,100만원,12개월,0.28,여자,세,기타,,,,14.0,5.0,12.0,0.0,0.0,1,,,,,1000000.0,12.0,106666.66666666666,95972.22222222222,,,,,10,4.983606621708336,B090129-10,,,,,0,0,0,0,0,13.815510557964274,14.0,12.0,0.0,0.0,0,0,1,1,,,,7,0,0,0,0,0.0,6.849315068493151,
B090518-10,2,4,1,1,0,4,,0,,1,기본급+일급 250-270만,7,13,13,0.6154,0.3846,0.3846,8.077,105,61,9.0,0.692,,,1,0,2009,연체중,손실,203,514,300만원,15개월,0.3,남자,세,기타,,,,,,,,,1,,,,,3000000.0,15.0,275000.0,240000.0,,,,,10,5.313205979041787,B090518-10,,,,,0,0,0,0,0,14.914122846632385,0.0,0.0,0.0,0.0,1,1,1,1,,,,7,0,0,0,0,0.0,0.0,
B090528-10,3,1,3,3,1,4,,0,월,0,과거 차용금 성실상환 이력,7,15,15,0.8,0.2,0.2,0.2,3,1,10.0,0.667,12.0,13.0,1,0,2009,정상종료,완납,180,784,300만원,15개월,0.3,여자,세,기타,,,,19.0,3.0,11.0,0.0,0.0,1,,,,,3000000.0,15.0,275000.0,240000.0,,,,,10,5.19295685089021,B100827-17,,,,,0,0,0,0,0,14.914122846632385,19.0,11.0,0.0,0.0,0,0,1,1,,,,7,0,0,0,0,0.0,0.0,
B090731-10,5,4,5,5,1,4,270000.0,1,월,1,최저급여 149만 기준 산정,7,9,9,0.7778,0.7778,0.2222,4.111,37,27,8.0,0.889,,,1,0,2009,정상종료,완납,1000,1183,200만원,9개월,0.3,남자,세,기타,,,,62.0,61.0,4.0,0.0,0.0,1,,,,,2000000.0,9.0,272222.22222222225,250000.0,,,,,10,6.907755278982137,B081208-5,income,False,,True,0,1,0,0,0,14.50865773852422,62.0,4.0,0.0,0.0,0,1,1,5,,,,7,1,0,1,0,0.0,2.028397565922921,
B090805-10,5,4,1,1,0,4,300000.0,1,월,1,영업 평균 유지수당 250만,7,13,13,0.3846,0.0,0.6154,5.769,75,31,3.0,0.231,4.0,6.0,1,0,2009,정상종료,완납,229,558,300만원,15개월,0.3,여자,세,기타,,,,14.0,2.0,28.0,1.0,0.0,1,,,,,3000000.0,15.0,275000.0,240000.0,,,,,10,5.43372200355424,A071109-2,,,,,0,0,0,0,0,14.914122846632385,14.0,28.0,1.0,0.0,0,0,1,1,,,,7,0,0,0,0,0.0,0.0,
B090819-10,2,5,3,1,0,4,,0,,2,"월수입220만, 기존팝 상환중",7,8,8,1.0,0.875,0.0,0.0,0,0,,,,,0,0,2009,정상종료,완납,191,1282,100만원,9개월,0.3,여자,세,기타,,,,,,,,,1,,,,,1000000.0,9.0,136111.11111111112,125000.0,,,,,10,5.25227342804663,B090819-10,,,,,0,0,0,0,0,13.815510557964274,0.0,0.0,0.0,0.0,1,0,1,1,,,,7,0,0,0,0,0.0,0.0,
B090908-10,2,4,1,1,0,5,,0,,1,"실수령198만, 워크아웃중",7,24,24,1.0,1.0,0.0,0.0,0,0,,,,,0,0,2009,정상종료,완납,137,396,300만원,24개월,0.3,남자,세,기타,,,,,,,,,1,,,,,3000000.0,24.0,200000.0,164062.5,,,,,10,4.919980925828125,B090908-10,,,,,0,0,0,0,0,14.914122846632385,0.0,0.0,0.0,0.0,1,1,1,1,,,,7,0,0,0,0,0.0,7.299270072992701,
B090915-10,1,5,1,2,1,4,,0,,2,A/S+판매+아내알바 190만,7,7,7,0.5714,0.1429,0.4286,7.857,55,30,3.0,0.429,6.0,,1,0,2009,정상종료,완납,255,1157,200만원,12개월,0.3,남자,세,기타,,,,5.0,1.0,3.0,1.0,0.0,1,,,,,2000000.0,12.0,216666.66666666663,193750.0,,,,,10,5.541263545158426,B090915-10,,,,,0,0,0,0,0,14.50865773852422,5.0,3.0,1.0,0.0,0,1,1,1,,,,7,0,0,0,0,0.0,0.0,
B090922-10,2,4,1,1,0,5,,0,,1,월 급여 291만원,7,10,10,0.5,0.1,0.5,1.6,16,9,4.0,0.4,6.0,7.0,1,0,2009,정상종료,완납,194,565,200만원,12개월,0.3,남자,세,기타,,,,8.0,2.0,5.0,0.0,0.0,1,,,,,2000000.0,12.0,216666.66666666663,193750.0,,,,,10,5.267858159063328,B090601-17,,,,,0,0,0,0,0,14.50865773852422,8.0,5.0,0.0,0.0,0,1,1,1,,,,7,0,0,0,0,0.0,0.0,
B090924-10,5,5,4,1,0,4,140000.0,1,월,3,현직 급여·수당 명세,8,7,7,1.0,1.0,0.0,0.0,0,0,,,,,0,0,2009,정상종료,완납,819,3859,100만원,9개월,0.3,여자,세,기타,,,,75.0,68.0,34.0,0.0,0.0,1,,,,,1000000.0,9.0,136111.11111111112,125000.0,,,,,10,6.70808408385307,B090924-10,calendar,False,25.0,False,1,0,1,0,0,13.815510557964274,75.0,34.0,0.0,0.0,0,0,4,1,calendar,25.0,False,8,1,1,0,0,0.0,0.0,
B091006-10,5,4,1,3,1,4,200000.0,1,월,1,현재 급여 400만원,8,6,6,1.0,1.0,0.0,0.0,0,0,,,,,0,0,2009,정상종료,완납,342,523,100만원,6개월,0.3,여자,세,기타,,,,,,,,,1,,,,,1000000.0,6.0,191666.66666666663,181250.0,,,,,10,5.834810737062605,B091006-10,,,,,0,0,0,0,0,13.815510557964274,0.0,0.0,0.0,0.0,1,0,1,2,,,,8,0,0,0,0,0.0,0.0,
B091007-10,1,1,1,1,0,1,,0,,0,근거 제시 없음,8,9,9,0.1111,0.0,0.8889,6.0,54,9,2.0,0.222,,,1,0,2009,정상종료,완납,74,545,200만원,9개월,0.3,여자,세,기타,,,,8.0,2.0,10.0,0.0,0.0,1,,,,,2000000.0,9.0,272222.22222222225,250000.0,,,,,10,4.30406509320417,B090114-4,,,,,0,0,0,0,0,14.50865773852422,8.0,10.0,0.0,0.0,0,0,1,1,,,,8,0,0,0,0,2.702702702702702,0.0,
B091013-10,5,4,4,1,0,4,168000.0,1,월,2,본인수입·친척 식료지원,8,10,10,1.0,0.8,0.0,0.0,0,0,,,,,0,0,2009,정상종료,완납,827,2893,200만원,12개월,0.3,여자,세,기타,,,,60.0,44.0,0.0,0.0,0.0,1,,,,,2000000.0,12.0,216666.66666666663,193750.0,,,,,10,6.717804695023691,B091013-10,none,False,,False,0,0,0,0,0,14.50865773852422,60.0,0.0,0.0,0.0,0,0,1,1,,,,8,1,0,1,0,0.1219512195121951,0.0,
B091015-10,2,4,1,1,0,4,,0,,1,현직 소방공무원 급여,8,9,9,0.8889,0.8889,0.1111,0.333,3,3,6.0,0.667,7.0,,1,0,2009,정상종료,완납,539,618,200만원,9개월,0.3,남자,세,기타,,,,,,,,,1,,,,,2000000.0,9.0,272222.22222222225,250000.0,,,,,10,6.289715570908998,B091015-10,,,,,0,0,0,0,0,14.50865773852422,0.0,0.0,0.0,0.0,1,1,1,1,,,,8,0,0,0,0,1.1152416356877324,0.0,
B091016-10,3,5,3,3,1,4,,0,월,3,현 3중수입+장사계획,8,12,12,0.9167,0.75,0.0833,0.583,7,7,7.0,0.583,8.0,,1,0,2009,정상종료,완납,415,1119,100만원,12개월,0.3,여자,세,기타,,,,25.0,18.0,1.0,0.0,0.0,1,,,,,1000000.0,12.0,108333.33333333331,96875.0,,,,,10,6.028278520230698,B091016-10,,,,,0,0,0,0,0,13.815510557964274,25.0,1.0,0.0,0.0,0,0,3,3,,,,8,0,0,0,0,0.0,0.0,
B091214-10,4,5,4,1,0,4,130000.0,1,월,2,현직급여+과거상환이력,8,8,8,0.625,0.5,0.375,11.625,93,61,5.0,0.625,7.0,8.0,1,0,2009,손실(상환완료),손실,426,848,100만원,9개월,0.3,남자,세,기타,,,,,,,,,1,,,,,1000000.0,9.0,136111.11111111112,125000.0,,,,,10,6.054439346269371,B091214-10,income,False,,False,0,1,0,0,0,13.815510557964274,0.0,0.0,0.0,0.0,1,1,1,1,,,,8,1,0,1,0,0.0,2.347417840375587,
B091229-10,5,4,5,2,1,4,280000.0,1,월,1,최근 3개월 매출실적,8,12,12,0.75,0.6667,0.25,0.75,9,4,7.0,0.583,8.0,11.0,1,0,2009,정상종료,완납,861,2082,250만원,12개월,0.3,남자,세,기타,,,,,,,,,1,,,,,2500000.0,12.0,270833.3333333334,242187.5,,,,,10,6.7580945044277305,B091229-10,event,False,,True,0,0,0,1,0,14.73180128983843,0.0,0.0,0.0,0.0,1,1,3,1,,,,8,1,0,1,0,0.2398081534772182,2.398081534772182,
B091230-10,2,5,3,4,1,4,,0,,2,부부급여+연봉13분할,8,13,13,0.7692,0.6154,0.2308,6.538,85,31,10.0,0.769,12.0,13.0,1,0,2009,연체중,손실,714,1426,300만원,15개월,0.3,남자,세,기타,,,,16.0,14.0,1.0,1.0,0.0,1,,,,,3000000.0,15.0,275000.0,240000.0,,,,,10,6.570882962339584,B090622-8,,,,,0,0,0,0,0,14.914122846632385,16.0,1.0,1.0,0.0,0,1,1,1,,,,8,0,0,0,0,0.0,5.780346820809248,
B100107-10,2,4,2,1,0,4,,0,,1,현 직장 급여 150만,8,6,6,1.0,1.0,0.0,0.0,0,0,,,,,0,0,2010,정상종료,완납,712,708,300만원,18개월,0.3,여자,세,기타,,,,18.0,16.0,3.0,0.0,0.0,1,,,,,3000000.0,18.0,241666.66666666663,206250.0,,,,,10,6.568077911411976,B090428-6,,,,,0,0,0,0,0,14.914122846632385,18.0,3.0,0.0,0.0,0,0,1,1,,,,8,0,0,0,0,0.1410437235543018,1.4104372355430184,
B100120-10,2,5,1,2,1,4,,0,,2,부부 현재수입 230만,8,9,9,1.0,1.0,0.0,0.0,0,0,,,,,0,0,2010,정상종료,완납,351,1007,100만원,9개월,0.3,여자,세,기타,,,,30.0,30.0,0.0,0.0,0.0,1,,,,,1000000.0,9.0,136111.11111111112,125000.0,,,,,10,5.860786223465865,B100120-10,,,,,0,0,0,0,0,13.815510557964274,30.0,0.0,0.0,0.0,0,0,1,2,,,,8,0,0,0,0,0.0,0.0,
B100126-10,2,4,4,1,0,4,,0,,1,고정150만+계약250만,8,10,10,0.6,0.4,0.4,3.7,37,29,1.0,0.1,4.0,7.0,1,0,2010,정상종료,완납,340,1806,150만원,12개월,0.3,남자,세,기타,,,,,,,,,1,,,,,1500000.0,12.0,162500.0,145312.5,,,,,10,5.828945617610208,B100126-10,income,False,,False,0,1,0,0,0,14.22097566607244,0.0,0.0,0.0,0.0,1,1,1,1,,,,8,1,0,1,0,1.7804154302670625,0.0,
B100201-10,5,5,1,1,0,4,370000.0,1,월,2,체육관+아내알바 수입,8,12,12,0.5,0.0,0.5,1.75,21,4,6.0,0.5,12.0,,1,0,2010,정상종료,완납,648,1023,200만원,12개월,0.3,남자,세,기타,,,,,,,,,1,,,,,2000000.0,12.0,216666.66666666663,193750.0,,,,,10,6.473890696352274,B100201-10,,,,,0,0,0,0,0,14.50865773852422,0.0,0.0,0.0,0.0,1,1,1,2,,,,8,0,0,0,0,0.1545595054095827,7.727975270479135,
B100211-10,5,5,5,3,1,4,170000.0,1,월,3,월별 현금흐름 계산,8,11,11,1.0,1.0,0.0,0.0,0,0,,,,,0,0,2010,정상종료,완납,271,738,150만원,12개월,0.3,남자,세,기타,,,,,,,,,1,,,,,1500000.0,12.0,162500.0,145312.5,,,,,10,5.602118820879701,B100211-10,income,False,,True,1,1,0,0,0,14.22097566607244,0.0,0.0,0.0,0.0,1,1,5,1,income,,True,8,1,1,0,0,1.1111111111111112,0.0,
B100303-10,2,4,4,1,0,3,,0,,1,3/4 첫출근 예정급여,8,6,6,1.0,0.6667,0.0,0.0,0,0,,,,,0,0,2010,정상종료,완납,363,1268,50만원,6개월,0.3,남자,세,기타,,,,16.0,7.0,2.0,0.0,0.0,1,,,,,500000.0,6.0,95833.33333333331,90625.0,,,,,10,5.8944028342648505,B100303-10,income,False,1.0,False,0,1,0,0,0,13.122363377404328,16.0,2.0,0.0,0.0,0,1,1,1,,,,8,1,0,1,1,0.0,0.0,
B100330-10,5,4,4,4,1,4,200000.0,1,월,1,현 급여290만+여유금,8,12,12,1.0,1.0,0.0,0.0,0,0,,,,,0,0,2010,정상종료,완납,364,942,200만원,12개월,0.3,남자,세,기타,,,,,,,,,1,,,,,2000000.0,12.0,216666.66666666663,193750.0,,,,,10,5.8971538676367405,B100330-10,none,False,,False,0,0,0,0,0,14.50865773852422,0.0,0.0,0.0,0.0,1,1,1,4,,,,8,1,0,1,0,0.0,5.524861878453039,
B100423-10,5,5,4,1,0,4,200000.0,1,월,2,부부급여+급여일 고정,8,8,8,1.0,1.0,0.0,0.0,0,0,,,,,0,0,2010,정상종료,완납,480,1824,150만원,9개월,0.3,여자,세,기타,,,,10.0,10.0,0.0,0.0,0.0,1,,,,,1500000.0,9.0,204166.66666666663,187500.0,,,,,10,6.173786103901937,B110217-11,income,False,5.0,False,1,1,0,0,0,14.22097566607244,10.0,0.0,0.0,0.0,0,0,4,1,income,,False,8,1,1,0,1,0.0,0.0,
B100429-10,2,5,1,5,1,5,,0,,3,현수입+조기상환 이력,8,16,16,1.0,0.5625,0.0,0.0,0,0,,,,,0,0,2010,정상종료,완납,266,400,300만원,21개월,0.3,,세,기타,,,,,,,,,1,,,,,3000000.0,21.0,217857.14285714287,182142.8571428572,,,,,10,5.583496308781699,B100429-10,,,,,0,0,0,0,0,14.914122846632385,0.0,0.0,0.0,0.0,1,0,1,4,,,,8,0,0,0,0,0.0,3.7593984962406015,
B100506-10,5,5,4,4,1,4,216667.0,1,월,2,팀장 재직+배우자급여,8,7,7,0.8571,0.7143,0.1429,0.571,4,4,3.0,0.429,4.0,,1,0,2010,정상종료,완납,471,982,200만원,12개월,0.3,여자,세,기타,,,,,,,,,1,,,,,2000000.0,12.0,216666.66666666663,193750.0,,,,,10,6.154858094016418,B100506-10,none,False,,False,0,0,0,0,0,14.50865773852422,0.0,0.0,0.0,0.0,1,0,1,1,,,,8,1,0,1,0,0.0,0.0,
B100512-10,2,5,4,4,1,4,,0,,2,"부부급여, 남편 일감변동",8,14,14,0.7857,0.1429,0.2143,2.714,38,31,7.0,0.5,8.0,11.0,1,0,2010,연체중,손실,513,1162,300만원,18개월,0.3,여자,세,기타,,,,,,,,,1,,,,,3000000.0,18.0,241666.66666666663,206250.0,,,,,10,6.240275845170769,B100512-10,event,False,,False,0,0,0,1,0,14.914122846632385,0.0,0.0,0.0,0.0,1,0,1,4,,,,8,1,0,1,0,0.0,0.0,
B100524-10,5,4,3,1,0,4,180000.0,1,월,1,급여180만+회사 경비지원,8,3,3,1.0,0.0,0.0,0.0,0,0,,,,,0,0,2010,정상종료,완납,147,1553,50만원,3개월,0.3,남자,세,기타,,,,5.0,1.0,16.0,0.0,0.0,1,,,,,500000.0,3.0,179166.66666666666,175000.0,,,,,10,4.990432586778736,B100524-10,,,,,0,0,0,0,0,13.122363377404328,5.0,16.0,0.0,0.0,0,1,1,1,,,,8,0,0,0,0,0.0,0.0,
B100531-10,5,4,3,2,1,4,300000.0,1,월,1,캐디수입+일시상환 실적,8,4,4,1.0,0.75,0.0,0.0,0,0,,,,,0,0,2010,정상종료,완납,274,718,300만원,15개월,0.3,여자,세,기타,,,,98.0,84.0,3.0,0.0,0.0,1,,,,,3000000.0,15.0,275000.0,240000.0,,,,,10,5.613128106388071,B090402-6,,,,,0,0,0,0,0,14.914122846632385,98.0,3.0,0.0,0.0,0,0,1,2,,,,8,0,0,0,0,0.0,0.0,
B100624-10,4,5,5,1,0,4,133000.0,1,월,2,3년 근속+무연체 이력,8,9,9,0.3333,0.0,0.6667,10.444,94,31,4.0,0.444,,,1,0,2010,연체중,손실,755,881,150만원,12개월,0.3,남자,세,기타,,,,,,,,,1,,,,,1500000.0,12.0,162500.0,145312.5,,,,,10,6.626717749249025,B100624-10,event,False,,False,0,0,0,1,0,14.22097566607244,0.0,0.0,0.0,0.0,1,1,3,1,,,,8,1,0,1,0,0.4098360655737705,5.46448087431694,
B100717-10,5,5,1,1,0,5,200000.0,1,월,2,5개월 실제 수입명세,8,24,24,1.0,0.9167,0.0,0.0,0,0,,,,,0,0,2010,정상종료,완납,429,2413,300만원,24개월,0.3,남자,세,기타,,,,,,,,,1,,,,,3000000.0,24.0,200000.0,164062.5,,,,,10,6.061456918928017,B100717-10,,,,,0,0,0,0,0,14.914122846632385,0.0,0.0,0.0,0.0,1,1,1,1,,,,8,0,0,0,0,0.0,0.0,
B100727-10,2,4,1,1,0,4,,0,,1,현 급여+병중 변제이력,8,9,9,1.0,0.6667,0.0,0.0,0,0,,,,,0,0,2010,정상종료,완납,222,470,200만원,12개월,0.3,여자,세,기타,,,,17.0,9.0,28.0,7.0,0.0,1,,,,,2000000.0,12.0,216666.66666666663,193750.0,,,,,10,5.402677381872279,A080718-3,,,,,0,0,0,0,0,14.50865773852422,17.0,28.0,7.0,0.0,0,0,1,2,,,,8,0,0,0,0,0.0,4.5662100456621,
B100820-10,2,4,1,4,1,4,,0,,1,보험사 관리자 급여300만,8,7,7,0.5714,0.1429,0.4286,10.857,76,31,5.0,0.714,,,1,0,2010,연체중,손실,575,975,300만원,15개월,0.3,남자,세,기타,,,,11.0,4.0,4.0,0.0,0.0,1,,,,,3000000.0,15.0,275000.0,240000.0,,,,,10,6.354370040797351,B100205-19,,,,,0,0,0,0,0,14.914122846632385,11.0,4.0,0.0,0.0,0,1,1,2,,,,8,0,0,0,0,0.0,0.0,
B100906-10,5,4,5,5,1,4,250000.0,1,월,1,급여293만+무연체 실적,8,12,12,1.0,1.0,0.0,0.0,0,0,,,,,0,0,2010,정상종료,완납,3239,2209,150만원,12개월,0.3,남자,세,기타,,,,,,,,,1,,,,,1500000.0,12.0,162500.0,145312.5,,,,,10,8.08301991917133,B100906-10,income,True,25.0,False,1,1,0,0,1,14.22097566607244,0.0,0.0,0.0,0.0,1,1,4,2,income,25.0,False,8,1,1,0,1,0.0,0.9419152276295132,25.0
B100924-10,2,4,4,1,0,4,,0,일시,2,급여225만+연1회 상여,8,12,12,1.0,1.0,0.0,0.0,0,0,,,,,0,0,2010,정상종료,완납,299,1550,150만원,12개월,0.3,남자,세,기타,,,,,,,,,1,,,,,1500000.0,12.0,162500.0,145312.5,,,,,10,5.700443573390687,B100924-10,income,False,,True,1,1,0,0,0,14.22097566607244,0.0,0.0,0.0,0.0,1,1,4,1,income,,False,8,1,1,0,0,0.0,0.0,
B101006-10,2,5,1,1,0,4,,0,,3,급여+알바+월세 수입,8,5,5,0.6,0.2,0.4,2.4,12,7,1.0,0.2,2.0,3.0,1,0,2010,정상종료,완납,211,226,100만원,6개월,0.3,남자,세,기타,,,,,,,,,1,,,,,1000000.0,6.0,191666.66666666663,181250.0,,,,,10,5.351858133476067,B101006-10,,,,,0,0,0,0,0,13.815510557964274,0.0,0.0,0.0,0.0,1,1,1,1,,,,8,0,0,0,0,0.0,0.0,
B101215-10,2,4,3,3,1,4,,0,,1,일매출30만·순익310만,8,12,12,0.8333,0.0833,0.1667,0.167,2,1,3.0,0.25,4.0,5.0,1,0,2010,정상종료,완납,733,2158,300만원,15개월,0.3,남자,세,기타,,,,28.0,6.0,14.0,3.0,0.0,1,,,,,3000000.0,15.0,275000.0,240000.0,,,,,10,6.597145701886651,B091126-2,,,,,0,0,0,0,0,14.914122846632385,28.0,14.0,3.0,0.0,0,1,1,3,,,,8,0,0,0,0,0.1375515818431912,2.751031636863824,
B101227-10,1,2,3,5,1,4,,0,,1,3년 무연체+공무원급여,8,20,20,1.0,0.45,0.0,0.0,0,0,,,,,0,0,2010,정상종료,완납,442,672,300만원,24개월,0.3,남자,세,기타,,,,,,,,,1,,,,,3000000.0,24.0,200000.0,164062.5,,,,,10,6.091309882077698,B101227-10,,,,,0,0,0,0,0,14.914122846632385,0.0,0.0,0.0,0.0,1,1,1,5,,,,8,0,0,0,0,0.0,0.0,
B090122-11,5,4,1,4,1,4,250000.0,1,월,2,5개월 무연체+공익월급,8,12,12,1.0,0.75,0.0,0.0,0,0,,,,,0,0,2009,정상종료,완납,596,907,100만원,12개월,0.29,남자,세,기타,,,,75.0,56.0,27.0,4.0,0.0,1,,,,,1000000.0,12.0,107500.0,96423.61111111112,,,,,11,6.39024066706535,A070817-4,,,,,0,0,0,0,0,13.815510557964274,75.0,27.0,4.0,0.0,0,1,1,2,,,,8,0,0,0,0,0.0,0.0,
B090129-11,2,4,1,1,0,4,,0,,2,대리운전 일당5-6만,8,9,9,0.1111,0.0,0.8889,20.111,181,61,1.0,0.111,3.0,4.0,1,0,2009,손실(상환완료),손실,158,611,200만원,12개월,0.3,여자,세,기타,,,,,,,,,1,,,,,2000000.0,12.0,216666.66666666663,193750.0,,,,,11,5.062595033026967,B090129-11,,,,,0,0,0,0,0,14.50865773852422,0.0,0.0,0.0,0.0,1,0,1,1,,,,8,0,0,0,0,0.0,0.0,
B090216-11,1,2,1,1,0,4,,0,,0,월수입 200만 기재만,8,3,3,1.0,0.3333,0.0,0.0,0,0,,,,,0,0,2009,정상종료,완납,88,660,100만원,12개월,0.3,여자,세,기타,,,,23.0,16.0,18.0,0.0,0.0,1,,,,,1000000.0,12.0,108333.33333333331,96875.0,,,,,11,4.477336814478207,A081020-6,,,,,0,0,0,0,0,13.815510557964274,23.0,18.0,0.0,0.0,0,0,1,1,,,,8,0,0,0,0,0.0,0.0,
B090406-11,2,4,3,3,1,4,,0,,1,일당9만·월200만 소득,8,8,8,0.375,0.0,0.625,11.875,95,61,2.0,0.25,3.0,5.0,1,0,2009,연체중,손실,579,1725,200만원,9개월,0.3,여자,세,기타,,,,,,,,,1,,,,,2000000.0,9.0,272222.22222222225,250000.0,,,,,11,6.361302477572996,B090406-11,,,,,0,0,0,0,0,14.50865773852422,0.0,0.0,0.0,0.0,1,0,1,1,,,,8,0,0,0,0,0.0,0.0,
B090618-11,1,5,4,1,0,4,,0,,3,대기업8년·급여380만,8,18,18,0.9444,0.7222,0.0556,0.111,2,2,6.0,0.333,7.0,,1,0,2009,정상종료,완납,255,307,300만원,18개월,0.3,남자,세,기타,,,,57.0,33.0,6.0,0.0,0.0,1,,,,,3000000.0,18.0,241666.66666666663,206250.0,,,,,11,5.541263545158426,A080603-7,income,False,,False,0,1,0,0,0,14.914122846632385,57.0,6.0,0.0,0.0,0,1,1,1,,,,8,1,0,1,0,0.3952569169960474,0.0,
B090629-11,1,4,1,2,1,4,,0,,1,7년 근속·원천소득 자료,8,21,21,0.2857,0.1905,0.7143,7.905,166,28,5.0,0.238,12.0,13.0,1,0,2009,정상종료,완납,180,399,300만원,21개월,0.29,남자,세,기타,,,,24.0,16.0,21.0,2.0,0.0,1,,,,,3000000.0,21.0,215357.14285714284,180833.3333333333,,,,,11,5.19295685089021,A080718-2,,,,,0,0,0,0,0,14.914122846632385,24.0,21.0,2.0,0.0,0,1,1,1,,,,8,0,0,0,0,0.0,0.0,
B090701-11,2,5,1,4,1,4,,0,,2,월급130만+퇴직금400만,8,8,8,0.375,0.25,0.625,13.0,104,27,2.0,0.25,4.0,5.0,1,0,2009,정상종료,완납,143,677,100만원,9개월,0.29,여자,세,기타,,,,,,,,,1,,,,,1000000.0,9.0,135277.77777777778,124537.03703703704,,,,,11,4.962844630259907,B090701-11,,,,,0,0,0,0,0,13.815510557964274,0.0,0.0,0.0,0.0,1,0,1,4,,,,8,0,0,0,0,0.0,0.0,
B090713-11,2,4,4,1,0,4,,0,,1,실수령220만+8월 종료,8,6,6,1.0,1.0,0.0,0.0,0,0,,,,,0,0,2009,정상종료,완납,353,800,200만원,6개월,0.3,남자,세,기타,,,,,,,,,1,,,,,2000000.0,6.0,383333.3333333333,362500.0,,,,,11,5.8664680569332965,B090713-11,event,False,5.0,False,0,0,0,1,0,14.50865773852422,0.0,0.0,0.0,0.0,1,1,1,1,,,,8,1,0,1,0,0.8620689655172413,0.0,
B090820-11,5,4,5,4,1,4,300000.0,1,월,2,매월8일 급여109만 확정,8,12,12,0.8333,0.75,0.1667,5.583,67,61,11.0,0.917,,,1,0,2009,손실(상환완료),손실,1071,3641,300만원,15개월,0.3,여자,세,기타,,,,,,,,,1,,,,,3000000.0,15.0,275000.0,240000.0,,,,,11,6.976348070447749,B090820-11,income,False,8.0,False,1,1,0,0,0,14.914122846632385,0.0,0.0,0.0,0.0,1,0,4,2,income,8.0,False,8,1,1,0,0,0.0,0.0,
B091104-11,3,5,4,2,1,4,,0,월,2,급여320만+딸 취업확정,8,9,9,0.2222,0.0,0.7778,11.222,101,61,1.0,0.111,2.0,4.0,1,0,2009,연체중,손실,892,4402,300만원,21개월,0.3,남자,세,기타,,,,,,,,,1,,,,,3000000.0,21.0,217857.14285714287,182142.8571428572,,,,,11,6.79346613258001,B091104-11,none,False,,False,0,0,0,0,0,14.914122846632385,0.0,0.0,0.0,0.0,1,1,2,1,,,,8,1,0,1,0,0.0,1.1325028312570782,
B091210-11,5,4,1,1,0,4,220000.0,1,월,1,세후 급여220만,8,12,12,0.5833,0.25,0.4167,11.417,137,54,8.0,0.667,,,1,0,2009,정상종료,완납,497,484,200만원,12개월,0.3,남자,세,기타,,,,30.0,15.0,37.0,5.0,0.0,1,,,,,2000000.0,12.0,216666.66666666663,193750.0,,,,,11,6.208590026096629,A070726-1,,,,,0,0,0,0,0,14.50865773852422,30.0,37.0,5.0,0.0,0,1,1,1,,,,8,0,0,0,0,0.2066115702479339,0.0,
B100204-11,5,4,1,3,1,4,200000.0,1,월,2,부부수입 240만,8,12,12,1.0,0.5,0.0,0.0,0,0,,,,,0,0,2010,정상종료,완납,211,1216,200만원,12개월,0.3,남자,세,기타,,,,,,,,,1,,,,,2000000.0,12.0,216666.66666666663,193750.0,,,,,11,5.351858133476067,B100204-11,,,,,0,0,0,0,0,14.50865773852422,0.0,0.0,0.0,0.0,1,1,1,3,,,,8,0,0,0,0,0.0,0.0,
B100225-11,2,4,4,4,1,4,,0,,1,월매출1400만·상환실적,8,13,13,0.8462,0.6154,0.1538,0.308,4,2,7.0,0.538,8.0,11.0,1,0,2010,정상종료,완납,672,604,300만원,15개월,0.3,남자,세,기타,,,,89.0,37.0,22.0,4.0,0.0,1,,,,,3000000.0,15.0,275000.0,240000.0,,,,,11,6.51025834052315,B100225-11,none,False,,False,0,0,0,0,0,14.914122846632385,89.0,22.0,4.0,0.0,0,1,1,2,,,,8,1,0,1,0,0.0,1.4903129657228018,
B100317-11,2,4,4,1,0,4,,0,,1,급여250만·회생 변제중,8,1,1,1.0,1.0,0.0,0.0,0,0,,,,,0,0,2010,정상종료,완납,156,375,50만원,6개월,0.3,남자,세,기타,,,,7.0,6.0,6.0,0.0,0.0,1,,,,,500000.0,6.0,95833.33333333331,90625.0,,,,,11,5.049856007249537,B100317-11,income,False,10.0,False,1,1,0,0,0,13.122363377404328,7.0,6.0,0.0,0.0,0,1,4,1,income,10.0,False,8,1,1,0,1,0.6451612903225806,0.0,
B100319-11,2,5,5,4,1,4,,0,,3,아내 학원수입 통장입금,8,12,12,0.0,0.0,1.0,22.75,273,29,1.0,0.083,,,1,0,2010,정상종료,완납,1499,1226,200만원,12개월,0.3,남자,세,기타,,,,,,,,,1,,,,,2000000.0,12.0,216666.66666666663,193750.0,,,,,11,7.312553498102598,B100319-11,income,False,26.0,False,0,1,0,0,0,14.50865773852422,0.0,0.0,0.0,0.0,1,1,1,2,,,,8,1,0,1,0,0.0,0.6756756756756757,
B100324-11,2,5,4,3,1,4,,0,,3,병원50+보조10+알바40,8,2,2,0.0,0.0,1.0,37.0,74,61,1.0,0.5,,,1,0,2010,연체중,손실,572,661,200만원,12개월,0.3,여자,세,기타,,,,,,,,,1,,,,,2000000.0,12.0,216666.66666666663,193750.0,,,,,11,6.349138991379798,B100324-11,none,False,,False,0,0,0,0,0,14.50865773852422,0.0,0.0,0.0,0.0,1,0,1,2,,,,8,1,0,1,0,0.0,0.0,
B100331-11,2,4,3,1,0,4,,0,,1,실수령128만→138만,8,8,8,0.625,0.625,0.375,0.875,7,5,3.0,0.375,4.0,5.0,1,0,2010,정상종료,완납,750,274,250만원,12개월,0.3,남자,세,기타,,,,6.0,6.0,5.0,0.0,0.0,1,,,,,2500000.0,12.0,270833.3333333334,242187.5,,,,,11,6.620073206530356,B100331-11,,,,,0,0,0,0,0,14.73180128983843,6.0,5.0,0.0,0.0,0,1,1,1,,,,8,0,0,0,0,0.267379679144385,0.0,
B100413-11,5,5,4,4,1,4,163000.0,1,월,3,수입260만+무연체 납입,8,8,8,1.0,0.875,0.0,0.0,0,0,,,,,0,0,2010,정상종료,완납,878,947,150만원,12개월,0.3,여자,세,기타,,,,30.0,14.0,9.0,1.0,0.0,1,,,,,1500000.0,12.0,162500.0,145312.5,,,,,11,6.777646593635117,B100413-11,none,False,,False,0,0,0,0,0,14.22097566607244,30.0,9.0,1.0,0.0,0,0,1,2,,,,8,1,0,1,0,0.1184834123222748,0.0,
B100419-11,2,5,1,3,1,4,,0,,2,마트90+노래방40-50만,8,12,12,0.0833,0.0833,0.9167,18.25,219,29,2.0,0.167,,,1,0,2010,정상종료,완납,507,1356,200만원,12개월,0.3,여자,세,기타,,,,,,,,,1,,,,,2000000.0,12.0,216666.66666666663,193750.0,,,,,11,6.228511003591184,B100419-11,,,,,0,0,0,0,0,14.50865773852422,0.0,0.0,0.0,0.0,1,0,1,2,,,,8,0,0,0,0,0.2028397565922921,2.028397565922921,
B100513-11,3,4,4,1,0,4,,0,월,1,급여일10일·여유40만,8,12,12,0.8333,0.5833,0.1667,0.25,3,2,6.0,0.5,7.0,12.0,1,0,2010,정상종료,완납,304,1454,150만원,12개월,0.3,여자,세,기타,,,,19.0,14.0,5.0,0.0,0.0,1,,,,,1500000.0,12.0,162500.0,145312.5,,,,,11,5.717027701406222,B100513-11,income,False,10.0,False,1,1,0,0,0,14.22097566607244,19.0,5.0,0.0,0.0,0,0,4,1,income,10.0,False,8,1,1,0,1,0.3311258278145695,0.0,
B100526-11,2,5,4,4,1,4,,0,,3,8년근속+3수입원 250만,8,6,6,0.1667,0.1667,0.8333,29.333,176,61,2.0,0.333,,,1,0,2010,연체중,손실,1056,479,500만원,24개월,0.3,남자,세,기타,,,,30.0,14.0,6.0,1.0,0.0,1,,,,,5000000.0,24.0,333333.3333333334,273437.5,,,,,11,6.962243464266207,A080826-8,none,False,,False,0,0,0,0,0,15.424948470398377,30.0,6.0,1.0,0.0,0,1,1,2,,,,8,1,0,1,0,0.0,0.0,
B100607-11,4,1,5,1,0,2,200000.0,1,월,0,"근거 없음, 다짐만",8,4,4,1.0,1.0,0.0,0.0,0,0,,,,,0,0,2010,정상종료,완납,125,753,300만원,15개월,0.3,남자,세,기타,,,,53.0,32.0,6.0,0.0,0.0,1,,,,,3000000.0,15.0,275000.0,240000.0,,,,,11,4.8283137373023015,B101208-23,calendar,False,,True,0,0,1,0,0,14.914122846632385,53.0,6.0,0.0,0.0,0,1,3,1,,,,8,1,0,1,0,0.0,0.0,
B100610-11,5,5,5,4,1,4,270000.0,1,월,2,급여120-130만+팁20만,8,2,2,0.5,0.5,0.5,30.5,61,61,2.0,1.0,,,1,0,2010,연체중,손실,840,1301,250만원,12개월,0.3,여자,세,기타,,,,6.0,4.0,1.0,0.0,0.0,1,,,,,2500000.0,12.0,270833.3333333334,242187.5,,,,,11,6.733401891837359,B091211-20,none,False,,False,0,0,0,0,0,14.73180128983843,6.0,1.0,0.0,0.0,0,0,1,1,,,,8,1,0,1,0,0.0,0.0,
B100616-11,2,4,1,2,1,4,,0,,1,신랑 평균월급180-190,8,12,12,0.9167,0.8333,0.0833,1.25,15,15,4.0,0.333,5.0,,1,0,2010,정상종료,완납,299,462,200만원,12개월,0.3,여자,세,기타,,,,20.0,18.0,1.0,0.0,0.0,1,,,,,2000000.0,12.0,216666.66666666663,193750.0,,,,,11,5.700443573390687,B090922-7,,,,,0,0,0,0,0,14.50865773852422,20.0,1.0,0.0,0.0,0,0,1,1,,,,8,0,0,0,0,1.0135135135135136,6.756756756756757,
B100708-11,2,5,3,5,1,4,,0,,2,부부수입430만·이사여력,8,9,9,0.4444,0.2222,0.5556,1.111,10,3,3.0,0.333,6.0,8.0,1,0,2010,정상종료,완납,643,515,150만원,9개월,0.3,여자,세,기타,,,,,,,,,1,,,,,1500000.0,9.0,204166.66666666663,187500.0,,,,,11,6.466144724237619,B100708-11,,,,,0,0,0,0,0,14.22097566607244,0.0,0.0,0.0,0.0,1,0,1,1,,,,8,0,0,0,0,0.0,1.557632398753894,
B100709-11,5,4,1,4,1,4,200000.0,1,월,1,실수령 220-230만 명세,8,11,11,1.0,0.9091,0.0,0.0,0,0,,,,,0,0,2010,정상종료,완납,428,1344,200만원,12개월,0.3,남자,세,기타,,,,20.0,19.0,0.0,0.0,0.0,1,,,,,2000000.0,12.0,216666.66666666663,193750.0,,,,,11,6.059123195581797,B100709-11,,,,,0,0,0,0,0,14.50865773852422,20.0,0.0,0.0,0.0,0,1,1,1,,,,8,0,0,0,0,0.0,0.0,
B100727-11,5,5,5,1,0,4,270000.0,1,월,2,부부급여230만·9월 인상,8,9,9,1.0,0.4444,0.0,0.0,0,0,,,,,0,0,2010,정상종료,완납,557,1091,200만원,9개월,0.3,남자,세,기타,,,,26.0,5.0,3.0,0.0,0.0,1,,,,,2000000.0,9.0,272222.22222222225,250000.0,,,,,11,6.322565239927284,B110512-8,none,False,,False,0,0,0,0,0,14.50865773852422,26.0,3.0,0.0,0.0,0,1,1,1,,,,8,1,0,1,0,0.1858736059479553,0.0,
B100906-11,5,5,1,3,1,4,100000.0,1,월,3,고정수입 155만원,8,7,7,0.4286,0.1429,0.5714,7.714,54,31,3.0,0.429,4.0,5.0,1,0,2010,손실(상환완료),손실,480,952,100만원,12개월,0.3,남자,세,기타,,,,,,,,,1,,,,,1000000.0,12.0,108333.33333333331,96875.0,,,,,11,6.173786103901937,B100906-11,,,,,0,0,0,0,0,13.815510557964274,0.0,0.0,0.0,0.0,1,1,1,3,,,,8,0,0,0,0,0.0,0.0,
B101123-11,2,4,1,1,0,4,,0,,1,신랑월급180만·여유30만,8,12,12,1.0,0.3333,0.0,0.0,0,0,,,,,0,0,2010,정상종료,완납,154,885,100만원,12개월,0.3,여자,세,기타,,,,98.0,70.0,20.0,0.0,0.0,1,,,,,1000000.0,12.0,108333.33333333331,96875.0,,,,,11,5.0369526024136295,A080107-2,,,,,0,0,0,0,0,13.815510557964274,98.0,20.0,0.0,0.0,0,0,1,1,,,,8,0,0,0,0,0.0,0.0,
B101202-11,5,5,4,4,1,4,200000.0,1,월,2,대리180만+주간30-40만,8,15,15,0.9333,0.2667,0.0667,0.133,2,2,6.0,0.4,7.0,,1,0,2010,정상종료,완납,583,204,300만원,15개월,0.3,남자,세,기타,,,,29.0,11.0,4.0,2.0,0.0,1,,,,,3000000.0,15.0,275000.0,240000.0,,,,,11,6.368187186350492,B091118-14,none,False,,False,0,0,0,0,0,14.914122846632385,29.0,4.0,2.0,0.0,0,1,1,1,,,,8,1,0,1,0,0.0,1.7152658662092624,
B090123-12,4,3,1,1,0,4,300000.0,1,월,1,아내 재직·회생 변제중,8,9,9,0.8889,0.2222,0.1111,0.444,4,4,3.0,0.333,4.0,,1,0,2009,정상종료,완납,71,2108,100만원,12개월,0.3,남자,세,기타,,,,42.0,17.0,10.0,0.0,0.0,1,,,,,1000000.0,12.0,108333.33333333331,96875.0,,,,,12,4.262679877041316,B090121-3,,,,,0,0,0,0,0,13.815510557964274,42.0,10.0,0.0,0.0,0,1,1,1,,,,8,0,0,0,0,0.0,0.0,
B090220-12,4,5,3,5,1,4,500000.0,1,월,2,배우자급여+친척 회수,8,6,6,0.8333,0.6667,0.1667,0.333,2,2,3.0,0.5,4.0,,1,0,2009,정상종료,완납,138,812,100만원,6개월,0.3,여자,세,기타,,,,,,,,,1,,,,,1000000.0,6.0,191666.66666666663,181250.0,,,,,12,4.927253685157205,B090220-12,,,,,0,0,0,0,0,13.815510557964274,0.0,0.0,0.0,0.0,1,0,3,5,,,,8,0,0,0,0,0.0,0.0,
B090428-12,2,4,1,3,1,4,,0,,2,현 영업수익 월200만,8,7,7,1.0,1.0,0.0,0.0,0,0,,,,,0,0,2009,정상종료,완납,407,815,100만원,9개월,0.3,남자,세,기타,,,,31.0,28.0,15.0,2.0,0.0,1,,,,,1000000.0,9.0,136111.11111111112,125000.0,,,,,12,6.008813185442595,B090428-12,,,,,0,0,0,0,0,13.815510557964274,31.0,15.0,2.0,0.0,0,1,1,1,,,,8,0,0,0,0,0.0,0.0,
B090715-12,2,4,4,1,0,4,,0,,1,실수령200만·1월 재계약,8,21,21,1.0,1.0,0.0,0.0,0,0,,,,,0,0,2009,정상종료,완납,417,775,300만원,24개월,0.3,남자,세,기타,,,,69.0,66.0,16.0,0.0,0.0,1,,,,,3000000.0,24.0,200000.0,164062.5,,,,,12,6.0330862217988015,B081210-2,income,False,,False,0,1,0,0,0,14.914122846632385,69.0,16.0,0.0,0.0,0,1,3,1,,,,8,1,0,1,0,0.0,0.0,
B090722-12,2,5,3,1,0,4,,0,,2,부부급여380만·여유50만,8,4,4,1.0,0.75,0.0,0.0,0,0,,,,,0,0,2009,정상종료,완납,539,0,200만원,12개월,0.3,남자,세,기타,,,,31.0,10.0,5.0,0.0,0.0,1,,,,,2000000.0,12.0,216666.66666666663,193750.0,,,,,12,6.289715570908998,B090722-12,,,,,0,0,0,0,0,14.50865773852422,31.0,5.0,0.0,0.0,0,1,1,1,,,,8,0,0,0,0,0.1915708812260536,0.0,
B090729-12,5,4,4,4,1,4,200000.0,1,월,2,월급175만+알바 재개,8,12,12,0.0833,0.0,0.9167,11.5,138,61,2.0,0.167,,,1,0,2009,연체중,손실,368,1320,200만원,12개월,0.3,남자,세,기타,,,,,,,,,1,,,,,2000000.0,12.0,216666.66666666663,193750.0,,,,,12,5.908082938168931,B090729-12,income,False,21.0,False,1,1,0,0,0,14.50865773852422,0.0,0.0,0.0,0.0,1,1,4,1,income,21.0,False,8,1,1,0,1,0.0,2.770083102493075,
B090804-12,1,4,2,1,0,4,,0,,1,세후 급여250만,8,12,12,0.5,0.4167,0.5,2.167,26,5,1.0,0.083,2.0,4.0,1,0,2009,정상종료,완납,254,919,200만원,12개월,0.3,남자,세,기타,,,,48.0,14.0,7.0,0.0,0.0,1,,,,,2000000.0,12.0,216666.66666666663,193750.0,,,,,12,5.537334267018537,B090804-12,,,,,1,0,0,0,0,14.50865773852422,48.0,7.0,0.0,0.0,0,1,4,1,income,,False,8,0,1,0,0,0.0,0.0,
B090806-12,2,4,1,1,0,4,,0,,2,월수입250만+온라인수입,8,15,15,1.0,1.0,0.0,0.0,0,0,,,,,0,0,2009,정상종료,완납,394,1623,300만원,21개월,0.3,여자,세,기타,,,,,,,,,1,,,,,3000000.0,21.0,217857.14285714287,182142.8571428572,,,,,12,5.976350909297934,B090806-12,,,,,0,0,0,0,0,14.914122846632385,0.0,0.0,0.0,0.0,1,0,1,1,,,,8,0,0,0,0,0.0,2.5380710659898478,
B090826-12,5,4,1,1,0,4,200000.0,1,월,1,현금급여 150만,8,6,6,0.5,0.1667,0.5,3.5,21,11,1.0,0.167,3.0,5.0,1,0,2009,정상종료,완납,100,978,100만원,6개월,0.3,남자,세,기타,,,,15.0,7.0,24.0,0.0,0.0,1,,,,,1000000.0,6.0,191666.66666666663,181250.0,,,,,12,4.605170185988092,B090826-12,,,,,0,0,0,0,0,13.815510557964274,15.0,24.0,0.0,0.0,0,1,1,1,,,,8,0,0,0,0,0.0,0.0,
B090827-12,3,4,4,1,0,3,,0,,1,11년 재직·9월 알바 시작,9,12,12,0.75,0.5,0.25,0.667,8,4,4.0,0.333,6.0,7.0,1,0,2009,정상종료,완납,130,319,200만원,12개월,0.3,여자,세,기타,,,,24.0,16.0,12.0,0.0,0.0,1,,,,,2000000.0,12.0,216666.66666666663,193750.0,,,,,12,4.867534450455582,A080306-4,income,False,,False,0,1,0,0,0,14.50865773852422,24.0,12.0,0.0,0.0,0,0,1,1,,,,9,1,0,1,0,0.0,0.0,
B091028-12,3,5,1,1,0,5,,0,,2,현 급여·알바 여유 30~50만,9,12,12,1.0,0.75,0.0,0.0,0,0,,,,,0,0,2009,정상종료,완납,121,67,100만원,12개월,0.3,남자,세,기타,,,,46.0,16.0,2.0,0.0,0.0,1,,,,,1000000.0,12.0,108333.33333333331,96875.0,,,,,12,4.795790545596741,B091028-12,,,,,0,0,0,0,0,13.815510557964274,46.0,2.0,0.0,0.0,0,1,1,1,,,,9,0,0,0,0,0.0,0.0,
B091029-12,2,5,4,1,0,3,,0,,2,11/2 신규 입사 예정,9,15,15,0.5333,0.3333,0.4667,10.133,152,31,5.0,0.333,6.0,8.0,1,0,2009,연체중,손실,564,1631,300만원,24개월,0.3,여자,세,기타,,,,13.0,10.0,4.0,2.0,0.0,1,,,,,3000000.0,24.0,200000.0,164062.5,,,,,12,6.335054251498059,B091029-12,none,False,,False,0,0,0,0,0,14.914122846632385,13.0,4.0,2.0,0.0,0,0,1,2,,,,9,1,0,1,0,0.1776198934280639,0.0,
B091126-12,1,2,4,1,0,4,,0,,0,현 가계 잉여 64.5만,9,9,9,1.0,1.0,0.0,0.0,0,0,,,,,0,0,2009,정상종료,완납,293,581,100만원,9개월,0.3,여자,세,기타,,,,70.0,66.0,0.0,0.0,0.0,1,,,,,1000000.0,9.0,136111.11111111112,125000.0,,,,,12,5.680172609017068,B091126-12,none,False,,False,0,0,0,0,0,13.815510557964274,70.0,0.0,0.0,0.0,0,0,1,1,,,,9,1,0,1,0,0.0,0.0,
B091201-12,2,4,5,4,1,3,,0,,3,현 야간근무+사업오픈 예정,9,14,14,1.0,0.7143,0.0,0.0,0,0,,,,,0,0,2009,정상종료,완납,327,255,500만원,15개월,0.3,남자,세,기타,,,,31.0,24.0,2.0,0.0,0.0,1,,,,,5000000.0,15.0,458333.3333333333,400000.0,,,,,12,5.7899601708972535,B090708-5,income,False,,True,0,1,0,0,0,15.424948470398377,31.0,2.0,0.0,0.0,0,1,3,1,,,,9,1,0,1,0,0.0,0.0,
B091209-12,2,5,5,4,1,4,,0,,3,현 3개 소득원 지속중,9,12,12,0.1667,0.0833,0.8333,7.583,91,12,2.0,0.167,12.0,,1,0,2009,정상종료,완납,1252,3320,200만원,12개월,0.3,남자,세,기타,,,,20.0,6.0,16.0,0.0,0.0,1,,,,,2000000.0,12.0,216666.66666666663,193750.0,,,,,12,7.132497551660044,B091209-12,none,False,,False,0,0,0,0,0,14.50865773852422,20.0,16.0,0.0,0.0,0,1,3,1,,,,9,1,0,1,0,0.0,0.0,
B091221-12,1,2,1,1,0,5,,0,,0,현 월급+대리운전 소득,9,7,7,1.0,0.8571,0.0,0.0,0,0,,,,,0,0,2009,정상종료,완납,88,971,100만원,9개월,0.3,남자,세,기타,,,,52.0,47.0,0.0,0.0,0.0,1,,,,,1000000.0,9.0,136111.11111111112,125000.0,,,,,12,4.477336814478207,B100707-15,,,,,0,0,0,0,0,13.815510557964274,52.0,0.0,0.0,0.0,0,1,1,1,,,,9,0,0,0,0,0.0,0.0,
B100126-12,1,2,1,1,0,4,,0,,0,현 급여180만·잔액60만,9,10,10,0.8,0.5,0.2,0.3,3,2,3.0,0.3,4.0,8.0,1,0,2010,정상종료,완납,255,1002,200만원,12개월,0.3,남자,세,기타,,,,,,,,,1,,,,,2000000.0,12.0,216666.66666666663,193750.0,,,,,12,5.541263545158426,B100126-12,,,,,0,0,0,0,0,14.50865773852422,0.0,0.0,0.0,0.0,1,1,1,1,,,,9,0,0,0,0,0.0,0.0,
B100316-12,5,5,1,3,1,5,250000.0,1,월,2,현 콜센터+과외 소득,9,19,19,1.0,1.0,0.0,0.0,0,0,,,,,0,0,2010,정상종료,완납,406,812,300만원,24개월,0.3,여자,세,기타,,,,52.0,46.0,2.0,0.0,0.0,1,,,,,3000000.0,24.0,200000.0,164062.5,,,,,12,6.0063531596017325,B090415-7,,,,,0,0,0,0,0,14.914122846632385,52.0,2.0,0.0,0.0,0,0,1,1,,,,9,0,0,0,0,0.0,0.0,
B100504-12,3,5,1,1,0,5,,0,,2,07년 입사·아내 17년 운영,9,12,12,0.25,0.0,0.75,4.833,58,27,1.0,0.083,3.0,4.0,1,0,2010,정상종료,완납,945,1648,250만원,12개월,0.3,남자,세,기타,,,,,,,,,1,,,,,2500000.0,12.0,270833.3333333334,242187.5,,,,,12,6.851184927493743,B100504-12,,,,,0,0,0,0,0,14.73180128983843,0.0,0.0,0.0,0.0,1,1,1,1,,,,9,0,0,0,0,0.0,1.0604453870625663,
B100506-12,2,5,1,1,0,5,,0,,2,부부 합산 230만 현소득,9,10,10,0.4,0.4,0.6,8.3,83,31,3.0,0.3,5.0,7.0,1,0,2010,연체중,손실,377,3203,200만원,12개월,0.3,남자,세,기타,,,,,,,,,1,,,,,2000000.0,12.0,216666.66666666663,193750.0,,,,,12,5.932245187448011,B100506-12,,,,,0,0,0,0,0,14.50865773852422,0.0,0.0,0.0,0.0,1,1,1,1,,,,9,0,0,0,0,0.0,0.0,
B100510-12,2,5,5,5,1,4,,0,,3,부자 모두 재취업 근무중,9,12,12,0.0833,0.0833,0.9167,21.083,253,29,2.0,0.167,,,1,0,2010,정상종료,완납,943,572,200만원,12개월,0.3,남자,세,기타,,,,,,,,,1,,,,,2000000.0,12.0,216666.66666666663,193750.0,,,,,12,6.849066282633458,B100510-12,income,False,15.0,True,0,1,0,0,0,14.50865773852422,0.0,0.0,0.0,0.0,1,1,3,4,,,,9,1,0,1,0,0.0,1.0604453870625663,
B100709-12,2,4,3,1,0,3,,0,일시,2,사무실 이적시 선급금 기대,9,5,5,1.0,1.0,0.0,0.0,0,0,,,,,0,0,2010,정상종료,완납,201,1781,150만원,9개월,0.3,남자,세,기타,,,,11.0,11.0,0.0,0.0,0.0,1,,,,,1500000.0,9.0,204166.66666666663,187500.0,,,,,12,5.303304908059076,B100201-15,,,,,0,0,0,0,0,14.22097566607244,11.0,0.0,0.0,0.0,0,1,3,1,,,,9,0,0,0,0,3.015075376884422,0.0,
B100714-12,5,4,4,1,0,4,240000.0,1,월,1,월급200만·형집 거주,9,3,3,0.0,0.0,1.0,32.0,96,61,1.0,0.333,,,1,0,2010,손실(상환완료),손실,315,1150,300만원,18개월,0.3,남자,세,기타,,,,4.0,3.0,3.0,1.0,0.0,1,,,,,3000000.0,18.0,241666.66666666663,206250.0,,,,,12,5.752572638825633,B091124-8,income,False,,False,0,1,0,0,0,14.914122846632385,4.0,3.0,1.0,0.0,0,1,1,1,,,,9,1,0,1,0,0.0,0.0,
B100805-12,2,4,3,1,0,2,,0,,1,캐디 교육후 취업 기대,9,11,11,1.0,0.9091,0.0,0.0,0,0,,,,,0,0,2010,정상종료,완납,92,389,100만원,12개월,0.3,남자,세,기타,,,,,,,,,1,,,,,1000000.0,12.0,108333.33333333331,96875.0,,,,,12,4.5217885770490405,B100805-12,,,,,0,0,0,0,0,13.815510557964274,0.0,0.0,0.0,0.0,1,1,1,1,,,,9,0,0,0,0,0.0,0.0,
B100907-12,1,2,3,1,0,4,,0,,0,부부소득·보육료 지원,9,12,12,0.5,0.0833,0.5,0.5,6,1,1.0,0.083,3.0,6.0,1,0,2010,정상종료,완납,502,343,200만원,12개월,0.3,남자,세,기타,,,,,,,,,1,,,,,2000000.0,12.0,216666.66666666663,193750.0,,,,,12,6.218600119691729,B100907-12,,,,,0,0,0,0,0,14.50865773852422,0.0,0.0,0.0,0.0,1,1,1,1,,,,9,0,0,0,0,0.0,0.0,
B101013-12,5,5,1,1,0,5,200000.0,1,월,3,재직10개월·누나 지원중,9,1,1,1.0,1.0,0.0,0.0,0,0,,,,,0,0,2010,정상종료,완납,699,1265,100만원,6개월,0.3,남자,세,기타,,,,16.0,12.0,2.0,0.0,0.0,1,,,,,1000000.0,6.0,191666.66666666663,181250.0,,,,,12,6.54965074223381,B101013-12,,,,,0,0,0,0,0,13.815510557964274,16.0,2.0,0.0,0.0,0,1,1,1,,,,9,0,0,0,0,0.2890173410404624,0.0,
B101116-12,2,5,2,3,1,5,,0,,2,1년 매출실적 6천만 제시,9,9,9,1.0,1.0,0.0,0.0,0,0,,,,,0,0,2010,정상종료,완납,1548,4172,300만원,15개월,0.3,남자,세,기타,,,,,,,,,1,,,,,3000000.0,15.0,275000.0,240000.0,,,,,12,7.344719054149673,B101116-12,,,,,0,0,0,0,0,14.914122846632385,0.0,0.0,0.0,0.0,1,1,2,1,,,,9,0,0,0,0,0.0,0.0,
B101210-12,2,4,3,1,0,5,,0,,1,회생 4년 무연체 상환중,9,22,22,1.0,0.9545,0.0,0.0,0,0,,,,,0,0,2010,정상종료,완납,365,1606,300만원,24개월,0.3,여자,세,기타,,,,48.0,38.0,1.0,0.0,0.0,1,,,,,3000000.0,24.0,200000.0,164062.5,,,,,12,5.899897353582492,B101210-12,,,,,0,0,0,0,0,14.914122846632385,48.0,1.0,0.0,0.0,0,0,2,1,,,,9,0,0,0,0,0.0,2.73972602739726,
B090413-13,2,4,1,1,0,5,,0,,1,본인·남편 재직중,9,9,9,0.7778,0.4444,0.2222,0.222,2,1,1.0,0.111,2.0,5.0,1,0,2009,정상종료,완납,250,515,100만원,12개월,0.3,여자,세,기타,,,,,,,,,1,,,,,1000000.0,12.0,108333.33333333331,96875.0,,,,,13,5.521460917862246,B090413-13,,,,,0,0,0,0,0,13.815510557964274,0.0,0.0,0.0,0.0,1,0,1,1,,,,9,0,0,0,0,0.0,0.0,
B090803-13,2,4,3,1,0,5,,0,,1,급여149만·여유50만,9,11,11,0.0909,0.0,0.9091,20.364,224,61,2.0,0.182,,,1,0,2009,연체중,손실,99,633,300만원,21개월,0.3,여자,세,기타,,,,6.0,1.0,7.0,3.0,0.0,1,,,,,3000000.0,21.0,217857.14285714287,182142.8571428572,,,,,13,4.59511985013459,B090106-6,,,,,0,0,0,0,0,14.914122846632385,6.0,7.0,3.0,0.0,0,0,1,1,,,,9,0,0,0,0,0.0,0.0,
B090824-13,2,4,5,2,1,4,,0,,1,인수후 10월 급여 220만,9,7,7,0.7143,0.5714,0.2857,9.857,69,61,6.0,0.857,,,1,0,2009,연체중,손실,627,1818,200만원,12개월,0.3,남자,세,기타,,,,,,,,,1,,,,,2000000.0,12.0,216666.66666666663,193750.0,,,,,13,6.440946540632921,B090824-13,income,False,,False,0,1,0,0,0,14.50865773852422,0.0,0.0,0.0,0.0,1,1,1,1,,,,9,1,0,1,0,0.0,4.807692307692308,
B090911-13,5,5,1,1,0,4,200000.0,1,월,2,월급130만·부친 지원,9,3,3,0.0,0.0,1.0,22.667,68,61,1.0,0.333,,,1,0,2009,연체중,손실,397,2649,100만원,9개월,0.3,여자,세,기타,,,,,,,,,1,,,,,1000000.0,9.0,136111.11111111112,125000.0,,,,,13,5.983936280687191,B090911-13,,,,,0,0,0,0,0,13.815510557964274,0.0,0.0,0.0,0.0,1,0,1,1,,,,9,0,0,0,0,0.0,0.0,
B090914-13,3,5,1,1,0,5,,0,,2,월170만 소득·회생중,9,6,6,0.0,0.0,1.0,3.5,21,4,1.0,0.167,,,1,0,2009,정상종료,완납,182,1176,100만원,6개월,0.3,여자,세,기타,,,,2.0,1.0,10.0,0.0,0.0,1,,,,,1000000.0,6.0,191666.66666666663,181250.0,,,,,13,5.204006687076795,B081118-3,,,,,0,0,0,0,0,13.815510557964274,2.0,10.0,0.0,0.0,0,0,1,1,,,,9,0,0,0,0,0.0,0.0,
B090918-13,3,5,4,3,1,4,,0,,2,재직중·남편 생활비 50만,9,11,11,0.7273,0.4545,0.2727,0.273,3,1,2.0,0.182,3.0,5.0,1,0,2009,정상종료,완납,622,1387,200만원,12개월,0.3,여자,세,기타,,,,29.0,11.0,5.0,0.0,0.0,1,,,,,2000000.0,12.0,216666.66666666663,193750.0,,,,,13,6.432940092739179,B090918-13,income,False,,False,0,1,0,0,0,14.50865773852422,29.0,5.0,0.0,0.0,0,0,1,2,,,,9,1,0,1,0,0.0,3.2206119162640903,
B091020-13,2,4,4,1,0,2,,0,,1,11월말부터 수입 발생 예정,9,9,9,0.8889,0.4444,0.1111,6.778,61,61,9.0,1.0,,,1,0,2009,연체중,손실,216,4602,300만원,18개월,0.3,여자,세,기타,,,,,,,,,1,,,,,3000000.0,18.0,241666.66666666663,206250.0,,,,,13,5.375278407684165,B091020-13,income,False,,False,0,1,0,0,0,14.914122846632385,0.0,0.0,0.0,0.0,1,0,3,1,,,,9,1,0,1,0,0.0,4.716981132075471,
B091028-13,2,5,1,1,0,5,,0,,3,현 수입230만·공사 추가,9,10,10,0.8,0.7,0.2,0.5,5,3,2.0,0.2,4.0,,1,0,2009,정상종료,완납,272,622,200만원,12개월,0.3,남자,세,기타,,,,24.0,22.0,4.0,0.0,0.0,1,,,,,2000000.0,12.0,216666.66666666663,193750.0,,,,,13,5.605802066295998,B090122-8,,,,,0,0,0,0,0,14.50865773852422,24.0,4.0,0.0,0.0,0,1,1,1,,,,9,0,0,0,0,0.0,0.0,
B091113-13,5,5,1,1,0,5,220000.0,1,월,2,급여170만·부친 80만,9,24,24,0.0833,0.0833,0.9167,8.375,201,30,2.0,0.083,10.0,11.0,1,0,2009,정상종료,완납,131,468,300만원,24개월,0.3,여자,세,기타,,,,12.0,11.0,29.0,1.0,0.0,1,,,,,3000000.0,24.0,200000.0,164062.5,,,,,13,4.875197323201151,B090526-4,,,,,0,0,0,0,0,14.914122846632385,12.0,29.0,1.0,0.0,0,0,1,1,,,,9,0,0,0,0,0.0,0.0,
B091125-13,5,5,2,3,1,4,300000.0,1,월,2,현 월330만 사업수입,9,18,18,1.0,1.0,0.0,0.0,0,0,,,,,0,0,2009,정상종료,완납,588,1146,300만원,24개월,0.3,남자,세,기타,,,,31.0,28.0,15.0,2.0,0.0,1,,,,,3000000.0,24.0,200000.0,164062.5,,,,,13,6.376726947898627,B090428-12,,,,,0,0,0,0,0,14.914122846632385,31.0,15.0,2.0,0.0,0,1,1,1,,,,9,0,0,0,0,0.0,0.0,
B091130-13,2,5,1,1,0,4,,0,,2,부부소득250만·증빙불가,9,12,12,1.0,0.5833,0.0,0.0,0,0,,,,,0,0,2009,정상종료,완납,988,1616,150만원,12개월,0.3,여자,세,기타,,,,33.0,23.0,0.0,0.0,0.0,1,,,,,1500000.0,12.0,162500.0,145312.5,,,,,13,6.895682697747868,B091130-13,,,,,0,0,0,0,0,14.22097566607244,33.0,0.0,0.0,0.0,0,0,1,2,,,,9,0,0,0,0,0.101419878296146,0.0,
B100226-13,5,5,5,4,1,5,,0,월,2,부부수입390만·잉여75만,9,15,15,1.0,1.0,0.0,0.0,0,0,,,,,0,0,2010,정상종료,완납,701,1360,300만원,15개월,0.3,여자,세,기타,,,,76.0,48.0,1.0,0.0,0.0,1,,,,,3000000.0,15.0,275000.0,240000.0,,,,,13,6.55250788703459,B100226-13,event,False,20.0,False,0,0,0,1,0,14.914122846632385,76.0,1.0,0.0,0.0,0,0,1,1,,,,9,1,0,1,0,0.0,0.0,
B100309-13,5,5,2,3,1,4,110000.0,1,월,2,본인일당·아내 병원근무,9,12,12,1.0,1.0,0.0,0.0,0,0,,,,,0,0,2010,정상종료,완납,488,1634,100만원,12개월,0.3,남자,세,기타,,,,,,,,,1,,,,,1000000.0,12.0,108333.33333333331,96875.0,,,,,13,6.190315405853148,B100309-13,,,,,0,0,0,0,0,13.815510557964274,0.0,0.0,0.0,0.0,1,1,1,3,,,,9,0,0,0,0,0.0,0.0,
B100324-13,5,5,3,1,0,5,200000.0,1,월,2,급여145+알바30 현재,9,6,6,0.8333,0.3333,0.1667,0.167,1,1,5.0,0.833,6.0,,1,0,2010,정상종료,완납,903,2319,100만원,6개월,0.3,여자,세,기타,,,,10.0,4.0,8.0,0.0,0.0,1,,,,,1000000.0,6.0,191666.66666666663,181250.0,,,,,13,6.805722553416985,B100324-13,,,,,0,0,0,0,0,13.815510557964274,10.0,8.0,0.0,0.0,0,0,1,1,,,,9,0,0,0,0,0.1117318435754189,0.0,
B100401-13,2,5,5,1,0,4,,0,월,2,부부 재직·5월 급여인상,9,9,9,1.0,0.4444,0.0,0.0,0,0,,,,,0,0,2010,정상종료,완납,873,1760,300만원,21개월,0.3,여자,세,기타,,,,18.0,7.0,19.0,7.0,0.0,1,,,,,3000000.0,21.0,217857.14285714287,182142.8571428572,,,,,13,6.771935555839602,B100401-13,income,True,25.0,False,1,1,0,0,1,14.914122846632385,18.0,19.0,7.0,0.0,0,0,4,1,income,25.0,False,9,1,1,0,1,0.0,1.162790697674419,
B100416-13,5,5,1,1,0,4,330000.0,1,월,2,3월 영업소득 기준,9,3,3,0.3333,0.0,0.6667,20.667,62,61,1.0,0.333,2.0,3.0,1,0,2010,연체중,손실,561,1527,500만원,24개월,0.3,남자,세,기타,,,,5.0,1.0,3.0,1.0,0.0,1,,,,,5000000.0,24.0,333333.3333333334,273437.5,,,,,13,6.329720905522696,B090915-10,,,,,0,0,0,0,0,15.424948470398377,5.0,3.0,1.0,0.0,0,1,1,2,,,,9,0,0,0,0,0.0,0.0,
B100607-13,2,4,1,1,0,5,,0,,2,부부수입270만 현재,9,8,8,1.0,0.625,0.0,0.0,0,0,,,,,0,0,2010,정상종료,완납,445,1015,150만원,9개월,0.3,여자,세,기타,,,,8.0,5.0,2.0,0.0,0.0,1,,,,,1500000.0,9.0,204166.66666666663,187500.0,,,,,13,6.09807428216624,B100607-13,,,,,0,0,0,0,0,14.22097566607244,8.0,2.0,0.0,0.0,0,0,1,1,,,,9,0,0,0,0,0.0,4.524886877828055,
B100618-13,5,5,3,1,0,4,162000.0,1,월,2,남편 월급150만 현재,9,12,12,0.3333,0.3333,0.6667,6.5,78,18,3.0,0.25,5.0,6.0,1,0,2010,정상종료,완납,391,558,150만원,12개월,0.3,여자,세,기타,,,,,,,,,1,,,,,1500000.0,12.0,162500.0,145312.5,,,,,13,5.968707559985366,B100618-13,,,,,0,0,0,0,0,14.22097566607244,0.0,0.0,0.0,0.0,1,0,1,1,,,,9,0,0,0,0,0.0,0.0,
B100621-13,1,2,1,1,0,5,,0,,0,4대보험 신고급여 225만,9,15,15,0.2667,0.0667,0.7333,2.067,31,6,4.0,0.267,14.0,15.0,1,0,2010,정상종료,완납,197,379,300만원,15개월,0.3,남자,세,기타,,,,20.0,4.0,17.0,0.0,0.0,1,,,,,3000000.0,15.0,275000.0,240000.0,,,,,13,5.2832037287379885,B081231-6,,,,,0,0,0,0,0,14.914122846632385,20.0,17.0,0.0,0.0,0,1,1,1,,,,9,0,0,0,0,0.0,0.0,
B100720-13,1,2,4,1,0,5,,0,,0,6월부터 월급제 전환,9,4,4,0.5,0.25,0.5,17.25,69,61,3.0,0.75,,,1,0,2010,연체중,손실,297,566,300만원,18개월,0.3,남자,세,기타,,,,5.0,1.0,2.0,0.0,0.0,1,,,,,3000000.0,18.0,241666.66666666663,206250.0,,,,,13,5.6937321388027,B100720-13,income,False,30.0,False,0,1,0,0,0,14.914122846632385,5.0,2.0,0.0,0.0,0,1,1,1,,,,9,1,0,1,1,0.0,0.0,
B100907-13,5,5,5,4,1,4,200000.0,1,월,3,12개월 급여내역 제시,9,6,6,1.0,0.8333,0.0,0.0,0,0,,,,,0,0,2010,정상종료,완납,1471,695,100만원,6개월,0.3,남자,세,기타,,,,71.0,56.0,14.0,0.0,0.0,1,,,,,1000000.0,6.0,191666.66666666663,181250.0,,,,,13,7.293697720601438,B100907-13,income,False,,True,1,1,0,0,0,13.815510557964274,71.0,14.0,0.0,0.0,0,1,5,1,income,,True,9,1,1,0,0,0.0,0.0,
B101118-13,2,2,1,1,0,2,,0,,0,성과급 불규칙 수입,9,12,12,0.5833,0.5833,0.4167,4.25,51,24,7.0,0.583,9.0,10.0,1,0,2010,정상종료,완납,370,571,200만원,12개월,0.3,남자,세,기타,,,,,,,,,1,,,,,2000000.0,12.0,216666.66666666663,193750.0,,,,,13,5.91350300563827,B101118-13,,,,,0,0,0,0,0,14.50865773852422,0.0,0.0,0.0,0.0,1,1,1,2,,,,9,0,0,0,0,0.0,0.0,
B101201-13,3,4,5,1,0,3,,0,월,2,재직·복지대출 예정,9,9,9,1.0,0.8889,0.0,0.0,0,0,,,,,0,0,2010,정상종료,완납,226,1202,100만원,9개월,0.3,,세,기타,,,,,,,,,1,,,,,1000000.0,9.0,136111.11111111112,125000.0,,,,,13,5.420534999272286,B101201-13,income,False,,True,1,1,0,0,0,13.815510557964274,0.0,0.0,0.0,0.0,1,0,5,1,income,31.0,True,9,1,1,0,1,0.4464285714285714,0.0,
B101213-13,3,4,5,4,1,5,,0,,1,정규직 전환·급여인상,9,7,7,1.0,1.0,0.0,0.0,0,0,,,,,0,0,2010,정상종료,완납,645,2049,300만원,18개월,0.3,여자,세,기타,,,,16.0,16.0,0.0,0.0,0.0,1,,,,,3000000.0,18.0,241666.66666666663,206250.0,,,,,13,6.4692503167957724,B101213-13,income,False,10.0,False,0,1,0,0,0,14.914122846632385,16.0,0.0,0.0,0.0,0,0,2,1,,,,9,1,0,1,1,0.0,0.0,10.0
B090226-14,2,4,2,1,0,5,,0,,2,부부수입270만·잔여30만,9,9,9,0.2222,0.0,0.7778,2.444,22,9,2.0,0.222,6.0,7.0,1,0,2009,정상종료,완납,228,371,100만원,9개월,0.3,여자,세,기타,,,,4.0,1.0,17.0,0.0,0.0,1,,,,,1000000.0,9.0,136111.11111111112,125000.0,,,,,14,5.429345628954441,B090226-14,,,,,0,0,0,0,0,13.815510557964274,4.0,17.0,0.0,0.0,0,0,1,1,,,,9,0,0,0,0,0.0,0.0,
B090713-14,5,5,4,1,0,3,150000.0,1,월,2,8월 정식입사 예정,9,4,4,1.0,0.75,0.0,0.0,0,0,,,,,0,0,2009,정상종료,완납,264,699,100만원,6개월,0.3,남자,세,기타,,,,5.0,4.0,1.0,0.0,0.0,1,,,,,1000000.0,6.0,191666.66666666663,181250.0,,,,,14,5.575949103146316,B090713-14,none,False,,False,0,0,0,0,0,13.815510557964274,5.0,1.0,0.0,0.0,0,1,1,1,,,,9,1,0,1,0,0.0,0.0,
B090730-14,5,4,5,4,1,4,272000.0,1,월,1,현 일용직 급여 상세계산,9,1,1,0.0,0.0,1.0,61.0,61,61,1.0,1.0,,,1,0,2009,연체중,손실,1260,2032,200만원,9개월,0.3,남자,세,기타,,,,,,,,,1,,,,,2000000.0,9.0,272222.22222222225,250000.0,,,,,14,7.138866999945524,B090730-14,none,False,,False,0,0,0,0,0,14.50865773852422,0.0,0.0,0.0,0.0,1,1,1,1,,,,9,1,0,1,0,0.0,1.5961691939345573,
B090804-14,3,5,1,2,1,5,,0,,2,급여170+양육비25 현재,9,10,10,1.0,0.8,0.0,0.0,0,0,,,,,0,0,2009,정상종료,완납,238,336,200만원,12개월,0.3,,세,기타,,,,,,,,,1,,,,,2000000.0,12.0,216666.66666666663,193750.0,,,,,14,5.472270673671475,B090804-14,,,,,0,0,0,0,0,14.50865773852422,0.0,0.0,0.0,0.0,1,0,1,1,,,,9,0,0,0,0,0.0,16.80672268907563,
B090930-14,2,5,4,1,0,4,,0,,4,남편월급·계 만기 예정,9,12,12,1.0,1.0,0.0,0.0,0,0,,,,,0,0,2009,정상종료,완납,750,759,300만원,15개월,0.3,여자,세,기타,,,,25.0,22.0,4.0,1.0,0.0,1,,,,,3000000.0,15.0,275000.0,240000.0,,,,,14,6.620073206530356,B090930-14,event,False,,False,0,0,0,1,0,14.914122846632385,25.0,4.0,1.0,0.0,0,0,3,1,,,,9,1,0,1,0,1.3605442176870748,0.0,
B091028-14,5,4,4,1,0,5,100000.0,1,월,1,월급140만 현재,9,7,7,0.5714,0.4286,0.4286,0.857,6,3,1.0,0.143,3.0,6.0,1,0,2009,정상종료,완납,461,1344,100만원,12개월,0.3,여자,세,기타,,,,,,,,,1,,,,,1000000.0,12.0,108333.33333333331,96875.0,,,,,14,6.133398042996649,B091028-14,none,False,,False,0,0,0,0,0,13.815510557964274,0.0,0.0,0.0,0.0,1,0,2,2,,,,9,1,0,1,0,1.084598698481562,2.169197396963124,
B091118-14,2,4,5,1,0,4,,0,,1,대리운전 일7만·28일,9,12,12,1.0,0.4167,0.0,0.0,0,0,,,,,0,0,2009,정상종료,완납,564,299,150만원,12개월,0.3,남자,세,기타,,,,29.0,11.0,4.0,2.0,0.0,1,,,,,1500000.0,12.0,162500.0,145312.5,,,,,14,6.335054251498059,B091118-14,none,False,,False,0,0,0,0,0,14.22097566607244,29.0,4.0,2.0,0.0,0,1,1,2,,,,9,1,0,1,0,0.1773049645390071,1.7730496453900708,
B091125-14,1,2,4,2,1,4,,0,,0,출산휴가·1월 복직 예정,9,12,12,0.8333,0.1667,0.1667,0.167,2,1,1.0,0.083,2.0,9.0,1,0,2009,정상종료,완납,319,1391,200만원,12개월,0.3,여자,세,기타,,,,21.0,11.0,16.0,0.0,0.0,1,,,,,2000000.0,12.0,216666.66666666663,193750.0,,,,,14,5.765191102784844,B091125-14,calendar,False,10.0,False,0,0,1,0,0,14.50865773852422,21.0,16.0,0.0,0.0,0,0,1,2,,,,9,1,0,1,0,0.628930817610063,0.0,
B100115-14,5,4,1,1,0,5,200000.0,1,월,1,실수령153만·차액50만,9,19,19,0.8421,0.5789,0.1579,0.158,3,1,6.0,0.316,7.0,15.0,1,0,2010,정상종료,완납,338,1125,300만원,24개월,0.3,여자,세,기타,,,,,,,,,1,,,,,3000000.0,24.0,200000.0,164062.5,,,,,14,5.823045895483019,B100115-14,,,,,0,0,0,0,0,14.914122846632385,0.0,0.0,0.0,0.0,1,0,1,1,,,,9,0,0,0,0,0.0,0.0,
B100126-14,5,5,5,1,0,4,300000.0,1,월,3,재직7개월·실수령167만,9,6,6,1.0,1.0,0.0,0.0,0,0,,,,,0,0,2010,정상종료,완납,1069,3220,150만원,6개월,0.3,남자,세,기타,,,,,,,,,1,,,,,1500000.0,6.0,287500.0,271875.0,,,,,14,6.974478911025045,B100126-14,income,True,27.0,True,1,1,0,0,1,14.22097566607244,0.0,0.0,0.0,0.0,1,1,5,1,calendar,,True,9,1,1,0,1,0.0,9.57854406130268,27.0
B100127-14,4,5,5,1,0,3,,0,월,3,월급220만·잉여5만,9,7,7,1.0,0.8571,0.0,0.0,0,0,,,,,0,0,2010,정상종료,완납,543,1005,100만원,9개월,0.3,남자,세,기타,,,,,,,,,1,,,,,1000000.0,9.0,136111.11111111112,125000.0,,,,,14,6.297109319933935,B100127-14,none,False,,False,0,0,0,0,0,13.815510557964274,0.0,0.0,0.0,0.0,1,1,1,1,,,,9,1,0,1,0,0.1869158878504673,5.607476635514018,
B100201-14,1,2,4,1,0,4,,0,,0,최근 고정직 170만 취업,9,7,7,0.7143,0.2857,0.2857,0.429,3,2,4.0,0.571,5.0,6.0,1,0,2010,정상종료,완납,205,699,100만원,12개월,0.28,여자,세,기타,,,,20.0,11.0,22.0,3.0,0.0,1,,,,,1000000.0,12.0,106666.66666666666,95972.22222222222,,,,,14,5.3230099791384085,A080620-1,none,False,,False,0,0,0,0,0,13.815510557964274,20.0,22.0,3.0,0.0,0,0,1,2,,,,9,1,0,1,0,0.4878048780487805,0.0,
B100210-14,3,5,4,2,1,4,,0,,1,월550만 사업수입 평균,9,19,19,0.7895,0.3158,0.2105,0.632,12,7,1.0,0.053,2.0,8.0,1,0,2010,정상종료,완납,570,1453,350만원,24개월,0.3,여자,세,기타,,,,46.0,17.0,10.0,0.0,0.0,1,,,,,3500000.0,24.0,233333.3333333333,191406.25,,,,,14,6.345636360828596,A070912-1,none,False,,False,0,0,0,0,0,15.068273526459642,46.0,10.0,0.0,0.0,0,0,1,2,,,,9,1,0,1,0,0.0,0.0,
B100217-14,3,4,4,3,1,5,,0,,1,실수령225만·잔여40만,9,7,7,1.0,0.8571,0.0,0.0,0,0,,,,,0,0,2010,정상종료,완납,273,1291,500만원,18개월,0.3,남자,세,기타,,,,37.0,36.0,0.0,0.0,0.0,1,,,,,5000000.0,18.0,402777.77777777775,343750.0,,,,,14,5.60947179518496,B100217-14,none,False,,False,0,0,0,0,0,15.424948470398377,37.0,0.0,0.0,0.0,0,1,2,1,,,,9,1,0,1,0,0.0,0.0,
B100224-14,5,4,4,3,1,5,280000.0,1,월,1,월급210만·지출120만,9,3,3,0.0,0.0,1.0,34.0,102,61,1.0,0.333,,,1,0,2010,연체중,손실,379,927,200만원,9개월,0.3,남자,세,기타,,,,3.0,0.0,7.0,1.0,0.0,1,,,,,2000000.0,9.0,272222.22222222225,250000.0,,,,,14,5.937536205082426,B090119-8,income,False,5.0,True,1,1,0,0,0,14.50865773852422,3.0,7.0,1.0,0.0,0,1,4,3,income,5.0,False,9,1,1,0,1,0.0,2.6455026455026456,5.0
B100316-14,5,5,4,1,0,5,300000.0,1,월,2,수급비130+알바250 현재,9,4,4,1.0,1.0,0.0,0.0,0,0,,,,,0,0,2010,정상종료,완납,564,3012,300만원,15개월,0.3,남자,세,기타,,,,36.0,30.0,6.0,0.0,0.0,1,,,,,3000000.0,15.0,275000.0,240000.0,,,,,14,6.335054251498059,B100316-14,income,False,20.0,False,0,1,0,0,0,14.914122846632385,36.0,6.0,0.0,0.0,0,1,1,1,,,,9,1,0,1,0,0.17825311942959,1.7825311942959,
B100505-14,5,4,3,1,0,4,200000.0,1,월,1,학원급여230만·증빙불가,9,7,7,0.4286,0.2857,0.5714,10.571,74,29,4.0,0.571,,,1,0,2010,정상종료,완납,243,342,200만원,12개월,0.3,,세,기타,,,,10.0,6.0,6.0,0.0,0.0,1,,,,,2000000.0,12.0,216666.66666666663,193750.0,,,,,14,5.493061443340548,B090709-2,,,,,0,0,0,0,0,14.50865773852422,10.0,6.0,0.0,0.0,0,0,1,1,,,,9,0,0,0,0,0.0,0.0,
B100715-14,4,5,5,4,1,4,,0,월,3,월급180만·10월 부담경감,9,3,3,0.6667,0.6667,0.3333,20.333,61,61,3.0,1.0,,,1,0,2010,연체중,손실,1004,1022,50만원,6개월,0.3,남자,세,기타,,,,,,,,,1,,,,,500000.0,6.0,95833.33333333331,90625.0,,,,,14,6.911747300251674,B100715-14,income,False,,True,1,1,0,0,0,13.122363377404328,0.0,0.0,0.0,0.0,1,1,5,2,event,,True,9,1,1,0,0,0.3018108651911468,0.0,
B101011-14,5,5,5,4,1,4,250000.0,1,월,2,경리알바95만·입금내역,9,4,4,0.5,0.25,0.5,14.25,57,30,3.0,0.75,,,1,0,2010,정상종료,완납,650,1674,300만원,18개월,0.3,여자,세,기타,,,,13.0,10.0,1.0,1.0,0.0,1,,,,,3000000.0,18.0,241666.66666666663,206250.0,,,,,14,6.476972362889683,B101011-14,income,False,30.0,False,1,1,0,0,0,14.914122846632385,13.0,1.0,1.0,0.0,0,0,4,2,calendar,,False,9,1,1,0,1,0.0,0.0,30.0
B101021-14,2,4,1,1,0,5,,0,,1,월급118만·잔여35만,9,12,12,0.9167,0.8333,0.0833,0.833,10,10,10.0,0.833,11.0,,1,0,2010,정상종료,완납,163,588,200만원,12개월,0.3,여자,세,기타,,,,,,,,,1,,,,,2000000.0,12.0,216666.66666666663,193750.0,,,,,14,5.093750200806762,B101021-14,,,,,0,0,0,0,0,14.50865773852422,0.0,0.0,0.0,0.0,1,0,1,1,,,,9,0,0,0,0,0.0,0.0,
B101104-14,2,4,3,5,1,3,,0,,2,수당 불규칙+알바 예정,9,9,9,0.7778,0.1111,0.2222,1.0,9,8,4.0,0.444,5.0,6.0,1,0,2010,정상종료,완납,564,916,100만원,9개월,0.3,남자,세,기타,,,,7.0,1.0,12.0,2.0,0.0,1,,,,,1000000.0,9.0,136111.11111111112,125000.0,,,,,14,6.335054251498059,B110803-3,,,,,0,0,0,0,0,13.815510557964274,7.0,12.0,2.0,0.0,0,1,2,4,,,,9,0,0,0,0,0.1773049645390071,0.0,
B090114-15,5,4,1,2,1,5,100000.0,1,월,1,월평균 급여 330만,9,11,11,1.0,0.9091,0.0,0.0,0,0,,,,,0,0,2009,정상종료,완납,307,899,100만원,12개월,0.3,남자,세,기타,,,,46.0,44.0,19.0,2.0,0.0,1,,,,,1000000.0,12.0,108333.33333333331,96875.0,,,,,15,5.726847747587197,A081020-3,,,,,0,0,0,0,0,13.815510557964274,46.0,19.0,2.0,0.0,0,1,1,2,,,,9,0,0,0,0,0.0,0.0,
B090203-15,4,5,5,1,0,4,180000.0,1,월,2,영업 순수익 220만,9,6,6,1.0,1.0,0.0,0.0,0,0,,,,,0,0,2009,정상종료,완납,657,254,100만원,6개월,0.29,여자,세,기타,,,,41.0,41.0,0.0,0.0,0.0,1,,,,,1000000.0,6.0,190833.3333333333,180763.88888888888,,,,,15,6.48768401848461,B090203-15,event,False,,False,0,0,0,1,0,13.815510557964274,41.0,0.0,0.0,0.0,0,0,1,1,,,,9,1,0,1,0,0.30441400304414,3.0441400304414,
B090210-15,2,5,4,1,0,4,,0,,2,부부소득·아내 정직원 예정,9,5,5,0.2,0.0,0.8,21.2,106,61,2.0,0.4,,,1,0,2009,연체중,손실,397,1003,100만원,12개월,0.3,남자,세,기타,,,,3.0,1.0,4.0,1.0,0.0,1,,,,,1000000.0,12.0,108333.33333333331,96875.0,,,,,15,5.983936280687191,B090205-3,income,False,,False,0,1,0,0,0,13.815510557964274,3.0,4.0,1.0,0.0,0,1,1,1,,,,9,1,0,1,0,0.0,0.0,
B090806-15,5,4,1,1,0,5,100000.0,1,월,1,급여130만·시골 지원,9,9,9,1.0,0.7778,0.0,0.0,0,0,,,,,0,0,2009,정상종료,완납,132,565,100만원,12개월,0.3,여자,세,기타,,,,51.0,40.0,9.0,0.0,0.0,1,,,,,1000000.0,12.0,108333.33333333331,96875.0,,,,,15,4.882801922586371,A080116-1,,,,,0,0,0,0,0,13.815510557964274,51.0,9.0,0.0,0.0,0,0,1,1,,,,9,0,0,0,0,0.0,0.0,
B090903-15,1,2,1,1,0,5,,0,,0,부부 월수입 250만,9,11,11,0.6364,0.4545,0.3636,3.182,35,10,2.0,0.182,3.0,4.0,1,0,2009,정상종료,완납,481,3134,300만원,15개월,0.3,여자,세,기타,,,,16.0,12.0,10.0,1.0,0.0,1,,,,,3000000.0,15.0,275000.0,240000.0,,,,,15,6.175867270105761,B090415-5,,,,,0,0,0,0,0,14.914122846632385,16.0,10.0,1.0,0.0,0,0,1,1,,,,9,0,0,0,0,0.0,0.0,
B091028-15,2,4,3,1,0,5,,0,,2,세후140~150·보너스,9,12,12,1.0,0.6667,0.0,0.0,0,0,,,,,0,0,2009,정상종료,완납,219,740,200만원,12개월,0.3,남자,세,기타,,,,33.0,18.0,0.0,0.0,0.0,1,,,,,2000000.0,12.0,216666.66666666663,193750.0,,,,,15,5.389071729816501,A070909-1,,,,,0,0,0,0,0,14.50865773852422,33.0,0.0,0.0,0.0,0,1,1,1,,,,9,0,0,0,0,0.0,0.0,
B091106-15,1,2,1,1,0,5,,0,,0,현 부부소득550 지출상세,10,18,18,1.0,1.0,0.0,0.0,0,0,,,,,0,0,2009,정상종료,완납,792,763,300만원,24개월,0.3,여자,세,기타,,,,125.0,120.0,0.0,0.0,0.0,1,,,,,3000000.0,24.0,200000.0,164062.5,,,,,15,6.674561391814426,B090406-6,,,,,0,0,0,0,0,14.914122846632385,125.0,0.0,0.0,0.0,0,0,1,1,,,,10,0,0,0,0,0.0,0.0,
B091116-15,4,4,3,1,0,5,,0,월,1,학원 운영 여유58만,10,5,5,1.0,1.0,0.0,0.0,0,0,,,,,0,0,2009,정상종료,완납,335,1494,150만원,6개월,0.3,남자,세,기타,,,,67.0,65.0,2.0,0.0,0.0,1,,,,,1500000.0,6.0,287500.0,271875.0,,,,,15,5.814130531825066,B091116-15,,,,,0,0,0,0,0,14.22097566607244,67.0,2.0,0.0,0.0,0,1,3,1,,,,10,0,0,0,0,0.0,0.0,
B091118-15,2,5,3,1,0,4,,0,,3,현 비상금·팁 수입,10,6,6,0.3333,0.0,0.6667,6.5,39,17,2.0,0.333,3.0,4.0,1,0,2009,정상종료,완납,179,961,50만원,6개월,0.3,여자,세,기타,,,,,,,,,1,,,,,500000.0,6.0,95833.33333333331,90625.0,,,,,15,5.187385805840755,B091118-15,,,,,0,0,0,0,0,13.122363377404328,0.0,0.0,0.0,0.0,1,0,1,1,,,,10,0,0,0,0,0.0,0.0,
B091123-15,5,4,2,1,0,5,100000.0,1,월,1,공장 재직 월120,10,5,5,0.0,0.0,1.0,13.2,66,61,1.0,0.2,,,1,0,2009,연체중,손실,148,400,50만원,6개월,0.3,여자,세,기타,,,,,,,,,1,,,,,500000.0,6.0,95833.33333333331,90625.0,,,,,15,4.997212273764115,B091123-15,,,,,0,0,0,0,0,13.122363377404328,0.0,0.0,0.0,0.0,1,0,1,1,,,,10,0,0,0,0,0.0,0.0,
B100111-15,3,5,2,1,0,4,,0,월,3,현 수입230 지출185,10,17,17,1.0,1.0,0.0,0.0,0,0,,,,,0,0,2010,정상종료,완납,671,1132,300만원,18개월,0.3,남자,세,기타,,,,125.0,86.0,2.0,0.0,0.0,1,,,,,3000000.0,18.0,241666.66666666663,206250.0,,,,,15,6.508769136971682,B100111-15,,,,,0,0,0,0,0,14.914122846632385,125.0,2.0,0.0,0.0,0,1,1,1,,,,10,0,0,0,0,0.0,0.0,
B100126-15,5,5,5,1,0,4,100000.0,1,월,2,서류제출완료 3월지급,10,6,6,0.8333,0.8333,0.1667,0.167,1,1,1.0,0.167,2.0,,1,0,2010,정상종료,완납,100,630,50만원,6개월,0.3,남자,세,기타,,,,9.0,9.0,3.0,0.0,0.0,1,,,,,500000.0,6.0,95833.33333333331,90625.0,,,,,15,4.605170185988092,B100126-15,income,False,,False,0,1,0,0,0,13.122363377404328,9.0,3.0,0.0,0.0,0,1,3,1,,,,10,1,0,1,0,0.0,0.0,
B100201-15,2,5,4,5,1,5,,0,,3,월세 무연체 이력,10,1,1,1.0,1.0,0.0,0.0,0,0,,,,,0,0,2010,정상종료,완납,727,2269,50만원,3개월,0.3,남자,세,기타,,,,11.0,11.0,0.0,0.0,0.0,1,,,,,500000.0,3.0,179166.66666666666,175000.0,,,,,15,6.588926477533519,B100201-15,income,False,10.0,False,0,1,0,0,0,13.122363377404328,11.0,0.0,0.0,0.0,0,1,3,5,,,,10,1,0,1,0,0.6896551724137931,4.137931034482759,
B100202-15,2,4,2,4,1,3,,0,,1,2/15 취업확정 월120,10,12,12,0.8333,0.5,0.1667,0.417,5,4,1.0,0.083,2.0,6.0,1,0,2010,정상종료,완납,600,1537,150만원,12개월,0.3,남자,세,기타,,,,20.0,10.0,11.0,0.0,0.0,1,,,,,1500000.0,12.0,162500.0,145312.5,,,,,15,6.396929655216146,B100202-15,,,,,0,0,0,0,0,14.22097566607244,20.0,11.0,0.0,0.0,0,1,3,3,,,,10,0,0,0,0,0.0,0.0,
B100217-15,2,5,3,4,1,4,,0,월,3,대리운전 현수입160,10,11,11,0.9091,0.8182,0.0909,0.091,1,1,10.0,0.909,11.0,,1,0,2010,정상종료,완납,497,982,150만원,12개월,0.3,남자,세,기타,,,,,,,,,1,,,,,1500000.0,12.0,162500.0,145312.5,,,,,15,6.208590026096629,B100217-15,,,,,0,0,0,0,0,14.22097566607244,0.0,0.0,0.0,0.0,1,1,1,2,,,,10,0,0,0,0,0.0,6.048387096774193,
B100222-15,3,3,5,1,0,5,,0,월,1,재직 급여일 매월5일,10,6,6,1.0,0.8333,0.0,0.0,0,0,,,,,0,0,2010,정상종료,완납,549,1116,100만원,6개월,0.3,남자,세,기타,,,,115.0,91.0,4.0,0.0,0.0,1,,,,,1000000.0,6.0,191666.66666666663,181250.0,,,,,15,6.3080984415095305,B100222-15,income,True,5.0,False,1,1,0,0,1,13.815510557964274,115.0,4.0,0.0,0.0,0,1,4,1,income,5.0,False,10,1,1,0,1,0.0,0.0,5.0
B100311-15,1,2,1,1,0,5,,0,,0,부부 실수령 470만,10,24,24,0.7083,0.3333,0.2917,0.542,13,5,5.0,0.208,6.0,9.0,1,0,2010,정상종료,완납,336,2156,350만원,24개월,0.3,남자,세,기타,,,,42.0,17.0,10.0,0.0,0.0,1,,,,,3500000.0,24.0,233333.3333333333,191406.25,,,,,15,5.817111159963204,B090121-3,,,,,0,0,0,0,0,15.068273526459642,42.0,10.0,0.0,0.0,0,1,1,1,,,,10,0,0,0,0,0.0,0.0,
B100315-15,4,4,1,1,0,5,300000.0,1,월,1,과거 상환이력 급여160,10,12,12,0.1667,0.0,0.8333,1.583,19,5,2.0,0.167,12.0,,1,0,2010,정상종료,완납,184,665,200만원,12개월,0.3,남자,세,기타,,,,15.0,7.0,24.0,0.0,0.0,1,,,,,2000000.0,12.0,216666.66666666663,193750.0,,,,,15,5.214935757608986,B090826-12,,,,,0,0,0,0,0,14.50865773852422,15.0,24.0,0.0,0.0,0,1,1,1,,,,10,0,0,0,0,0.0,0.0,
B100329-15,1,2,1,1,0,5,,0,,0,부부 재직 소득290,10,6,6,0.3333,0.3333,0.6667,21.667,130,61,3.0,0.5,,,1,0,2010,연체중,손실,859,247,300만원,24개월,0.3,남자,세,기타,,,,,,,,,1,,,,,3000000.0,24.0,200000.0,164062.5,,,,,15,6.755768921984255,B100329-15,,,,,0,0,0,0,0,14.914122846632385,0.0,0.0,0.0,0.0,1,1,1,1,,,,10,0,0,0,0,0.0,0.0,
B100419-15,1,2,1,1,0,5,,0,,0,학원 원생45명 수입,10,4,4,1.0,0.75,0.0,0.0,0,0,,,,,0,0,2010,정상종료,완납,152,434,200만원,12개월,0.3,남자,세,기타,,,,,,,,,1,,,,,2000000.0,12.0,216666.66666666663,193750.0,,,,,15,5.0238805208462765,B100419-15,,,,,0,0,0,0,0,14.50865773852422,0.0,0.0,0.0,0.0,1,1,1,1,,,,10,0,0,0,0,0.0,0.0,
B100519-15,1,5,1,1,0,4,,0,,2,현 사업 순수입250,10,2,2,0.5,0.5,0.5,0.5,1,1,1.0,0.5,2.0,,1,0,2010,정상종료,완납,271,803,200만원,12개월,0.3,여자,세,기타,,,,,,,,,1,,,,,2000000.0,12.0,216666.66666666663,193750.0,,,,,15,5.602118820879701,B100519-15,,,,,0,0,0,0,0,14.50865773852422,0.0,0.0,0.0,0.0,1,0,1,1,,,,10,0,0,0,0,0.0,0.0,
B100707-15,2,5,4,4,1,4,,0,월,3,월급242 대리25 현수입,10,14,14,1.0,0.7143,0.0,0.0,0,0,,,,,0,0,2010,정상종료,완납,367,815,300만원,15개월,0.3,남자,세,기타,,,,52.0,47.0,0.0,0.0,0.0,1,,,,,3000000.0,15.0,275000.0,240000.0,,,,,15,5.905361848054571,B100707-15,event,True,,False,0,0,0,1,1,14.914122846632385,52.0,0.0,0.0,0.0,0,1,3,4,,,,10,1,0,1,0,0.0,0.0,
B100831-15,3,5,5,1,0,5,,0,월,4,3회 완납이력 현소득,10,24,24,1.0,1.0,0.0,0.0,0,0,,,,,0,0,2010,정상종료,완납,1412,1382,300만원,24개월,0.3,남자,세,기타,,,,72.0,58.0,0.0,0.0,0.0,1,,,,,3000000.0,24.0,200000.0,164062.5,,,,,15,7.252762418053187,B100831-15,event,False,10.0,False,0,0,0,1,0,14.914122846632385,72.0,0.0,0.0,0.0,0,1,1,1,,,,10,1,0,1,0,0.0,0.0,
B100924-15,5,4,2,1,0,4,136111.0,1,월,1,외국계 재직 급여155,10,9,9,0.8889,0.7778,0.1111,0.222,2,2,3.0,0.333,4.0,,1,0,2010,정상종료,완납,367,832,100만원,9개월,0.3,남자,세,기타,,,,31.0,20.0,12.0,0.0,0.0,1,,,,,1000000.0,9.0,136111.11111111112,125000.0,,,,,15,5.905361848054571,B110824-7,,,,,0,0,0,0,0,13.815510557964274,31.0,12.0,0.0,0.0,0,1,1,1,,,,10,0,0,0,0,0.0,0.0,
B101011-15,5,4,1,1,0,5,108333.0,1,월,1,고정월급 183만 확정,10,9,9,1.0,0.8889,0.0,0.0,0,0,,,,,0,0,2010,정상종료,완납,479,530,100만원,12개월,0.3,남자,세,기타,,,,,,,,,1,,,,,1000000.0,12.0,108333.33333333331,96875.0,,,,,15,6.171700597410915,B101011-15,,,,,0,0,0,0,0,13.815510557964274,0.0,0.0,0.0,0.0,1,1,1,1,,,,10,0,0,0,0,0.0,2.109704641350211,
B101012-15,1,2,1,1,0,5,,0,,0,노점·아내 맞벌이 220,10,23,23,0.4783,0.2174,0.5217,6.696,154,31,10.0,0.435,12.0,13.0,1,0,2010,연체중,손실,475,1739,300만원,24개월,0.3,남자,세,기타,,,,19.0,8.0,12.0,0.0,0.0,1,,,,,3000000.0,24.0,200000.0,164062.5,,,,,15,6.163314804034641,B101012-15,,,,,0,0,0,0,0,14.914122846632385,19.0,12.0,0.0,0.0,0,1,1,1,,,,10,0,0,0,0,0.0,0.0,
B101013-15,5,4,4,1,0,5,150000.0,1,월,1,이직 급여160 상환이력,10,3,3,1.0,1.0,0.0,0.0,0,0,,,,,0,0,2010,정상종료,완납,1650,1429,150만원,12개월,0.3,여자,세,기타,,,,9.0,9.0,3.0,0.0,0.0,1,,,,,1500000.0,12.0,162500.0,145312.5,,,,,15,7.408530566894626,B101013-15,income,False,26.0,False,1,1,0,0,0,14.22097566607244,9.0,3.0,0.0,0.0,0,0,4,1,income,26.0,False,10,1,1,0,1,0.0613496932515337,0.0,26.0
B101021-15,3,3,2,1,0,5,,0,월,2,공립교사 재직 수당,10,15,15,0.8667,0.5333,0.1333,1.133,17,15,9.0,0.6,10.0,11.0,1,0,2010,정상종료,완납,485,995,300만원,15개월,0.3,남자,세,기타,,,,33.0,15.0,5.0,0.0,0.0,1,,,,,3000000.0,15.0,275000.0,240000.0,,,,,15,6.184148890937483,B120311-5,,,,,0,0,0,0,0,14.914122846632385,33.0,5.0,0.0,0.0,0,1,1,1,,,,10,0,0,0,0,0.0,0.0,
B101227-15,5,4,2,1,0,4,300000.0,1,월,1,연봉6000 현직,10,24,24,0.9167,0.4583,0.0833,0.125,3,2,11.0,0.458,12.0,22.0,1,0,2010,정상종료,완납,264,268,500만원,24개월,0.3,남자,세,기타,,,,57.0,33.0,6.0,0.0,0.0,1,,,,,5000000.0,24.0,333333.3333333334,273437.5,,,,,15,5.575949103146316,A080603-7,,,,,0,0,0,0,0,15.424948470398377,57.0,6.0,0.0,0.0,0,1,1,1,,,,10,0,0,0,0,0.0,0.0,
B090128-16,3,4,3,4,1,5,,0,월,2,조선소 재직 잔업많음,10,9,9,0.8889,0.7778,0.1111,0.111,1,1,5.0,0.556,6.0,,1,0,2009,정상종료,완납,448,1012,100만원,9개월,0.3,남자,세,기타,,,,18.0,13.0,3.0,0.0,0.0,1,,,,,1000000.0,9.0,136111.11111111112,125000.0,,,,,16,6.104793232414985,B090128-16,,,,,0,0,0,0,0,13.815510557964274,18.0,3.0,0.0,0.0,0,1,1,1,,,,10,0,0,0,0,0.0,0.0,
B090625-16,1,2,1,1,0,5,,0,,0,월급120 부수입15,10,12,12,0.5,0.0833,0.5,3.25,39,12,7.0,0.583,,,1,0,2009,정상종료,완납,184,653,100만원,12개월,0.3,여자,세,기타,,,,,,,,,1,,,,,1000000.0,12.0,108333.33333333331,96875.0,,,,,16,5.214935757608986,B090625-16,,,,,0,0,0,0,0,13.815510557964274,0.0,0.0,0.0,0.0,1,0,1,1,,,,10,0,0,0,0,0.0,0.0,
B090818-16,5,5,4,4,1,5,100000.0,1,월,2,월급104~108 알바30,10,12,12,0.9167,0.25,0.0833,0.083,1,1,3.0,0.25,4.0,,1,0,2009,정상종료,완납,833,4635,100만원,12개월,0.3,여자,세,기타,,,,31.0,4.0,16.0,1.0,0.0,1,,,,,1000000.0,12.0,108333.33333333331,96875.0,,,,,16,6.725033642166843,B090818-16,income,False,,False,0,1,0,0,0,13.815510557964274,31.0,16.0,1.0,0.0,0,0,1,3,,,,10,1,0,1,0,0.1203369434416365,2.406738868832732,
B090924-16,2,4,3,1,0,4,,0,,2,세후185~195 재직,10,12,12,1.0,1.0,0.0,0.0,0,0,,,,,0,0,2009,정상종료,완납,251,536,200만원,12개월,0.3,남자,세,기타,,,,22.0,20.0,0.0,0.0,0.0,1,,,,,2000000.0,12.0,216666.66666666663,193750.0,,,,,16,5.525452939131784,B081116-1,,,,,0,0,0,0,0,14.50865773852422,22.0,0.0,0.0,0.0,0,1,1,1,,,,10,0,0,0,0,0.0,0.0,
B091103-16,2,5,4,2,1,5,,0,,2,급여170 알바36 현수입,10,1,1,0.0,0.0,1.0,61.0,61,61,1.0,1.0,,,1,0,2009,연체중,손실,1596,2490,200만원,12개월,0.3,여자,세,기타,,,,,,,,,1,,,,,2000000.0,12.0,216666.66666666663,193750.0,,,,,16,7.375255778009754,B091103-16,none,False,,False,0,0,0,0,0,14.50865773852422,0.0,0.0,0.0,0.0,1,0,1,1,,,,10,1,0,1,0,0.0631711939355653,1.2634238787113077,
B091105-16,4,4,3,2,1,4,270000.0,1,월,1,캐디 최저150~200,10,8,8,0.875,0.75,0.125,0.125,1,1,3.0,0.375,4.0,,1,0,2009,정상종료,완납,254,643,300만원,15개월,0.3,여자,세,기타,,,,98.0,84.0,3.0,0.0,0.0,1,,,,,3000000.0,15.0,275000.0,240000.0,,,,,16,5.537334267018537,B090402-6,,,,,0,0,0,0,0,14.914122846632385,98.0,3.0,0.0,0.0,0,0,1,2,,,,10,0,0,0,0,0.0,0.0,
B091106-16,4,4,1,1,0,4,100000.0,1,월,1,월급92 풀출근,10,3,3,0.6667,0.0,0.3333,20.333,61,61,3.0,1.0,,,1,0,2009,연체중,손실,208,1352,50만원,6개월,0.3,여자,세,기타,,,,,,,,,1,,,,,500000.0,6.0,95833.33333333331,90625.0,,,,,16,5.337538079701318,B091106-16,,,,,0,0,0,0,0,13.122363377404328,0.0,0.0,0.0,0.0,1,0,1,1,,,,10,0,0,0,0,2.8846153846153846,0.0,
B091229-16,2,4,3,2,1,3,,0,,1,"사고로 중단, 취업 예정",10,4,4,0.0,0.0,1.0,29.25,117,61,1.0,0.25,,,1,0,2009,연체중,손실,1186,5246,50만원,9개월,0.3,남자,세,기타,,,,,,,,,1,,,,,500000.0,9.0,68055.55555555556,62500.0,,,,,16,7.078341579557671,B091229-16,,,,,0,0,0,0,0,13.122363377404328,0.0,0.0,0.0,0.0,1,1,1,2,,,,10,0,0,0,0,0.3451251078515962,0.8628127696289906,
B100108-16,2,5,2,1,0,5,,0,월,2,자활70 수급보조32,10,5,5,0.8,0.8,0.2,11.6,58,58,5.0,1.0,,,1,0,2010,정상종료,완납,408,751,150만원,12개월,0.3,여자,세,기타,,,,,,,,,1,,,,,1500000.0,12.0,162500.0,145312.5,,,,,16,6.0112671744041615,B100108-16,,,,,0,0,0,0,0,14.22097566607244,0.0,0.0,0.0,0.0,1,0,1,1,,,,10,0,0,0,0,0.0,7.407407407407407,
B100211-16,1,5,4,1,0,4,,0,,2,"일수 2/19 종료, 알바",10,14,14,0.6429,0.0714,0.3571,5.357,75,28,2.0,0.143,3.0,8.0,1,0,2010,정상종료,완납,516,967,300만원,15개월,0.3,여자,세,기타,,,,,,,,,1,,,,,3000000.0,15.0,275000.0,240000.0,,,,,16,6.246106765481563,B100211-16,event,False,19.0,False,0,0,0,1,0,14.914122846632385,0.0,0.0,0.0,0.0,1,0,1,2,,,,10,1,0,1,0,0.1937984496124031,0.0,
B100528-16,5,5,4,1,0,5,210000.0,1,월,2,모자 공장근무 190만,10,12,12,0.5,0.1667,0.5,6.417,77,23,2.0,0.167,3.0,5.0,1,0,2010,정상종료,완납,1023,1234,200만원,12개월,0.3,여자,세,기타,,,,9.0,2.0,15.0,0.0,0.0,1,,,,,2000000.0,12.0,216666.66666666663,193750.0,,,,,16,6.930494765951626,B100528-16,income,False,15.0,False,0,1,0,0,0,14.50865773852422,9.0,15.0,0.0,0.0,0,0,1,1,,,,10,1,0,1,1,0.0,0.0,15.0
B100531-16,5,5,2,1,0,5,200000.0,1,월,2,빌딩전기 월148 아내80,10,6,6,0.0,0.0,1.0,21.667,130,26,1.0,0.167,,,1,0,2010,정상종료,완납,141,936,250만원,12개월,0.3,남자,세,기타,,,,,,,,,1,,,,,2500000.0,12.0,270833.3333333334,242187.5,,,,,16,4.948759890378168,B100531-16,,,,,0,0,0,0,0,14.73180128983843,0.0,0.0,0.0,0.0,1,1,1,1,,,,10,0,0,0,0,0.0,0.0,
B100630-16,2,3,4,3,1,4,,0,월,1,급여28일 여유20~30,10,10,10,1.0,1.0,0.0,0.0,0,0,,,,,0,0,2010,정상종료,완납,334,860,200만원,12개월,0.3,여자,세,기타,,,,54.0,47.0,0.0,0.0,0.0,1,,,,,2000000.0,12.0,216666.66666666663,193750.0,,,,,16,5.811140992976701,B100630-16,income,False,28.0,False,0,1,0,0,0,14.50865773852422,54.0,0.0,0.0,0.0,0,0,1,3,,,,10,1,0,1,0,0.6116207951070336,3.058103975535168,
B100715-16,3,3,5,5,1,5,,0,월,1,일6만원 상환중,10,10,10,0.3,0.3,0.7,13.6,136,31,4.0,0.4,,,1,0,2010,연체중,손실,422,218,350만원,18개월,0.3,남자,세,기타,,,,4.0,4.0,6.0,0.0,0.0,1,,,,,3500000.0,18.0,281944.44444444444,240625.0,,,,,16,6.045005314036012,B100209-8,calendar,True,,True,1,0,1,0,1,15.068273526459642,4.0,6.0,0.0,0.0,0,1,5,4,calendar,,True,10,1,1,0,0,0.0,0.0,
B100819-16,1,5,3,1,0,5,,0,,2,부부교사 현수입270,10,1,1,1.0,1.0,0.0,0.0,0,0,,,,,0,0,2010,정상종료,완납,497,1129,200만원,12개월,0.3,여자,세,기타,,,,19.0,3.0,2.0,0.0,0.0,1,,,,,2000000.0,12.0,216666.66666666663,193750.0,,,,,16,6.208590026096629,B100819-16,,,,,0,0,0,0,0,14.50865773852422,19.0,2.0,0.0,0.0,0,0,1,1,,,,10,0,0,0,0,0.0,0.0,
B100918-16,3,5,5,1,0,5,,0,월,3,직업군인 4호봉 재직,10,24,24,1.0,0.7917,0.0,0.0,0,0,,,,,0,0,2010,정상종료,완납,615,907,300만원,24개월,0.3,여자,세,기타,,,,,,,,,1,,,,,3000000.0,24.0,200000.0,164062.5,,,,,16,6.421622267806518,B100918-16,income,False,10.0,True,0,1,0,0,0,14.914122846632385,0.0,0.0,0.0,0.0,1,0,3,1,,,,10,1,0,1,1,0.1626016260162601,0.0,10.0
B100924-16,2,5,4,5,1,5,,0,,3,원생증가 월세 무연체,10,12,12,1.0,0.9167,0.0,0.0,0,0,,,,,0,0,2010,정상종료,완납,1388,2100,200만원,12개월,0.3,여자,세,기타,,,,67.0,51.0,3.0,0.0,0.0,1,,,,,2000000.0,12.0,216666.66666666663,193750.0,,,,,16,7.23561914106675,B100924-16,income,False,25.0,False,0,1,0,0,0,14.50865773852422,67.0,3.0,0.0,0.0,0,0,1,3,,,,10,1,0,1,0,0.0,1.443001443001443,
B101011-16,5,3,4,1,0,4,90000.0,1,월,1,"안정 월급, 11년1월 인상",10,12,12,0.8333,0.6667,0.1667,1.833,22,21,9.0,0.75,11.0,,1,0,2010,정상종료,완납,338,1876,100만원,12개월,0.3,남자,세,기타,,,,19.0,13.0,5.0,0.0,0.0,1,,,,,1000000.0,12.0,108333.33333333331,96875.0,,,,,16,5.823045895483019,B101011-16,income,False,,False,0,1,0,0,0,13.815510557964274,19.0,5.0,0.0,0.0,0,1,1,3,,,,10,1,0,1,0,0.0,0.0,
B101103-16,1,5,3,1,0,5,,0,,2,부부수입550 지출430,10,12,12,0.6667,0.5,0.3333,0.667,8,4,5.0,0.417,7.0,9.0,1,0,2010,정상종료,완납,275,1710,150만원,12개월,0.3,여자,세,기타,,,,,,,,,1,,,,,1500000.0,12.0,162500.0,145312.5,,,,,16,5.616771097666572,B101103-16,,,,,0,0,0,0,0,14.22097566607244,0.0,0.0,0.0,0.0,1,0,1,1,,,,10,0,0,0,0,0.0,0.0,
B101208-16,5,5,3,1,0,5,300000.0,1,월,2,본인180 남편90 여유37,10,24,24,0.7917,0.0833,0.2083,0.458,11,5,3.0,0.125,6.0,22.0,1,0,2010,정상종료,완납,351,517,300만원,24개월,0.3,여자,세,기타,,,,26.0,3.0,21.0,0.0,0.0,1,,,,,3000000.0,24.0,200000.0,164062.5,,,,,16,5.860786223465865,B101208-16,,,,,0,0,0,0,0,14.914122846632385,26.0,21.0,0.0,0.0,0,0,1,1,,,,10,0,0,0,0,0.0,0.0,
B090128-17,1,3,4,1,0,2,,0,,3,3월 소득증가 기대,10,12,12,1.0,0.8333,0.0,0.0,0,0,,,,,0,0,2009,정상종료,완납,254,477,100만원,12개월,0.3,여자,세,기타,,,,54.0,30.0,5.0,0.0,0.0,1,,,,,1000000.0,12.0,108333.33333333331,96875.0,,,,,17,5.537334267018537,B090128-17,income,False,,False,0,1,0,0,0,13.815510557964274,54.0,5.0,0.0,0.0,0,0,1,1,,,,10,1,0,1,0,0.0,0.0,
B090625-17,1,5,1,1,0,4,,0,,2,남편 덤프기사 월220,10,12,12,0.0,0.0,1.0,5.0,60,6,1.0,0.083,,,1,0,2009,정상종료,완납,1033,3111,200만원,12개월,0.3,여자,세,기타,,,,22.0,12.0,26.0,0.0,0.0,1,,,,,2000000.0,12.0,216666.66666666663,193750.0,,,,,17,6.940222469119639,B090625-17,,,,,0,0,0,0,0,14.50865773852422,22.0,26.0,0.0,0.0,0,0,1,2,,,,10,0,0,0,0,0.0,1.939864209505335,
B091202-17,5,4,4,1,0,5,100000.0,1,월,1,노래방직원 월140 현금,10,3,3,1.0,1.0,0.0,0.0,0,0,,,,,0,0,2009,정상종료,완납,357,988,50만원,6개월,0.3,남자,세,기타,,,,,,,,,1,,,,,500000.0,6.0,95833.33333333331,90625.0,,,,,17,5.877735781779639,B091202-17,income,False,30.0,False,0,1,0,0,0,13.122363377404328,0.0,0.0,0.0,0.0,1,1,1,1,,,,10,1,0,1,0,0.0,2.8011204481792715,
B091208-17,5,4,4,1,0,4,100000.0,1,월,2,현 실수령155~175,10,12,12,0.25,0.0,0.75,2.833,34,18,1.0,0.083,5.0,7.0,1,0,2009,정상종료,완납,339,3452,100만원,12개월,0.3,남자,세,기타,,,,,,,,,1,,,,,1000000.0,12.0,108333.33333333331,96875.0,,,,,17,5.82600010738045,B091208-17,income,False,,False,0,1,0,0,0,13.815510557964274,0.0,0.0,0.0,0.0,1,1,1,1,,,,10,1,0,1,0,0.0,0.0,
B100104-17,4,4,1,1,0,5,400000.0,1,월,2,공장 6개월째 재직,10,6,6,0.8333,0.6667,0.1667,0.167,1,1,5.0,0.833,6.0,,1,0,2010,정상종료,완납,163,648,150만원,6개월,0.3,여자,세,기타,,,,14.0,7.0,1.0,0.0,0.0,1,,,,,1500000.0,6.0,287500.0,271875.0,,,,,17,5.093750200806762,B100104-17,,,,,0,0,0,0,0,14.22097566607244,14.0,1.0,0.0,0.0,0,0,1,1,,,,10,0,0,0,0,0.0,0.0,
B100210-17,5,5,5,4,1,4,300000.0,1,월,3,과거 MMF로 조기상환,10,9,9,0.6667,0.4444,0.3333,0.444,4,2,4.0,0.444,6.0,8.0,1,0,2010,정상종료,완납,1378,2313,150만원,9개월,0.3,여자,세,기타,,,,9.0,5.0,3.0,0.0,0.0,1,,,,,1500000.0,9.0,204166.66666666663,187500.0,,,,,17,7.228388451573604,B100210-17,income,False,,True,1,1,0,0,0,14.22097566607244,9.0,3.0,0.0,0.0,0,0,5,1,calendar,,True,10,1,1,0,0,0.1486988847583643,1.486988847583643,
B100329-17,1,2,1,1,0,5,,0,,0,부부 재직 소득290,10,5,5,0.6,0.4,0.4,18.0,90,61,4.0,0.8,,,1,0,2010,연체중,손실,862,669,500만원,24개월,0.3,여자,세,기타,,,,18.0,16.0,3.0,0.0,0.0,1,,,,,5000000.0,24.0,333333.3333333334,273437.5,,,,,17,6.759255270663693,B090428-6,,,,,0,0,0,0,0,15.424948470398377,18.0,3.0,0.0,0.0,0,0,1,1,,,,10,0,0,0,0,0.0,0.0,
B100401-17,5,4,5,1,0,3,160000.0,1,월,1,"수습중, 5월 정직원 예정",10,9,9,0.3333,0.1111,0.6667,2.556,23,5,3.0,0.333,4.0,5.0,1,0,2010,정상종료,완납,370,1214,150만원,9개월,0.3,여자,세,기타,,,,6.0,3.0,12.0,0.0,0.0,1,,,,,1500000.0,9.0,204166.66666666663,187500.0,,,,,17,5.91350300563827,A080605-1,income,False,,False,0,1,0,0,0,14.22097566607244,6.0,12.0,0.0,0.0,0,0,1,1,,,,10,1,0,1,0,0.0,0.0,
B100505-17,5,4,1,1,0,5,300000.0,1,월,1,콜센터 야간근무 180만,10,9,9,1.0,1.0,0.0,0.0,0,0,,,,,0,0,2010,정상종료,완납,263,1148,300만원,15개월,0.3,여자,세,기타,,,,90.0,74.0,1.0,0.0,0.0,1,,,,,3000000.0,15.0,275000.0,240000.0,,,,,17,5.572154032177765,B100505-17,,,,,0,0,0,0,0,14.914122846632385,90.0,1.0,0.0,0.0,0,0,1,1,,,,10,0,0,0,0,0.0,0.0,
B100617-17,1,5,1,1,0,5,,0,,2,월급206 주말알바64,10,6,6,0.1667,0.1667,0.8333,3.5,21,6,2.0,0.333,,,1,0,2010,정상종료,완납,529,1654,100만원,6개월,0.3,여자,세,기타,,,,18.0,14.0,18.0,0.0,0.0,1,,,,,1000000.0,6.0,191666.66666666663,181250.0,,,,,17,6.270988431858299,B090709-6,,,,,0,0,0,0,0,13.815510557964274,18.0,18.0,0.0,0.0,0,0,1,1,,,,10,0,0,0,0,0.0,1.9047619047619049,
B100622-17,5,4,4,1,0,4,250000.0,1,월,1,교육비 입금내역 97만,10,8,8,0.375,0.125,0.625,15.25,122,31,2.0,0.25,4.0,6.0,1,0,2010,연체중,손실,578,827,300만원,18개월,0.3,여자,세,기타,,,,11.0,9.0,5.0,0.0,0.0,1,,,,,3000000.0,18.0,241666.66666666663,206250.0,,,,,17,6.359573868672378,B100622-17,income,False,25.0,False,0,1,0,0,0,14.914122846632385,11.0,5.0,0.0,0.0,0,0,1,1,,,,10,1,0,1,0,0.0,1.7513134851138354,
B100827-17,3,1,4,4,1,4,,0,월,0,"과거 상환이력, 회생중",10,15,15,0.4667,0.0,0.5333,2.933,44,14,5.0,0.333,6.0,8.0,1,0,2010,정상종료,완납,262,1302,300만원,15개월,0.3,여자,세,기타,,,,19.0,3.0,11.0,0.0,0.0,1,,,,,3000000.0,15.0,275000.0,240000.0,,,,,17,5.568344503761097,B100827-17,calendar,True,,False,1,0,1,0,1,14.914122846632385,19.0,11.0,0.0,0.0,0,0,4,1,calendar,,False,10,1,1,0,0,0.0,0.0,
B100831-17,1,4,1,1,0,5,,0,,2,월급180 지출137,10,4,4,0.25,0.0,0.75,15.75,63,61,2.0,0.5,,,1,0,2010,연체중,손실,166,2740,200만원,12개월,0.3,남자,세,기타,,,,,,,,,1,,,,,2000000.0,12.0,216666.66666666663,193750.0,,,,,17,5.111987788356544,B100831-17,,,,,0,0,0,0,0,14.50865773852422,0.0,0.0,0.0,0.0,1,1,1,1,,,,10,0,0,0,0,0.0,0.0,
B100909-17,1,4,3,1,0,4,,0,,1,"현 급여140, 인상 미확정",10,6,6,1.0,0.5,0.0,0.0,0,0,,,,,0,0,2010,정상종료,완납,258,1477,100만원,6개월,0.3,남자,세,기타,,,,8.0,3.0,3.0,0.0,0.0,1,,,,,1000000.0,6.0,191666.66666666663,181250.0,,,,,17,5.552959584921617,B100909-17,,,,,0,0,0,0,0,13.815510557964274,8.0,3.0,0.0,0.0,0,1,1,1,,,,10,0,0,0,0,0.3952569169960474,0.0,
B101012-17,2,5,1,1,0,5,,0,,2,급여90 AS수당50,10,2,2,0.0,0.0,1.0,32.0,64,61,1.0,0.5,,,1,0,2010,연체중,손실,307,628,100만원,12개월,0.3,남자,세,기타,,,,,,,,,1,,,,,1000000.0,12.0,108333.33333333331,96875.0,,,,,17,5.726847747587197,B101012-17,,,,,0,0,0,0,0,13.815510557964274,0.0,0.0,0.0,0.0,1,1,1,1,,,,10,0,0,0,0,0.0,0.0,
B101021-17,5,5,1,4,1,5,200000.0,1,월,2,급여350 부업30 현수입,10,23,23,1.0,0.5652,0.0,0.0,0,0,,,,,0,0,2010,정상종료,완납,469,1210,300만원,24개월,0.3,남자,세,기타,,,,,,,,,1,,,,,3000000.0,24.0,200000.0,164062.5,,,,,17,6.150602768446279,B101021-17,,,,,0,0,0,0,0,14.914122846632385,0.0,0.0,0.0,0.0,1,1,1,1,,,,10,0,0,0,0,0.0,0.0,
B101027-17,3,4,4,4,1,5,,0,월,2,총126만 여유30,10,15,15,0.9333,0.6,0.0667,0.067,1,1,14.0,0.933,15.0,,1,0,2010,정상종료,완납,407,640,300만원,24개월,0.3,여자,세,기타,,,,125.0,109.0,1.0,0.0,0.0,1,,,,,3000000.0,24.0,200000.0,164062.5,,,,,17,6.008813185442595,B090817-7,calendar,False,,False,0,0,1,0,0,14.914122846632385,125.0,1.0,0.0,0.0,0,0,1,1,,,,10,1,0,1,0,0.0,0.0,
B090119-18,1,4,3,2,1,5,,0,,1,평균급여230 이상,10,6,6,0.3333,0.1667,0.6667,24.833,149,61,3.0,0.5,,,1,0,2009,손실(상환완료),손실,331,578,100만원,12개월,0.3,남자,세,기타,,,,2.0,1.0,5.0,2.0,0.0,1,,,,,1000000.0,12.0,108333.33333333331,96875.0,,,,,18,5.802118375377063,B090119-18,,,,,0,0,0,0,0,13.815510557964274,2.0,5.0,2.0,0.0,0,1,1,2,,,,10,0,0,0,0,0.0,0.0,
B090121-18,1,4,1,3,1,5,,0,,1,압류후 최소급여150,10,8,8,0.0,0.0,1.0,14.75,118,61,1.0,0.125,,,1,0,2009,연체중,손실,198,1227,100만원,12개월,0.3,남자,세,기타,,,,,,,,,1,,,,,1000000.0,12.0,108333.33333333331,96875.0,,,,,18,5.288267030694535,B090121-18,,,,,0,0,0,0,0,13.815510557964274,0.0,0.0,0.0,0.0,1,1,1,1,,,,10,0,0,0,0,0.0,0.0,
B090211-18,5,5,2,1,0,5,110000.0,1,월,2,부부합산 340만,10,10,10,1.0,0.8,0.0,0.0,0,0,,,,,0,0,2009,정상종료,완납,220,0,100만원,12개월,0.3,여자,세,기타,,,,63.0,34.0,5.0,0.0,0.0,1,,,,,1000000.0,12.0,108333.33333333331,96875.0,,,,,18,5.393627546352362,B090210-20,,,,,0,0,0,0,0,13.815510557964274,63.0,5.0,0.0,0.0,0,0,1,1,,,,10,0,0,0,0,0.0,0.0,
B090907-18,5,5,5,1,0,4,300000.0,1,월,2,월60만 초과상환 이력,10,6,6,0.0,0.0,1.0,33.167,199,61,1.0,0.167,,,1,0,2009,연체중,손실,482,1494,200만원,12개월,0.3,여자,세,기타,,,,,,,,,1,,,,,2000000.0,12.0,216666.66666666663,193750.0,,,,,18,6.1779441140506,B090907-18,none,False,,True,0,0,0,0,0,14.50865773852422,0.0,0.0,0.0,0.0,1,0,3,1,,,,10,1,0,1,0,0.0,0.0,
B091117-18,5,5,5,1,0,3,180000.0,1,월,2,"알바2개월, 2월 고정급",10,6,6,1.0,1.0,0.0,0.0,0,0,,,,,0,0,2009,정상종료,완납,295,419,100만원,6개월,0.3,남자,세,기타,,,,,,,,,1,,,,,1000000.0,6.0,191666.66666666663,181250.0,,,,,18,5.68697535633982,B091117-18,income,False,,False,0,1,0,0,0,13.815510557964274,0.0,0.0,0.0,0.0,1,1,3,1,,,,10,1,0,1,0,0.0,3.4129692832764507,
B091223-18,3,5,4,1,0,4,,0,월,2,본인120 남편 배송220,10,12,12,0.9167,0.4167,0.0833,0.083,1,1,5.0,0.417,6.0,,1,0,2009,정상종료,완납,593,1939,150만원,12개월,0.3,여자,세,기타,,,,22.0,7.0,14.0,0.0,0.0,1,,,,,1500000.0,12.0,162500.0,145312.5,,,,,18,6.385194398997726,B090614-3,income,False,25.0,False,1,1,0,0,0,14.22097566607244,22.0,14.0,0.0,0.0,0,0,4,1,income,25.0,False,10,1,1,0,0,0.5154639175257731,1.718213058419244,
B100118-18,1,5,1,1,0,4,,0,,2,"커피숍 매출650, 인센티브",10,12,12,0.9167,0.4167,0.0833,0.083,1,1,10.0,0.833,11.0,,1,0,2010,정상종료,완납,661,232,150만원,12개월,0.3,여자,세,기타,,,,55.0,29.0,4.0,0.0,0.0,1,,,,,1500000.0,12.0,162500.0,145312.5,,,,,18,6.493753839851686,A071123-1,,,,,0,0,0,0,0,14.22097566607244,55.0,4.0,0.0,0.0,0,0,1,1,,,,10,0,0,0,0,0.0,0.0,
B100219-18,1,4,3,1,0,3,,0,,1,"겨울 단절, 3월부터 기대",10,24,24,0.6667,0.375,0.3333,1.292,31,9,5.0,0.208,7.0,15.0,1,0,2010,정상종료,완납,372,585,500만원,24개월,0.3,남자,세,기타,,,,37.0,27.0,27.0,2.0,0.0,1,,,,,5000000.0,24.0,333333.3333333334,273437.5,,,,,18,5.918893854273146,A080814-11,,,,,0,0,0,0,0,15.424948470398377,37.0,27.0,2.0,0.0,0,1,1,2,,,,10,0,0,0,0,0.0,0.0,
B100222-18,1,2,1,1,0,5,,0,,0,PC방 월수입150,10,6,6,0.5,0.1667,0.5,13.0,78,61,1.0,0.167,2.0,3.0,1,0,2010,연체중,손실,211,669,100만원,9개월,0.3,남자,세,기타,,,,,,,,,1,,,,,1000000.0,9.0,136111.11111111112,125000.0,,,,,18,5.351858133476067,B100222-18,,,,,0,0,0,0,0,13.815510557964274,0.0,0.0,0.0,0.0,1,1,1,1,,,,10,0,0,0,0,0.0,0.0,
B100302-18,1,4,1,1,0,5,,0,,1,실수령210 여유40,10,23,23,0.8261,0.3913,0.1739,0.348,8,4,2.0,0.087,3.0,14.0,1,0,2010,정상종료,완납,283,640,300만원,24개월,0.3,여자,세,기타,,,,39.0,18.0,17.0,0.0,0.0,1,,,,,3000000.0,24.0,200000.0,164062.5,,,,,18,5.645446897643238,B090313-9,,,,,0,0,0,0,0,14.914122846632385,39.0,17.0,0.0,0.0,0,0,1,1,,,,10,0,0,0,0,0.0,0.0,
B100419-18,1,2,1,1,0,4,,0,,0,현 소득·지출 내역,11,12,12,1.0,0.8333,0.0,0.0,0,0,,,,,0,0,2010,정상종료,완납,222,1127,200만원,12개월,0.3,여자,세,기타,,,,,,,,,1,,,,,2000000.0,12.0,216666.66666666663,193750.0,,,,,18,5.402677381872279,B100419-18,,,,,0,0,0,0,0,14.50865773852422,0.0,0.0,0.0,0.0,1,0,1,1,,,,11,0,0,0,0,0.0,0.0,
B100719-18,1,2,1,1,0,4,,0,,0,현 급여·부업 내역,11,15,15,1.0,1.0,0.0,0.0,0,0,,,,,0,0,2010,정상종료,완납,268,736,300만원,18개월,0.3,여자,세,기타,,,,70.0,66.0,0.0,0.0,0.0,1,,,,,3000000.0,18.0,241666.66666666663,206250.0,,,,,18,5.5909869805108565,B091126-12,,,,,0,0,0,0,0,14.914122846632385,70.0,0.0,0.0,0.0,0,0,1,1,,,,11,0,0,0,0,0.0,0.0,
B100731-18,1,4,1,1,0,4,,0,,2,현재 학원강사 재직,11,22,22,0.8636,0.4545,0.1364,0.409,9,6,3.0,0.136,4.0,14.0,1,0,2010,정상종료,완납,648,806,400만원,24개월,0.3,여자,세,기타,,,,67.0,38.0,14.0,0.0,0.0,1,,,,,4000000.0,24.0,266666.6666666666,218750.0,,,,,18,6.473890696352274,A080507-2,,,,,0,0,0,0,0,15.201804919084164,67.0,14.0,0.0,0.0,0,0,1,1,,,,11,0,0,0,0,0.0,0.0,
B100906-18,2,5,1,1,0,5,,0,,2,본인 급여·아내 청소수입,11,5,5,0.0,0.0,1.0,12.4,62,31,1.0,0.2,,,1,0,2010,연체중,손실,689,610,200만원,12개월,0.3,남자,세,기타,,,,,,,,,1,,,,,2000000.0,12.0,216666.66666666663,193750.0,,,,,18,6.535241271013659,B100906-18,,,,,0,0,0,0,0,14.50865773852422,0.0,0.0,0.0,0.0,1,1,1,4,,,,11,0,0,0,0,0.0,0.0,
B101201-18,3,4,1,1,0,4,,0,월,1,현 월급 220만원,11,12,12,0.8333,0.5833,0.1667,0.833,10,5,2.0,0.167,4.0,,1,0,2010,정상종료,완납,141,431,100만원,12개월,0.3,남자,세,기타,,,,,,,,,1,,,,,1000000.0,12.0,108333.33333333331,96875.0,,,,,18,4.948759890378168,B101201-18,,,,,0,0,0,0,0,13.815510557964274,0.0,0.0,0.0,0.0,1,1,1,1,,,,11,0,0,0,0,0.0,0.0,
B101221-18,5,5,4,1,0,4,350000.0,1,월,2,본인 월급+아내 신규취업,11,9,9,0.6667,0.5556,0.3333,0.778,7,3,4.0,0.444,5.0,8.0,1,0,2010,정상종료,완납,1172,685,250만원,9개월,0.3,남자,세,기타,,,,,,,,,1,,,,,2500000.0,9.0,340277.7777777777,312500.0,,,,,18,7.066466970136958,B101221-18,income,False,,False,0,1,0,0,0,14.73180128983843,0.0,0.0,0.0,0.0,1,1,1,1,,,,11,1,0,1,0,0.0,0.8688097306689835,
B101230-18,4,4,3,2,1,4,220000.0,1,월,3,주급 일용직+양육비,11,21,21,0.3333,0.2857,0.6667,2.238,47,5,6.0,0.286,8.0,9.0,1,0,2010,정상종료,완납,1673,2621,300만원,21개월,0.3,여자,세,기타,,,,36.0,31.0,18.0,0.0,0.0,1,,,,,3000000.0,21.0,217857.14285714287,182142.8571428572,,,,,18,7.422373700986824,B101230-18,,,,,0,0,0,0,0,14.914122846632385,36.0,18.0,0.0,0.0,0,0,1,2,,,,11,0,0,0,0,0.3636363636363636,0.0,
B090806-19,5,5,5,3,1,4,250000.0,1,월,3,현 급여·신문배달 수입,11,2,2,0.5,0.5,0.5,30.5,61,61,2.0,1.0,,,1,0,2009,연체중,손실,692,1279,100만원,6개월,0.3,남자,세,기타,,,,,,,,,1,,,,,1000000.0,6.0,191666.66666666663,181250.0,,,,,19,6.539585955617669,B090806-19,income,False,20.0,True,1,1,0,0,0,13.815510557964274,0.0,0.0,0.0,0.0,1,1,4,1,income,20.0,False,11,1,1,0,0,0.1445086705202312,1.445086705202312,
B090825-19,4,5,1,1,0,4,190000.0,1,월,2,부부 급여 500만원,11,5,5,0.4,0.2,0.6,14.2,71,61,3.0,0.6,,,1,0,2009,연체중,손실,405,1041,100만원,6개월,0.3,여자,세,기타,,,,,,,,,1,,,,,1000000.0,6.0,191666.66666666663,181250.0,,,,,19,6.003887067106539,B090825-19,,,,,0,0,0,0,0,13.815510557964274,0.0,0.0,0.0,0.0,1,0,1,1,,,,11,0,0,0,1,0.0,0.0,10.0
B090914-19,4,5,1,3,1,4,200000.0,1,월,2,본인·아내 월수입,11,9,9,1.0,1.0,0.0,0.0,0,0,,,,,0,0,2009,정상종료,완납,200,1276,100만원,9개월,0.3,남자,세,기타,,,,40.0,39.0,1.0,0.0,0.0,1,,,,,1000000.0,9.0,136111.11111111112,125000.0,,,,,19,5.298317366548036,B090914-19,,,,,0,0,0,0,0,13.815510557964274,40.0,1.0,0.0,0.0,0,1,1,1,,,,11,0,0,0,0,0.0,0.0,
B100205-19,5,4,3,5,1,4,500000.0,1,월,1,보험사 중간관리자 급여,11,6,6,0.6667,0.3333,0.3333,2.667,16,8,3.0,0.5,5.0,,1,0,2010,정상종료,완납,868,681,200만원,6개월,0.3,남자,세,기타,,,,11.0,4.0,4.0,0.0,0.0,1,,,,,2000000.0,6.0,383333.3333333333,362500.0,,,,,19,6.766191714660351,B100205-19,,,,,0,0,0,0,0,14.50865773852422,11.0,4.0,0.0,0.0,0,1,1,5,,,,11,0,0,0,1,0.0,0.0,25.0
B100308-19,5,4,3,1,0,5,241667.0,1,월,1,2월 실급여·청구액 기준,11,18,18,1.0,1.0,0.0,0.0,0,0,,,,,0,0,2010,정상종료,완납,728,5162,300만원,18개월,0.3,여자,세,기타,,,,75.0,68.0,34.0,0.0,0.0,1,,,,,3000000.0,18.0,241666.66666666663,206250.0,,,,,19,6.590301048196686,B090924-10,,,,,0,0,0,0,0,14.914122846632385,75.0,34.0,0.0,0.0,0,0,1,1,,,,11,0,0,0,0,0.0,0.0,
B100401-19,3,2,5,1,0,2,,0,일시,1,애니 제작 수익 기대,11,24,24,1.0,0.3333,0.0,0.0,0,0,,,,,0,0,2010,정상종료,완납,1514,3548,1000만원,24개월,0.05,남자,세,기타,,,,,,,,,1,,,,,10000000.0,24.0,458333.3333333334,438368.0555555556,,,,,19,7.322510433997394,B100401-19,calendar,False,31.0,True,1,0,1,0,0,16.11809565095832,0.0,0.0,0.0,0.0,1,1,4,1,calendar,31.0,False,11,1,1,0,0,0.0,1.3280212483399734,
B100419-19,4,5,1,1,0,4,162500.0,1,월,2,본인·동생·엄마 급여,11,11,11,0.9091,0.8182,0.0909,0.273,3,3,7.0,0.636,8.0,,1,0,2010,정상종료,완납,501,663,150만원,12개월,0.3,여자,세,기타,,,,16.0,9.0,3.0,0.0,0.0,1,,,,,1500000.0,12.0,162500.0,145312.5,,,,,19,6.2166061010848646,B100419-19,,,,,0,0,0,0,0,14.22097566607244,16.0,3.0,0.0,0.0,0,0,1,1,,,,11,0,0,0,0,0.0,0.0,
B100422-19,1,2,1,1,0,5,,0,,0,가계부 기반 현 지출,11,9,9,0.8889,0.8889,0.1111,1.111,10,10,4.0,0.444,5.0,,1,0,2010,정상종료,완납,718,2997,100만원,9개월,0.3,여자,세,기타,,,,52.0,42.0,20.0,5.0,0.0,1,,,,,1000000.0,9.0,136111.11111111112,125000.0,,,,,19,6.576469569048224,B110321-16,,,,,0,0,0,0,0,13.815510557964274,52.0,20.0,5.0,0.0,0,0,1,1,,,,11,0,0,0,0,0.0,0.0,
B100811-19,2,4,1,3,1,4,,0,,2,횟집 근무·부업 현 수입,11,3,3,0.0,0.0,1.0,22.667,68,61,1.0,0.333,,,1,0,2010,연체중,손실,458,610,100만원,12개월,0.3,여자,세,기타,,,,,,,,,1,,,,,1000000.0,12.0,108333.33333333331,96875.0,,,,,19,6.126869184114185,B100811-19,,,,,0,0,0,0,0,13.815510557964274,0.0,0.0,0.0,0.0,1,0,1,3,,,,11,0,0,0,0,0.0,2.217294900221729,
B100820-19,4,5,5,1,0,5,500000.0,1,월,2,1차 조기상환 이행 실적,11,14,14,1.0,0.9286,0.0,0.0,0,0,,,,,0,0,2010,정상종료,완납,1944,1064,1000만원,24개월,0.3,남자,세,기타,,,,39.0,33.0,0.0,0.0,0.0,1,,,,,10000000.0,24.0,666666.6666666667,546875.0,,,,,19,7.572502985020384,B100820-19,calendar,False,10.0,False,1,0,1,0,0,16.11809565095832,39.0,0.0,0.0,0.0,0,1,4,1,calendar,10.0,False,11,1,1,0,0,0.0,0.0,
B100924-19,5,4,1,1,0,5,150000.0,1,월,1,현 급여·수당 내역,11,7,7,0.2857,0.1429,0.7143,13.286,93,31,1.0,0.143,2.0,3.0,1,0,2010,연체중,손실,525,783,100만원,12개월,0.3,여자,세,기타,,,,,,,,,1,,,,,1000000.0,12.0,108333.33333333331,96875.0,,,,,19,6.263398262591624,B100924-19,,,,,0,0,0,0,0,13.815510557964274,0.0,0.0,0.0,0.0,1,0,1,1,,,,11,0,0,0,0,0.0,0.0,
B101201-19,2,4,1,3,1,3,,0,,2,남편 식당수입·본인 일당,11,9,9,0.3333,0.2222,0.6667,1.556,14,4,2.0,0.222,4.0,5.0,1,0,2010,정상종료,완납,1084,289,200만원,9개월,0.3,여자,세,기타,,,,20.0,16.0,16.0,0.0,0.0,1,,,,,2000000.0,9.0,272222.22222222225,250000.0,,,,,19,6.988413181999592,B101201-19,,,,,0,0,0,0,0,14.50865773852422,20.0,16.0,0.0,0.0,0,0,1,2,,,,11,0,0,0,0,0.8372093023255814,0.930232558139535,
B101227-19,1,2,1,1,0,4,,0,,0,부부 급여 280만원,11,17,17,0.2353,0.2353,0.7647,7.118,121,17,1.0,0.059,2.0,4.0,1,0,2010,정상종료,완납,192,1620,300만원,18개월,0.3,여자,세,기타,,,,21.0,11.0,16.0,0.0,0.0,1,,,,,3000000.0,18.0,241666.66666666663,206250.0,,,,,19,5.2574953720277815,B091125-14,,,,,0,0,0,0,0,14.914122846632385,21.0,16.0,0.0,0.0,0,0,1,1,,,,11,0,0,0,0,0.0,0.0,
B090210-20,2,4,1,1,0,4,,0,,2,부부합산 월 340만원,11,10,10,1.0,0.8,0.0,0.0,0,0,,,,,0,0,2009,정상종료,완납,194,1303,100만원,12개월,0.3,여자,세,기타,,,,63.0,34.0,5.0,0.0,0.0,1,,,,,1000000.0,12.0,108333.33333333331,96875.0,,,,,20,5.267858159063328,B090210-20,,,,,0,0,0,0,0,13.815510557964274,63.0,5.0,0.0,0.0,0,0,1,1,,,,11,0,0,0,0,0.0,0.0,
B090814-20,5,4,5,2,1,4,270000.0,1,월,1,현 학원 월급 110만원,11,9,9,1.0,0.8889,0.0,0.0,0,0,,,,,0,0,2009,정상종료,완납,1282,6566,200만원,9개월,0.3,여자,세,기타,,,,,,,,,1,,,,,2000000.0,9.0,272222.22222222225,250000.0,,,,,20,7.156176637480615,B090814-20,income,False,7.0,False,1,1,0,0,0,14.50865773852422,0.0,0.0,0.0,0.0,1,0,4,2,income,7.0,False,11,1,1,0,0,1.022012578616352,1.572327044025157,
B090825-20,2,4,1,3,1,5,,0,,1,2년 재직 실수령 161만,11,12,12,0.25,0.0833,0.75,5.417,65,27,4.0,0.333,,,1,0,2009,정상종료,완납,450,317,200만원,12개월,0.3,남자,세,기타,,,,22.0,12.0,14.0,0.0,0.0,1,,,,,2000000.0,12.0,216666.66666666663,193750.0,,,,,20,6.1092475827643655,A080819-1,,,,,0,0,0,0,0,14.50865773852422,22.0,14.0,0.0,0.0,0,1,1,1,,,,11,0,0,0,0,0.0,0.0,
B091116-20,5,4,3,1,0,4,275000.0,1,월,1,웹디자인 재직 월 180만,11,4,4,0.5,0.5,0.5,17.5,70,53,3.0,0.75,,,1,0,2009,정상종료,완납,637,1101,200만원,12개월,0.3,여자,세,기타,,,,,,,,,1,,,,,2000000.0,12.0,216666.66666666663,193750.0,,,,,20,6.456769655572163,B091116-20,,,,,0,0,0,0,0,14.50865773852422,0.0,0.0,0.0,0.0,1,0,1,2,,,,11,0,0,0,1,0.0,0.0,15.0
B091211-20,2,4,2,1,0,4,,0,,2,이삿짐 기본급 110만,11,6,6,0.8333,0.5,0.1667,1.333,8,8,4.0,0.667,5.0,,1,0,2009,정상종료,완납,532,1925,100만원,6개월,0.3,여자,세,기타,,,,6.0,4.0,1.0,0.0,0.0,1,,,,,1000000.0,6.0,191666.66666666663,181250.0,,,,,20,6.2766434893416445,B091211-20,,,,,0,0,0,0,0,13.815510557964274,6.0,1.0,0.0,0.0,0,0,1,1,,,,11,0,0,0,0,0.1886792452830188,0.0,
B091224-20,4,5,2,1,0,4,150000.0,1,월,3,가정 총수입 366만,11,1,1,0.0,0.0,1.0,61.0,61,61,1.0,1.0,,,1,0,2009,연체중,손실,385,1040,50만원,3개월,0.3,남자,세,기타,,,,,,,,,1,,,,,500000.0,3.0,179166.66666666666,175000.0,,,,,20,5.953243334287785,B091224-20,,,,,0,0,0,0,0,13.122363377404328,0.0,0.0,0.0,0.0,1,1,1,1,,,,11,0,0,0,0,0.2604166666666666,0.0,
B100108-20,5,5,3,1,0,4,350000.0,1,월,2,학원 고정월급 210만,11,15,15,0.9333,0.6,0.0667,0.067,1,1,2.0,0.133,3.0,,1,0,2010,정상종료,완납,364,831,400만원,15개월,0.3,여자,세,기타,,,,,,,,,1,,,,,4000000.0,15.0,366666.6666666667,320000.0,,,,,20,5.8971538676367405,B100108-20,,,,,0,0,0,0,0,15.201804919084164,0.0,0.0,0.0,0.0,1,0,1,1,,,,11,0,0,0,1,0.0,0.0,15.0
B100112-20,2,4,3,1,0,4,,0,,1,부부 월수입 260만,11,12,12,0.1667,0.0833,0.8333,6.583,79,11,2.0,0.167,4.0,5.0,1,0,2010,정상종료,완납,475,750,250만원,12개월,0.3,여자,세,기타,,,,4.0,1.0,17.0,0.0,0.0,1,,,,,2500000.0,12.0,270833.3333333334,242187.5,,,,,20,6.163314804034641,B090226-14,,,,,0,0,0,0,0,14.73180128983843,4.0,17.0,0.0,0.0,0,0,1,2,,,,11,0,0,0,0,0.0,0.0,
B100811-20,2,3,1,5,1,4,,0,,2,보험사용인·아르바이트 수입,11,8,8,1.0,1.0,0.0,0.0,0,0,,,,,0,0,2010,정상종료,완납,413,1485,300만원,15개월,0.3,여자,세,기타,,,,60.0,44.0,0.0,0.0,0.0,1,,,,,3000000.0,15.0,275000.0,240000.0,,,,,20,6.023447592961033,B091013-10,,,,,0,0,0,0,0,14.914122846632385,60.0,0.0,0.0,0.0,0,0,1,4,,,,11,0,0,0,0,0.0,0.0,
B100825-20,5,5,4,1,0,4,500000.0,1,월,2,월급 200만+부업 40만,11,12,12,0.6667,0.4167,0.3333,3.75,45,21,8.0,0.667,12.0,,1,0,2010,정상종료,완납,370,866,250만원,12개월,0.3,여자,세,기타,,,,,,,,,1,,,,,2500000.0,12.0,270833.3333333334,242187.5,,,,,20,5.91350300563827,B100825-20,income,False,6.0,False,1,1,0,0,0,14.73180128983843,0.0,0.0,0.0,0.0,1,0,4,1,income,6.0,False,11,1,1,0,1,0.0,2.73224043715847,6.0
B100927-20,5,4,5,1,0,2,162500.0,1,월,1,부친 사업 구두약속 월급,11,12,12,0.75,0.6667,0.25,2.5,30,25,3.0,0.25,5.0,7.0,1,0,2010,정상종료,완납,1376,1663,150만원,12개월,0.3,남자,세,기타,,,,39.0,28.0,6.0,0.0,0.0,1,,,,,1500000.0,12.0,162500.0,145312.5,,,,,20,7.226936018493289,B090511-6,calendar,True,12.0,True,1,0,1,0,1,14.22097566607244,39.0,6.0,0.0,0.0,0,1,4,1,calendar,12.0,False,11,1,1,0,0,0.2240477968633308,0.7468259895444362,
B100928-20,2,4,1,3,1,4,,0,,1,남편 코킹일 월 220만,11,24,24,1.0,0.75,0.0,0.0,0,0,,,,,0,0,2010,정상종료,완납,1515,2673,300만원,24개월,0.3,여자,세,기타,,,,58.0,42.0,1.0,0.0,0.0,1,,,,,3000000.0,24.0,200000.0,164062.5,,,,,20,7.323170717943469,B100928-20,,,,,0,0,0,0,0,14.914122846632385,58.0,1.0,0.0,0.0,0,0,1,2,,,,11,0,0,0,0,0.4781420765027322,0.0,
B090824-21,5,4,1,1,0,4,230000.0,1,월,2,월급여 실수령 211만,11,12,12,1.0,0.6667,0.0,0.0,0,0,,,,,0,0,2009,정상종료,완납,183,541,200만원,12개월,0.3,남자,세,기타,,,,,,,,,1,,,,,2000000.0,12.0,216666.66666666663,193750.0,,,,,21,5.209486152841421,B090824-21,,,,,0,0,0,0,0,14.50865773852422,0.0,0.0,0.0,0.0,1,1,3,1,,,,11,0,0,0,0,0.0,0.0,
B091123-21,2,4,4,1,0,3,,0,,2,알바 수입+취업 예정,11,6,6,0.6667,0.5,0.3333,0.333,2,1,5.0,0.833,,,1,0,2009,정상종료,완납,241,1335,50만원,6개월,0.3,여자,세,기타,,,,,,,,,1,,,,,500000.0,6.0,95833.33333333331,90625.0,,,,,21,5.484796933490655,B091123-21,income,False,7.0,False,0,1,0,0,0,13.122363377404328,0.0,0.0,0.0,0.0,1,0,3,1,,,,11,1,0,1,0,0.0,0.0,
B100115-21,2,5,3,3,1,4,,0,,3,가게수입+알바 병행,11,12,12,0.5,0.0,0.5,1.5,18,6,1.0,0.083,4.0,6.0,1,0,2010,정상종료,완납,550,665,50만원,12개월,0.3,여자,세,기타,,,,,,,,,1,,,,,500000.0,12.0,54166.66666666666,48437.5,,,,,21,6.309918278226516,B100115-21,,,,,0,0,0,0,0,13.122363377404328,0.0,0.0,0.0,0.0,1,0,1,3,,,,11,0,0,0,0,0.0,0.0,
B100615-21,1,2,1,1,0,4,,0,,0,보험·고물상 수입 증빙,11,12,12,0.3333,0.25,0.6667,16.667,200,30,4.0,0.333,5.0,6.0,1,0,2010,정상종료,완납,226,1658,150만원,12개월,0.3,남자,세,기타,,,,,,,,,1,,,,,1500000.0,12.0,162500.0,145312.5,,,,,21,5.420534999272286,B100615-21,,,,,0,0,0,0,0,14.22097566607244,0.0,0.0,0.0,0.0,1,1,1,1,,,,11,0,0,0,0,0.0,0.0,
B090730-22,2,4,3,1,0,4,,0,,2,7월 정직원 전환,11,9,9,0.0,0.0,1.0,15.333,138,24,1.0,0.111,,,1,0,2009,정상종료,완납,327,810,100만원,9개월,0.3,남자,세,기타,,,,,,,,,1,,,,,1000000.0,9.0,136111.11111111112,125000.0,,,,,22,5.7899601708972535,B090730-22,,,,,0,0,0,0,0,13.815510557964274,0.0,0.0,0.0,0.0,1,1,1,2,,,,11,0,0,0,0,0.0,3.067484662576687,
B091207-22,2,5,4,3,1,3,,0,,3,영업수당 예상+과거 실적,11,5,5,1.0,1.0,0.0,0.0,0,0,,,,,0,0,2009,정상종료,완납,1805,3742,200만원,12개월,0.3,남자,세,기타,,,,100.0,82.0,21.0,0.0,0.0,1,,,,,2000000.0,12.0,216666.66666666663,193750.0,,,,,22,7.498315870766981,B091207-22,income,False,,False,0,1,0,0,0,14.50865773852422,100.0,21.0,0.0,0.0,0,1,1,2,,,,11,1,0,1,0,0.0,1.1148272017837235,
B100201-22,3,5,3,3,1,4,,0,월,2,보육사 90만+남편 300만,11,12,12,0.9167,0.5,0.0833,0.083,1,1,6.0,0.5,7.0,,1,0,2010,정상종료,완납,174,404,150만원,12개월,0.3,여자,세,기타,,,,33.0,11.0,6.0,0.0,0.0,1,,,,,1500000.0,12.0,162500.0,145312.5,,,,,22,5.159055299214529,B100201-22,,,,,0,0,0,0,0,14.22097566607244,33.0,6.0,0.0,0.0,0,0,1,1,,,,11,0,0,0,0,0.0,0.0,
B100820-22,5,5,5,1,0,4,100000.0,1,월,2,급여 실수령·사내대출 내역,11,10,10,1.0,0.5,0.0,0.0,0,0,,,,,0,0,2010,정상종료,완납,736,2017,100만원,12개월,0.3,여자,세,기타,,,,,,,,,1,,,,,1000000.0,12.0,108333.33333333331,96875.0,,,,,22,6.601230118728877,B100820-22,income,False,25.0,False,0,1,0,0,0,13.815510557964274,0.0,0.0,0.0,0.0,1,0,3,1,,,,11,1,0,1,1,0.0,0.0,25.0
B090112-23,3,4,3,3,1,4,,0,월,1,월급여 170만원,11,12,12,1.0,0.5833,0.0,0.0,0,0,,,,,0,0,2009,정상종료,완납,174,421,100만원,12개월,0.3,남자,세,기타,,,,,,,,,1,,,,,1000000.0,12.0,108333.33333333331,96875.0,,,,,23,5.159055299214529,B090112-23,,,,,0,0,0,0,0,13.815510557964274,0.0,0.0,0.0,0.0,1,1,1,1,,,,11,0,0,0,0,0.0,5.780346820809248,
B090730-23,3,5,3,4,1,4,,0,월,2,보험설계사 급여+모자지원,11,12,12,1.0,1.0,0.0,0.0,0,0,,,,,0,0,2009,정상종료,완납,287,1833,200만원,12개월,0.3,여자,세,기타,,,,38.0,25.0,8.0,2.0,0.0,1,,,,,2000000.0,12.0,216666.66666666663,193750.0,,,,,23,5.659482215759621,B090730-23,,,,,0,0,0,0,0,14.50865773852422,38.0,8.0,2.0,0.0,0,0,1,1,,,,11,0,0,0,0,0.0,0.0,
B100218-23,2,5,1,4,1,4,,0,,2,7개월 재직+문화센터 강사,11,12,12,1.0,1.0,0.0,0.0,0,0,,,,,0,0,2010,정상종료,완납,477,299,150만원,12개월,0.3,여자,세,기타,,,,51.0,45.0,0.0,0.0,0.0,1,,,,,1500000.0,12.0,162500.0,145312.5,,,,,23,6.1675164908883415,B100218-23,,,,,0,0,0,0,0,14.22097566607244,51.0,0.0,0.0,0.0,0,0,1,1,,,,11,0,0,0,0,0.4210526315789473,0.0,
B100225-23,5,5,1,1,0,5,200000.0,1,월,2,부부 급여 370만,11,3,3,0.0,0.0,1.0,23.667,71,61,1.0,0.333,,,1,0,2010,연체중,손실,430,3001,300만원,24개월,0.3,여자,세,기타,,,,,,,,,1,,,,,3000000.0,24.0,200000.0,164062.5,,,,,23,6.063785208687608,B100225-23,,,,,0,0,0,0,0,14.914122846632385,0.0,0.0,0.0,0.0,1,0,1,1,,,,11,0,0,0,0,0.0,0.0,
B100315-23,4,4,1,1,0,4,440000.0,1,월,2,월소득 246만·잉여 32만,11,24,24,1.0,1.0,0.0,0.0,0,0,,,,,0,0,2010,정상종료,완납,327,637,500만원,24개월,0.3,,세,기타,,,,,,,,,1,,,,,5000000.0,24.0,333333.3333333334,273437.5,,,,,23,5.7899601708972535,B100315-23,,,,,0,0,0,0,0,15.424948470398377,0.0,0.0,0.0,0.0,1,0,1,1,,,,11,0,0,0,0,0.0,0.0,
B100805-23,3,4,4,4,1,4,,0,월,2,세후 급여 183만+보너스,11,7,7,0.1429,0.0,0.8571,7.714,54,31,2.0,0.286,,,1,0,2010,연체중,손실,206,735,250만원,9개월,0.3,남자,세,기타,,,,,,,,,1,,,,,2500000.0,9.0,340277.7777777777,312500.0,,,,,23,5.327876168789581,B100805-23,income,False,,False,0,1,0,0,0,14.73180128983843,0.0,0.0,0.0,0.0,1,1,1,1,,,,11,1,0,1,0,0.0,0.0,
B101208-23,2,4,5,1,0,4,,0,,2,연소득 4740만·보너스달,11,8,8,1.0,1.0,0.0,0.0,0,0,,,,,0,0,2010,정상종료,완납,485,401,300만원,15개월,0.3,남자,세,기타,,,,53.0,32.0,6.0,0.0,0.0,1,,,,,3000000.0,15.0,275000.0,240000.0,,,,,23,6.184148890937483,B101208-23,income,False,10.0,True,0,1,0,0,0,14.914122846632385,53.0,6.0,0.0,0.0,0,1,3,1,,,,11,1,0,1,0,0.0,0.0,
B100924-24,4,4,1,1,0,4,370000.0,1,월,1,월수입 250만·지출조정,11,10,10,1.0,0.9,0.0,0.0,0,0,,,,,0,0,2010,정상종료,완납,467,1346,400만원,15개월,0.3,여자,세,기타,,,,98.0,84.0,3.0,0.0,0.0,1,,,,,4000000.0,15.0,366666.6666666667,320000.0,,,,,24,6.1463292576688975,B090402-6,,,,,0,0,0,0,0,15.201804919084164,98.0,3.0,0.0,0.0,0,0,1,1,,,,11,0,0,0,0,0.0,0.0,
B100928-24,5,4,4,5,1,3,216667.0,1,월,2,쇼핑몰 예정+맥편집 병행,11,7,7,0.7143,0.5714,0.2857,4.571,32,31,6.0,0.857,,,1,0,2010,연체중,손실,1413,1630,200만원,12개월,0.3,여자,세,기타,,,,,,,,,1,,,,,2000000.0,12.0,216666.66666666663,193750.0,,,,,24,7.253470382684528,B100928-24,none,False,,False,0,0,0,0,0,14.50865773852422,0.0,0.0,0.0,0.0,1,0,1,2,,,,11,1,0,1,0,0.0,0.0,
B100729-25,4,5,4,4,1,3,200000.0,1,월,3,다음달 수급·연금 개시 예정,11,6,6,0.0,0.0,1.0,7.167,43,9,1.0,0.167,,,1,0,2010,정상종료,완납,495,1006,100만원,6개월,0.3,남자,세,기타,,,,3.0,0.0,14.0,0.0,0.0,1,,,,,1000000.0,6.0,191666.66666666663,181250.0,,,,,25,6.20455776256869,B100729-25,income,False,,False,0,1,0,0,0,13.815510557964274,3.0,14.0,0.0,0.0,0,1,1,2,,,,11,1,0,1,0,0.0,4.048582995951417,
B100928-25,2,4,1,1,0,5,,0,,1,월급 219만·잉여 51만,11,6,6,0.6667,0.6667,0.3333,1.667,10,8,4.0,0.667,6.0,,1,0,2010,정상종료,완납,305,2416,300만원,15개월,0.3,남자,세,기타,,,,,,,,,1,,,,,3000000.0,15.0,275000.0,240000.0,,,,,25,5.720311776607412,B100928-25,,,,,0,0,0,0,0,14.914122846632385,0.0,0.0,0.0,0.0,1,1,1,1,,,,11,0,0,0,0,0.0,0.0,
B101202-25,3,4,4,5,1,4,,0,월,1,6년차 재직·실수령 250만,11,7,7,1.0,1.0,0.0,0.0,0,0,,,,,0,0,2010,정상종료,완납,1869,4324,250만원,12개월,0.3,남자,세,기타,,,,,,,,,1,,,,,2500000.0,12.0,270833.3333333334,242187.5,,,,,25,7.533158807455563,B101202-25,calendar,False,,False,0,0,1,0,0,14.73180128983843,0.0,0.0,0.0,0.0,1,1,3,3,,,,11,1,0,1,0,0.1077586206896551,3.771551724137931,
B090811-26,4,1,1,1,0,1,200000.0,1,월,0,지출목록만 제시,11,12,12,1.0,1.0,0.0,0.0,0,0,,,,,0,0,2009,정상종료,완납,475,220,200만원,12개월,0.27,여자,세,기타,,,,41.0,41.0,0.0,0.0,0.0,1,,,,,2000000.0,12.0,211666.66666666663,191041.66666666663,,,,,26,6.163314804034641,B090203-15,,,,,0,0,0,0,0,14.50865773852422,41.0,0.0,0.0,0.0,0,0,1,1,,,,11,0,0,0,0,1.89873417721519,0.0,
B100414-26,5,5,3,1,0,4,250000.0,1,월,3,3개월 급여내역 제시,11,12,12,1.0,1.0,0.0,0.0,0,0,,,,,0,0,2010,정상종료,완납,947,503,200만원,12개월,0.3,남자,세,기타,,,,50.0,31.0,10.0,0.0,0.0,1,,,,,2000000.0,12.0,216666.66666666663,193750.0,,,,,26,6.853299093186078,B100414-26,,,,,0,0,0,0,0,14.50865773852422,50.0,10.0,0.0,0.0,0,1,1,1,,,,11,0,0,0,0,0.3225806451612903,1.075268817204301,
B100826-27,5,5,5,1,0,5,160000.0,1,월,2,공기업 10년 근무 급여,11,7,7,1.0,1.0,0.0,0.0,0,0,,,,,0,0,2010,정상종료,완납,1108,2131,150만원,12개월,0.3,남자,세,기타,,,,,,,,,1,,,,,1500000.0,12.0,162500.0,145312.5,,,,,27,7.010311867307229,B100826-27,income,False,25.0,False,1,1,0,0,0,14.22097566607244,0.0,0.0,0.0,0.0,1,1,4,3,income,26.0,False,11,1,1,0,1,0.0,4.587155963302752,
B091207-28,2,5,1,3,1,4,,0,,3,3개월 급여내역·상여,11,23,23,0.913,0.3478,0.087,0.087,2,1,17.0,0.739,18.0,23.0,1,0,2009,정상종료,완납,1052,2028,300만원,24개월,0.3,여자,세,기타,,,,,,,,,1,,,,,3000000.0,24.0,200000.0,164062.5,,,,,28,6.958448393297656,B091207-28,,,,,0,0,0,0,0,14.914122846632385,0.0,0.0,0.0,0.0,1,0,1,1,,,,11,0,0,0,0,0.0,1.9120458891013383,
B100218-30,4,5,1,1,0,4,200000.0,1,월,2,프리랜서+형부회사 입사,11,4,4,1.0,0.25,0.0,0.0,0,0,,,,,0,0,2010,정상종료,완납,505,678,200만원,12개월,0.3,여자,세,기타,,,,52.0,17.0,21.0,0.0,0.0,1,,,,,2000000.0,12.0,216666.66666666663,193750.0,,,,,30,6.22455842927536,A080611-1,,,,,0,0,0,0,0,14.50865773852422,52.0,21.0,0.0,0.0,0,0,1,1,,,,11,0,0,0,0,0.0,0.0,
B100818-30,1,3,3,3,1,3,,0,,1,무직·일당 5만원 임시,11,5,5,1.0,1.0,0.0,0.0,0,0,,,,,0,0,2010,정상종료,완납,564,550,300만원,24개월,0.3,남자,세,기타,,,,75.0,56.0,27.0,4.0,0.0,1,,,,,3000000.0,24.0,200000.0,164062.5,,,,,30,6.335054251498059,A070817-4,,,,,0,0,0,0,0,14.914122846632385,75.0,27.0,4.0,0.0,0,1,1,3,,,,11,0,0,0,0,0.3577817531305903,0.0,
B100730-32,5,5,1,3,1,4,170000.0,1,월,3,수급비 2년+신규 취직,11,12,12,0.0833,0.0,0.9167,23.167,278,30,2.0,0.167,,,1,0,2010,정상종료,완납,968,900,150만원,12개월,0.3,여자,세,기타,,,,,,,,,1,,,,,1500000.0,12.0,162500.0,145312.5,,,,,32,6.875232087276577,B100730-32,,,,,0,0,0,0,0,14.22097566607244,0.0,0.0,0.0,0.0,1,0,1,1,,,,11,0,0,0,0,0.0,1.034126163391934,
B100811-32,3,5,3,3,1,4,,0,월,2,모자지원+약국 근무,11,24,24,0.7917,0.5,0.2083,1.208,29,22,6.0,0.25,8.0,18.0,1,0,2010,정상종료,완납,175,800,300만원,24개월,0.3,여자,세,기타,,,,38.0,25.0,8.0,2.0,0.0,1,,,,,3000000.0,24.0,200000.0,164062.5,,,,,32,5.1647859739235145,B090730-23,,,,,0,0,0,0,0,14.914122846632385,38.0,8.0,2.0,0.0,0,0,1,1,,,,11,0,0,0,0,0.0,0.0,
B100813-32,2,5,1,3,1,4,,0,,2,남편 지입차 230만+전단알바,11,24,24,0.7917,0.4583,0.2083,0.375,9,3,5.0,0.208,6.0,7.0,1,0,2010,정상종료,완납,887,1213,300만원,24개월,0.3,여자,세,기타,,,,22.0,12.0,26.0,0.0,0.0,1,,,,,3000000.0,24.0,200000.0,164062.5,,,,,32,6.787844982309579,B090625-17,,,,,0,0,0,0,0,14.914122846632385,22.0,26.0,0.0,0.0,0,0,1,1,,,,11,0,0,0,1,0.1136363636363636,1.1363636363636362,
B100810-33,5,5,5,1,0,4,200000.0,1,월,4,급여 111만·작년 장려금 수령,11,12,12,0.4167,0.25,0.5833,4.25,51,13,6.0,0.5,,,1,0,2010,정상종료,완납,494,1523,200만원,12개월,0.3,여자,세,기타,,,,,,,,,1,,,,,2000000.0,12.0,216666.66666666663,193750.0,,,,,33,6.202535517187923,B100810-33,event,False,26.0,True,0,0,0,1,0,14.50865773852422,0.0,0.0,0.0,0.0,1,0,3,1,,,,11,1,0,1,0,0.6072874493927125,4.048582995951417,
B100818-35,5,4,1,3,1,4,280000.0,1,월,1,재직 중 실수령 136만,11,15,15,0.7333,0.4667,0.2667,3.933,59,31,7.0,0.467,8.0,12.0,1,0,2010,연체중,손실,594,1477,500만원,24개월,0.3,남자,세,기타,,,,19.0,15.0,3.0,0.0,0.0,1,,,,,5000000.0,24.0,333333.3333333334,273437.5,,,,,35,6.386879319362645,B100818-35,,,,,0,0,0,0,0,15.424948470398377,19.0,3.0,0.0,0.0,0,1,1,2,,,,11,0,0,0,0,0.0,0.0,
B100812-36,1,2,1,1,0,3,,0,,0,개략적 수입·지출,11,9,9,1.0,1.0,0.0,0.0,0,0,,,,,0,0,2010,정상종료,완납,77,446,400만원,24개월,0.3,남자,세,기타,,,,88.0,82.0,0.0,0.0,0.0,1,,,,,4000000.0,24.0,266666.6666666666,218750.0,,,,,36,4.343805421853684,B091130-1,,,,,0,0,0,0,0,15.201804919084164,88.0,0.0,0.0,0.0,0,1,1,1,,,,11,0,0,0,0,0.0,0.0,
B100906-37,2,5,1,2,1,4,,0,,2,본인 급여+남편 알바,11,22,22,0.6364,0.5,0.3636,6.136,135,29,12.0,0.545,13.0,14.0,1,0,2010,정상종료,완납,231,1491,300만원,24개월,0.3,,세,기타,,,,,,,,,1,,,,,3000000.0,24.0,200000.0,164062.5,,,,,37,5.442417710521793,B100906-37,,,,,0,0,0,0,0,14.914122846632385,0.0,0.0,0.0,0.0,1,0,1,1,,,,11,0,0,0,0,0.0,0.0,
B100809-40,2,5,1,4,1,4,,0,,2,남편 220만+본인 95만,11,12,12,0.9167,0.5,0.0833,0.167,2,2,3.0,0.25,4.0,,1,0,2010,정상종료,완납,624,1194,200만원,12개월,0.3,여자,세,기타,,,,,,,,,1,,,,,2000000.0,12.0,216666.66666666663,193750.0,,,,,40,6.436150368369428,B100809-40,,,,,0,0,0,0,0,14.50865773852422,0.0,0.0,0.0,0.0,1,0,1,1,,,,11,0,0,0,0,0.0,4.830917874396135,
B100721-41,4,5,1,1,0,4,160000.0,1,월,2,레슨·연주 알바 수입,11,12,12,0.8333,0.3333,0.1667,0.333,4,2,6.0,0.5,8.0,,1,0,2010,정상종료,완납,129,1312,150만원,12개월,0.3,여자,세,기타,,,,25.0,9.0,11.0,0.0,0.0,1,,,,,1500000.0,12.0,162500.0,145312.5,,,,,41,4.859812404361672,A080106-2,,,,,0,0,0,0,0,14.22097566607244,25.0,11.0,0.0,0.0,0,0,1,1,,,,11,0,0,0,0,0.0,0.0,
B100806-42,2,5,4,1,0,5,,0,,3,7년차 연봉+유공자 연금,11,21,21,0.9524,0.8095,0.0476,0.048,1,1,7.0,0.333,8.0,,1,0,2010,정상종료,완납,375,383,300만원,24개월,0.3,남자,세,기타,,,,41.0,36.0,4.0,0.0,0.0,1,,,,,3000000.0,24.0,200000.0,164062.5,,,,,42,5.926926025970411,B090910-8,income,False,,False,0,1,0,0,0,14.914122846632385,41.0,4.0,0.0,0.0,0,1,1,1,,,,11,1,0,1,0,0.2747252747252747,8.241758241758243,
B100818-48,3,5,5,5,1,4,,0,월,4,휴가수당 수령·예치 중,11,24,24,1.0,0.9167,0.0,0.0,0,0,,,,,0,0,2010,정상종료,완납,4674,3081,300만원,24개월,0.3,남자,세,기타,,,,34.0,31.0,0.0,0.0,0.0,1,,,,,3000000.0,24.0,200000.0,164062.5,,,,,48,8.449770515098804,B100818-48,event,False,,True,1,0,0,1,0,14.914122846632385,34.0,0.0,0.0,0.0,0,1,5,5,calendar,,True,11,1,1,0,0,0.0437636761487965,1.5317286652078774,
B100729-50,2,4,1,1,0,4,,0,,1,남편 연봉 2200·월 180,11,4,4,1.0,1.0,0.0,0.0,0,0,,,,,0,0,2010,정상종료,완납,263,790,150만원,12개월,0.3,여자,세,기타,,,,58.0,40.0,6.0,0.0,0.0,1,,,,,1500000.0,12.0,162500.0,145312.5,,,,,50,5.572154032177765,A070601-5,,,,,0,0,0,0,0,14.22097566607244,58.0,6.0,0.0,0.0,0,0,1,1,,,,11,0,0,0,0,0.0,0.0,
B100806-50,2,5,3,3,1,3,,0,,3,"과외 고정수입, 정규직 기대",12,12,12,0.9167,0.75,0.0833,0.333,4,4,4.0,0.333,5.0,,1,0,2010,정상종료,완납,731,1470,150만원,12개월,0.3,여자,세,기타,,,,39.0,12.0,8.0,0.0,0.0,1,,,,,1500000.0,12.0,162500.0,145312.5,,,,,50,6.594413459749778,B100806-50,,,,,0,0,0,0,0,14.22097566607244,39.0,8.0,0.0,0.0,0,0,1,2,,,,12,0,0,0,0,0.0,2.770083102493075,
B100727-51,2,4,1,2,1,5,,0,,1,현재 월수입 430만원,12,9,9,1.0,1.0,0.0,0.0,0,0,,,,,0,0,2010,정상종료,완납,114,485,200만원,9개월,0.3,남자,세,기타,,,,49.0,43.0,0.0,0.0,0.0,1,,,,,2000000.0,9.0,272222.22222222225,250000.0,,,,,51,4.736198448394496,B091109-2,,,,,0,0,0,0,0,14.50865773852422,49.0,0.0,0.0,0.0,0,1,1,2,,,,12,0,0,0,0,0.0,0.0,
B100803-51,3,5,5,1,0,4,,0,,2,"3년2개월 재직, 급여확인",12,12,12,0.3333,0.0,0.6667,5.083,61,22,3.0,0.25,5.0,6.0,1,0,2010,정상종료,완납,550,1520,100만원,12개월,0.3,남자,세,기타,,,,,,,,,1,,,,,1000000.0,12.0,108333.33333333331,96875.0,,,,,51,6.309918278226516,B100803-51,none,False,,False,0,0,0,0,0,13.815510557964274,0.0,0.0,0.0,0.0,1,1,1,1,,,,12,1,0,1,0,0.0,0.0,
B100819-52,2,5,5,1,0,4,,0,,2,"부부 재직, 여유 45만원",12,3,3,0.0,0.0,1.0,21.667,65,61,1.0,0.333,,,1,0,2010,연체중,손실,1060,1616,250만원,12개월,0.3,여자,세,기타,,,,,,,,,1,,,,,2500000.0,12.0,270833.3333333334,242187.5,,,,,52,6.966024187106113,B100819-52,income,False,10.0,False,0,1,0,0,0,14.73180128983843,0.0,0.0,0.0,0.0,1,0,1,1,,,,12,1,0,1,0,0.0,0.0,
B100806-60,3,4,5,1,0,4,,0,월,1,백화점 재직 월120만원,12,2,2,0.0,0.0,1.0,5.5,11,8,1.0,0.5,,,1,0,2010,정상종료,완납,585,1539,100만원,12개월,0.3,여자,세,기타,,,,,,,,,1,,,,,1000000.0,12.0,108333.33333333331,96875.0,,,,,60,6.371611847231857,B100806-60,income,False,15.0,False,0,1,0,0,0,13.815510557964274,0.0,0.0,0.0,0.0,1,0,2,1,,,,12,1,0,1,1,0.0,0.0,15.0
B100817-68,1,5,3,1,0,3,,0,,2,3개월 수수료 140만원,12,12,12,1.0,0.8333,0.0,0.0,0,0,,,,,0,0,2010,정상종료,완납,266,1548,200만원,12개월,0.3,여자,세,기타,,,,30.0,28.0,0.0,0.0,0.0,1,,,,,2000000.0,12.0,216666.66666666663,193750.0,,,,,68,5.583496308781699,B091114-5,,,,,0,0,0,0,0,14.50865773852422,30.0,0.0,0.0,0.0,0,0,1,2,,,,12,0,0,0,0,1.1278195488721805,0.0,
B100817-69,5,5,4,1,0,5,200000.0,1,월,2,"재직급여+알바, 상환이력",12,23,23,0.8696,0.087,0.1304,0.217,5,3,6.0,0.261,7.0,10.0,1,0,2010,정상종료,완납,473,1025,300만원,24개월,0.3,남자,세,기타,,,,57.0,6.0,5.0,0.0,0.0,1,,,,,3000000.0,24.0,200000.0,164062.5,,,,,69,6.159095388491933,B100817-69,income,False,5.0,False,0,1,0,0,0,14.914122846632385,57.0,5.0,0.0,0.0,0,1,1,1,,,,12,1,0,1,0,0.0,2.1321961620469083,
B100819-71,5,4,4,1,0,5,270000.0,1,월,1,"고정급여200, 2회 상환완료",12,12,12,1.0,0.8333,0.0,0.0,0,0,,,,,0,0,2010,정상종료,완납,487,874,300만원,15개월,0.3,여자,세,기타,,,,95.0,76.0,2.0,0.0,0.0,1,,,,,3000000.0,15.0,275000.0,240000.0,,,,,71,6.18826412308259,B090815-3,income,False,,False,0,1,0,0,0,14.914122846632385,95.0,2.0,0.0,0.0,0,0,2,1,,,,12,1,0,1,0,0.0,8.35073068893528,
B100816-85,4,4,3,2,1,5,,0,월,1,매일 팁수입 월300만원,12,1,1,0.0,0.0,1.0,61.0,61,61,1.0,1.0,,,1,0,2010,연체중,손실,253,771,100만원,6개월,0.3,남자,세,기타,,,,,,,,,1,,,,,1000000.0,6.0,191666.66666666663,181250.0,,,,,85,5.53338948872752,B100816-85,,,,,0,0,0,0,0,13.815510557964274,0.0,0.0,0.0,0.0,1,1,1,1,,,,12,0,0,0,0,0.0,0.0,
B110104-6,2,5,1,1,0,5,,0,,2,급여260+채권회수20,12,6,6,0.8333,0.1667,0.1667,0.167,1,1,3.0,0.5,4.0,,1,0,2011,정상종료,완납,206,1193,100만원,6개월,0.3,남자,세,기타,,,,15.0,7.0,7.0,0.0,0.0,1,,,,,1000000.0,6.0,191666.66666666663,181250.0,,,,,6,5.327876168789581,B110104-6,,,,,0,0,0,0,0,13.815510557964274,15.0,7.0,0.0,0.0,0,1,1,1,,,,12,0,0,0,0,0.0,0.0,
B110104-9,5,5,4,4,1,4,300000.0,1,월,2,공무원 현직 월300만원,12,12,12,0.9167,0.5,0.0833,0.25,3,3,11.0,0.917,12.0,,1,0,2011,정상종료,완납,673,823,250만원,12개월,0.3,남자,세,기타,,,,,,,,,1,,,,,2500000.0,12.0,270833.3333333334,242187.5,,,,,9,6.511745329644728,B110104-9,income,True,25.0,False,1,1,0,0,1,14.73180128983843,0.0,0.0,0.0,0.0,1,1,4,3,income,25.0,False,12,1,1,0,1,0.0,0.0,
B110105-13,2,4,3,1,0,4,,0,,1,고정수입 48만원,12,2,2,1.0,1.0,0.0,0.0,0,0,,,,,0,0,2011,정상종료,완납,319,511,300만원,24개월,0.05,여자,세,기타,,,,9.0,9.0,0.0,0.0,0.0,1,,,,,3000000.0,24.0,137500.0,131510.41666666666,,,,,13,5.765191102784844,B100420-9,,,,,0,0,0,0,0,14.914122846632385,9.0,0.0,0.0,0.0,0,0,2,1,,,,12,0,0,0,0,0.0,0.0,
B110105-4,3,4,3,3,1,5,,0,월,1,연봉3천 실수령 220만,12,1,1,0.0,0.0,1.0,31.0,31,31,1.0,1.0,,,1,0,2011,연체중,손실,656,1326,150만원,12개월,0.3,남자,세,기타,,,,,,,,,1,,,,,1500000.0,12.0,162500.0,145312.5,,,,,4,6.486160788944089,B110105-4,,,,,0,0,0,0,0,14.22097566607244,0.0,0.0,0.0,0.0,1,1,1,1,,,,12,0,0,0,0,0.0,1.5267175572519085,
B110106-4,5,4,4,1,0,4,200000.0,1,월,1,"취업, 다음주 첫월급",12,21,21,0.9524,0.7143,0.0476,0.048,1,1,14.0,0.667,15.0,,1,0,2011,정상종료,완납,409,770,300만원,24개월,0.3,여자,세,기타,,,,,,,,,1,,,,,3000000.0,24.0,200000.0,164062.5,,,,,4,6.013715156042802,B110106-4,income,False,10.0,False,0,1,0,0,0,14.914122846632385,0.0,0.0,0.0,0.0,1,0,1,1,,,,12,1,0,1,1,0.2450980392156862,2.450980392156863,
B110107-2,2,5,4,1,0,5,,0,,2,"1년 근무, 부부합산 300만",12,21,21,1.0,0.7619,0.0,0.0,0,0,,,,,0,0,2011,정상종료,완납,2395,1807,300만원,21개월,0.3,여자,세,기타,,,,33.0,23.0,0.0,0.0,0.0,1,,,,,3000000.0,21.0,217857.14285714287,182142.8571428572,,,,,2,7.781138509845015,B091130-13,income,False,,True,0,1,0,0,0,14.914122846632385,33.0,0.0,0.0,0.0,0,0,1,1,,,,12,1,0,1,0,0.7420340462680053,1.745962461807071,
B110107-9,5,4,4,1,0,4,162500.0,1,월,1,12월부터 고정 시터일,12,11,11,0.8182,0.4545,0.1818,5.091,56,29,10.0,0.909,,,1,0,2011,정상종료,완납,335,2357,150만원,12개월,0.3,여자,58세,기타,,,,,,,,,1,,,,,1500000.0,12.0,162500.0,145312.5,,,,,9,5.814130531825066,B110107-9,none,False,,False,0,0,0,0,0,14.22097566607244,0.0,0.0,0.0,0.0,1,0,1,1,,,,12,1,0,1,0,0.0,0.0,
B110109-2,3,5,4,1,0,4,,0,일시,2,"3년 재직, 퇴직금 예정",12,12,12,0.3333,0.25,0.6667,4.0,48,8,2.0,0.167,3.0,6.0,1,0,2011,정상종료,완납,277,352,200만원,12개월,0.3,남자,세,기타,,,,,,,,,1,,,,,2000000.0,12.0,216666.66666666663,193750.0,,,,,2,5.6240175061873385,B110109-2,event,False,13.0,True,1,0,0,1,0,14.50865773852422,0.0,0.0,0.0,0.0,1,1,4,1,event,13.0,False,12,1,1,0,0,0.0,0.0,
B110110-1,2,5,3,1,0,4,,0,,2,"월급140, 여유 40만",12,12,12,0.9167,0.9167,0.0833,0.333,4,4,9.0,0.75,10.0,,1,0,2011,정상종료,완납,292,813,200만원,12개월,0.3,여자,세,기타,,,,60.0,39.0,21.0,0.0,0.0,1,,,,,2000000.0,12.0,216666.66666666663,193750.0,,,,,1,5.676753802268282,B110110-1,,,,,0,0,0,0,0,14.50865773852422,60.0,21.0,0.0,0.0,0,0,1,1,,,,12,0,0,0,0,2.73972602739726,0.0,
B110111-1,3,4,3,3,1,4,,0,,2,문화센터 강사 월120~140,12,15,15,1.0,0.7333,0.0,0.0,0,0,,,,,0,0,2011,정상종료,완납,446,278,300만원,15개월,0.3,여자,35세,기타,,,,43.0,19.0,2.0,0.0,0.0,1,,,,,3000000.0,15.0,275000.0,240000.0,,,,,1,6.100318952020064,B120424-15,,,,,0,0,0,0,0,14.914122846632385,43.0,2.0,0.0,0.0,0,0,1,3,,,,12,0,0,0,0,0.0,2.242152466367713,
B110111-3,2,5,1,1,0,5,,0,,3,3개 일자리 현재 수입,12,1,1,0.0,0.0,1.0,31.0,31,31,1.0,1.0,,,1,0,2011,연체중,손실,1329,5637,250만원,12개월,0.3,여자,27세,기타,,,,,,,,,1,,,,,2500000.0,12.0,270833.3333333334,242187.5,,,,,3,7.192182058713246,B110111-3,,,,,0,0,0,0,0,14.73180128983843,0.0,0.0,0.0,0.0,1,0,1,1,,,,12,0,0,0,0,0.0755287009063444,0.0,
B110111-4,2,5,2,1,0,5,,0,,2,직장+알바 재직 중,12,9,9,0.5556,0.4444,0.4444,2.556,23,12,2.0,0.222,5.0,8.0,1,0,2011,정상종료,완납,437,570,150만원,9개월,0.3,여자,세,기타,,,,54.0,45.0,31.0,5.0,0.0,1,,,,,1500000.0,9.0,204166.66666666663,187500.0,,,,,4,6.07993319509559,B110111-4,,,,,0,0,0,0,0,14.22097566607244,54.0,31.0,5.0,0.0,0,0,2,1,,,,12,0,0,0,0,2.059496567505721,0.0,
B110112-10,5,4,5,1,0,5,150000.0,1,월,1,3개월 급여내역 제시,12,9,9,1.0,1.0,0.0,0.0,0,0,,,,,0,0,2011,정상종료,완납,1521,2570,100만원,9개월,0.3,여자,세,기타,,,,,,,,,1,,,,,1000000.0,9.0,136111.11111111112,125000.0,,,,,10,7.327123292259293,B110112-10,income,False,10.0,True,1,1,0,0,0,13.815510557964274,0.0,0.0,0.0,0.0,1,0,4,1,event,,False,12,1,1,0,1,0.1321003963011889,0.0,10.0
B110112-14,2,5,4,5,1,4,,0,,3,7개월 운영 월170~200,12,6,6,0.5,0.0,0.5,15.0,90,31,4.0,0.667,,,1,0,2011,연체중,손실,400,823,150만원,12개월,0.3,여자,29세,기타,,,,,,,,,1,,,,,1500000.0,12.0,162500.0,145312.5,,,,,14,5.991464547107982,B110112-14,event,False,10.0,False,0,0,0,1,0,14.22097566607244,0.0,0.0,0.0,0.0,1,0,3,4,,,,12,1,0,1,0,0.2518891687657431,2.5188916876574305,
B110112-6,2,4,4,1,0,5,,0,,1,"월325만 급여, 서류확인",12,12,12,0.75,0.75,0.25,2.5,30,19,7.0,0.583,10.0,,1,0,2011,정상종료,완납,370,2334,200만원,12개월,0.3,남자,35세,기타,,,,,,,,,1,,,,,2000000.0,12.0,216666.66666666663,193750.0,,,,,6,5.91350300563827,B110112-6,income,False,10.0,False,0,1,0,0,0,14.50865773852422,0.0,0.0,0.0,0.0,1,1,1,1,,,,12,1,0,1,1,0.0,0.0,10.0
B110113-1,5,5,3,4,1,4,216667.0,1,월,2,병역특례 세후 221만,12,12,12,1.0,0.75,0.0,0.0,0,0,,,,,0,0,2011,정상종료,완납,424,1698,200만원,12개월,0.3,남자,세,기타,,,,,,,,,1,,,,,2000000.0,12.0,216666.66666666663,193750.0,,,,,1,6.049733455231958,B110113-1,,,,,0,0,0,0,0,14.50865773852422,0.0,0.0,0.0,0.0,1,1,2,1,,,,12,0,0,0,0,0.0,0.0,
B110113-11,1,5,1,1,0,4,,0,,2,가게수입+남편급여,12,5,5,0.0,0.0,1.0,16.8,84,31,1.0,0.2,,,1,0,2011,연체중,손실,150,928,200만원,12개월,0.3,여자,35세,기타,,,,,,,,,1,,,,,2000000.0,12.0,216666.66666666663,193750.0,,,,,11,5.010635294096256,B110113-11,,,,,0,0,0,0,0,14.50865773852422,0.0,0.0,0.0,0.0,1,0,1,1,,,,12,0,0,0,0,0.0,0.0,
B110113-17,2,5,1,2,1,5,,0,,2,부부급여 380만,12,10,10,0.9,0.4,0.1,0.1,1,1,8.0,0.8,9.0,,1,0,2011,정상종료,완납,348,1550,200만원,12개월,0.3,남자,44세,기타,,,,9.0,4.0,3.0,1.0,0.0,1,,,,,2000000.0,12.0,216666.66666666663,193750.0,,,,,17,5.8522024797744745,B110113-17,,,,,0,0,0,0,0,14.50865773852422,9.0,3.0,1.0,0.0,0,1,1,2,,,,12,0,0,0,0,0.0,0.0,
B110115-4,2,4,3,1,0,5,,0,,2,"복직 급여180, 회생 상환중",12,22,22,1.0,0.9091,0.0,0.0,0,0,,,,,0,0,2011,정상종료,완납,609,825,300만원,24개월,0.3,여자,29세,기타,,,,40.0,29.0,7.0,3.0,0.0,1,,,,,3000000.0,24.0,200000.0,164062.5,,,,,4,6.411818267709897,A080612-4,,,,,0,0,0,0,0,14.914122846632385,40.0,7.0,3.0,0.0,0,0,2,1,,,,12,0,0,0,0,0.0,1.7006802721088434,
B110318-11,1,5,1,1,0,5,,0,,2,부부급여 270만,12,12,12,0.25,0.0833,0.75,16.583,199,29,3.0,0.25,6.0,7.0,1,0,2011,정상종료,완납,217,373,250만원,12개월,0.3,여자,31세,기타,2700000.0,2020000.0,,14.0,9.0,26.0,2.0,0.0,1,2700000.0,2020000.0,680000.0,680000.0,2500000.0,12.0,270833.3333333334,242187.5,-409166.6666666666,0.3982843137254903,0.0,-437812.5,11,5.37989735354046,B081112-2,,,,,0,0,0,0,0,14.73180128983843,14.0,26.0,2.0,0.0,0,0,1,1,,,,12,0,0,0,0,0.0,0.0,
B110318-18,3,5,5,4,1,3,,0,,4,실업급여+성과급 예정,12,24,24,0.1667,0.125,0.8333,19.625,471,30,5.0,0.208,,,1,0,2011,정상종료,완납,593,1651,450만원,24개월,0.3,남자,39세,기타,3500000.0,3460000.0,,46.0,44.0,19.0,2.0,0.0,1,3500000.0,3460000.0,40000.0,40000.0,4500000.0,24.0,300000.0,246093.75,260000.0,7.5,1.0,206093.75,18,6.385194398997726,A081020-3,income,False,,True,0,1,0,0,0,15.319587954740548,46.0,19.0,2.0,0.0,0,1,3,2,,,,12,1,0,1,0,0.0,3.4129692832764507,
B110320-1,2,4,2,1,0,5,,0,,2,재직+퍼즐알바 월10만,12,24,24,0.5833,0.125,0.4167,2.167,52,24,1.0,0.042,2.0,5.0,1,0,2011,정상종료,완납,158,254,300만원,24개월,0.3,여자,29세,기타,1300000.0,1030000.0,,52.0,17.0,21.0,0.0,0.0,1,1300000.0,1030000.0,270000.0,270000.0,3000000.0,24.0,200000.0,164062.5,-70000.0,0.7407407407407407,0.0,-105937.5,1,5.062595033026967,A080611-1,,,,,0,0,0,0,0,14.914122846632385,52.0,21.0,0.0,0.0,0,0,1,1,,,,12,0,0,0,0,0.0,0.0,
B110321-10,2,5,2,5,1,4,,0,,2,전화콜 등 수입 130만,12,24,24,1.0,0.875,0.0,0.0,0,0,,,,,0,0,2011,정상종료,완납,798,723,1000만원,24개월,0.3,여자,43세,기타,2160000.0,1990000.0,,60.0,44.0,0.0,0.0,0.0,1,2160000.0,1990000.0,170000.0,170000.0,10000000.0,24.0,666666.6666666667,546875.0,496666.66666666674,3.9215686274509807,1.0,376875.0,10,6.682108597449809,B091013-10,,,,,0,0,0,0,0,16.11809565095832,60.0,0.0,0.0,0.0,0,0,1,4,,,,12,0,0,0,0,0.2525252525252525,1.2626262626262628,
B110321-16,1,1,1,1,0,2,,0,,0,"직장·소득 없음, 다짐만",12,9,9,0.8889,0.4444,0.1111,3.111,28,28,6.0,0.667,7.0,,1,0,2011,정상종료,완납,371,1985,150만원,9개월,0.3,여자,41세,기타,1200000.0,620000.0,,52.0,42.0,20.0,5.0,0.0,1,1200000.0,620000.0,580000.0,580000.0,1500000.0,9.0,204166.66666666663,187500.0,-375833.3333333334,0.3520114942528735,0.0,-392500.0,16,5.916202062607435,B110321-16,,,,,0,0,0,0,0,14.22097566607244,52.0,20.0,5.0,0.0,0,0,1,2,,,,12,0,0,0,0,0.2695417789757413,5.3908355795148255,
B110323-14,1,2,1,1,0,4,,0,,0,정기수입 대비 지출 적음,12,15,15,0.8667,0.6667,0.1333,0.133,2,1,1.0,0.067,2.0,11.0,1,0,2011,정상종료,완납,111,546,300만원,15개월,0.3,여자,35세,기타,7100000.0,240000.0,,84.0,58.0,16.0,0.0,0.0,1,7100000.0,240000.0,6860000.0,6860000.0,3000000.0,15.0,275000.0,240000.0,-6585000.0,0.0400874635568513,0.0,-6620000.0,14,4.709530201312334,B101024-5,,,,,0,0,0,0,0,14.914122846632385,84.0,16.0,0.0,0.0,0,0,1,1,,,,12,0,0,0,0,0.0,18.01801801801802,
B110323-16,1,3,1,1,0,4,,0,,1,안정적 회사·월급,12,12,12,1.0,1.0,0.0,0.0,0,0,,,,,0,0,2011,정상종료,완납,99,701,150만원,12개월,0.3,여자,28세,기타,2800000.0,2360000.0,,15.0,13.0,3.0,0.0,0.0,1,2800000.0,2360000.0,440000.0,440000.0,1500000.0,12.0,162500.0,145312.5,-277500.0,0.3693181818181818,0.0,-294687.5,16,4.59511985013459,B110323-16,,,,,0,0,0,0,0,14.22097566607244,15.0,3.0,0.0,0.0,0,0,1,1,,,,12,0,0,0,0,2.1052631578947367,0.0,
B110323-19,1,1,1,1,0,3,,0,,0,과거 상환 이력만,12,6,6,0.3333,0.0,0.6667,8.0,48,31,3.0,0.5,,,1,0,2011,연체중,손실,88,963,300만원,18개월,0.3,남자,38세,기타,1400000.0,1300000.0,,8.0,3.0,3.0,0.0,0.0,1,1400000.0,1300000.0,100000.0,100000.0,3000000.0,18.0,241666.66666666663,206250.0,141666.66666666663,2.416666666666666,1.0,106250.0,19,4.477336814478207,B100909-17,,,,,0,0,0,0,0,14.914122846632385,8.0,3.0,0.0,0.0,0,1,1,1,,,,12,0,0,0,0,0.0,11.363636363636363,
B110328-25,4,4,1,1,0,4,200000.0,1,월,2,여유금+야간수당 20~30만,12,15,15,0.8667,0.4,0.1333,0.2,3,2,5.0,0.333,7.0,,1,0,2011,정상종료,완납,220,509,300만원,15개월,0.3,남자,38세,기타,4100000.0,3210000.0,,39.0,29.0,3.0,0.0,0.0,1,4100000.0,3210000.0,890000.0,890000.0,3000000.0,15.0,275000.0,240000.0,-615000.0,0.3089887640449438,0.0,-650000.0,25,5.393627546352362,B130220-5,,,,,0,0,0,0,0,14.914122846632385,39.0,3.0,0.0,0.0,0,1,1,1,,,,12,0,0,0,0,0.0,4.545454545454545,
B110328-8,1,1,1,1,0,1,,0,,0,근거 제시 없음,12,6,6,0.0,0.0,1.0,21.5,129,31,1.0,0.167,,,1,0,2011,연체중,손실,98,30,150만원,12개월,0.3,남자,41세,기타,3300000.0,2340000.0,,,,,,,1,3300000.0,2340000.0,960000.0,960000.0,1500000.0,12.0,162500.0,145312.5,-797500.0,0.1692708333333333,0.0,-814687.5,8,4.584967478670572,B110328-8,,,,,0,0,0,0,0,14.22097566607244,0.0,0.0,0.0,0.0,1,1,1,2,,,,12,0,0,0,0,0.0,0.0,
B110329-14,1,1,1,1,0,3,,0,,0,과거 조기상환 이력,12,11,11,1.0,0.4545,0.0,0.0,0,0,,,,,0,0,2011,정상종료,완납,110,949,300만원,15개월,0.3,남자,39세,기타,3300000.0,2840000.0,,90.0,38.0,21.0,4.0,0.0,1,3300000.0,2840000.0,460000.0,460000.0,3000000.0,15.0,275000.0,240000.0,-185000.0,0.5978260869565217,0.0,-220000.0,14,4.700480365792417,B100225-11,,,,,0,0,0,0,0,14.914122846632385,90.0,21.0,4.0,0.0,0,1,1,1,,,,12,0,0,0,0,0.0,0.0,
B110331-13,1,4,1,1,0,4,,0,,1,월 순수입 200~300만,12,24,24,0.9583,0.1667,0.0417,0.042,1,1,21.0,0.875,22.0,,1,0,2011,정상종료,완납,404,383,300만원,24개월,0.29,남자,37세,기타,2000000.0,1700000.0,,,,,,,1,2000000.0,1700000.0,300000.0,300000.0,3000000.0,24.0,197500.0,162760.41666666666,-102500.0,0.6583333333333333,0.0,-137239.58333333334,13,6.001414877961151,B110331-13,,,,,0,0,0,0,0,14.914122846632385,0.0,0.0,0.0,0.0,1,1,1,1,,,,12,0,0,0,0,0.0,2.4752475247524752,
B110401-6,2,3,3,1,0,4,,0,,1,2주1회 야간진료 알바,12,12,12,0.9167,0.5,0.0833,0.083,1,1,11.0,0.917,12.0,,1,0,2011,정상종료,완납,202,352,200만원,12개월,0.3,여자,44세,기타,2560000.0,2100000.0,,77.0,35.0,7.0,0.0,0.0,1,2560000.0,2100000.0,460000.0,460000.0,2000000.0,12.0,216666.66666666663,193750.0,-243333.33333333337,0.4710144927536231,0.0,-266250.0,6,5.308267697401205,B110401-6,,,,,0,0,0,0,0,14.50865773852422,77.0,7.0,0.0,0.0,0,0,1,2,,,,12,0,0,0,0,0.0,5.076142131979695,
B110403-4,3,2,3,1,0,4,,0,월,0,매월 여유 13만원,12,3,3,1.0,0.6667,0.0,0.0,0,0,,,,,0,0,2011,정상종료,완납,101,1084,250만원,9개월,0.3,남자,59세,기타,1350000.0,1220000.0,,16.0,11.0,15.0,1.0,0.0,1,1350000.0,1220000.0,130000.0,130000.0,2500000.0,9.0,340277.7777777777,312500.0,210277.7777777777,2.6175213675213667,1.0,182500.0,4,4.61512051684126,B110403-4,,,,,0,0,0,0,0,14.73180128983843,16.0,15.0,1.0,0.0,0,1,1,1,,,,12,0,0,0,0,0.0,29.7029702970297,
B110404-13,3,2,3,4,1,4,,0,,0,"지출 감소, 조기상환 이력",12,11,11,0.8182,0.1818,0.1818,0.182,2,1,2.0,0.182,3.0,4.0,1,0,2011,정상종료,완납,210,709,150만원,12개월,0.3,여자,39세,기타,3200000.0,1830000.0,,39.0,14.0,15.0,0.0,0.0,1,3200000.0,1830000.0,1370000.0,1370000.0,1500000.0,12.0,162500.0,145312.5,-1207500.0,0.1186131386861313,0.0,-1224687.5,13,5.3471075307174685,A070822-1,,,,,0,0,0,0,0,14.22097566607244,39.0,15.0,0.0,0.0,0,0,1,4,,,,12,0,0,0,0,0.4830917874396135,4.830917874396135,
B110404-14,1,1,2,3,1,3,,0,,0,3회 무연체 상환 이력,12,23,23,0.6957,0.6957,0.3043,2.348,54,9,4.0,0.174,5.0,9.0,1,0,2011,정상종료,완납,87,418,500만원,24개월,0.3,남자,36세,기타,2400000.0,1780000.0,,69.0,66.0,16.0,0.0,0.0,1,2400000.0,1780000.0,620000.0,620000.0,5000000.0,24.0,333333.3333333334,273437.5,-286666.6666666666,0.5376344086021506,0.0,-346562.5,14,4.465908118654584,B081210-2,,,,,0,0,0,0,0,15.424948470398377,69.0,16.0,0.0,0.0,0,1,1,1,,,,12,0,0,0,0,0.0,0.0,
B110404-17,2,4,1,1,0,5,,0,,1,정규직 실수령 330만,12,5,5,0.6,0.0,0.4,6.6,33,31,1.0,0.2,2.0,5.0,1,0,2011,연체중,손실,158,742,150만원,6개월,0.3,남자,38세,기타,3300000.0,2340000.0,,,,,,,1,3300000.0,2340000.0,960000.0,960000.0,1500000.0,6.0,287500.0,271875.0,-672500.0,0.2994791666666667,0.0,-688125.0,17,5.062595033026967,B110404-17,,,,,0,0,0,0,0,14.22097566607244,0.0,0.0,0.0,0.0,1,1,1,1,,,,12,0,0,0,0,0.0,6.329113924050633,
B110404-2,5,5,5,1,0,5,,0,월,3,수당15일·월급25일 수령,12,18,18,1.0,0.6111,0.0,0.0,0,0,,,,,0,0,2011,정상종료,완납,485,271,300만원,21개월,0.3,남자,37세,기타,4500000.0,2380000.0,,71.0,56.0,14.0,0.0,0.0,1,4500000.0,2380000.0,2120000.0,2120000.0,3000000.0,21.0,217857.14285714287,182142.8571428572,-1902142.857142857,0.1027628032345013,0.0,-1937857.1428571427,2,6.184148890937483,B100907-13,income,False,15.0,True,1,1,0,0,0,14.914122846632385,71.0,14.0,0.0,0.0,0,1,5,1,income,15.0,True,12,1,1,0,1,0.0,0.0,
B110405-5,1,1,1,1,0,1,,0,,0,다짐만,12,4,4,0.0,0.0,1.0,10.75,43,31,1.0,0.25,,,1,0,2011,연체중,손실,33,538,150만원,12개월,0.3,여자,23세,기타,1950000.0,1400000.0,,,,,,,1,1950000.0,1400000.0,550000.0,550000.0,1500000.0,12.0,162500.0,145312.5,-387500.0,0.2954545454545454,0.0,-404687.5,5,3.49650756146648,B110405-5,,,,,0,0,0,0,0,14.22097566607244,0.0,0.0,0.0,0.0,1,0,1,1,,,,12,0,0,0,0,3.0303030303030303,0.0,
B110407-10,2,4,2,1,0,5,,0,,1,"급여180, 2회 상환이력",12,12,12,0.75,0.5,0.25,0.333,4,2,1.0,0.083,2.0,3.0,1,0,2011,정상종료,완납,264,450,200만원,12개월,0.3,남자,34세,기타,1900000.0,1620000.0,,15.0,7.0,24.0,0.0,0.0,1,1900000.0,1620000.0,280000.0,280000.0,2000000.0,12.0,216666.66666666663,193750.0,-63333.33333333337,0.7738095238095237,0.0,-86250.0,10,5.575949103146316,B090826-12,,,,,0,0,0,0,0,14.50865773852422,15.0,24.0,0.0,0.0,0,1,1,1,,,,12,0,0,0,0,0.3787878787878788,0.0,
B110407-13,3,5,5,1,0,3,,0,,4,5월 회생종료·7월 퇴직금,12,4,4,1.0,0.75,0.0,0.0,0,0,,,,,0,0,2011,정상종료,완납,347,906,300만원,15개월,0.3,남자,37세,기타,2500000.0,2100000.0,,,,,,,1,2500000.0,2100000.0,400000.0,400000.0,3000000.0,15.0,275000.0,240000.0,-125000.0,0.6875,0.0,-160000.0,13,5.849324779946859,B110407-13,event,False,,True,0,0,0,1,0,14.914122846632385,0.0,0.0,0.0,0.0,1,1,3,1,,,,12,1,0,1,0,0.0,0.0,
B110407-19,2,5,4,1,0,4,,0,,3,"5년 변제 이력, 팁 수입",12,12,12,0.3333,0.0833,0.6667,8.833,106,31,4.0,0.333,5.0,6.0,1,0,2011,연체중,손실,377,553,300만원,15개월,0.3,여자,43세,기타,2800000.0,2540000.0,,,,,,,1,2800000.0,2540000.0,260000.0,260000.0,3000000.0,15.0,275000.0,240000.0,15000.0,1.0576923076923077,1.0,-20000.0,19,5.932245187448011,B110407-19,event,False,,True,0,0,0,1,0,14.914122846632385,0.0,0.0,0.0,0.0,1,0,1,1,,,,12,1,0,1,0,0.0,0.0,
B110409-14,2,5,3,1,0,4,,0,,2,"센터 근무, 월38만 증가",12,12,12,1.0,0.75,0.0,0.0,0,0,,,,,0,0,2011,정상종료,완납,436,522,200만원,12개월,0.3,여자,34세,기타,1090000.0,750000.0,,51.0,45.0,0.0,0.0,0.0,1,1090000.0,750000.0,340000.0,340000.0,2000000.0,12.0,216666.66666666663,193750.0,-123333.33333333336,0.6372549019607842,0.0,-146250.0,14,6.077642243349034,B100218-23,,,,,0,0,0,0,0,14.50865773852422,51.0,0.0,0.0,0.0,0,0,1,1,,,,12,0,0,0,0,0.2298850574712643,2.2988505747126435,
B110409-4,2,3,1,1,0,4,,0,,1,매장 8개월 운영,12,3,3,0.0,0.0,1.0,13.0,39,31,1.0,0.333,,,1,0,2011,연체중,손실,115,484,300만원,15개월,0.3,여자,44세,기타,4500000.0,3540000.0,,8.0,5.0,2.0,0.0,0.0,1,4500000.0,3540000.0,960000.0,960000.0,3000000.0,15.0,275000.0,240000.0,-685000.0,0.2864583333333333,0.0,-720000.0,4,4.74493212836325,B100607-13,,,,,0,0,0,0,0,14.914122846632385,8.0,2.0,0.0,0.0,0,0,2,1,,,,12,0,0,0,0,0.8695652173913043,0.0,
B110410-1,2,2,1,1,0,4,,0,,0,"절약 실천, 부모집 거주",12,9,9,1.0,0.7778,0.0,0.0,0,0,,,,,0,0,2011,정상종료,완납,903,455,150만원,9개월,0.3,여자,29세,기타,1150000.0,1020000.0,,40.0,38.0,0.0,0.0,0.0,1,1150000.0,1020000.0,130000.0,130000.0,1500000.0,9.0,204166.66666666663,187500.0,74166.66666666663,1.5705128205128205,1.0,57500.0,1,6.805722553416985,B110410-1,,,,,0,0,0,0,0,14.22097566607244,40.0,0.0,0.0,0.0,0,0,1,1,,,,12,0,0,0,0,0.0,4.4493882091212456,
B110411-4,3,3,3,1,0,2,,0,일시,1,다음달 남편 월급 기대,12,6,6,0.8333,0.0,0.1667,0.167,1,1,2.0,0.333,3.0,,1,0,2011,정상종료,완납,87,461,100만원,6개월,0.3,여자,32세,기타,1530000.0,1090000.0,,12.0,3.0,14.0,1.0,0.0,1,1530000.0,1090000.0,440000.0,440000.0,1000000.0,6.0,191666.66666666663,181250.0,-248333.33333333337,0.4356060606060605,0.0,-258750.0,4,4.465908118654584,B110411-4,,,,,1,0,0,0,0,13.815510557964274,12.0,14.0,1.0,0.0,0,0,4,1,income,,False,12,0,1,0,0,0.0,0.0,
B110413-2,5,5,3,1,0,5,300000.0,1,월,2,재직1년+알바 월30만 실적,12,12,12,1.0,1.0,0.0,0.0,0,0,,,,,0,0,2011,정상종료,완납,455,646,100만원,12개월,0.3,여자,29세,기타,1500000.0,1180000.0,,12.0,12.0,1.0,0.0,0.0,1,1500000.0,1180000.0,320000.0,320000.0,1000000.0,12.0,108333.33333333331,96875.0,-211666.6666666667,0.3385416666666666,0.0,-223125.0,2,6.12029741895095,B110413-2,,,,,0,0,0,0,0,13.815510557964274,12.0,1.0,0.0,0.0,0,0,1,1,,,,12,0,0,0,0,0.0,0.0,
B110413-20,2,1,3,1,0,1,,0,,0,"근거 없음, 다짐만",12,13,13,1.0,1.0,0.0,0.0,0,0,,,,,0,0,2011,정상종료,완납,126,394,300만원,15개월,0.3,남자,48세,기타,4500000.0,4310000.0,,49.0,43.0,0.0,0.0,0.0,1,4500000.0,4310000.0,190000.0,190000.0,3000000.0,15.0,275000.0,240000.0,85000.0,1.4473684210526316,1.0,50000.0,20,4.836281906951478,B091109-2,,,,,0,0,0,0,0,14.914122846632385,49.0,0.0,0.0,0.0,0,1,1,1,,,,12,0,0,0,0,0.0,8.130081300813009,
B110413-8,2,3,5,5,1,2,,0,일시,3,"채권회수 기대, 7월 치료종료",12,9,9,0.1111,0.0,0.8889,13.333,120,31,1.0,0.111,8.0,9.0,1,0,2011,연체중,손실,305,398,200만원,12개월,0.3,남자,34세,기타,1860000.0,1660000.0,,,,,,,1,1860000.0,1660000.0,200000.0,200000.0,2000000.0,12.0,216666.66666666663,193750.0,16666.666666666628,1.083333333333333,1.0,-6250.0,8,5.720311776607412,B110413-8,event,False,,True,0,0,0,1,0,14.50865773852422,0.0,0.0,0.0,0.0,1,1,3,3,,,,12,1,0,1,0,0.0,0.0,
B110414-13,1,1,1,1,0,3,,0,,0,"완치, 과거 무연체 상환",12,7,7,0.7143,0.4286,0.2857,2.429,17,9,5.0,0.714,7.0,,1,0,2011,정상종료,완납,308,436,300만원,15개월,0.3,여자,34세,기타,1800000.0,1420000.0,,17.0,9.0,28.0,7.0,0.0,1,1800000.0,1420000.0,380000.0,380000.0,3000000.0,15.0,275000.0,240000.0,-105000.0,0.7236842105263158,0.0,-140000.0,13,5.730099782973574,A080718-3,,,,,0,0,0,0,0,14.914122846632385,17.0,28.0,7.0,0.0,0,0,1,1,,,,12,0,0,0,0,0.3257328990228013,6.514657980456026,
B110417-1,1,4,1,1,0,5,,0,,1,"월급150, 1년 무연체",12,3,3,1.0,1.0,0.0,0.0,0,0,,,,,0,0,2011,정상종료,완납,133,638,100만원,9개월,0.3,남자,37세,기타,1500000.0,1450000.0,,89.0,36.0,28.0,0.0,0.0,1,1500000.0,1450000.0,50000.0,50000.0,1000000.0,9.0,136111.11111111112,125000.0,86111.11111111112,2.7222222222222223,1.0,75000.0,1,4.890349128221754,B100410-9,,,,,0,0,0,0,0,13.815510557964274,89.0,28.0,0.0,0.0,0,1,1,1,,,,12,0,0,0,0,0.0,7.518796992481203,
B110418-14,2,3,2,1,0,4,,0,,1,안정적 직장 재직,12,6,6,1.0,1.0,0.0,0.0,0,0,,,,,0,0,2011,정상종료,완납,224,761,150만원,6개월,0.3,남자,37세,기타,4000000.0,2330000.0,,67.0,62.0,4.0,0.0,0.0,1,4000000.0,2330000.0,1670000.0,1670000.0,1500000.0,6.0,287500.0,271875.0,-1382500.0,0.1721556886227545,0.0,-1398125.0,14,5.41164605185504,B110418-14,,,,,0,0,0,0,0,14.22097566607244,67.0,4.0,0.0,0.0,0,1,2,1,,,,12,0,0,0,0,0.0,8.928571428571429,
B110418-7,2,5,5,1,0,3,,0,,2,"4월말 종료, 5월 새 일자리",12,20,20,0.5,0.2,0.5,6.4,128,31,6.0,0.3,7.0,10.0,1,0,2011,연체중,손실,875,787,300만원,24개월,0.3,남자,29세,기타,1600000.0,950000.0,,20.0,10.0,11.0,0.0,0.0,1,1600000.0,950000.0,650000.0,650000.0,3000000.0,24.0,200000.0,164062.5,-450000.0,0.3076923076923077,0.0,-485937.5,7,6.774223886357614,B100202-15,income,False,5.0,True,0,1,0,0,0,14.914122846632385,20.0,11.0,0.0,0.0,0,1,3,1,,,,12,1,0,1,1,0.0,1.1494252873563218,
B110420-17,3,3,5,1,0,4,,0,월,2,"월급일 5일, 상환 이력",12,14,14,0.5,0.4286,0.5,0.929,13,2,2.0,0.143,3.0,4.0,1,0,2011,정상종료,완납,265,509,300만원,15개월,0.3,남자,39세,기타,2050000.0,1590000.0,,31.0,25.0,18.0,0.0,0.0,1,2050000.0,1590000.0,460000.0,460000.0,3000000.0,15.0,275000.0,240000.0,-185000.0,0.5978260869565217,0.0,-220000.0,17,5.579729825986222,B100922-3,income,True,5.0,True,1,1,0,0,1,14.914122846632385,31.0,18.0,0.0,0.0,0,1,5,1,income,5.0,True,12,1,1,0,1,0.0,0.0,
B110422-19,4,5,4,5,1,4,,0,월,2,택시 당직 추가근무 가능,12,6,6,1.0,1.0,0.0,0.0,0,0,,,,,0,0,2011,정상종료,완납,491,600,100만원,9개월,0.3,남자,39세,기타,1820000.0,1540000.0,,11.0,9.0,2.0,0.0,0.0,1,1820000.0,1540000.0,280000.0,280000.0,1000000.0,9.0,136111.11111111112,125000.0,-143888.88888888888,0.4861111111111111,0.0,-155000.0,19,6.19644412779452,B111017-4,income,False,,True,0,1,0,0,0,13.815510557964274,11.0,2.0,0.0,0.0,0,1,3,3,,,,12,1,0,1,0,0.0,0.0,
B110424-4,1,2,1,1,0,3,,0,,0,"재직 언급, 다짐 위주",12,12,12,0.9167,0.8333,0.0833,0.25,3,3,9.0,0.75,10.0,,1,0,2011,정상종료,완납,90,189,150만원,12개월,0.3,남자,44세,기타,4500000.0,4380000.0,,16.0,12.0,3.0,0.0,0.0,1,4500000.0,4380000.0,120000.0,120000.0,1500000.0,12.0,162500.0,145312.5,42500.0,1.3541666666666667,1.0,25312.5,4,4.499809670330265,B110424-4,,,,,0,0,0,0,0,14.22097566607244,16.0,3.0,0.0,0.0,0,1,1,1,,,,12,0,0,0,0,0.0,11.11111111111111,
B110425-14,3,3,5,4,1,3,,0,월,2,5월 아들 입대로 지출감소,12,10,10,0.3,0.3,0.7,11.3,113,31,3.0,0.3,5.0,6.0,1,0,2011,연체중,손실,235,797,300만원,24개월,0.3,여자,53세,기타,1770000.0,1090000.0,,,,,,,1,1770000.0,1090000.0,680000.0,680000.0,3000000.0,24.0,200000.0,164062.5,-480000.0,0.2941176470588235,0.0,-515937.5,14,5.459585514144159,B110425-14,income,False,,False,1,1,0,0,0,14.914122846632385,0.0,0.0,0.0,0.0,1,0,4,1,income,,False,12,1,1,0,1,0.0,4.25531914893617,
B110425-5,1,4,4,1,0,4,,0,,1,"세후 200만, 8월 인상",12,12,12,1.0,0.3333,0.0,0.0,0,0,,,,,0,0,2011,정상종료,완납,97,765,100만원,12개월,0.3,여자,29세,기타,2000000.0,1580000.0,,52.0,15.0,24.0,0.0,0.0,1,2000000.0,1580000.0,420000.0,420000.0,1000000.0,12.0,108333.33333333331,96875.0,-311666.6666666667,0.2579365079365079,0.0,-323125.0,5,4.574710978503383,B110425-5,event,False,,False,0,0,0,1,0,13.815510557964274,52.0,24.0,0.0,0.0,0,0,1,1,,,,12,1,0,1,0,0.0,0.0,
B110426-10,1,1,1,1,0,1,,0,,0,다짐만,12,24,24,0.2083,0.125,0.7917,4.25,102,20,4.0,0.167,10.0,12.0,1,0,2011,정상종료,완납,54,2092,300만원,24개월,0.3,여자,36세,기타,1350000.0,1070000.0,,,,,,,1,1350000.0,1070000.0,280000.0,280000.0,3000000.0,24.0,200000.0,164062.5,-80000.0,0.7142857142857143,0.0,-115937.5,10,3.9889840465642745,B110426-10,,,,,0,0,0,0,0,14.914122846632385,0.0,0.0,0.0,0.0,1,0,1,1,,,,12,0,0,0,0,1.851851851851852,18.51851851851852,
B110426-17,3,5,3,1,0,5,,0,,2,월급160+수급비20,12,8,8,0.75,0.5,0.25,5.125,41,31,1.0,0.125,2.0,8.0,1,0,2011,연체중,손실,703,605,300만원,24개월,0.3,남자,40세,기타,1800000.0,1450000.0,,17.0,11.0,2.0,0.0,0.0,1,1800000.0,1450000.0,350000.0,350000.0,3000000.0,24.0,200000.0,164062.5,-150000.0,0.5714285714285714,0.0,-185937.5,17,6.555356891810665,B110426-17,,,,,0,0,0,0,0,14.914122846632385,17.0,2.0,0.0,0.0,0,1,2,1,,,,12,0,0,0,0,0.0,0.0,
B110427-17,2,5,5,5,1,5,,0,,3,"4월 실수령354, 고정310",12,20,20,0.9,0.8,0.1,0.1,2,1,4.0,0.2,6.0,,1,0,2011,정상종료,완납,2081,1081,500만원,24개월,0.3,남자,41세,기타,3100000.0,2300000.0,,100.0,82.0,21.0,0.0,0.0,1,3100000.0,2300000.0,800000.0,800000.0,5000000.0,24.0,333333.3333333334,273437.5,-466666.6666666666,0.4166666666666667,0.0,-526562.5,17,7.640603826393634,B091207-22,none,False,,False,0,0,0,0,0,15.424948470398377,100.0,21.0,0.0,0.0,0,1,1,1,,,,12,1,0,1,0,0.1448575567358763,3.86286817962337,
B110427-27,4,5,3,1,0,5,,0,월,2,학원급여130+남편일당,12,15,15,0.7333,0.2667,0.2667,1.6,24,13,5.0,0.333,6.0,10.0,1,0,2011,정상종료,완납,499,482,300만원,24개월,0.3,여자,49세,기타,2600000.0,2470000.0,,39.0,22.0,11.0,0.0,0.0,1,2600000.0,2470000.0,130000.0,130000.0,3000000.0,24.0,200000.0,164062.5,70000.0,1.5384615384615383,1.0,34062.5,27,6.212606095751519,A080905-1,,,,,0,0,0,0,0,14.914122846632385,39.0,11.0,0.0,0.0,0,0,2,2,,,,12,0,0,0,0,0.2024291497975708,0.0,
B110427-33,1,4,1,1,0,4,,0,,2,현재 재직 급여150만,13,11,11,1.0,1.0,0.0,0.0,0,0,,,,,0,0,2011,정상종료,완납,304,914,100만원,12개월,0.3,남자,32세,기타,1700000.0,1300000.0,,35.0,33.0,0.0,0.0,0.0,1,1700000.0,1300000.0,400000.0,400000.0,1000000.0,12.0,108333.33333333331,96875.0,-291666.6666666667,0.2708333333333332,0.0,-303125.0,33,5.717027701406222,B120312-12,,,,,0,0,0,0,0,13.815510557964274,35.0,0.0,0.0,0.0,0,1,1,1,,,,13,0,0,0,0,0.0,6.578947368421052,
B110429-12,2,3,3,1,0,4,,0,,2,주5일근무+주말알바,13,6,6,1.0,0.6667,0.0,0.0,0,0,,,,,0,0,2011,정상종료,완납,76,196,150만원,6개월,0.3,여자,33세,기타,1750000.0,950000.0,,25.0,19.0,10.0,0.0,0.0,1,1750000.0,950000.0,800000.0,800000.0,1500000.0,6.0,287500.0,271875.0,-512500.0,0.359375,0.0,-528125.0,12,4.330733340286331,B110429-12,,,,,0,0,0,0,0,14.22097566607244,25.0,10.0,0.0,0.0,0,0,2,1,,,,13,0,0,0,0,0.0,0.0,
B110429-16,2,5,1,1,0,4,,0,,3,현수입+과거조기상환,13,15,15,0.2,0.0667,0.8,2.6,39,4,1.0,0.067,3.0,4.0,1,0,2011,정상종료,완납,532,201,300만원,15개월,0.3,남자,41세,기타,3000000.0,2690000.0,,48.0,12.0,29.0,0.0,0.0,1,3000000.0,2690000.0,310000.0,310000.0,3000000.0,15.0,275000.0,240000.0,-35000.0,0.8870967741935484,0.0,-70000.0,16,6.2766434893416445,A080211-5,,,,,0,0,0,0,0,14.914122846632385,48.0,29.0,0.0,0.0,0,1,1,1,,,,13,0,0,0,0,0.18796992481203,1.8796992481203008,
B110502-12,2,3,3,1,0,3,,0,,1,지난경매 상환경험,13,9,9,1.0,1.0,0.0,0.0,0,0,,,,,0,0,2011,정상종료,완납,181,975,150만원,9개월,0.3,여자,42세,기타,1500000.0,1100000.0,,30.0,30.0,0.0,0.0,0.0,1,1500000.0,1100000.0,400000.0,400000.0,1500000.0,9.0,204166.66666666663,187500.0,-195833.33333333337,0.5104166666666665,0.0,-212500.0,12,5.198497031265826,B100120-10,,,,,1,0,0,0,0,14.22097566607244,30.0,0.0,0.0,0.0,0,0,4,1,income,,False,13,0,1,0,0,0.0,0.0,
B110502-20,1,1,1,1,0,2,,0,,0,의지 표명뿐,13,4,4,1.0,0.75,0.0,0.0,0,0,,,,,0,0,2011,정상종료,완납,377,1831,150만원,6개월,0.3,여자,38세,기타,1600000.0,1080000.0,,,,,,,1,1600000.0,1080000.0,520000.0,520000.0,1500000.0,6.0,287500.0,271875.0,-232500.0,0.5528846153846154,0.0,-248125.0,20,5.932245187448011,B110502-20,,,,,0,0,0,0,0,14.22097566607244,0.0,0.0,0.0,0.0,1,0,1,1,,,,13,0,0,0,0,0.2659574468085106,10.638297872340424,
B110502-5,2,2,4,1,0,4,,0,,0,조기상환기록·채권보유,13,23,23,0.2609,0.1304,0.7391,15.478,356,30,2.0,0.087,5.0,6.0,1,0,2011,정상종료,완납,477,2192,500만원,24개월,0.3,남자,43세,기타,5000000.0,4380000.0,,31.0,28.0,15.0,2.0,0.0,1,5000000.0,4380000.0,620000.0,620000.0,5000000.0,24.0,333333.3333333334,273437.5,-286666.6666666666,0.5376344086021506,0.0,-346562.5,5,6.1675164908883415,B090428-12,none,False,,False,0,0,0,0,0,15.424948470398377,31.0,15.0,2.0,0.0,0,1,2,1,,,,13,1,0,1,0,0.0,4.219409282700422,
B110502-8,1,3,1,1,0,3,,0,,2,부부수입+승진기대,13,9,9,0.4444,0.2222,0.5556,1.889,17,5,1.0,0.111,2.0,3.0,1,0,2011,정상종료,완납,515,705,200만원,9개월,0.3,여자,44세,기타,2700000.0,2360000.0,,,,,,,1,2700000.0,2360000.0,340000.0,340000.0,2000000.0,9.0,272222.22222222225,250000.0,-67777.77777777775,0.8006535947712419,0.0,-90000.0,8,6.244166900663736,B110502-8,,,,,0,0,0,0,0,14.50865773852422,0.0,0.0,0.0,0.0,1,0,1,1,,,,13,0,0,0,0,0.0,15.56420233463035,
B110504-9,5,4,3,1,0,4,100000.0,1,월,1,급여120만 지출표,13,2,2,1.0,1.0,0.0,0.0,0,0,,,,,0,0,2011,정상종료,완납,339,561,100만원,12개월,0.3,여자,46세,기타,1200000.0,2330000.0,,,,,,,1,1200000.0,2330000.0,-1130000.0,-1130000.0,1000000.0,12.0,108333.33333333331,96875.0,1238333.3333333333,,1.0,1226875.0,9,5.82600010738045,B110504-9,,,,,0,0,0,0,0,13.815510557964274,0.0,0.0,0.0,0.0,1,0,3,2,,,,13,0,0,0,0,0.0,0.0,
B110506-21,2,1,2,1,0,3,,0,,0,이전 200만 상환경험,13,10,10,1.0,1.0,0.0,0.0,0,0,,,,,0,0,2011,정상종료,완납,103,131,300만원,15개월,0.3,여자,45세,기타,2500000.0,1960000.0,,54.0,47.0,0.0,0.0,0.0,1,2500000.0,1960000.0,540000.0,540000.0,3000000.0,15.0,275000.0,240000.0,-265000.0,0.5092592592592593,0.0,-300000.0,21,4.634728988229636,B100630-16,,,,,0,0,0,0,0,14.914122846632385,54.0,0.0,0.0,0.0,0,0,2,1,,,,13,0,0,0,0,0.0,0.0,
B110507-1,1,1,1,3,1,2,,0,,0,절박함 호소뿐,13,5,5,0.4,0.2,0.6,8.0,40,31,2.0,0.4,3.0,4.0,1,0,2011,연체중,손실,186,507,300만원,24개월,0.3,여자,38세,기타,1650000.0,1310000.0,,,,,,,1,1650000.0,1310000.0,340000.0,340000.0,3000000.0,24.0,200000.0,164062.5,-140000.0,0.5882352941176471,0.0,-175937.5,1,5.225746673713202,B110507-1,,,,,0,0,0,0,0,14.914122846632385,0.0,0.0,0.0,0.0,1,0,1,3,,,,13,0,0,0,0,0.0,16.129032258064516,
B110511-12,2,3,4,1,0,3,,0,,2,6월말 퇴직금 수령예정,13,5,5,0.4,0.2,0.6,6.8,34,31,2.0,0.4,3.0,4.0,1,0,2011,손실(상환완료),손실,119,282,100만원,6개월,0.3,남자,35세,기타,1740000.0,1510000.0,,,,,,,1,1740000.0,1510000.0,230000.0,230000.0,1000000.0,6.0,191666.66666666663,181250.0,-38333.33333333337,0.8333333333333331,0.0,-48750.0,12,4.77912349311153,B110511-12,event,False,,False,1,0,0,1,0,13.815510557964274,0.0,0.0,0.0,0.0,1,1,4,1,event,,False,13,1,1,0,0,0.0,0.0,
B110511-16,1,1,1,1,0,3,,0,,0,과거 무연체 상환,13,17,17,0.5294,0.2353,0.4706,0.765,13,2,6.0,0.353,7.0,8.0,1,0,2011,정상종료,완납,222,414,300만원,24개월,0.3,여자,31세,기타,2070000.0,1360000.0,,21.0,14.0,8.0,0.0,0.0,1,2070000.0,1360000.0,710000.0,710000.0,3000000.0,24.0,200000.0,164062.5,-510000.0,0.2816901408450704,0.0,-545937.5,16,5.402677381872279,B110511-16,,,,,0,0,0,0,0,14.914122846632385,21.0,8.0,0.0,0.0,0,0,1,1,,,,13,0,0,0,0,0.0,9.09090909090909,
B110512-8,1,2,1,1,0,3,,0,,1,쇼핑몰 운영 공개,13,15,15,0.9333,0.0667,0.0667,0.067,1,1,2.0,0.133,3.0,,1,0,2011,정상종료,완납,257,2886,300만원,15개월,0.3,남자,40세,기타,4900000.0,4420000.0,,26.0,5.0,3.0,0.0,0.0,1,4900000.0,4420000.0,480000.0,480000.0,3000000.0,15.0,275000.0,240000.0,-205000.0,0.5729166666666666,0.0,-240000.0,8,5.54907608489522,B110512-8,,,,,0,0,0,0,0,14.914122846632385,26.0,3.0,0.0,0.0,0,1,1,1,,,,13,0,0,0,0,0.4,4.0,
B110513-11,1,1,1,1,0,3,,0,,0,첫 대출 상환경험,13,14,14,0.3571,0.2143,0.6429,10.571,148,22,5.0,0.357,14.0,,1,0,2011,정상종료,완납,53,1069,300만원,18개월,0.3,여자,35세,기타,,,,26.0,12.0,14.0,0.0,0.0,1,,,,,3000000.0,18.0,241666.66666666663,206250.0,,,,,11,3.970291913552122,B100504-4,,,,,0,0,0,0,0,14.914122846632385,26.0,14.0,0.0,0.0,0,0,1,1,,,,13,0,0,0,0,0.0,37.73584905660377,
B110513-13,2,4,3,1,0,4,,0,,1,월수입380 잔액50만,13,5,5,1.0,1.0,0.0,0.0,0,0,,,,,0,0,2011,정상종료,완납,291,629,500만원,24개월,0.3,남자,44세,기타,3800000.0,3580000.0,,37.0,31.0,0.0,0.0,0.0,1,3800000.0,3580000.0,220000.0,220000.0,5000000.0,24.0,333333.3333333334,273437.5,113333.33333333336,1.5151515151515154,1.0,53437.5,13,5.673323267171493,A071107-1,,,,,0,0,0,0,0,15.424948470398377,37.0,0.0,0.0,0.0,0,1,2,1,,,,13,0,0,0,0,0.0,3.436426116838488,
B110513-5,2,1,3,1,0,4,,0,,0,4월까지 조기상환 이력,13,4,4,0.75,0.5,0.25,7.75,31,31,4.0,1.0,,,1,0,2011,연체중,손실,136,884,250만원,12개월,0.3,남자,33세,기타,3000000.0,2450000.0,,7.0,5.0,0.0,0.0,0.0,1,3000000.0,2450000.0,550000.0,550000.0,2500000.0,12.0,270833.3333333334,242187.5,-279166.6666666666,0.4924242424242425,0.0,-307812.5,5,4.912654885736052,B110513-5,,,,,0,0,0,0,0,14.73180128983843,7.0,0.0,0.0,0.0,0,1,2,1,,,,13,0,0,0,0,0.0,22.058823529411764,
B110513-8,1,3,1,1,0,4,,0,,2,맞벌이·사금융 무연체,13,8,8,0.875,0.5,0.125,0.125,1,1,5.0,0.625,6.0,,1,0,2011,정상종료,완납,395,748,150만원,12개월,0.3,여자,39세,기타,1050000.0,830000.0,,86.0,34.0,5.0,0.0,0.0,1,1050000.0,830000.0,220000.0,220000.0,1500000.0,12.0,162500.0,145312.5,-57500.0,0.7386363636363636,0.0,-74687.5,8,5.978885764901122,B110513-8,,,,,0,0,0,0,0,14.22097566607244,86.0,5.0,0.0,0.0,0,0,1,1,,,,13,0,0,0,0,0.0,7.594936708860759,
B110518-1,1,3,1,1,0,4,,0,,2,월급인상·주말알바 시작,13,11,11,0.3636,0.2727,0.6364,10.364,114,31,4.0,0.364,5.0,6.0,1,0,2011,연체중,손실,136,205,200만원,12개월,0.3,남자,35세,기타,2100000.0,1500000.0,,,,,,,1,2100000.0,1500000.0,600000.0,600000.0,2000000.0,12.0,216666.66666666663,193750.0,-383333.3333333334,0.361111111111111,0.0,-406250.0,1,4.912654885736052,B110518-1,,,,,0,0,0,0,0,14.50865773852422,0.0,0.0,0.0,0.0,1,1,1,1,,,,13,0,0,0,0,0.0,7.352941176470588,
B110519-28,3,3,5,1,0,4,,0,월,1,국가기관 소속 정기급여,13,12,12,0.9167,0.5833,0.0833,0.083,1,1,3.0,0.25,4.0,,1,0,2011,정상종료,완납,342,493,100만원,12개월,0.3,남자,27세,기타,1600000.0,580000.0,,,,,,,1,1600000.0,580000.0,1020000.0,1020000.0,1000000.0,12.0,108333.33333333331,96875.0,-911666.6666666667,0.1062091503267973,0.0,-923125.0,28,5.834810737062605,B110519-28,income,False,15.0,False,1,1,0,0,0,13.815510557964274,0.0,0.0,0.0,0.0,1,1,4,3,income,15.0,False,13,1,1,0,1,0.0,2.923976608187134,
B110522-5,3,5,4,3,1,4,,0,월,2,남편 11년 재직 급여,13,6,6,0.1667,0.0,0.8333,12.5,75,31,2.0,0.333,,,1,0,2011,연체중,손실,1657,503,200만원,12개월,0.3,여자,39세,기타,3150000.0,2750000.0,,,,,,,1,3150000.0,2750000.0,400000.0,400000.0,2000000.0,12.0,216666.66666666663,193750.0,-183333.33333333337,0.5416666666666665,0.0,-206250.0,5,7.412764017426562,B110522-5,income,False,15.0,False,1,1,0,0,0,14.50865773852422,0.0,0.0,0.0,0.0,1,0,4,2,income,15.0,False,13,1,1,0,0,0.1817080557238037,1.2113870381586918,
B110523-11,1,3,1,1,0,4,,0,,2,8개월 재직·급여정상,13,8,8,1.0,0.25,0.0,0.0,0,0,,,,,0,0,2011,정상종료,완납,514,1367,100만원,12개월,0.3,남자,35세,기타,2300000.0,2050000.0,,57.0,44.0,1.0,0.0,0.0,1,2300000.0,2050000.0,250000.0,250000.0,1000000.0,12.0,108333.33333333331,96875.0,-141666.6666666667,0.4333333333333332,0.0,-153125.0,11,6.2422232654551655,B110523-11,,,,,0,0,0,0,0,13.815510557964274,57.0,1.0,0.0,0.0,0,1,1,1,,,,13,0,0,0,0,0.1945525291828793,3.891050583657588,
B110523-5,1,4,1,1,0,3,,0,,1,7월 정규직 전환 예정,13,12,12,1.0,0.9167,0.0,0.0,0,0,,,,,0,0,2011,정상종료,완납,150,453,100만원,12개월,0.3,남자,36세,기타,2200000.0,2000000.0,,26.0,11.0,8.0,0.0,1.0,1,2200000.0,2000000.0,200000.0,200000.0,1000000.0,12.0,108333.33333333331,96875.0,-91666.66666666669,0.5416666666666665,0.0,-103125.0,5,5.010635294096256,B110523-5,,,,,0,0,0,0,0,13.815510557964274,26.0,8.0,0.0,1.0,0,1,1,1,,,,13,0,0,0,0,0.0,0.0,
B110524-19,3,5,4,1,0,5,,0,월,2,실수령144만+아내130만,13,23,23,1.0,1.0,0.0,0.0,0,0,,,,,0,0,2011,정상종료,완납,350,805,400만원,24개월,0.3,남자,43세,기타,2740000.0,2270000.0,,125.0,86.0,2.0,0.0,0.0,1,2740000.0,2270000.0,470000.0,470000.0,4000000.0,24.0,266666.6666666666,218750.0,-203333.33333333337,0.5673758865248226,0.0,-251250.0,19,5.857933154483459,B100111-15,income,False,17.0,False,1,1,0,0,0,15.201804919084164,125.0,2.0,0.0,0.0,0,1,4,1,income,17.0,False,13,1,1,0,0,0.2865329512893982,2.865329512893983,
B110524-5,3,4,5,1,0,5,,0,월,1,정규직 270만·타채무없음,13,15,15,0.8667,0.6,0.1333,0.4,6,4,9.0,0.6,10.0,15.0,1,0,2011,정상종료,완납,272,747,300만원,15개월,0.3,남자,33세,기타,2700000.0,1840000.0,,,,,,,1,2700000.0,1840000.0,860000.0,860000.0,3000000.0,15.0,275000.0,240000.0,-585000.0,0.3197674418604651,0.0,-620000.0,5,5.605802066295998,B110524-5,none,False,,False,0,0,0,0,0,14.914122846632385,0.0,0.0,0.0,0.0,1,1,3,1,,,,13,1,0,1,0,0.0,0.0,
B110524-7,1,5,1,1,0,4,,0,,2,본인190만+아내45만,13,5,5,1.0,0.6,0.0,0.0,0,0,,,,,0,0,2011,정상종료,완납,235,295,150만원,6개월,0.3,남자,45세,기타,1850000.0,1250000.0,,114.0,90.0,4.0,0.0,0.0,1,1850000.0,1250000.0,600000.0,600000.0,1500000.0,6.0,287500.0,271875.0,-312500.0,0.4791666666666667,0.0,-328125.0,7,5.459585514144159,B100222-15,,,,,0,0,0,0,0,14.22097566607244,114.0,4.0,0.0,0.0,0,1,1,1,,,,13,0,0,0,0,0.0,0.0,
B110526-1,2,5,4,1,0,4,,0,,3,급여190만·적금120만,13,7,7,1.0,0.5714,0.0,0.0,0,0,,,,,0,0,2011,정상종료,완납,722,2249,150만원,12개월,0.3,여자,25세,기타,1900000.0,1500000.0,,20.0,17.0,0.0,0.0,0.0,1,1900000.0,1500000.0,400000.0,400000.0,1500000.0,12.0,162500.0,145312.5,-237500.0,0.40625,0.0,-254687.5,1,6.582025138892826,B110526-1,income,False,,False,0,1,0,0,0,14.22097566607244,20.0,0.0,0.0,0.0,0,0,1,1,,,,13,1,0,1,0,0.1385041551246537,0.0,
B110527-22,2,3,1,1,0,4,,0,,2,급여상환후 25만 잔여,13,11,11,0.6364,0.3636,0.3636,2.091,23,10,4.0,0.364,5.0,6.0,1,0,2011,정상종료,완납,136,476,150만원,12개월,0.3,남자,43세,기타,3000000.0,2780000.0,,10.0,6.0,6.0,1.0,0.0,1,3000000.0,2780000.0,220000.0,220000.0,1500000.0,12.0,162500.0,145312.5,-57500.0,0.7386363636363636,0.0,-74687.5,22,4.912654885736052,B110527-22,,,,,0,0,0,0,0,14.22097566607244,10.0,6.0,1.0,0.0,0,1,1,1,,,,13,0,0,0,0,0.0,7.352941176470588,
B110527-6,2,1,1,1,0,4,,0,,0,1차 12번 조기상환,13,18,18,0.9444,0.7222,0.0556,0.056,1,1,12.0,0.667,13.0,,1,0,2011,정상종료,완납,100,221,300만원,24개월,0.25,남자,31세,기타,2000000.0,1110000.0,,50.0,31.0,10.0,0.0,0.0,1,2000000.0,1110000.0,890000.0,890000.0,3000000.0,24.0,187500.0,157552.08333333334,-702500.0,0.2106741573033707,0.0,-732447.9166666666,6,4.605170185988092,B100414-26,,,,,0,0,0,0,0,14.914122846632385,50.0,10.0,0.0,0.0,0,1,1,1,,,,13,0,0,0,0,0.0,0.0,
B110531-10,1,1,1,3,1,2,,0,,0,소통 다짐뿐,13,9,9,0.6667,0.3333,0.3333,0.444,4,2,4.0,0.444,6.0,7.0,1,0,2011,정상종료,완납,362,427,150만원,9개월,0.3,남자,42세,기타,2100000.0,1480000.0,,,,,,,1,2100000.0,1480000.0,620000.0,620000.0,1500000.0,9.0,204166.66666666663,187500.0,-415833.3333333334,0.3293010752688171,0.0,-432500.0,10,5.891644211825772,B110531-10,,,,,0,0,0,0,0,14.22097566607244,0.0,0.0,0.0,0.0,1,1,1,3,,,,13,0,0,0,0,0.0,0.0,
B110531-15,1,3,1,1,0,3,,0,,1,면접합격 교육중,13,1,1,0.0,0.0,1.0,31.0,31,31,1.0,1.0,,,1,0,2011,연체중,손실,183,273,200만원,12개월,0.3,여자,31세,기타,1360000.0,900000.0,,,,,,,1,1360000.0,900000.0,460000.0,460000.0,2000000.0,12.0,216666.66666666663,193750.0,-243333.33333333337,0.4710144927536231,0.0,-266250.0,15,5.209486152841421,B110531-15,,,,,0,0,0,0,0,14.50865773852422,0.0,0.0,0.0,0.0,1,0,3,1,,,,13,0,0,0,0,0.0,0.0,
B110602-17,2,4,1,1,0,4,,0,,1,실수령250만 여유50만,13,6,6,0.0,0.0,1.0,7.333,44,8,1.0,0.167,,,1,0,2011,정상종료,완납,157,469,150만원,6개월,0.3,남자,35세,기타,2500000.0,2410000.0,,,,,,,1,2500000.0,2410000.0,90000.0,90000.0,1500000.0,6.0,287500.0,271875.0,197500.0,3.1944444444444446,1.0,181875.0,17,5.056245805348308,B110602-17,,,,,0,0,0,0,0,14.22097566607244,0.0,0.0,0.0,0.0,1,1,1,1,,,,13,0,0,0,0,0.0,6.451612903225806,
B110605-5,3,3,4,1,0,4,,0,월,2,부업 대리운전 지속,13,9,9,1.0,0.1111,0.0,0.0,0,0,,,,,0,0,2011,정상종료,완납,96,271,100만원,9개월,0.3,남자,44세,기타,2350000.0,1590000.0,,53.0,25.0,13.0,0.0,0.0,1,2350000.0,1590000.0,760000.0,760000.0,1000000.0,9.0,136111.11111111112,125000.0,-623888.8888888889,0.179093567251462,0.0,-635000.0,5,4.564348191467836,B110605-5,income,True,15.0,False,1,1,0,0,1,13.815510557964274,53.0,13.0,0.0,0.0,0,1,4,1,calendar,15.0,False,13,1,1,0,1,0.0,0.0,16.0
B110608-4,1,1,1,1,0,4,,0,,0,300만 상환 완료경험,13,18,18,1.0,0.9444,0.0,0.0,0,0,,,,,0,0,2011,정상종료,완납,150,877,300만원,18개월,0.3,여자,40세,기타,2900000.0,2160000.0,,76.0,48.0,1.0,0.0,0.0,1,2900000.0,2160000.0,740000.0,740000.0,3000000.0,18.0,241666.66666666663,206250.0,-498333.3333333334,0.3265765765765765,0.0,-533750.0,4,5.010635294096256,B100226-13,,,,,0,0,0,0,0,14.914122846632385,76.0,1.0,0.0,0.0,0,0,1,1,,,,13,0,0,0,0,0.0,6.666666666666667,
B110608-7,1,4,1,1,0,5,,0,,2,급여152만·무연체 상환중,13,9,9,1.0,0.3333,0.0,0.0,0,0,,,,,0,0,2011,정상종료,완납,1533,475,100만원,9개월,0.3,남자,26세,기타,1520000.0,1160000.0,,,,,,,1,1520000.0,1160000.0,360000.0,360000.0,1000000.0,9.0,136111.11111111112,125000.0,-223888.88888888888,0.3780864197530864,0.0,-235000.0,7,7.334981878871814,B110608-7,,,,,0,0,0,0,0,13.815510557964274,0.0,0.0,0.0,0.0,1,1,1,1,,,,13,0,0,0,0,0.0655307994757536,1.965923984272608,
B110610-5,1,2,1,1,0,1,,0,,0,상환근거 언급없음,13,22,22,0.1818,0.1818,0.8182,18.591,409,31,5.0,0.227,,,1,0,2011,연체중,손실,523,553,300만원,24개월,0.3,여자,31세,기타,,,,18.0,17.0,16.0,1.0,0.0,1,,,,,3000000.0,24.0,200000.0,164062.5,,,,,5,6.259581464064923,B100304-5,,,,,0,0,0,0,0,14.914122846632385,18.0,16.0,1.0,0.0,0,0,1,1,,,,13,0,0,0,0,0.0,0.0,
B110610-7,1,5,1,1,0,4,,0,,2,과장진급·주말알바48만,13,4,4,1.0,1.0,0.0,0.0,0,0,,,,,0,0,2011,정상종료,완납,503,1103,300만원,24개월,0.3,남자,33세,기타,2780000.0,2220000.0,,20.0,19.0,0.0,0.0,0.0,1,2780000.0,2220000.0,560000.0,560000.0,3000000.0,24.0,200000.0,164062.5,-360000.0,0.3571428571428571,0.0,-395937.5,7,6.220590170099739,B100709-11,,,,,0,0,0,0,0,14.914122846632385,20.0,0.0,0.0,0.0,0,1,1,1,,,,13,0,0,0,0,0.0,1.9880715705765408,
B110611-4,2,4,3,1,0,4,,0,,1,월급160만 급여일 10일,13,6,6,0.3333,0.3333,0.6667,9.833,59,31,1.0,0.167,2.0,4.0,1,0,2011,연체중,손실,272,912,250만원,12개월,0.3,여자,30세,기타,1600000.0,1170000.0,,,,,,,1,1600000.0,1170000.0,430000.0,430000.0,2500000.0,12.0,270833.3333333334,242187.5,-159166.66666666663,0.6298449612403102,0.0,-187812.5,4,5.605802066295998,B110611-4,,,,,0,0,0,0,0,14.73180128983843,0.0,0.0,0.0,0.0,1,0,1,2,,,,13,0,0,0,1,2.5830258302583027,3.690036900369003,10.0
B110612-1,1,2,1,1,0,2,,0,,0,연체없다는 언급뿐,13,6,6,0.6667,0.0,0.3333,0.333,2,1,4.0,0.667,5.0,6.0,1,0,2011,정상종료,완납,41,132,150만원,6개월,0.3,남자,36세,기타,2000000.0,1030000.0,,7.0,0.0,5.0,0.0,0.0,1,2000000.0,1030000.0,970000.0,970000.0,1500000.0,6.0,287500.0,271875.0,-682500.0,0.2963917525773196,0.0,-698125.0,1,3.713572066704308,A080328-2,,,,,0,0,0,0,0,14.22097566607244,7.0,5.0,0.0,0.0,0,1,1,1,,,,13,0,0,0,0,0.0,0.0,
B110613-2,2,3,3,1,0,3,,0,,1,알바중·취업 노력,13,6,6,0.1667,0.0,0.8333,11.333,68,31,2.0,0.333,,,1,0,2011,연체중,손실,171,1129,200만원,12개월,0.3,여자,36세,기타,1410000.0,1240000.0,,,,,,,1,1410000.0,1240000.0,170000.0,170000.0,2000000.0,12.0,216666.66666666663,193750.0,46666.66666666663,1.2745098039215683,1.0,23750.0,2,5.14166355650266,B110613-2,,,,,0,0,0,0,0,14.50865773852422,0.0,0.0,0.0,0.0,1,0,3,2,,,,13,0,0,0,0,0.0,5.847953216374268,
B110614-2,2,4,4,3,1,4,,0,월,1,매월25일 280만 입금,13,12,12,0.9167,0.5,0.0833,0.083,1,1,9.0,0.75,10.0,,1,0,2011,정상종료,완납,338,2088,250만원,12개월,0.3,남자,48세,기타,2800000.0,2410000.0,,23.0,13.0,6.0,0.0,0.0,1,2800000.0,2410000.0,390000.0,390000.0,2500000.0,12.0,270833.3333333334,242187.5,-119166.66666666664,0.6944444444444445,0.0,-147812.5,2,5.823045895483019,B101014-7,income,False,25.0,False,0,1,0,0,0,14.73180128983843,23.0,6.0,0.0,0.0,0,1,2,1,,,,13,1,0,1,0,0.0,3.0120481927710845,
B110614-4,2,4,1,1,0,4,,0,,1,커피숍 월매출700만,13,5,5,0.2,0.0,0.8,8.8,44,31,1.0,0.2,2.0,3.0,1,0,2011,연체중,손실,622,191,550만원,24개월,0.3,여자,32세,기타,7500000.0,5820000.0,,55.0,29.0,4.0,0.0,0.0,1,7500000.0,5820000.0,1680000.0,1680000.0,5500000.0,24.0,366666.6666666666,300781.25,-1313333.3333333335,0.2182539682539682,0.0,-1379218.75,4,6.432940092739179,A071123-1,,,,,0,0,0,0,0,15.5202586502027,55.0,4.0,0.0,0.0,0,0,1,1,,,,13,0,0,0,0,0.1620745542949757,0.0,
B110615-17,1,5,1,1,0,4,,0,,2,연봉2400·격월 상여,13,12,12,0.0,0.0,1.0,12.167,146,29,1.0,0.083,,,1,0,2011,정상종료,완납,195,421,100만원,12개월,0.3,남자,30세,기타,1800000.0,1350000.0,,,,,,,1,1800000.0,1350000.0,450000.0,450000.0,1000000.0,12.0,108333.33333333331,96875.0,-341666.6666666667,0.2407407407407407,0.0,-353125.0,17,5.272999558563747,B110615-17,,,,,0,0,0,0,0,13.815510557964274,0.0,0.0,0.0,0.0,1,1,1,1,,,,13,0,0,0,0,0.0,15.384615384615383,
B110617-3,2,1,2,1,0,2,,0,,0,다짐뿐,13,4,4,0.75,0.25,0.25,7.75,31,31,4.0,1.0,,,1,0,2011,연체중,손실,83,676,200만원,12개월,0.3,남자,47세,기타,2400000.0,2230000.0,,,,,,,1,2400000.0,2230000.0,170000.0,170000.0,2000000.0,12.0,216666.66666666663,193750.0,46666.66666666663,1.2745098039215683,1.0,23750.0,3,4.418840607796598,B110617-3,,,,,0,0,0,0,0,14.50865773852422,0.0,0.0,0.0,0.0,1,1,1,1,,,,13,0,0,0,0,0.0,0.0,
B110620-2,1,4,1,1,0,4,,0,,1,연구원 재직·급여35만 인상,13,9,9,0.2222,0.1111,0.7778,15.889,143,31,3.0,0.333,,,1,0,2011,연체중,손실,344,727,300만원,18개월,0.3,남자,36세,기타,2460000.0,2270000.0,,8.0,5.0,8.0,1.0,0.0,1,2460000.0,2270000.0,190000.0,190000.0,3000000.0,18.0,241666.66666666663,206250.0,51666.66666666663,1.2719298245614032,1.0,16250.0,2,5.840641657373398,B101001-8,,,,,0,0,0,0,0,14.914122846632385,8.0,8.0,1.0,0.0,0,1,1,1,,,,13,0,0,0,0,0.0,11.627906976744184,
B110620-4,3,5,4,1,0,5,,0,월,4,개인회생 5년 무연체,13,4,4,0.25,0.25,0.75,3.25,13,5,1.0,0.25,4.0,,1,0,2011,정상종료,완납,290,755,300만원,24개월,0.3,여자,47세,기타,1750000.0,1250000.0,,,,,,,1,1750000.0,1250000.0,500000.0,500000.0,3000000.0,24.0,200000.0,164062.5,-300000.0,0.4,0.0,-335937.5,4,5.66988092298052,B110620-4,income,False,,False,1,1,0,0,0,14.914122846632385,0.0,0.0,0.0,0.0,1,0,4,2,income,,False,13,1,1,0,1,0.0,0.0,
B110621-14,1,3,1,3,1,4,,0,,1,토스트가게 단골 유지,13,6,6,1.0,0.8333,0.0,0.0,0,0,,,,,0,0,2011,정상종료,완납,326,881,450만원,24개월,0.3,남자,37세,기타,3500000.0,2630000.0,,88.0,82.0,0.0,0.0,0.0,1,3500000.0,2630000.0,870000.0,870000.0,4500000.0,24.0,300000.0,246093.75,-570000.0,0.3448275862068966,0.0,-623906.25,14,5.786897381366708,B091130-1,,,,,0,0,0,0,0,15.319587954740548,88.0,0.0,0.0,0.0,0,1,1,2,,,,13,0,0,0,0,0.0,0.0,
B110622-18,2,5,1,1,0,4,,0,,2,월수입225만 지출180만,13,7,7,0.5714,0.1429,0.4286,5.0,35,31,5.0,0.714,,,1,0,2011,연체중,손실,179,821,300만원,21개월,0.3,남자,39세,기타,2240000.0,1990000.0,,,,,,,1,2240000.0,1990000.0,250000.0,250000.0,3000000.0,21.0,217857.14285714287,182142.8571428572,-32142.85714285713,0.8714285714285714,0.0,-67857.14285714281,18,5.187385805840755,B110622-18,,,,,0,0,0,0,0,14.914122846632385,0.0,0.0,0.0,0.0,1,1,1,1,,,,13,0,0,0,0,0.0,0.0,
B110622-7,2,4,3,1,0,4,,0,,1,신랑 택배 240만·조기상환,13,20,20,1.0,0.9,0.0,0.0,0,0,,,,,0,0,2011,정상종료,완납,311,1084,300만원,24개월,0.3,여자,33세,기타,2650000.0,2350000.0,,59.0,40.0,10.0,0.0,0.0,1,2650000.0,2350000.0,300000.0,300000.0,3000000.0,24.0,200000.0,164062.5,-100000.0,0.6666666666666666,0.0,-135937.5,7,5.739792912179234,B100330-7,,,,,0,0,0,0,0,14.914122846632385,59.0,10.0,0.0,0.0,0,0,2,1,,,,13,0,0,0,0,0.0,0.0,
B110623-2,1,4,1,1,0,4,,0,,1,신규입사 월150만,13,6,6,0.8333,0.1667,0.1667,0.167,1,1,1.0,0.167,2.0,,1,0,2011,정상종료,완납,64,432,300만원,15개월,0.3,여자,38세,기타,4500000.0,2870000.0,,63.0,34.0,5.0,0.0,0.0,1,4500000.0,2870000.0,1630000.0,1630000.0,3000000.0,15.0,275000.0,240000.0,-1355000.0,0.1687116564417178,0.0,-1390000.0,2,4.158883083359672,B090210-20,,,,,0,0,0,0,0,14.914122846632385,63.0,5.0,0.0,0.0,0,0,1,1,,,,13,0,0,0,0,0.0,0.0,
B110625-3,5,4,1,1,0,4,250000.0,1,월,1,수입99만 잔여62만,13,9,9,0.1111,0.0,0.8889,13.556,122,31,2.0,0.222,,,1,0,2011,손실(상환완료),손실,140,1242,200만원,9개월,0.3,남자,40세,기타,1020000.0,680000.0,,3.0,0.0,14.0,0.0,0.0,1,1020000.0,680000.0,340000.0,340000.0,2000000.0,9.0,272222.22222222225,250000.0,-67777.77777777775,0.8006535947712419,0.0,-90000.0,3,4.941642422609304,B100729-25,,,,,0,0,0,0,0,14.50865773852422,3.0,14.0,0.0,0.0,0,1,1,1,,,,13,0,0,0,0,0.0,7.142857142857142,
B110628-1,2,5,4,4,1,4,,0,,3,부부수입280~300만,13,24,24,1.0,1.0,0.0,0.0,0,0,,,,,0,0,2011,정상종료,완납,1412,744,500만원,24개월,0.3,여자,39세,기타,2800000.0,2160000.0,,36.0,31.0,0.0,0.0,0.0,1,2800000.0,2160000.0,640000.0,640000.0,5000000.0,24.0,333333.3333333334,273437.5,-306666.6666666666,0.5208333333333334,0.0,-366562.5,1,7.252762418053187,B100416-9,event,False,,False,0,0,0,1,0,15.424948470398377,36.0,0.0,0.0,0.0,0,0,1,2,,,,13,1,0,1,0,1.0007147962830594,2.8591851322373123,
B110628-15,1,3,4,1,0,2,,0,,1,7월 업무복귀 예정,13,8,8,1.0,0.625,0.0,0.0,0,0,,,,,0,0,2011,정상종료,완납,46,95,100만원,12개월,0.3,남자,43세,기타,2000000.0,1520000.0,,,,,,,1,2000000.0,1520000.0,480000.0,480000.0,1000000.0,12.0,108333.33333333331,96875.0,-371666.6666666667,0.2256944444444444,0.0,-383125.0,15,3.828641396489095,B110628-15,event,False,,False,0,0,0,1,0,13.815510557964274,0.0,0.0,0.0,0.0,1,1,3,1,,,,13,1,0,1,0,0.0,0.0,
B110629-2,2,2,3,1,0,3,,0,,0,공익근무·열심히 일함,13,12,12,0.75,0.3333,0.25,0.417,5,3,9.0,0.75,12.0,,1,0,2011,정상종료,완납,203,939,250만원,12개월,0.3,남자,29세,기타,1700000.0,1060000.0,,22.0,12.0,5.0,0.0,0.0,1,1700000.0,1060000.0,640000.0,640000.0,2500000.0,12.0,270833.3333333334,242187.5,-369166.6666666666,0.4231770833333333,0.0,-397812.5,2,5.313205979041787,B100913-3,,,,,0,0,0,0,0,14.73180128983843,22.0,5.0,0.0,0.0,0,1,2,1,,,,13,0,0,0,0,0.4975124378109453,4.975124378109452,
B110630-2,1,4,1,1,0,3,,0,,1,가구사업 마진270만,13,12,12,1.0,1.0,0.0,0.0,0,0,,,,,0,0,2011,정상종료,완납,202,423,150만원,12개월,0.3,남자,46세,기타,2700000.0,2340000.0,,66.0,56.0,5.0,5.0,0.0,1,2700000.0,2340000.0,360000.0,360000.0,1500000.0,12.0,162500.0,145312.5,-197500.0,0.4513888888888889,0.0,-214687.5,2,5.308267697401205,B110630-2,,,,,0,0,0,0,0,14.22097566607244,66.0,5.0,5.0,0.0,0,1,1,1,,,,13,0,0,0,0,0.0,0.0,
B110706-17,5,3,4,1,0,4,190000.0,1,월,1,사채정리후 30만 여유,13,5,5,0.8,0.4,0.2,0.6,3,3,4.0,0.8,5.0,,1,0,2011,정상종료,완납,279,1049,100만원,6개월,0.3,여자,29세,기타,2060000.0,1730000.0,,18.0,14.0,18.0,0.0,0.0,1,2060000.0,1730000.0,330000.0,330000.0,1000000.0,6.0,191666.66666666663,181250.0,-138333.33333333337,0.5808080808080807,0.0,-148750.0,17,5.631211781821365,B090709-6,event,False,,False,0,0,0,1,0,13.815510557964274,18.0,18.0,0.0,0.0,0,0,1,1,,,,13,1,0,1,0,0.0,7.326007326007326,
B110706-18,1,5,1,1,0,4,,0,,3,총수입170~180만,13,8,8,1.0,1.0,0.0,0.0,0,0,,,,,0,0,2011,정상종료,완납,257,466,200만원,12개월,0.3,여자,40세,기타,1700000.0,1210000.0,,78.0,51.0,0.0,0.0,0.0,1,1700000.0,1210000.0,490000.0,490000.0,2000000.0,12.0,216666.66666666663,193750.0,-273333.3333333334,0.4421768707482992,0.0,-296250.0,18,5.54907608489522,B101003-5,,,,,0,0,0,0,0,14.50865773852422,78.0,0.0,0.0,0.0,0,0,1,1,,,,13,0,0,0,0,0.0,3.92156862745098,
B110706-5,3,3,3,2,1,4,,0,월,2,5월부터 부부급여 재개,13,4,4,1.0,0.75,0.0,0.0,0,0,,,,,0,0,2011,정상종료,완납,499,1068,200만원,12개월,0.3,여자,33세,기타,3400000.0,3150000.0,,62.0,13.0,24.0,1.0,0.0,1,3400000.0,3150000.0,250000.0,250000.0,2000000.0,12.0,216666.66666666663,193750.0,-33333.33333333337,0.8666666666666665,0.0,-56250.0,5,6.212606095751519,B090606-4,,,,,1,0,0,0,0,14.50865773852422,62.0,24.0,1.0,0.0,0,0,4,2,income,,False,13,0,1,0,0,0.0,0.0,
B110707-3,1,4,1,1,0,5,,0,,1,학원 월수입616만 증빙,13,3,3,1.0,1.0,0.0,0.0,0,0,,,,,0,0,2011,정상종료,완납,303,436,300만원,18개월,0.3,남자,45세,기타,6160000.0,5080000.0,,67.0,65.0,2.0,0.0,0.0,1,6160000.0,5080000.0,1080000.0,1080000.0,3000000.0,18.0,241666.66666666663,206250.0,-838333.3333333334,0.2237654320987654,0.0,-873750.0,3,5.713732805509369,B091116-15,,,,,0,0,0,0,0,14.914122846632385,67.0,2.0,0.0,0.0,0,1,1,1,,,,13,0,0,0,0,0.0,3.3112582781456954,
B110708-9,1,1,1,1,0,3,,0,,0,작년 성실납부 이력,13,21,21,0.9524,0.3333,0.0476,0.048,1,1,4.0,0.19,5.0,,1,0,2011,정상종료,완납,95,634,300만원,24개월,0.3,남자,31세,기타,1700000.0,1650000.0,,39.0,19.0,3.0,0.0,0.0,1,1700000.0,1650000.0,50000.0,50000.0,3000000.0,24.0,200000.0,164062.5,150000.0,4.0,1.0,114062.5,9,4.553876891600541,B100525-6,,,,,0,0,0,0,0,14.914122846632385,39.0,3.0,0.0,0.0,0,1,1,1,,,,13,0,0,0,0,0.0,10.526315789473683,
B110709-2,3,5,4,3,1,4,,0,월,3,월급120만 급여일5일,13,12,12,0.25,0.0,0.75,13.0,156,26,2.0,0.167,3.0,4.0,1,0,2011,정상종료,완납,637,1151,200만원,12개월,0.3,여자,31세,기타,2200000.0,1750000.0,,9.0,2.0,15.0,0.0,0.0,1,2200000.0,1750000.0,450000.0,450000.0,2000000.0,12.0,216666.66666666663,193750.0,-233333.33333333337,0.4814814814814814,0.0,-256250.0,2,6.456769655572163,B100528-16,income,False,5.0,False,1,1,0,0,0,14.50865773852422,9.0,15.0,0.0,0.0,0,0,4,1,income,5.0,False,13,1,1,0,1,0.0,0.0,5.0
B110709-5,2,4,3,1,0,5,,0,,1,급여240만·면책후 무연체,13,12,12,0.9167,0.75,0.0833,0.25,3,3,7.0,0.583,8.0,,1,0,2011,정상종료,완납,434,1287,200만원,12개월,0.3,남자,38세,기타,2400000.0,1840000.0,,96.0,76.0,3.0,0.0,0.0,1,2400000.0,1840000.0,560000.0,560000.0,2000000.0,12.0,216666.66666666663,193750.0,-343333.3333333334,0.3869047619047618,0.0,-366250.0,5,6.073044534100405,B110709-5,,,,,0,0,0,0,0,14.50865773852422,96.0,3.0,0.0,0.0,0,1,1,1,,,,13,0,0,0,1,0.0,0.0,
B110711-4,1,5,1,1,0,4,,0,,2,적립수당 월150만 구조,13,12,12,0.9167,0.75,0.0833,0.417,5,5,2.0,0.167,3.0,,1,0,2011,정상종료,완납,1244,1173,250만원,12개월,0.3,남자,44세,기타,2700000.0,2460000.0,,29.0,26.0,1.0,0.0,0.0,1,2700000.0,2460000.0,240000.0,240000.0,2500000.0,12.0,270833.3333333334,242187.5,30833.33333333337,1.1284722222222223,1.0,2187.5,4,7.126087273299125,B110711-4,,,,,0,0,0,0,0,14.73180128983843,29.0,1.0,0.0,0.0,0,1,1,1,,,,13,0,0,0,0,0.0,2.4330900243309004,
B110713-20,4,3,1,4,1,4,200000.0,1,월,1,지출표에 상환20만 반영,13,16,16,1.0,0.6875,0.0,0.0,0,0,,,,,0,0,2011,정상종료,완납,635,1278,500만원,24개월,0.3,남자,43세,기타,3000000.0,2580000.0,,60.0,44.0,5.0,0.0,0.0,1,3000000.0,2580000.0,420000.0,420000.0,5000000.0,24.0,333333.3333333334,273437.5,-86666.66666666663,0.7936507936507937,0.0,-146562.5,20,6.453624998892692,B110713-20,,,,,0,0,0,0,0,15.424948470398377,60.0,5.0,0.0,0.0,0,1,1,2,,,,13,0,0,0,0,0.1577287066246056,0.0,
B110713-22,2,1,4,1,0,4,,0,,0,조기상환 22건 이력,13,11,11,1.0,1.0,0.0,0.0,0,0,,,,,0,0,2011,정상종료,완납,317,576,500만원,15개월,0.3,여자,31세,기타,3000000.0,2220000.0,,98.0,84.0,3.0,0.0,0.0,1,3000000.0,2220000.0,780000.0,780000.0,5000000.0,15.0,458333.3333333333,400000.0,-321666.6666666667,0.5876068376068376,0.0,-380000.0,22,5.75890177387728,B090402-6,none,False,,False,0,0,0,0,0,15.424948470398377,98.0,3.0,0.0,0.0,0,0,1,1,,,,13,1,0,1,0,0.0,0.0,
B110714-1,1,1,1,1,0,4,,0,,0,이후 무연체 상환 이력,13,11,11,1.0,0.3636,0.0,0.0,0,0,,,,,0,0,2011,정상종료,완납,140,428,200만원,12개월,0.3,남자,37세,기타,2000000.0,1620000.0,,89.0,36.0,28.0,0.0,0.0,1,2000000.0,1620000.0,380000.0,380000.0,2000000.0,12.0,216666.66666666663,193750.0,-163333.33333333337,0.5701754385964911,0.0,-186250.0,1,4.941642422609304,B100410-9,,,,,0,0,0,0,0,14.50865773852422,89.0,28.0,0.0,0.0,0,1,1,1,,,,13,0,0,0,1,0.0,0.0,
B110715-1,1,4,2,4,1,3,,0,,2,급여70%삭감·9월 정상기대,13,12,12,1.0,0.0,0.0,0.0,0,0,,,,,0,0,2011,정상종료,완납,698,543,150만원,12개월,0.3,남자,48세,기술직,2500000.0,2170000.0,,46.0,16.0,4.0,0.0,0.0,1,2500000.0,2170000.0,330000.0,330000.0,1500000.0,12.0,162500.0,145312.5,-167500.0,0.4924242424242424,0.0,-184687.5,1,6.548219102762372,B121120-2,,,,,0,0,0,0,0,14.22097566607244,46.0,4.0,0.0,0.0,0,1,1,2,,,,13,0,0,0,0,0.0,2.865329512893983,
B110717-1,2,5,1,1,0,4,,0,,2,급여137만+상여50만,13,6,6,0.0,0.0,1.0,9.0,54,31,1.0,0.167,,,1,0,2011,연체중,손실,197,373,100만원,12개월,0.3,여자,30세,기타,1870000.0,1510000.0,,,,,,,1,1870000.0,1510000.0,360000.0,360000.0,1000000.0,12.0,108333.33333333331,96875.0,-251666.6666666667,0.3009259259259259,0.0,-263125.0,1,5.2832037287379885,B110717-1,,,,,0,0,0,0,0,13.815510557964274,0.0,0.0,0.0,0.0,1,0,1,1,,,,13,0,0,0,0,0.5208333333333333,0.0,
B110719-12,2,4,3,1,0,4,,0,,1,학원 본인수입 350만,13,6,6,0.8333,0.3333,0.1667,0.167,1,1,3.0,0.5,4.0,,1,0,2011,정상종료,완납,514,841,150만원,6개월,0.3,남자,53세,학원,3500000.0,3060000.0,,,,,,,1,3500000.0,3060000.0,440000.0,440000.0,1500000.0,6.0,287500.0,271875.0,-152500.0,0.6534090909090909,0.0,-168125.0,12,6.2422232654551655,B110719-12,,,,,0,0,0,0,0,14.22097566607244,0.0,0.0,0.0,0.0,1,1,1,1,,,,13,0,0,0,0,0.196078431372549,1.96078431372549,
B110719-15,3,3,4,4,1,4,,0,월,2,급여일25일·26일 출금,13,8,8,1.0,0.75,0.0,0.0,0,0,,,,,0,0,2011,정상종료,완납,362,753,250만원,12개월,0.3,남자,39세,기타,1420000.0,1320000.0,,29.0,22.0,0.0,0.0,0.0,1,1420000.0,1320000.0,100000.0,100000.0,2500000.0,12.0,270833.3333333334,242187.5,170833.33333333337,2.708333333333334,1.0,142187.5,15,5.891644211825772,B100717-2,income,False,26.0,False,1,1,0,0,0,14.73180128983843,29.0,0.0,0.0,0.0,0,1,4,1,income,26.0,False,13,1,1,0,1,0.0,2.7624309392265194,25.0
B110721-10,5,5,1,1,0,4,300000.0,1,월,2,급여120만+알바30만,13,2,2,0.0,0.0,1.0,16.5,33,31,1.0,0.5,,,1,0,2011,연체중,손실,227,1273,300만원,18개월,0.3,여자,38세,사무직,1500000.0,810000.0,,12.0,12.0,1.0,0.0,0.0,1,1500000.0,810000.0,690000.0,690000.0,3000000.0,18.0,241666.66666666663,206250.0,-448333.3333333334,0.3502415458937197,0.0,-483750.0,10,5.424950017481403,B110413-2,,,,,0,0,0,0,0,14.914122846632385,12.0,1.0,0.0,0.0,0,0,1,1,,,,13,0,0,0,0,0.0,0.0,
B110721-2,3,4,1,2,1,4,,0,,1,5월부터 야간알바 월140,14,12,12,1.0,0.75,0.0,0.0,0,0,,,,,0,0,2011,정상종료,완납,387,403,100만원,12개월,0.3,남자,32세,기타,1400000.0,1050000.0,,27.0,10.0,1.0,0.0,0.0,1,1400000.0,1050000.0,350000.0,350000.0,1000000.0,12.0,108333.33333333331,96875.0,-241666.6666666667,0.3095238095238095,0.0,-253125.0,2,5.958424693029782,B110721-2,,,,,0,0,0,0,0,13.815510557964274,27.0,1.0,0.0,0.0,0,1,1,2,,,,14,0,0,0,1,0.2604166666666666,5.208333333333333,
B110726-13,1,5,1,1,0,4,,0,,2,교습소·과외 월150~170,14,4,4,0.0,0.0,1.0,15.5,62,31,1.0,0.25,,,1,0,2011,연체중,손실,285,1850,300만원,24개월,0.3,여자,45세,학원,1500000.0,1320000.0,,,,,,,1,1500000.0,1320000.0,180000.0,180000.0,3000000.0,24.0,200000.0,164062.5,20000.0,1.1111111111111112,1.0,-15937.5,13,5.652489180268651,B110726-13,,,,,0,0,0,0,0,14.914122846632385,0.0,0.0,0.0,0.0,1,0,1,2,,,,14,0,0,0,0,0.0,0.0,
B110726-16,2,5,5,1,0,3,,0,,2,실업급여 신청예정·밀린급여,14,11,11,0.1818,0.0909,0.8182,3.455,38,7,2.0,0.182,11.0,,1,0,2011,정상종료,완납,396,2604,100만원,12개월,0.3,여자,39세,기타,3510000.0,940000.0,,10.0,7.0,31.0,0.0,0.0,1,3510000.0,940000.0,2570000.0,2570000.0,1000000.0,12.0,108333.33333333331,96875.0,-2461666.6666666665,0.0421530479896238,0.0,-2473125.0,16,5.981414211254481,B100909-8,income,False,,True,0,1,0,0,0,13.815510557964274,10.0,31.0,0.0,0.0,0,0,1,2,,,,14,1,0,1,0,0.0,0.0,
B110726-9,2,4,2,2,1,4,,0,,1,3교대 재직 월185~210,14,19,19,1.0,1.0,0.0,0.0,0,0,,,,,0,0,2011,정상종료,완납,404,1645,300만원,21개월,0.3,여자,42세,기타,1850000.0,1390000.0,,90.0,71.0,15.0,1.0,0.0,1,1850000.0,1390000.0,460000.0,460000.0,3000000.0,21.0,217857.14285714287,182142.8571428572,-242142.8571428572,0.4736024844720497,0.0,-277857.14285714284,9,6.001414877961151,B100812-7,,,,,0,0,0,0,0,14.914122846632385,90.0,15.0,1.0,0.0,0,0,2,2,,,,14,0,0,0,0,0.0,0.0,
B110727-12,1,3,2,1,0,5,,0,,2,부부 맞벌이·정상종료 이력,14,18,18,0.8889,0.0556,0.1111,0.111,2,1,1.0,0.056,2.0,8.0,1,0,2011,정상종료,완납,230,3682,300만원,18개월,0.3,남자,41세,,,,,28.0,2.0,7.0,0.0,0.0,1,,,,,3000000.0,18.0,241666.66666666663,206250.0,,,,,12,5.438079308923196,B110727-12,,,,,0,0,0,0,0,14.914122846632385,28.0,7.0,0.0,0.0,0,1,1,1,,,,14,0,0,0,0,0.4405286343612335,8.81057268722467,
B110727-23,1,5,1,1,0,5,,0,,3,과외+조판+교습소 505만,14,18,18,0.6667,0.3333,0.3333,2.556,46,9,8.0,0.444,9.0,10.0,1,0,2011,정상종료,완납,491,1504,300만원,18개월,0.3,여자,57세,학원,5000000.0,4350000.0,,53.0,38.0,18.0,0.0,0.0,1,5000000.0,4350000.0,650000.0,650000.0,3000000.0,18.0,241666.66666666663,206250.0,-408333.3333333334,0.3717948717948717,0.0,-443750.0,23,6.19644412779452,B100309-8,,,,,0,0,0,0,0,14.914122846632385,53.0,18.0,0.0,0.0,0,0,1,2,,,,14,0,0,0,0,0.0,0.0,
B110727-24,3,3,4,1,0,4,,0,월,1,매달 25일 급여일,14,15,15,1.0,1.0,0.0,0.0,0,0,,,,,0,0,2011,정상종료,완납,177,455,300만원,15개월,0.3,여자,44세,기타,1900000.0,1450000.0,,51.0,51.0,0.0,0.0,0.0,1,1900000.0,1450000.0,450000.0,450000.0,3000000.0,15.0,275000.0,240000.0,-175000.0,0.6111111111111112,0.0,-210000.0,24,5.176149732573829,B110727-24,income,False,25.0,False,1,1,0,0,0,14.914122846632385,51.0,0.0,0.0,0.0,0,0,4,2,income,25.0,False,14,1,1,0,1,1.1299435028248588,11.299435028248588,
B110727-9,2,5,5,3,1,4,,0,,2,이직 급여180·밀린급여,14,8,8,1.0,0.875,0.0,0.0,0,0,,,,,0,0,2011,정상종료,완납,367,371,100만원,9개월,0.3,남자,43세,영업직,1800000.0,1600000.0,,9.0,8.0,1.0,0.0,0.0,1,1800000.0,1600000.0,200000.0,200000.0,1000000.0,9.0,136111.11111111112,125000.0,-63888.88888888888,0.6805555555555556,0.0,-75000.0,9,5.905361848054571,B110727-9,income,False,15.0,True,0,1,0,0,0,13.815510557964274,9.0,1.0,0.0,0.0,0,1,3,3,,,,14,1,0,1,0,0.0,8.174386920980925,
B110728-2,2,5,1,1,0,5,,0,,4,본인+배우자+알바 현소득,14,8,8,0.625,0.0,0.375,11.25,90,31,6.0,0.75,,,1,0,2011,연체중,손실,303,954,200만원,12개월,0.3,남자,56세,보험설계사,3500000.0,3010000.0,,,,,,,1,3500000.0,3010000.0,490000.0,490000.0,2000000.0,12.0,216666.66666666663,193750.0,-273333.3333333334,0.4421768707482992,0.0,-296250.0,2,5.713732805509369,B110728-2,,,,,0,0,0,0,0,14.50865773852422,0.0,0.0,0.0,0.0,1,1,1,2,,,,14,0,0,0,0,0.0,6.600660066006601,
B110728-5,1,2,2,1,0,2,,0,,0,일수 해결 후 여유 기대,14,11,11,0.2727,0.0909,0.7273,9.909,109,31,2.0,0.182,3.0,5.0,1,0,2011,연체중,손실,356,516,300만원,24개월,0.3,여자,39세,영업직,3550000.0,2800000.0,,,,,,,1,3550000.0,2800000.0,750000.0,750000.0,3000000.0,24.0,200000.0,164062.5,-550000.0,0.2666666666666666,0.0,-585937.5,5,5.87493073085203,B110728-5,,,,,0,0,0,0,0,14.914122846632385,0.0,0.0,0.0,0.0,1,0,1,2,,,,14,0,0,0,0,0.5617977528089888,2.808988764044944,
B110803-10,2,4,1,1,0,4,,0,,1,3년째 재직 월250,14,6,6,0.5,0.0,0.5,6.0,36,31,1.0,0.167,3.0,6.0,1,0,2011,연체중,손실,388,830,300만원,24개월,0.3,여자,41세,사무직,2500000.0,1570000.0,,,,,,,1,2500000.0,1570000.0,930000.0,930000.0,3000000.0,24.0,200000.0,164062.5,-730000.0,0.2150537634408602,0.0,-765937.5,10,5.961005339623274,B110803-10,,,,,0,0,0,0,0,14.914122846632385,0.0,0.0,0.0,0.0,1,0,2,1,,,,14,0,0,0,0,0.0,2.617801047120419,
B110803-12,1,3,1,1,0,5,,0,,2,재직1년+대리운전 투잡,14,12,12,0.6667,0.3333,0.3333,1.583,19,13,4.0,0.333,5.0,7.0,1,0,2011,정상종료,완납,269,2914,150만원,12개월,0.3,남자,49세,기타,2100000.0,1900000.0,,16.0,11.0,5.0,0.0,0.0,1,2100000.0,1900000.0,200000.0,200000.0,1500000.0,12.0,162500.0,145312.5,-37500.0,0.8125,0.0,-54687.5,12,5.594711379601839,B110803-12,,,,,0,0,0,0,0,14.22097566607244,16.0,5.0,0.0,0.0,0,1,1,1,,,,14,0,0,0,0,0.0,3.7313432835820897,
B110803-3,1,3,1,1,0,2,,0,,2,차량구입 후 영업확대 기대,14,13,13,0.0,0.0,1.0,13.077,170,31,1.0,0.077,,,1,0,2011,연체중,손실,484,592,300만원,24개월,0.3,남자,54세,카드사,3800000.0,3440000.0,,7.0,1.0,12.0,2.0,0.0,1,3800000.0,3440000.0,360000.0,360000.0,3000000.0,24.0,200000.0,164062.5,-160000.0,0.5555555555555556,0.0,-195937.5,3,6.182084906716632,B110803-3,,,,,0,0,0,0,0,14.914122846632385,7.0,12.0,2.0,0.0,0,1,1,1,,,,14,0,0,0,0,0.0,0.0,
B110803-6,1,3,1,2,1,4,,0,,3,재직 급여·상여·특근,14,8,8,0.0,0.0,1.0,21.0,168,31,1.0,0.125,,,1,0,2011,연체중,손실,233,256,300만원,21개월,0.3,남자,49세,사무직,2800000.0,2540000.0,,24.0,16.0,21.0,2.0,0.0,1,2800000.0,2540000.0,260000.0,260000.0,3000000.0,21.0,217857.14285714287,182142.8571428572,-42142.85714285713,0.8379120879120879,0.0,-77857.14285714281,6,5.4510384535657,A080718-2,,,,,0,0,0,0,0,14.914122846632385,24.0,21.0,2.0,0.0,0,1,1,2,,,,14,0,0,0,0,0.0,4.291845493562231,
B110808-13,3,5,5,4,1,3,,0,월,3,앞으로의 상여금 기대,14,10,10,0.7,0.4,0.3,4.0,40,31,5.0,0.5,6.0,7.0,1,0,2011,연체중,손실,745,447,100만원,12개월,0.3,남자,34세,사무직,2200000.0,1380000.0,,,,,,,1,2200000.0,1380000.0,820000.0,820000.0,1000000.0,12.0,108333.33333333331,96875.0,-711666.6666666667,0.1321138211382113,0.0,-723125.0,13,6.61338421837956,B110808-13,income,False,,True,1,1,0,0,0,13.815510557964274,0.0,0.0,0.0,0.0,1,1,4,3,income,,False,14,1,1,0,0,0.0,0.0,
B110808-6,1,3,1,1,0,4,,0,,1,건설사 부장 재직중,14,6,6,1.0,0.5,0.0,0.0,0,0,,,,,0,0,2011,정상종료,완납,81,141,200만원,6개월,0.3,남자,51세,기술직,2700000.0,2140000.0,,27.0,17.0,34.0,2.0,8.0,1,2700000.0,2140000.0,560000.0,560000.0,2000000.0,6.0,383333.3333333333,362500.0,-176666.6666666667,0.6845238095238095,0.0,-197500.0,6,4.394449154672439,B110808-6,,,,,0,0,0,0,0,14.50865773852422,27.0,34.0,2.0,8.0,0,1,1,1,,,,14,0,0,0,0,0.0,0.0,
B110809-3,1,1,1,1,0,1,,0,,0,근거 제시 없음,14,12,12,1.0,0.8333,0.0,0.0,0,0,,,,,0,0,2011,정상종료,완납,32,90,200만원,12개월,0.3,남자,44세,기술직,2850000.0,2500000.0,,,,,,,1,2850000.0,2500000.0,350000.0,350000.0,2000000.0,12.0,216666.66666666663,193750.0,-133333.33333333337,0.619047619047619,0.0,-156250.0,3,3.4657359027997265,B110809-3,,,,,0,0,0,0,0,14.50865773852422,0.0,0.0,0.0,0.0,1,1,1,1,,,,14,0,0,0,0,0.0,31.25,
B110810-1,1,4,1,1,0,5,,0,,1,2월 입사 월급320,14,3,3,0.6667,0.6667,0.3333,10.333,31,31,3.0,1.0,,,1,0,2011,연체중,손실,299,1113,200만원,12개월,0.3,남자,53세,기술직,3200000.0,2630000.0,,,,,,,1,3200000.0,2630000.0,570000.0,570000.0,2000000.0,12.0,216666.66666666663,193750.0,-353333.3333333334,0.3801169590643274,0.0,-376250.0,1,5.700443573390687,B110810-1,,,,,0,0,0,0,0,14.50865773852422,0.0,0.0,0.0,0.0,1,1,1,2,,,,14,0,0,0,0,0.6688963210702341,0.0,
B110810-8,4,3,2,2,1,4,210000.0,1,월,1,회생 중 급여생활,14,10,10,0.0,0.0,1.0,23.0,230,30,1.0,0.1,,,1,0,2011,정상종료,완납,290,728,150만원,12개월,0.3,남자,48세,사무직,2530000.0,2280000.0,,30.0,15.0,37.0,5.0,0.0,1,2530000.0,2280000.0,250000.0,250000.0,1500000.0,12.0,162500.0,145312.5,-87500.0,0.65,0.0,-104687.5,8,5.66988092298052,A070726-1,,,,,0,0,0,0,0,14.22097566607244,30.0,37.0,5.0,0.0,0,1,1,2,,,,14,0,0,0,0,0.0,6.896551724137931,
B110811-11,4,1,2,1,0,1,300000.0,1,월,0,근거 없이 의지만,14,2,2,0.0,0.0,1.0,21.0,42,31,1.0,0.5,,,1,0,2011,연체중,손실,81,795,150만원,12개월,0.3,여자,38세,기타,2700000.0,2350000.0,,,,,,,1,2700000.0,2350000.0,350000.0,350000.0,1500000.0,12.0,162500.0,145312.5,-187500.0,0.4642857142857143,0.0,-204687.5,11,4.394449154672439,B110811-11,,,,,0,0,0,0,0,14.22097566607244,0.0,0.0,0.0,0.0,1,0,1,2,,,,14,0,0,0,0,0.0,0.0,
B110811-13,2,1,3,1,0,4,,0,,0,과거 성실상환 이력,14,15,15,1.0,0.4,0.0,0.0,0,0,,,,,0,0,2011,정상종료,완납,618,2498,300만원,15개월,0.3,남자,69세,사무직,2260000.0,1810000.0,,,,,,,1,2260000.0,1810000.0,450000.0,450000.0,3000000.0,15.0,275000.0,240000.0,-175000.0,0.6111111111111112,0.0,-210000.0,13,6.42648845745769,B110811-13,,,,,0,0,0,0,0,14.914122846632385,0.0,0.0,0.0,0.0,1,1,2,2,,,,14,0,0,0,0,0.0,3.236245954692557,
B110811-20,1,2,1,1,0,4,,0,,0,과거 무연체·조기상환,14,8,8,1.0,1.0,0.0,0.0,0,0,,,,,0,0,2011,정상종료,완납,276,435,300만원,15개월,0.3,여자,46세,콜센터,2000000.0,1330000.0,,95.0,76.0,2.0,0.0,0.0,1,2000000.0,1330000.0,670000.0,670000.0,3000000.0,15.0,275000.0,240000.0,-395000.0,0.4104477611940298,0.0,-430000.0,20,5.62040086571715,B090815-3,,,,,0,0,0,0,0,14.914122846632385,95.0,2.0,0.0,0.0,0,0,1,2,,,,14,0,0,0,0,0.0,3.636363636363636,
B110815-1,1,5,1,1,0,4,,0,,2,월급250+연금39,14,22,22,0.1818,0.1818,0.8182,20.0,440,31,1.0,0.045,3.0,5.0,1,0,2011,연체중,손실,303,479,300만원,24개월,0.3,남자,52세,사무직,2890000.0,2440000.0,,,,,,,1,2890000.0,2440000.0,450000.0,450000.0,3000000.0,24.0,200000.0,164062.5,-250000.0,0.4444444444444444,0.0,-285937.5,1,5.713732805509369,B110815-1,,,,,0,0,0,0,0,14.914122846632385,0.0,0.0,0.0,0.0,1,1,1,1,,,,14,0,0,0,0,0.0,3.3222591362126246,
B110816-13,1,3,3,1,0,5,,0,,2,세공+야간알바 투잡,14,15,15,1.0,0.2,0.0,0.0,0,0,,,,,0,0,2011,정상종료,완납,197,622,300만원,15개월,0.3,남자,50세,기술직,2680000.0,2160000.0,,20.0,7.0,1.0,0.0,0.0,1,2680000.0,2160000.0,520000.0,520000.0,3000000.0,15.0,275000.0,240000.0,-245000.0,0.5288461538461539,0.0,-280000.0,13,5.2832037287379885,B110816-13,,,,,0,0,0,0,0,14.914122846632385,20.0,1.0,0.0,0.0,0,1,1,1,,,,14,0,0,0,0,0.0,0.0,
B110818-3,1,3,1,3,1,3,,0,,2,신규취업+주말알바,14,10,10,1.0,0.8,0.0,0.0,0,0,,,,,0,0,2011,정상종료,완납,250,194,100만원,12개월,0.3,남자,34세,영업직,1350000.0,1130000.0,,10.0,8.0,1.0,0.0,0.0,1,1350000.0,1130000.0,220000.0,220000.0,1000000.0,12.0,108333.33333333331,96875.0,-111666.66666666669,0.4924242424242423,0.0,-123125.0,3,5.521460917862246,B110818-3,,,,,0,0,0,0,0,13.815510557964274,10.0,1.0,0.0,0.0,0,1,1,3,,,,14,0,0,0,0,0.0,0.0,
B110818-7,2,5,1,1,0,4,,0,,2,남편 월230+본인 80,14,12,12,0.8333,0.6667,0.1667,2.833,34,31,5.0,0.417,6.0,12.0,1,0,2011,연체중,손실,660,611,500만원,24개월,0.3,여자,40세,기타,3300000.0,2110000.0,,58.0,40.0,6.0,0.0,0.0,1,3300000.0,2110000.0,1190000.0,1190000.0,5000000.0,24.0,333333.3333333334,273437.5,-856666.6666666666,0.2801120448179272,0.0,-916562.5,7,6.492239835020471,A070601-5,,,,,0,0,0,0,0,15.424948470398377,58.0,6.0,0.0,0.0,0,0,1,1,,,,14,0,0,0,0,0.0,0.0,
B110819-12,1,3,1,1,0,5,,0,,2,9년 재직·회생 성실변제,14,14,14,1.0,1.0,0.0,0.0,0,0,,,,,0,0,2011,정상종료,완납,338,336,300만원,15개월,0.3,남자,48세,영업직,2800000.0,2420000.0,,52.0,47.0,0.0,0.0,0.0,1,2800000.0,2420000.0,380000.0,380000.0,3000000.0,15.0,275000.0,240000.0,-105000.0,0.7236842105263158,0.0,-140000.0,12,5.823045895483019,B100707-15,,,,,0,0,0,0,0,14.914122846632385,52.0,0.0,0.0,0.0,0,1,1,2,,,,14,0,0,0,0,0.0,0.0,
B110819-5,2,5,3,1,0,5,,0,,3,병원 재직 월200+상여,14,24,24,0.5833,0.3333,0.4167,2.792,67,11,10.0,0.417,12.0,13.0,1,0,2011,정상종료,완납,650,623,300만원,24개월,0.3,여자,47세,사무직,2000000.0,1570000.0,,,,,,,1,2000000.0,1570000.0,430000.0,430000.0,3000000.0,24.0,200000.0,164062.5,-230000.0,0.4651162790697674,0.0,-265937.5,5,6.476972362889683,B110819-5,,,,,0,0,0,0,0,14.914122846632385,0.0,0.0,0.0,0.0,1,0,1,2,,,,14,0,0,0,0,0.0,0.0,
B110821-2,1,2,1,1,0,4,,0,,0,팝 투자금 450만 보유,14,22,22,1.0,0.7727,0.0,0.0,0,0,,,,,0,0,2011,정상종료,완납,66,1079,300만원,24개월,0.3,남자,63세,기타,2500000.0,1800000.0,,69.0,56.0,5.0,0.0,0.0,1,2500000.0,1800000.0,700000.0,700000.0,3000000.0,24.0,200000.0,164062.5,-500000.0,0.2857142857142857,0.0,-535937.5,2,4.189654742026425,B110204-5,,,,,0,0,0,0,0,14.914122846632385,69.0,5.0,0.0,0.0,0,1,1,1,,,,14,0,0,0,0,0.0,15.151515151515152,
B110822-13,1,5,5,1,0,5,,0,,2,휴직중 월70+휴직급여50,14,24,24,0.2083,0.0417,0.7917,17.125,411,30,5.0,0.208,7.0,8.0,1,0,2011,정상종료,완납,655,1012,300만원,24개월,0.3,여자,42세,기타,1200000.0,920000.0,,18.0,7.0,19.0,7.0,0.0,1,1200000.0,920000.0,280000.0,280000.0,3000000.0,24.0,200000.0,164062.5,-80000.0,0.7142857142857143,0.0,-115937.5,13,6.484635235635252,B100401-13,event,False,,False,0,0,0,1,0,14.914122846632385,18.0,19.0,7.0,0.0,0,0,1,3,,,,14,1,0,1,0,0.1543209876543209,3.08641975308642,
B110824-10,1,5,1,1,0,5,,0,,2,부부 월150+130,14,5,5,0.8,0.4,0.2,6.2,31,31,5.0,1.0,,,1,0,2011,연체중,손실,128,672,100만원,6개월,0.3,여자,50세,영업직,2800000.0,2410000.0,,,,,,,1,2800000.0,2410000.0,390000.0,390000.0,1000000.0,6.0,191666.66666666663,181250.0,-198333.33333333337,0.4914529914529914,0.0,-208750.0,10,4.852030263919617,B110824-10,,,,,0,0,0,0,0,13.815510557964274,0.0,0.0,0.0,0.0,1,0,1,3,,,,14,0,0,0,0,0.0,0.0,
B110824-7,5,4,5,4,1,5,150000.0,1,월,1,20개월 재직 월178,14,10,10,1.0,0.8,0.0,0.0,0,0,,,,,0,0,2011,정상종료,완납,839,924,150만원,12개월,0.3,남자,47세,사무직,1780000.0,1350000.0,,31.0,20.0,12.0,0.0,0.0,1,1780000.0,1350000.0,430000.0,430000.0,1500000.0,12.0,162500.0,145312.5,-267500.0,0.377906976744186,0.0,-284687.5,7,6.732210706467206,B110824-7,income,True,15.0,False,0,1,0,0,1,14.22097566607244,31.0,12.0,0.0,0.0,0,1,1,1,,,,14,1,0,1,0,0.7398273736128237,3.699136868064119,
B110826-1,5,4,3,1,0,4,180000.0,1,월,1,어린이집 월급 122만,14,3,3,0.0,0.0,1.0,16.333,49,31,1.0,0.333,,,1,0,2011,연체중,손실,339,522,100만원,6개월,0.25,여자,34세,기타,1220000.0,890000.0,,,,,,,1,1220000.0,890000.0,330000.0,330000.0,1000000.0,6.0,187500.0,178819.44444444444,-142500.0,0.5681818181818182,0.0,-151180.55555555556,1,5.82600010738045,B110826-1,,,,,0,0,0,0,0,13.815510557964274,0.0,0.0,0.0,0.0,1,0,2,2,,,,14,0,0,0,0,0.0,0.0,
B110827-6,2,4,4,5,1,4,,0,,2,중국집 운영 신고 300만,14,5,5,1.0,1.0,0.0,0.0,0,0,,,,,0,0,2011,정상종료,완납,811,422,200만원,6개월,0.3,여자,39세,요식업,9000000.0,8250000.0,,22.0,7.0,4.0,0.0,0.0,1,9000000.0,8250000.0,750000.0,750000.0,2000000.0,6.0,383333.3333333333,362500.0,-366666.6666666667,0.5111111111111111,0.0,-387500.0,6,6.698268054115413,B111101-10,none,False,,False,0,0,0,0,0,14.50865773852422,22.0,4.0,0.0,0.0,0,0,2,5,,,,14,1,0,1,0,0.2466091245376079,1.2330456226880395,
B110828-3,2,5,3,3,1,3,,0,,2,위자료 예정·양육비 수령,14,4,4,0.0,0.0,1.0,19.75,79,31,1.0,0.25,,,1,0,2011,연체중,손실,605,691,150만원,6개월,0.3,여자,38세,기타,600000.0,1570000.0,,,,,,,1,600000.0,1570000.0,-970000.0,-970000.0,1500000.0,6.0,287500.0,271875.0,1257500.0,,1.0,1241875.0,3,6.405228458030842,B110828-3,,,,,0,0,0,0,0,14.22097566607244,0.0,0.0,0.0,0.0,1,0,3,2,,,,14,0,0,0,0,0.0,1.6528925619834711,
B110829-7,1,3,4,1,0,4,,0,,2,본인+남편 급여,14,12,12,0.5,0.0833,0.5,1.0,12,6,4.0,0.333,6.0,9.0,1,0,2011,정상종료,완납,95,646,200만원,12개월,0.3,여자,49세,사무직,3100000.0,2320000.0,,32.0,14.0,14.0,1.0,0.0,1,3100000.0,2320000.0,780000.0,780000.0,2000000.0,12.0,216666.66666666663,193750.0,-563333.3333333334,0.2777777777777777,0.0,-586250.0,7,4.553876891600541,B110829-7,event,False,,False,0,0,0,1,0,14.50865773852422,32.0,14.0,1.0,0.0,0,0,1,1,,,,14,1,0,1,0,0.0,0.0,
B110830-14,2,5,1,1,0,5,,0,,2,부부 월150+270,14,11,11,0.2727,0.0,0.7273,7.091,78,18,1.0,0.091,3.0,5.0,1,0,2011,정상종료,완납,413,842,250만원,12개월,0.3,여자,47세,사무직,4200000.0,3300000.0,,5.0,0.0,13.0,1.0,0.0,1,4200000.0,3300000.0,900000.0,900000.0,2500000.0,12.0,270833.3333333334,242187.5,-629166.6666666666,0.300925925925926,0.0,-657812.5,14,6.023447592961033,B110830-14,,,,,0,0,0,0,0,14.73180128983843,5.0,13.0,1.0,0.0,0,0,1,2,,,,14,0,0,0,0,0.0,2.4213075060532687,
B110901-10,4,3,2,1,0,4,200000.0,1,월,2,부부 재직중,14,6,6,0.3333,0.1667,0.6667,1.5,9,6,2.0,0.333,4.0,5.0,1,0,2011,정상종료,완납,234,174,100만원,6개월,0.3,남자,53세,증권사,2700000.0,2140000.0,,,,,,,1,2700000.0,2140000.0,560000.0,560000.0,1000000.0,6.0,191666.66666666663,181250.0,-368333.3333333334,0.3422619047619047,0.0,-378750.0,10,5.455321115357702,B110901-10,,,,,0,0,0,0,0,13.815510557964274,0.0,0.0,0.0,0.0,1,1,1,2,,,,14,0,0,0,0,0.8583690987124464,4.291845493562231,
B110901-11,1,1,4,1,0,5,,0,,0,회생 완료·과거 조기상환,14,16,16,0.9375,0.0625,0.0625,0.062,1,1,15.0,0.938,16.0,,1,0,2011,정상종료,완납,78,288,400만원,24개월,0.3,,0세,사무직,2050000.0,1870000.0,,,,,,,1,2050000.0,1870000.0,180000.0,180000.0,4000000.0,24.0,266666.6666666666,218750.0,86666.66666666663,1.4814814814814812,1.0,38750.0,11,4.356708826689592,B110901-11,event,False,,False,0,0,0,1,0,15.201804919084164,0.0,0.0,0.0,0.0,1,0,1,1,,,,14,1,0,1,0,0.0,0.0,
B110905-9,3,3,4,1,0,4,,0,월,1,정규직 재직·급여일 상환,14,5,5,1.0,0.6,0.0,0.0,0,0,,,,,0,0,2011,정상종료,완납,395,298,200만원,6개월,0.3,여자,39세,사무직,2400000.0,1620000.0,,20.0,9.0,4.0,0.0,0.0,1,2400000.0,1620000.0,780000.0,780000.0,2000000.0,6.0,383333.3333333333,362500.0,-396666.6666666667,0.4914529914529914,0.0,-417500.0,9,5.978885764901122,B110905-9,income,False,,False,1,1,0,0,0,14.50865773852422,20.0,4.0,0.0,0.0,0,0,4,2,income,,False,14,1,1,0,1,0.0,5.115089514066496,
B110906-11,1,5,1,4,1,5,,0,,3,급여130+알바60+부업,14,7,7,0.8571,0.0,0.1429,4.429,31,31,7.0,1.0,,,1,0,2011,연체중,손실,593,1403,300만원,24개월,0.3,여자,32세,사무직,2100000.0,1670000.0,,7.0,1.0,1.0,0.0,0.0,1,2100000.0,1670000.0,430000.0,430000.0,3000000.0,24.0,200000.0,164062.5,-230000.0,0.4651162790697674,0.0,-265937.5,11,6.385194398997726,B110226-4,,,,,0,0,0,0,0,14.914122846632385,7.0,1.0,0.0,0.0,0,0,1,1,,,,14,0,0,0,0,1.015228426395939,0.0,
B110906-12,1,1,1,1,0,1,,0,,0,근거 제시 없음,14,24,24,0.875,0.2917,0.125,0.417,10,6,5.0,0.208,6.0,7.0,1,0,2011,정상종료,완납,45,3284,350만원,24개월,0.3,여자,47세,기타,1800000.0,1380000.0,,47.0,32.0,3.0,0.0,0.0,1,1800000.0,1380000.0,420000.0,420000.0,3500000.0,24.0,233333.3333333333,191406.25,-186666.6666666667,0.5555555555555555,0.0,-228593.75,12,3.80666248977032,B090622-5,,,,,0,0,0,0,0,15.068273526459642,47.0,3.0,0.0,0.0,0,0,1,1,,,,14,0,0,0,0,0.0,22.22222222222222,
B110906-16,1,2,2,1,0,4,,0,,0,월 하루 휴무 근무중,14,4,4,0.25,0.0,0.75,20.5,82,31,2.0,0.5,,,1,0,2011,연체중,손실,170,785,300만원,15개월,0.3,여자,52세,기타,4480000.0,3790000.0,,,,,,,1,4480000.0,3790000.0,690000.0,690000.0,3000000.0,15.0,275000.0,240000.0,-415000.0,0.3985507246376811,0.0,-450000.0,16,5.135798437050262,B110906-16,,,,,0,0,0,0,0,14.914122846632385,0.0,0.0,0.0,0.0,1,0,2,2,,,,14,0,0,0,0,1.1764705882352942,0.0,
B110909-9,1,4,2,1,0,5,,0,,1,캐디 월180 수입,14,12,12,0.75,0.0,0.25,0.583,7,3,1.0,0.083,2.0,7.0,1,0,2011,정상종료,완납,170,2273,150만원,12개월,0.3,여자,47세,일용직,2300000.0,1830000.0,,19.0,3.0,5.0,0.0,0.0,1,2300000.0,1830000.0,470000.0,470000.0,1500000.0,12.0,162500.0,145312.5,-307500.0,0.3457446808510638,0.0,-324687.5,9,5.135798437050262,B110909-9,,,,,0,0,0,0,0,14.22097566607244,19.0,5.0,0.0,0.0,0,0,1,1,,,,14,0,0,0,0,0.0,5.88235294117647,
B110914-13,1,5,1,2,1,5,,0,,2,알바95+가게 일10만,14,1,1,0.0,0.0,1.0,31.0,31,31,1.0,1.0,,,1,0,2011,연체중,손실,133,492,150만원,6개월,0.3,남자,46세,기술직,3950000.0,3280000.0,,,,,,,1,3950000.0,3280000.0,670000.0,670000.0,1500000.0,6.0,287500.0,271875.0,-382500.0,0.4291044776119403,0.0,-398125.0,13,4.890349128221754,B110914-13,,,,,0,0,0,0,0,14.22097566607244,0.0,0.0,0.0,0.0,1,1,1,1,,,,14,0,0,0,0,0.0,0.0,
B110914-5,2,5,4,2,1,5,,0,,2,재직140+대리운전50~70,14,9,9,0.8889,0.0,0.1111,0.444,4,4,4.0,0.444,5.0,,1,0,2011,정상종료,완납,690,425,100만원,9개월,0.3,남자,52세,시설관리업체,2000000.0,1710000.0,,20.0,5.0,1.0,0.0,0.0,1,2000000.0,1710000.0,290000.0,290000.0,1000000.0,9.0,136111.11111111112,125000.0,-153888.88888888888,0.4693486590038314,0.0,-165000.0,5,6.536691597591305,B110914-5,none,False,,False,0,0,0,0,0,13.815510557964274,20.0,1.0,0.0,0.0,0,1,2,2,,,,14,1,0,1,0,0.0,7.246376811594203,
B110915-19,3,4,1,1,0,4,,0,,1,교육직 수당 월60,14,18,18,0.7222,0.3333,0.2778,0.556,10,3,10.0,0.556,11.0,12.0,1,0,2011,정상종료,완납,127,537,300만원,18개월,0.3,남자,45세,교수/교사,2200000.0,1960000.0,,,,,,,1,2200000.0,1960000.0,240000.0,240000.0,3000000.0,18.0,241666.66666666663,206250.0,1666.666666666628,1.0069444444444442,1.0,-33750.0,19,4.844187086458591,B110915-19,,,,,0,0,0,0,0,14.914122846632385,0.0,0.0,0.0,0.0,1,1,1,1,,,,14,0,0,0,0,0.0,0.0,
B110918-2,2,3,4,1,0,4,,0,,3,재직·회생 2년 진행,14,8,8,0.5,0.125,0.5,8.75,70,31,5.0,0.625,,,1,0,2011,연체중,손실,546,948,200만원,9개월,0.3,남자,42세,영업직,1780000.0,1520000.0,,,,,,,1,1780000.0,1520000.0,260000.0,260000.0,2000000.0,9.0,272222.22222222225,250000.0,12222.222222222248,1.047008547008547,1.0,-10000.0,2,6.302618975744905,B110918-2,income,False,,True,0,1,0,0,0,14.50865773852422,0.0,0.0,0.0,0.0,1,1,3,3,,,,14,1,0,1,0,0.5504587155963303,1.834862385321101,
B110918-4,3,4,4,1,0,5,,0,월,1,월270 급여·성실상환 이력,14,12,12,0.5833,0.3333,0.4167,2.0,24,11,1.0,0.083,2.0,5.0,1,0,2011,정상종료,완납,144,348,100만원,12개월,0.3,남자,42세,사무직,3000000.0,2530000.0,,10.0,6.0,14.0,0.0,0.0,1,3000000.0,2530000.0,470000.0,470000.0,1000000.0,12.0,108333.33333333331,96875.0,-361666.6666666667,0.2304964539007092,0.0,-373125.0,4,4.969813299576001,B110918-4,income,True,,False,1,1,0,0,1,13.815510557964274,10.0,14.0,0.0,0.0,0,1,4,1,income,,False,14,1,1,0,1,1.3888888888888888,6.944444444444444,
B110920-5,2,3,3,4,1,4,,0,,2,학교 근무·연체없는 납입,14,3,3,0.0,0.0,1.0,22.0,66,31,1.0,0.333,,,1,0,2011,연체중,손실,1905,1509,150만원,12개월,0.3,남자,42세,사무직,1000000.0,890000.0,,,,,,,1,1000000.0,890000.0,110000.0,110000.0,1500000.0,12.0,162500.0,145312.5,52500.0,1.4772727272727273,1.0,35312.5,5,7.552237287560802,B110920-5,,,,,0,0,0,0,0,14.22097566607244,0.0,0.0,0.0,0.0,1,1,2,2,,,,14,0,0,0,0,0.0,1.6181229773462784,
B110921-11,1,4,3,1,0,2,,0,,2,3개월 후 소득증가 기대,14,9,9,0.8889,0.5556,0.1111,1.0,9,9,4.0,0.444,5.0,,1,0,2011,정상종료,완납,337,764,200만원,9개월,0.3,여자,36세,생산직,2300000.0,1970000.0,,,,,,,1,2300000.0,1970000.0,330000.0,330000.0,2000000.0,9.0,272222.22222222225,250000.0,-57777.77777777775,0.824915824915825,0.0,-80000.0,11,5.820082930352362,B110921-11,,,,,0,0,0,0,0,14.50865773852422,0.0,0.0,0.0,0.0,1,0,1,2,,,,14,0,0,0,0,0.0,5.934718100890208,
B110921-7,5,5,5,1,0,4,200000.0,1,월,3,보험100+투잡130+남편180,14,19,19,0.1579,0.0526,0.8421,16.789,319,31,3.0,0.158,4.0,5.0,1,0,2011,연체중,손실,468,1028,300만원,24개월,0.3,여자,45세,보험설계사,4100000.0,3670000.0,,20.0,11.0,22.0,3.0,0.0,1,4100000.0,3670000.0,430000.0,430000.0,3000000.0,24.0,200000.0,164062.5,-230000.0,0.4651162790697674,0.0,-265937.5,7,6.148468295917647,A080620-1,income,False,,False,0,1,0,0,0,14.914122846632385,20.0,22.0,3.0,0.0,0,0,1,2,,,,14,1,0,1,0,0.0,0.0,
B110922-6,1,3,4,1,0,2,,0,,2,10월 샵 재오픈 기대,14,9,9,0.0,0.0,1.0,12.333,111,31,1.0,0.111,,,1,0,2011,손실(상환완료),손실,177,949,100만원,9개월,0.3,여자,55세,영업직,1750000.0,1510000.0,,,,,,,1,1750000.0,1510000.0,240000.0,240000.0,1000000.0,9.0,136111.11111111112,125000.0,-103888.88888888888,0.5671296296296297,0.0,-115000.0,6,5.176149732573829,B110922-6,event,False,,False,0,0,0,1,0,13.815510557964274,0.0,0.0,0.0,0.0,1,0,1,2,,,,14,1,0,1,0,0.0,0.0,
B110923-8,1,1,1,2,1,4,,0,,0,과거 2회 완료 이력,14,7,7,0.4286,0.1429,0.5714,8.0,56,31,4.0,0.571,,,1,0,2011,연체중,손실,163,392,300만원,15개월,0.3,남자,34세,기술직,2100000.0,1750000.0,,17.0,9.0,5.0,0.0,0.0,1,2100000.0,1750000.0,350000.0,350000.0,3000000.0,15.0,275000.0,240000.0,-75000.0,0.7857142857142857,0.0,-110000.0,8,5.093750200806762,B100102-2,,,,,0,0,0,0,0,14.914122846632385,17.0,5.0,0.0,0.0,0,1,1,1,,,,14,0,0,0,0,0.0,0.0,
B110926-10,1,3,4,1,0,5,,0,,2,2년8개월 재직·성과급,14,8,8,0.375,0.125,0.625,5.125,41,31,1.0,0.125,3.0,6.0,1,0,2011,연체중,손실,232,376,250만원,12개월,0.3,남자,42세,기술직,3300000.0,2870000.0,,,,,,,1,3300000.0,2870000.0,430000.0,430000.0,2500000.0,12.0,270833.3333333334,242187.5,-159166.66666666663,0.6298449612403102,0.0,-187812.5,10,5.44673737166631,B110926-10,income,False,5.0,False,0,1,0,0,0,14.73180128983843,0.0,0.0,0.0,0.0,1,1,1,1,,,,14,1,0,1,1,0.0,4.310344827586206,
B110926-5,1,1,1,1,0,3,,0,,0,면책 후 신용유지 주장,14,9,9,0.7778,0.5556,0.2222,0.333,3,2,4.0,0.444,5.0,8.0,1,0,2011,정상종료,완납,108,630,100만원,12개월,0.3,여자,44세,간호사,1300000.0,910000.0,,,,,,,1,1300000.0,910000.0,390000.0,390000.0,1000000.0,12.0,108333.33333333331,96875.0,-281666.6666666667,0.2777777777777777,0.0,-293125.0,5,4.68213122712422,B110926-5,,,,,0,0,0,0,0,13.815510557964274,0.0,0.0,0.0,0.0,1,0,1,2,,,,14,0,0,0,0,0.9259259259259258,0.0,
B110926-9,1,1,1,1,0,4,,0,,0,카드대금 연체없이 납부,14,1,1,0.0,0.0,1.0,31.0,31,31,1.0,1.0,,,1,0,2011,연체중,손실,114,903,100만원,12개월,0.3,남자,40세,기타,2700000.0,2310000.0,,,,,,,1,2700000.0,2310000.0,390000.0,390000.0,1000000.0,12.0,108333.33333333331,96875.0,-281666.6666666667,0.2777777777777777,0.0,-293125.0,9,4.736198448394496,B110926-9,,,,,0,0,0,0,0,13.815510557964274,0.0,0.0,0.0,0.0,1,1,1,1,,,,14,0,0,0,0,0.0,0.0,
B110927-13,3,3,4,1,0,4,,0,일시,1,6급 재직·정례 보너스,14,5,5,1.0,1.0,0.0,0.0,0,0,,,,,0,0,2011,정상종료,완납,226,213,100만원,9개월,0.29,남자,55세,공공기관,3300000.0,130000.0,,43.0,32.0,11.0,0.0,0.0,1,3300000.0,130000.0,3170000.0,3170000.0,1000000.0,9.0,135277.77777777778,124537.03703703704,-3034722.222222222,0.0426743778478794,0.0,-3045462.962962963,13,5.420534999272286,B100727-7,income,False,9.0,True,1,1,0,0,0,13.815510557964274,43.0,11.0,0.0,0.0,0,1,4,1,income,,False,14,1,1,0,0,0.0,4.424778761061947,
B110927-16,1,2,1,1,0,2,,0,,0,개조 후 지출절감 기대,14,12,12,0.6667,0.3333,0.3333,2.083,25,10,1.0,0.083,3.0,8.0,1,0,2011,정상종료,완납,269,548,150만원,12개월,0.3,남자,56세,사무직,2900000.0,2140000.0,,15.0,7.0,7.0,0.0,0.0,1,2900000.0,2140000.0,760000.0,760000.0,1500000.0,12.0,162500.0,145312.5,-597500.0,0.2138157894736842,0.0,-614687.5,16,5.594711379601839,B110104-6,,,,,0,0,0,0,0,14.22097566607244,15.0,7.0,0.0,0.0,0,1,1,2,,,,14,0,0,0,0,0.0,0.0,
B110929-16,1,5,4,1,0,4,,0,,3,기본급90+성과급 월130,14,9,9,0.3333,0.0,0.6667,13.111,118,31,2.0,0.222,3.0,5.0,1,0,2011,연체중,손실,818,1159,100만원,12개월,0.3,여자,47세,영업직,3660000.0,3230000.0,,,,,,,1,3660000.0,3230000.0,430000.0,430000.0,1000000.0,12.0,108333.33333333331,96875.0,-321666.6666666667,0.251937984496124,0.0,-333125.0,16,6.706862336602747,B110929-16,event,False,,False,0,0,0,1,0,13.815510557964274,0.0,0.0,0.0,0.0,1,0,1,2,,,,14,1,0,1,0,0.0,1.2254901960784317,
B110929-2,1,4,1,1,0,5,,0,,1,학생34명 회비 616만,14,22,22,0.9091,0.8636,0.0909,0.091,2,1,18.0,0.818,20.0,,1,0,2011,정상종료,완납,304,491,500만원,24개월,0.3,남자,54세,학원,6160000.0,5150000.0,,67.0,65.0,2.0,0.0,0.0,1,6160000.0,5150000.0,1010000.0,1010000.0,5000000.0,24.0,333333.3333333334,273437.5,-676666.6666666666,0.3300330033003301,0.0,-736562.5,2,5.717027701406222,B091116-15,,,,,0,0,0,0,0,15.424948470398377,67.0,2.0,0.0,0.0,0,1,1,2,,,,14,0,0,0,0,0.0,3.3003300330033003,
B111004-17,2,3,3,4,1,4,,0,,2,고정월급 현금수령,14,24,24,0.9167,0.6667,0.0833,1.0,24,17,21.0,0.875,23.0,,1,0,2011,정상종료,완납,1196,450,450만원,24개월,0.3,여자,52세,사무직,2000000.0,1530000.0,,52.0,46.0,2.0,0.0,0.0,1,2000000.0,1530000.0,470000.0,470000.0,4500000.0,24.0,300000.0,246093.75,-170000.0,0.6382978723404256,0.0,-223906.25,17,7.086737934510577,B090415-7,,,,,0,0,0,0,0,15.319587954740548,52.0,2.0,0.0,0.0,0,0,1,4,,,,14,0,0,0,0,0.0,0.8375209380234506,
B111004-18,3,5,5,4,1,5,,0,월,4,부부 합산 월500,14,21,21,0.8571,0.0952,0.1429,1.571,33,31,2.0,0.095,3.0,18.0,1,0,2011,손실(상환완료),손실,351,229,300만원,24개월,0.3,여자,41세,교수/교사,2100000.0,1640000.0,,19.0,3.0,2.0,0.0,0.0,1,2100000.0,1640000.0,460000.0,460000.0,3000000.0,24.0,200000.0,164062.5,-260000.0,0.4347826086956521,0.0,-295937.5,18,5.860786223465865,B100819-16,income,False,,True,0,1,0,0,0,14.914122846632385,19.0,2.0,0.0,0.0,0,0,3,3,,,,14,1,0,1,0,0.0,0.0,
B111005-16,3,3,5,1,0,4,,0,월,2,교사 봉급17일·수당말일,14,10,10,0.3,0.2,0.7,13.9,139,31,4.0,0.4,,,1,0,2011,연체중,손실,400,1281,200만원,12개월,0.3,여자,57세,교수/교사,1600000.0,1550000.0,,11.0,4.0,9.0,1.0,0.0,1,1600000.0,1550000.0,50000.0,50000.0,2000000.0,12.0,216666.66666666663,193750.0,166666.66666666663,4.333333333333332,1.0,143750.0,16,5.991464547107982,B100908-8,income,False,17.0,True,0,1,0,0,0,14.50865773852422,11.0,9.0,1.0,0.0,0,0,1,2,,,,14,1,0,1,0,0.0,10.0,
B111005-17,1,4,4,4,1,5,,0,,1,과외 월86만 수령중,14,11,11,0.6364,0.1818,0.3636,0.364,4,1,2.0,0.182,3.0,4.0,1,0,2011,정상종료,완납,199,859,200만원,12개월,0.3,여자,45세,기타,2330000.0,1830000.0,,39.0,12.0,8.0,0.0,0.0,1,2330000.0,1830000.0,500000.0,500000.0,2000000.0,12.0,216666.66666666663,193750.0,-283333.3333333334,0.4333333333333332,0.0,-306250.0,17,5.293304824724492,B100806-50,none,False,,False,0,0,0,0,0,14.50865773852422,39.0,8.0,0.0,0.0,0,0,1,2,,,,14,1,0,1,0,0.0,0.0,
B111005-21,1,5,4,1,0,5,,0,,2,신랑 연봉3400·상여,14,9,9,0.3333,0.2222,0.6667,13.667,123,30,4.0,0.444,,,1,0,2011,정상종료,완납,188,297,100만원,9개월,0.3,여자,36세,생산직,2300000.0,2020000.0,,3.0,2.0,6.0,1.0,0.0,1,2300000.0,2020000.0,280000.0,280000.0,1000000.0,9.0,136111.11111111112,125000.0,-143888.88888888888,0.4861111111111111,0.0,-155000.0,21,5.236441962829949,B111005-21,income,False,,False,1,1,0,0,0,13.815510557964274,3.0,6.0,1.0,0.0,0,0,4,1,income,,False,14,1,1,0,1,1.0752688172043012,5.376344086021506,
B111007-17,5,5,3,4,1,5,210000.0,1,월,3,월급320·지출표 명확,14,18,18,0.9444,0.2778,0.0556,0.111,2,2,1.0,0.056,2.0,,1,0,2011,정상종료,완납,447,377,300만원,18개월,0.3,남자,54세,사무직,3400000.0,2290000.0,,,,,,,1,3400000.0,2290000.0,1110000.0,1110000.0,3000000.0,18.0,241666.66666666663,206250.0,-868333.3333333334,0.2177177177177177,0.0,-903750.0,17,6.102558594613569,B111007-17,,,,,0,0,0,0,0,14.914122846632385,0.0,0.0,0.0,0.0,1,1,1,2,,,,14,0,0,0,0,0.0,0.0,
B111009-4,1,4,1,1,0,5,,0,,1,대학교직원 연봉4900,14,12,12,1.0,0.5,0.0,0.0,0,0,,,,,0,0,2011,정상종료,완납,207,476,200만원,12개월,0.3,남자,48세,공기업,3300000.0,2710000.0,,48.0,14.0,7.0,0.0,0.0,1,3300000.0,2710000.0,590000.0,590000.0,2000000.0,12.0,216666.66666666663,193750.0,-373333.3333333334,0.367231638418079,0.0,-396250.0,4,5.332718793265369,B090804-12,,,,,0,0,0,0,0,14.50865773852422,48.0,7.0,0.0,0.0,0,1,2,1,,,,14,0,0,0,0,0.4830917874396135,0.0,
B111010-1,1,3,4,1,0,4,,0,,4,1년 재직·급여 10일,14,3,3,0.0,0.0,1.0,23.667,71,31,1.0,0.333,,,1,0,2011,연체중,손실,359,633,100만원,12개월,0.3,남자,37세,사무직,1800000.0,1200000.0,,,,,,,1,1800000.0,1200000.0,600000.0,600000.0,1000000.0,12.0,108333.33333333331,96875.0,-491666.6666666667,0.1805555555555555,0.0,-503125.0,1,5.883322388488279,B111010-1,income,False,10.0,True,0,1,0,0,0,13.815510557964274,0.0,0.0,0.0,0.0,1,1,1,2,,,,14,1,0,1,1,0.0,2.785515320334262,
B111010-7,3,4,3,4,1,4,,0,월,1,6년 근무 월180 수령,14,6,6,0.1667,0.0,0.8333,2.5,15,4,1.0,0.167,2.0,3.0,1,0,2011,정상종료,완납,325,673,100만원,6개월,0.3,여자,38세,서비스업,2000000.0,1690000.0,,6.0,0.0,16.0,1.0,0.0,1,2000000.0,1690000.0,310000.0,310000.0,1000000.0,6.0,191666.66666666663,181250.0,-118333.33333333336,0.618279569892473,0.0,-128750.0,7,5.783825182329737,B111010-7,,,,,0,0,0,0,0,13.815510557964274,6.0,16.0,1.0,0.0,0,0,1,2,,,,14,0,0,0,0,0.6153846153846154,0.0,
B111011-8,2,5,1,1,0,5,,0,,3,현재 야간알바 월40 수령,15,5,5,0.4,0.2,0.6,7.8,39,31,1.0,0.2,2.0,3.0,1,0,2011,연체중,손실,118,347,200만원,12개월,0.3,여자,37세,기타,1900000.0,1620000.0,,,,,,,1,1900000.0,1620000.0,280000.0,280000.0,2000000.0,12.0,216666.66666666663,193750.0,-63333.33333333337,0.7738095238095237,0.0,-86250.0,8,4.770684624465665,B111011-8,,,,,0,0,0,0,0,14.50865773852422,0.0,0.0,0.0,0.0,1,0,1,1,,,,15,0,0,0,0,0.0,0.0,
B111013-19,1,1,1,1,0,4,,0,,0,과거 3회 상환이력,15,13,13,1.0,0.5385,0.0,0.0,0,0,,,,,0,0,2011,정상종료,완납,182,351,500만원,15개월,0.3,여자,43세,콜센터,1800000.0,1420000.0,,90.0,74.0,1.0,0.0,0.0,1,1800000.0,1420000.0,380000.0,380000.0,5000000.0,15.0,458333.3333333333,400000.0,78333.33333333331,1.2061403508771928,1.0,20000.0,19,5.204006687076795,B100505-17,,,,,0,0,0,0,0,15.424948470398377,90.0,1.0,0.0,0.0,0,0,1,3,,,,15,0,0,0,0,0.0,0.0,
B111013-5,1,1,1,1,0,1,,0,,0,근거 없음,15,18,18,1.0,1.0,0.0,0.0,0,0,,,,,0,0,2011,정상종료,완납,80,141,300만원,18개월,0.3,여자,58세,시설관리업체,4840000.0,4390000.0,,70.0,66.0,0.0,0.0,0.0,1,4840000.0,4390000.0,450000.0,450000.0,3000000.0,18.0,241666.66666666663,206250.0,-208333.33333333337,0.537037037037037,0.0,-243750.0,5,4.382026634673881,B091126-12,,,,,0,0,0,0,0,14.914122846632385,70.0,0.0,0.0,0.0,0,0,1,1,,,,15,0,0,0,0,3.75,12.5,
B111014-11,2,5,1,1,0,5,,0,,2,재직 급여190 알바포함,15,24,24,0.4583,0.2083,0.5417,2.542,61,12,3.0,0.125,4.0,5.0,1,0,2011,정상종료,완납,1292,923,300만원,24개월,0.3,여자,47세,학원,4700000.0,3920000.0,,18.0,11.0,18.0,0.0,0.0,1,4700000.0,3920000.0,780000.0,780000.0,3000000.0,24.0,200000.0,164062.5,-580000.0,0.2564102564102564,0.0,-615937.5,11,7.163946684342547,B111014-11,,,,,0,0,0,0,0,14.914122846632385,18.0,18.0,0.0,0.0,0,0,1,2,,,,15,0,0,0,0,0.3132341425215348,2.349256068911512,
B111014-7,5,4,1,3,1,5,600000.0,1,월,1,현재 급여 161만 실수령,15,8,8,0.75,0.625,0.25,7.25,58,31,7.0,0.875,,,1,0,2011,연체중,손실,696,899,900만원,24개월,0.3,남자,46세,사무직,1610000.0,1120000.0,,31.0,24.0,2.0,0.0,0.0,1,1610000.0,1120000.0,490000.0,490000.0,9000000.0,24.0,600000.0,492187.5,110000.0,1.2244897959183674,1.0,2187.5,7,6.54534966033442,B090708-5,,,,,0,0,0,0,0,16.012735135300492,31.0,2.0,0.0,0.0,0,1,1,4,,,,15,0,0,0,0,0.0,0.0,
B111014-9,3,3,4,1,0,5,,0,월,1,매달5일 급여 연체없음,15,1,1,0.0,0.0,1.0,31.0,31,31,1.0,1.0,,,1,0,2011,연체중,손실,316,540,200만원,9개월,0.3,남자,38세,생산직,2200000.0,1800000.0,,,,,,,1,2200000.0,1800000.0,400000.0,400000.0,2000000.0,9.0,272222.22222222225,250000.0,-127777.77777777777,0.6805555555555556,0.0,-150000.0,9,5.755742213586912,B111014-9,income,False,5.0,False,1,1,0,0,0,14.50865773852422,0.0,0.0,0.0,0.0,1,1,4,1,income,5.0,False,15,1,1,0,0,0.0,6.329113924050633,
B111017-15,3,3,3,1,0,4,,0,월,2,현재 재직 수당 포함,15,12,12,0.75,0.4167,0.25,1.417,17,10,2.0,0.167,4.0,7.0,1,0,2011,정상종료,완납,288,488,250만원,12개월,0.3,남자,59세,운전직,2300000.0,1580000.0,,19.0,13.0,5.0,0.0,0.0,1,2300000.0,1580000.0,720000.0,720000.0,2500000.0,12.0,270833.3333333334,242187.5,-449166.6666666666,0.3761574074074074,0.0,-477812.5,15,5.662960480135946,B101011-16,,,,,0,0,0,0,0,14.73180128983843,19.0,5.0,0.0,0.0,0,1,3,1,,,,15,0,0,0,0,0.0,0.0,
B111017-4,2,3,3,1,0,5,,0,,1,당직 대체근무로 수입증가,15,8,8,0.625,0.375,0.375,7.625,61,31,6.0,0.75,,,1,0,2011,연체중,손실,278,554,300만원,24개월,0.3,남자,48세,운전직,2020000.0,1830000.0,,11.0,9.0,2.0,0.0,0.0,1,2020000.0,1830000.0,190000.0,190000.0,3000000.0,24.0,200000.0,164062.5,10000.0,1.0526315789473684,1.0,-25937.5,4,5.627621113690637,B111017-4,,,,,0,0,0,0,0,14.914122846632385,11.0,2.0,0.0,0.0,0,1,1,1,,,,15,0,0,0,0,0.0,3.5971223021582737,
B111019-11,1,4,1,1,0,5,,0,,2,배우자 월300 및 알바,15,8,8,0.25,0.0,0.75,21.75,174,31,3.0,0.375,,,1,0,2011,연체중,손실,114,534,200만원,12개월,0.3,여자,45세,기타,3000000.0,2250000.0,,11.0,3.0,4.0,4.0,0.0,1,3000000.0,2250000.0,750000.0,750000.0,2000000.0,12.0,216666.66666666663,193750.0,-533333.3333333334,0.2888888888888888,0.0,-556250.0,11,4.736198448394496,B090929-7,,,,,0,0,0,0,0,14.50865773852422,11.0,4.0,4.0,0.0,0,0,1,1,,,,15,0,0,0,0,0.0,0.0,
B111019-2,1,4,1,1,0,5,,0,,1,현재 급여 174만 실수령,15,6,6,1.0,1.0,0.0,0.0,0,0,,,,,0,0,2011,정상종료,완납,342,527,300만원,15개월,0.3,남자,63세,기술직,1900000.0,1180000.0,,24.0,24.0,8.0,0.0,0.0,1,1900000.0,1180000.0,720000.0,720000.0,3000000.0,15.0,275000.0,240000.0,-445000.0,0.3819444444444444,0.0,-480000.0,2,5.834810737062605,B090528-7,,,,,0,0,0,0,0,14.914122846632385,24.0,8.0,0.0,0.0,0,1,1,1,,,,15,0,0,0,1,0.0,0.0,25.0
B111019-5,1,3,1,1,0,4,,0,,1,법무사사무실 수당근무,15,20,20,0.95,0.7,0.05,1.55,31,31,20.0,1.0,,,1,0,2011,연체중,손실,343,1032,1000만원,24개월,0.199,남자,48세,사무직,5000000.0,3580000.0,,39.0,33.0,0.0,0.0,0.0,1,5000000.0,3580000.0,1420000.0,1420000.0,10000000.0,24.0,582500.0,503038.1944444445,-837500.0,0.4102112676056338,0.0,-916961.8055555556,5,5.83773044716594,B100820-19,,,,,0,0,0,0,0,16.11809565095832,39.0,0.0,0.0,0.0,0,1,1,1,,,,15,0,0,0,0,0.0,0.0,
B111020-10,1,3,1,3,1,4,,0,,1,보험사 근무 변동소득,15,1,1,0.0,0.0,1.0,31.0,31,31,1.0,1.0,,,1,0,2011,연체중,손실,131,312,100만원,6개월,0.3,여자,41세,보험설계사,2000000.0,1110000.0,,,,,,,1,2000000.0,1110000.0,890000.0,890000.0,1000000.0,6.0,191666.66666666663,181250.0,-698333.3333333334,0.2153558052434456,0.0,-708750.0,10,4.875197323201151,B111020-10,,,,,0,0,0,0,0,13.815510557964274,0.0,0.0,0.0,0.0,1,0,1,2,,,,15,0,0,0,0,0.0,0.0,
B111020-8,2,5,4,1,0,4,,0,,3,본인195 아내50 현재수입,15,11,11,0.9091,0.2727,0.0909,0.091,1,1,6.0,0.545,7.0,,1,0,2011,정상종료,완납,329,456,300만원,15개월,0.3,남자,54세,운전직,1950000.0,990000.0,,114.0,90.0,4.0,0.0,0.0,1,1950000.0,990000.0,960000.0,960000.0,3000000.0,15.0,275000.0,240000.0,-685000.0,0.2864583333333333,0.0,-720000.0,8,5.796057750765372,B100222-15,event,False,,False,0,0,0,1,0,14.914122846632385,114.0,4.0,0.0,0.0,0,1,1,1,,,,15,1,0,1,0,0.0,0.0,
B111024-9,2,5,3,1,0,5,,0,,2,본인100+a 신랑240,15,15,15,0.7333,0.2667,0.2667,0.467,7,3,7.0,0.467,9.0,10.0,1,0,2011,정상종료,완납,503,1045,300만원,15개월,0.3,여자,42세,콜센터,3900000.0,3390000.0,,62.0,13.0,24.0,1.0,0.0,1,3900000.0,3390000.0,510000.0,510000.0,3000000.0,15.0,275000.0,240000.0,-235000.0,0.5392156862745098,0.0,-270000.0,9,6.220590170099739,B090606-4,,,,,0,0,0,0,0,14.914122846632385,62.0,24.0,1.0,0.0,0,0,1,2,,,,15,0,0,0,0,0.2,6.0,
B111025-15,5,4,5,1,0,5,200000.0,1,월,1,월178만 급여 재직중,15,20,20,1.0,1.0,0.0,0.0,0,0,,,,,0,0,2011,정상종료,완납,342,267,300만원,24개월,0.3,남자,42세,기타,1780000.0,1450000.0,,61.0,60.0,4.0,0.0,0.0,1,1780000.0,1450000.0,330000.0,330000.0,3000000.0,24.0,200000.0,164062.5,-130000.0,0.6060606060606061,0.0,-165937.5,15,5.834810737062605,B081208-5,income,True,,True,1,1,0,0,1,14.914122846632385,61.0,4.0,0.0,0.0,0,1,5,1,income,,True,15,1,1,0,1,0.0,0.0,
B111026-23,2,3,3,1,0,4,,0,,1,급여일 상환 이력,15,12,12,0.9167,0.5833,0.0833,0.25,3,3,11.0,0.917,12.0,,1,0,2011,정상종료,완납,412,863,250만원,12개월,0.3,남자,43세,기술직,1620000.0,1290000.0,,24.0,17.0,11.0,0.0,0.0,1,1620000.0,1290000.0,330000.0,330000.0,2500000.0,12.0,270833.3333333334,242187.5,-59166.66666666663,0.8207070707070708,0.0,-87812.5,23,6.021023349349527,B101209-4,,,,,0,0,0,0,0,14.73180128983843,24.0,11.0,0.0,0.0,0,1,1,3,,,,15,0,0,0,1,0.0,9.9009900990099,
B111027-11,1,1,1,1,0,4,,0,,0,과거 성실납부 이력,15,12,12,0.4167,0.1667,0.5833,7.583,91,30,5.0,0.417,12.0,,1,0,2011,정상종료,완납,113,487,200만원,12개월,0.3,여자,41세,기타,1530000.0,1430000.0,,12.0,3.0,14.0,1.0,0.0,1,1530000.0,1430000.0,100000.0,100000.0,2000000.0,12.0,216666.66666666663,193750.0,116666.66666666664,2.166666666666666,1.0,93750.0,11,4.727387818712341,B110411-4,,,,,0,0,0,0,0,14.50865773852422,12.0,14.0,1.0,0.0,0,0,1,1,,,,15,0,0,0,0,0.0,8.849557522123893,
B111028-2,3,3,3,1,0,5,,0,월,2,본인 재직 딸 취업,15,12,12,1.0,0.9167,0.0,0.0,0,0,,,,,0,0,2011,정상종료,완납,157,208,100만원,12개월,0.3,여자,54세,사무직,1400000.0,1250000.0,,51.0,40.0,9.0,0.0,0.0,1,1400000.0,1250000.0,150000.0,150000.0,1000000.0,12.0,108333.33333333331,96875.0,-41666.666666666686,0.7222222222222221,0.0,-53125.0,2,5.056245805348308,A080116-1,,,,,0,0,0,0,0,13.815510557964274,51.0,9.0,0.0,0.0,0,0,1,1,,,,15,0,0,0,0,0.0,6.369426751592357,
B111031-3,2,3,4,5,1,4,,0,월,1,재직중 계약전환 승인,15,21,21,0.7143,0.6667,0.2857,3.476,73,24,14.0,0.667,16.0,17.0,1,0,2011,정상종료,완납,843,2268,400만원,21개월,0.3,여자,36세,사무직,1550000.0,1240000.0,,75.0,68.0,34.0,0.0,0.0,1,1550000.0,1240000.0,310000.0,310000.0,4000000.0,21.0,290476.1904761905,242857.14285714284,-19523.809523809527,0.9370199692780338,0.0,-67142.85714285716,3,6.736966958001855,B090924-10,income,False,,False,0,1,0,0,0,15.201804919084164,75.0,34.0,0.0,0.0,0,0,1,3,,,,15,1,0,1,0,0.0,3.584229390681004,
B111101-10,4,5,4,1,0,4,,0,월,3,현재 장사 매출 진행중,15,22,22,0.7727,0.0909,0.2273,3.091,68,31,13.0,0.591,15.0,20.0,1,0,2011,연체중,손실,751,1432,300만원,24개월,0.3,여자,39세,요식업,9000000.0,6980000.0,,22.0,7.0,4.0,0.0,0.0,1,9000000.0,6980000.0,2020000.0,2020000.0,3000000.0,24.0,200000.0,164062.5,-1820000.0,0.099009900990099,0.0,-1855937.5,10,6.621405651764134,B111101-10,none,False,,False,0,0,0,0,0,14.914122846632385,22.0,4.0,0.0,0.0,0,0,3,3,,,,15,1,0,1,0,0.2684563758389262,1.3422818791946307,
B111101-20,1,5,1,1,0,4,,0,,2,고정수입170 주말부업,15,6,6,0.8333,0.3333,0.1667,0.167,1,1,1.0,0.167,2.0,,1,0,2011,정상종료,완납,574,1020,100만원,6개월,0.3,여자,36세,서비스업,4200000.0,1920000.0,,14.0,5.0,4.0,0.0,0.0,1,4200000.0,1920000.0,2280000.0,2280000.0,1000000.0,6.0,191666.66666666663,181250.0,-2088333.3333333333,0.0840643274853801,0.0,-2098750.0,20,6.352629396319567,B111101-20,,,,,0,0,0,0,0,13.815510557964274,14.0,4.0,0.0,0.0,0,0,1,1,,,,15,0,0,0,0,0.175438596491228,1.7543859649122808,
B111102-8,2,3,3,5,1,4,,0,,2,채무없음 상여금 기대,15,6,6,0.0,0.0,1.0,7.667,46,17,1.0,0.167,,,1,0,2011,정상종료,완납,215,332,100만원,6개월,0.3,남자,39세,법조인,1350000.0,1000000.0,,,,,,,1,1350000.0,1000000.0,350000.0,350000.0,1000000.0,6.0,191666.66666666663,181250.0,-158333.33333333337,0.5476190476190476,0.0,-168750.0,8,5.3706380281276624,B111102-8,,,,,0,0,0,0,0,13.815510557964274,0.0,0.0,0.0,0.0,1,1,3,5,,,,15,0,0,0,0,0.4651162790697674,0.0,
B111103-22,2,3,1,1,0,2,,0,,1,근거 제시 없음,15,6,6,1.0,0.8333,0.0,0.0,0,0,,,,,0,0,2011,정상종료,완납,36,162,200만원,6개월,0.2,남자,54세,시설관리업체,1800000.0,1500000.0,,15.0,11.0,0.0,0.0,0.0,1,1800000.0,1500000.0,300000.0,300000.0,2000000.0,6.0,366666.6666666666,352777.7777777777,66666.66666666663,1.222222222222222,1.0,52777.777777777694,22,3.58351893845611,A080824-4,,,,,0,0,0,0,0,14.50865773852422,15.0,0.0,0.0,0.0,0,1,1,1,,,,15,0,0,0,0,0.0,0.0,
B111103-26,5,4,4,1,0,5,200000.0,1,월,2,월급160 평균220 수령,15,24,24,0.9167,0.5417,0.0833,0.167,4,3,12.0,0.5,13.0,24.0,1,0,2011,정상종료,완납,168,1526,300만원,24개월,0.3,여자,50세,생산직,2200000.0,1670000.0,,,,,,,1,2200000.0,1670000.0,530000.0,530000.0,3000000.0,24.0,200000.0,164062.5,-330000.0,0.3773584905660377,0.0,-365937.5,26,5.123963979403259,B111103-26,none,False,,False,0,0,0,0,0,14.914122846632385,0.0,0.0,0.0,0.0,1,0,1,1,,,,15,1,0,1,0,0.0,0.0,
B111108-1,1,5,1,1,0,5,,0,,3,선원 급여277 수당수령,15,6,6,0.3333,0.1667,0.6667,10.667,64,31,2.0,0.333,3.0,4.0,1,0,2011,손실(상환완료),손실,558,723,300만원,15개월,0.3,남자,47세,기술직,3820000.0,3610000.0,,11.0,7.0,5.0,0.0,0.0,1,3820000.0,3610000.0,210000.0,210000.0,3000000.0,15.0,275000.0,240000.0,65000.0,1.3095238095238095,1.0,30000.0,1,6.324358962381311,B111108-1,,,,,0,0,0,0,0,14.914122846632385,11.0,5.0,0.0,0.0,0,1,1,2,,,,15,0,0,0,0,0.0,3.584229390681004,
B111108-3,2,1,3,1,0,4,,0,,0,과거 조기입금 이력,15,18,18,0.6111,0.5,0.3889,8.222,148,31,12.0,0.667,,,1,0,2011,손실(상환완료),손실,190,379,300만원,18개월,0.3,여자,50세,기타,4150000.0,2880000.0,,19.0,16.0,7.0,0.0,0.0,1,4150000.0,2880000.0,1270000.0,1270000.0,3000000.0,18.0,241666.66666666663,206250.0,-1028333.3333333334,0.1902887139107611,0.0,-1063750.0,3,5.247024072160486,B091228-8,,,,,0,0,0,0,0,14.914122846632385,19.0,7.0,0.0,0.0,0,0,3,1,,,,15,0,0,0,0,1.058201058201058,0.0,
B111111-3,5,3,3,1,0,5,200000.0,1,월,1,현재 월급 수령중,15,22,22,0.5455,0.1818,0.4545,5.636,124,31,5.0,0.227,6.0,9.0,1,0,2011,연체중,손실,82,408,300만원,24개월,0.3,여자,47세,사무직,1800000.0,1620000.0,,35.0,14.0,10.0,0.0,0.0,1,1800000.0,1620000.0,180000.0,180000.0,3000000.0,24.0,200000.0,164062.5,20000.0,1.1111111111111112,1.0,-15937.5,3,4.406719247264253,B091122-4,,,,,0,0,0,0,0,14.914122846632385,35.0,10.0,0.0,0.0,0,0,1,1,,,,15,0,0,0,0,0.0,0.0,
B111111-6,5,5,4,1,0,5,160000.0,1,월,3,월수입 430만 안정화,15,14,14,0.9286,0.3571,0.0714,0.071,1,1,8.0,0.571,9.0,,1,0,2011,정상종료,완납,152,252,300만원,15개월,0.3,남자,49세,보험설계사,4300000.0,4090000.0,,19.0,10.0,1.0,0.0,0.0,1,4300000.0,4090000.0,210000.0,210000.0,3000000.0,15.0,275000.0,240000.0,65000.0,1.3095238095238095,1.0,30000.0,6,5.0238805208462765,B090424-1,none,False,,False,0,0,0,0,0,14.914122846632385,19.0,1.0,0.0,0.0,0,1,3,1,,,,15,1,0,1,0,0.0,0.0,
B111116-14,1,4,1,1,0,5,,0,,1,급여130 대출 없음,15,13,13,0.1538,0.0769,0.8462,21.462,279,31,2.0,0.154,3.0,4.0,1,0,2011,손실(상환완료),손실,376,555,300만원,18개월,0.3,여자,51세,사무직,1300000.0,730000.0,,7.0,3.0,11.0,6.0,0.0,1,1300000.0,730000.0,570000.0,570000.0,3000000.0,18.0,241666.66666666663,206250.0,-328333.3333333334,0.4239766081871344,0.0,-363750.0,14,5.929589143389895,B101008-3,,,,,0,0,0,0,0,14.914122846632385,7.0,11.0,6.0,0.0,0,0,1,2,,,,15,0,0,0,0,0.0,2.688172043010753,
B111116-26,3,4,3,1,0,5,,0,월,1,매장 순수입 월450,15,5,5,0.2,0.0,0.8,13.4,67,31,2.0,0.4,,,1,0,2011,연체중,손실,231,1642,300만원,15개월,0.3,여자,52세,기타,4500000.0,4110000.0,,,,,,,1,4500000.0,4110000.0,390000.0,390000.0,3000000.0,15.0,275000.0,240000.0,-115000.0,0.7051282051282052,0.0,-150000.0,26,5.442417710521793,B111116-26,,,,,0,0,0,0,0,14.914122846632385,0.0,0.0,0.0,0.0,1,0,3,2,,,,15,0,0,0,0,0.4347826086956521,0.0,
B111116-8,3,3,3,1,0,4,,0,월,2,3년 재직 매년 인상,15,15,15,0.9333,0.8667,0.0667,0.133,2,2,5.0,0.333,6.0,,1,0,2011,정상종료,완납,248,527,500만원,24개월,0.3,남자,40세,기타,3000000.0,2580000.0,,40.0,39.0,1.0,0.0,0.0,1,3000000.0,2580000.0,420000.0,420000.0,5000000.0,24.0,333333.3333333334,273437.5,-86666.66666666663,0.7936507936507937,0.0,-146562.5,8,5.513428746164983,B090914-19,,,,,0,0,0,0,0,15.424948470398377,40.0,1.0,0.0,0.0,0,1,3,1,,,,15,0,0,0,0,0.4098360655737705,0.0,
B111121-26,1,5,1,1,0,5,,0,,2,급여227 투자회수250,15,1,1,1.0,1.0,0.0,0.0,0,0,,,,,0,0,2011,정상종료,완납,292,242,100만원,6개월,0.25,남자,46세,서비스업,2270000.0,1450000.0,,,,,,,1,2270000.0,1450000.0,820000.0,820000.0,1000000.0,6.0,187500.0,178819.44444444444,-632500.0,0.2286585365853658,0.0,-641180.5555555555,26,5.676753802268282,B111121-26,,,,,0,0,0,0,0,13.815510557964274,0.0,0.0,0.0,0.0,1,1,1,1,,,,15,0,0,0,0,0.0,0.0,
B111123-15,1,3,1,2,1,4,,0,,2,보험상담원 재직 부업,15,7,7,0.4286,0.0,0.5714,13.143,92,31,4.0,0.571,,,1,0,2011,연체중,손실,567,787,300만원,24개월,0.3,여자,46세,기타,3500000.0,3110000.0,,,,,,,1,3500000.0,3110000.0,390000.0,390000.0,3000000.0,24.0,200000.0,164062.5,-190000.0,0.5128205128205128,0.0,-225937.5,15,6.340359303727752,B111123-15,,,,,0,0,0,0,0,14.914122846632385,0.0,0.0,0.0,0.0,1,0,1,2,,,,15,0,0,0,0,0.0,3.53356890459364,
B111124-4,2,3,1,1,0,4,,0,,2,부부급여 과거 상환,15,4,4,0.0,0.0,1.0,17.0,68,31,1.0,0.25,,,1,0,2011,연체중,손실,218,931,300만원,18개월,0.3,남자,53세,영업직,3950000.0,3610000.0,,9.0,4.0,3.0,1.0,0.0,1,3950000.0,3610000.0,340000.0,340000.0,3000000.0,18.0,241666.66666666663,206250.0,-98333.33333333336,0.7107843137254901,0.0,-133750.0,4,5.384495062789089,B110113-17,,,,,0,0,0,0,0,14.914122846632385,9.0,3.0,1.0,0.0,0,1,1,2,,,,15,0,0,0,0,0.0,27.522935779816518,
B111125-3,1,1,1,1,0,4,,0,,0,과거 성실상환 이력,15,4,4,1.0,1.0,0.0,0.0,0,0,,,,,0,0,2011,정상종료,완납,187,978,200만원,9개월,0.3,여자,47세,학원,4200000.0,3910000.0,,67.0,51.0,3.0,0.0,0.0,1,4200000.0,3910000.0,290000.0,290000.0,2000000.0,9.0,272222.22222222225,250000.0,-17777.777777777752,0.9386973180076628,0.0,-40000.0,3,5.231108616854587,B100924-16,,,,,0,0,0,0,0,14.50865773852422,67.0,3.0,0.0,0.0,0,0,1,1,,,,15,0,0,0,0,0.0,5.376344086021506,
B111126-2,1,5,1,3,1,5,,0,,3,전임강사 임용 급여234,15,24,24,0.75,0.2083,0.25,0.333,8,2,10.0,0.417,11.0,12.0,1,0,2011,정상종료,완납,1323,1753,300만원,24개월,0.3,남자,49세,기타,4140000.0,3820000.0,,20.0,6.0,16.0,0.0,0.0,1,4140000.0,3820000.0,320000.0,320000.0,3000000.0,24.0,200000.0,164062.5,-120000.0,0.625,0.0,-155937.5,2,7.187657164114956,B091209-12,,,,,0,0,0,0,0,14.914122846632385,20.0,16.0,0.0,0.0,0,1,1,2,,,,15,0,0,0,0,0.3927729772191673,2.356637863315004,
B111127-1,1,4,1,1,0,5,,0,,1,공기업 무기계약 급여250,15,6,6,1.0,0.8333,0.0,0.0,0,0,,,,,0,0,2011,정상종료,완납,198,170,100만원,6개월,0.3,남자,51세,기타,2500000.0,1680000.0,,77.0,43.0,3.0,0.0,0.0,1,2500000.0,1680000.0,820000.0,820000.0,1000000.0,6.0,191666.66666666663,181250.0,-628333.3333333334,0.2337398373983739,0.0,-638750.0,1,5.288267030694535,B111127-1,,,,,0,0,0,0,0,13.815510557964274,77.0,3.0,0.0,0.0,0,1,1,1,,,,15,0,0,0,0,0.0,0.0,
B111201-29,1,4,1,1,0,5,,0,,1,대리점 평균수입180-200,15,11,11,1.0,1.0,0.0,0.0,0,0,,,,,0,0,2011,정상종료,완납,241,307,450만원,24개월,0.29,여자,58세,보험설계사,2000000.0,1510000.0,,41.0,41.0,0.0,0.0,0.0,1,2000000.0,1510000.0,490000.0,490000.0,4500000.0,24.0,296250.0,244140.625,-193750.0,0.6045918367346939,0.0,-245859.375,29,5.484796933490655,B090203-15,,,,,0,0,0,0,0,15.319587954740548,41.0,0.0,0.0,0.0,0,0,1,1,,,,15,0,0,0,0,0.0,0.0,
B111205-14,2,3,2,1,0,4,,0,,2,월급 여유금 장사수입,15,12,12,0.5833,0.0,0.4167,0.417,5,1,5.0,0.417,7.0,8.0,1,0,2011,정상종료,완납,172,1146,250만원,12개월,0.3,여자,38세,기타,3100000.0,2540000.0,,22.0,7.0,14.0,0.0,0.0,1,3100000.0,2540000.0,560000.0,560000.0,2500000.0,12.0,270833.3333333334,242187.5,-289166.6666666666,0.4836309523809524,0.0,-317812.5,14,5.147494476813453,B090614-3,,,,,0,0,0,0,0,14.73180128983843,22.0,14.0,0.0,0.0,0,0,2,1,,,,15,0,0,0,0,0.0,11.83431952662722,
B111205-22,5,5,3,2,1,5,220000.0,1,월,2,급여139 사이트순익,15,12,12,0.9167,0.6667,0.0833,1.167,14,14,5.0,0.417,6.0,,1,0,2011,정상종료,완납,711,1091,200만원,12개월,0.3,여자,42세,기타,1540000.0,1340000.0,,20.0,8.0,4.0,0.0,0.0,1,1540000.0,1340000.0,200000.0,200000.0,2000000.0,12.0,216666.66666666663,193750.0,16666.666666666628,1.083333333333333,1.0,-6250.0,22,6.566672429803241,B090626-9,,,,,0,0,0,0,0,14.50865773852422,20.0,4.0,0.0,0.0,0,0,1,2,,,,15,0,0,0,0,0.5689900426742532,7.112375533428165,
B111205-25,2,5,2,1,0,4,,0,,2,급여230 알바월40,15,9,9,0.2222,0.0,0.7778,5.222,47,31,2.0,0.222,5.0,6.0,1,0,2011,연체중,손실,205,2777,150만원,12개월,0.3,남자,43세,기타,2900000.0,2350000.0,,,,,,,1,2900000.0,2350000.0,550000.0,550000.0,1500000.0,12.0,162500.0,145312.5,-387500.0,0.2954545454545454,0.0,-404687.5,25,5.3230099791384085,B111205-25,,,,,0,0,0,0,0,14.22097566607244,0.0,0.0,0.0,0.0,1,1,2,1,,,,15,0,0,0,0,0.0,0.0,
B111205-7,2,3,1,2,1,4,,0,,1,단기프로젝트 근무중,15,15,15,0.9333,0.8667,0.0667,0.2,3,3,4.0,0.267,5.0,,1,0,2011,정상종료,완납,1089,1390,300만원,24개월,0.3,남자,44세,기타,3380000.0,2630000.0,,,,,,,1,3380000.0,2630000.0,750000.0,750000.0,3000000.0,24.0,200000.0,164062.5,-550000.0,0.2666666666666666,0.0,-585937.5,7,6.9930151229329605,B111205-7,,,,,0,0,0,0,0,14.914122846632385,0.0,0.0,0.0,0.0,1,1,1,1,,,,15,0,0,0,0,0.0,0.0,
B111207-18,2,4,1,1,0,4,,0,,1,겨울 A/S 월매출1500,15,9,9,1.0,0.3333,0.0,0.0,0,0,,,,,0,0,2011,정상종료,완납,629,1521,200만원,9개월,0.3,남자,45세,서비스업,6000000.0,5800000.0,,79.0,11.0,5.0,0.0,0.0,1,6000000.0,5800000.0,200000.0,200000.0,2000000.0,9.0,272222.22222222225,250000.0,72222.22222222225,1.3611111111111112,1.0,50000.0,18,6.444131256700441,B111207-18,,,,,0,0,0,0,0,14.50865773852422,79.0,5.0,0.0,0.0,0,1,1,2,,,,15,0,0,0,0,0.0,0.0,
B111209-11,1,1,4,1,0,3,,0,,0,내년1월 대환 기대,15,12,12,0.75,0.5833,0.25,2.5,30,19,1.0,0.083,2.0,11.0,1,0,2011,정상종료,완납,262,718,200만원,12개월,0.3,여자,38세,사무직,2060000.0,1760000.0,,18.0,14.0,18.0,0.0,0.0,1,2060000.0,1760000.0,300000.0,300000.0,2000000.0,12.0,216666.66666666663,193750.0,-83333.33333333337,0.7222222222222221,0.0,-106250.0,11,5.568344503761097,B090709-6,event,False,,False,0,0,0,1,0,14.50865773852422,18.0,18.0,0.0,0.0,0,0,1,1,,,,15,1,0,1,0,0.0,23.16602316602317,
B111209-9,1,3,1,1,0,4,,0,,1,간이과세 사업 운영중,15,21,21,0.2857,0.0476,0.7143,3.81,80,10,5.0,0.238,8.0,10.0,1,0,2011,정상종료,완납,213,113,300만원,21개월,0.3,남자,55세,요식업,7500000.0,5620000.0,,30.0,8.0,15.0,0.0,0.0,1,7500000.0,5620000.0,1880000.0,1880000.0,3000000.0,21.0,217857.14285714287,182142.8571428572,-1662142.857142857,0.1158814589665653,0.0,-1697857.1428571427,9,5.3612921657094255,B101101-4,,,,,0,0,0,0,0,14.914122846632385,30.0,15.0,0.0,0.0,0,1,1,1,,,,15,0,0,0,0,0.0,0.0,
B111212-2,2,3,2,2,1,4,,0,,2,기존납부 종료 여유자금,15,15,15,0.8667,0.2,0.1333,0.733,11,10,3.0,0.2,4.0,9.0,1,0,2011,정상종료,완납,257,764,300만원,15개월,0.3,여자,44세,기타,2180000.0,1970000.0,,18.0,4.0,9.0,0.0,0.0,1,2180000.0,1970000.0,210000.0,210000.0,3000000.0,15.0,275000.0,240000.0,65000.0,1.3095238095238095,1.0,30000.0,2,5.54907608489522,B111212-2,,,,,0,0,0,0,0,14.914122846632385,18.0,9.0,0.0,0.0,0,0,1,1,,,,15,0,0,0,0,1.556420233463035,0.0,
B111214-13,3,2,3,1,0,4,,0,월,0,상환후 월10만 여유,15,6,6,0.6667,0.1667,0.3333,1.333,8,5,1.0,0.167,2.0,4.0,1,0,2011,정상종료,완납,95,823,200만원,12개월,0.3,남자,68세,시설관리업체,1480000.0,1370000.0,,16.0,11.0,15.0,1.0,0.0,1,1480000.0,1370000.0,110000.0,110000.0,2000000.0,12.0,216666.66666666663,193750.0,106666.66666666664,1.9696969696969693,1.0,83750.0,13,4.553876891600541,B110403-4,,,,,0,0,0,0,0,14.50865773852422,16.0,15.0,1.0,0.0,0,1,1,1,,,,15,0,0,0,0,0.0,31.57894736842105,
B111214-6,2,5,5,1,0,4,,0,일시,4,월수입140 현재 근로중,15,12,12,0.4167,0.0,0.5833,6.417,77,17,3.0,0.25,4.0,5.0,1,0,2011,정상종료,완납,1278,1238,200만원,12개월,0.3,여자,47세,일용직,1470000.0,1220000.0,,,,,,,1,1470000.0,1220000.0,250000.0,250000.0,2000000.0,12.0,216666.66666666663,193750.0,-33333.33333333337,0.8666666666666665,0.0,-56250.0,6,7.15305163493748,B111214-6,income,False,,True,0,1,0,0,0,14.50865773852422,0.0,0.0,0.0,0.0,1,0,3,2,,,,15,1,0,1,0,1.0954616588419406,1.5649452269170578,
B111216-10,1,1,1,1,0,4,,0,,0,신용등급 상승 사실,15,21,21,0.3333,0.0,0.6667,9.143,192,30,6.0,0.286,9.0,10.0,1,0,2011,정상종료,완납,184,1314,300만원,21개월,0.3,남자,41세,요식업,0.0,1780000.0,,28.0,6.0,14.0,3.0,0.0,1,0.0,1780000.0,-1780000.0,-1780000.0,3000000.0,21.0,217857.14285714287,182142.8571428572,1997857.142857143,,1.0,1962142.8571428573,10,5.214935757608986,B091126-2,,,,,0,0,0,0,0,14.914122846632385,28.0,14.0,3.0,0.0,0,1,1,1,,,,15,0,0,0,0,0.0,5.434782608695652,
B111218-5,1,1,1,2,1,4,,0,,0,작년 상환 이력 있음,15,12,12,0.3333,0.0833,0.6667,7.667,92,31,1.0,0.083,2.0,3.0,1,0,2011,연체중,손실,231,463,200만원,12개월,0.3,남자,45세,기술직,1440000.0,1250000.0,,10.0,4.0,8.0,0.0,0.0,1,1440000.0,1250000.0,190000.0,190000.0,2000000.0,12.0,216666.66666666663,193750.0,26666.666666666628,1.1403508771929822,1.0,3750.0,5,5.442417710521793,B111218-5,,,,,0,0,0,0,0,14.50865773852422,10.0,8.0,0.0,0.0,0,1,1,1,,,,15,0,0,0,0,0.0,0.0,
B111221-1,1,3,1,1,0,5,,0,,1,정규직 청원경찰 기숙사,15,4,4,0.25,0.0,0.75,15.5,62,31,1.0,0.25,2.0,3.0,1,0,2011,연체중,손실,670,320,100만원,12개월,0.3,남자,36세,경찰직,1700000.0,1360000.0,,,,,,,1,1700000.0,1360000.0,340000.0,340000.0,1000000.0,12.0,108333.33333333331,96875.0,-231666.6666666667,0.3186274509803921,0.0,-243125.0,1,6.507277712385012,B111221-1,,,,,0,0,0,0,0,13.815510557964274,0.0,0.0,0.0,0.0,1,1,1,1,,,,15,0,0,0,0,0.1501501501501501,3.003003003003003,
B111222-9,2,3,4,1,0,4,,0,,2,대부업 상환액 대체가능,15,2,2,0.0,0.0,1.0,17.5,35,31,1.0,0.5,,,1,0,2011,연체중,손실,287,1639,150만원,6개월,0.3,남자,45세,보험설계사,2500000.0,2280000.0,,,,,,,1,2500000.0,2280000.0,220000.0,220000.0,1500000.0,6.0,287500.0,271875.0,67500.0,1.306818181818182,1.0,51875.0,9,5.659482215759621,B111222-9,event,False,,False,0,0,0,1,0,14.22097566607244,0.0,0.0,0.0,0.0,1,1,2,1,,,,15,1,0,1,0,0.0,0.0,
B111223-12,3,3,4,1,0,4,,0,,1,일당 근로 지속중,15,9,9,1.0,0.8889,0.0,0.0,0,0,,,,,0,0,2011,정상종료,완납,231,3007,100만원,9개월,0.3,여자,50세,일용직,1200000.0,550000.0,,52.0,42.0,20.0,5.0,0.0,1,1200000.0,550000.0,650000.0,650000.0,1000000.0,9.0,136111.11111111112,125000.0,-513888.8888888889,0.2094017094017094,0.0,-525000.0,12,5.442417710521793,B110321-16,event,True,,False,1,0,0,1,1,13.815510557964274,52.0,20.0,5.0,0.0,0,0,4,1,event,,False,15,1,1,0,0,0.8658008658008658,4.329004329004329,
B111223-3,1,4,5,1,0,3,,0,,1,내년 하반기 여유 기대,15,13,13,0.9231,0.4615,0.0769,0.077,1,1,10.0,0.769,11.0,,1,0,2011,정상종료,완납,426,1910,500만원,24개월,0.28,여자,47세,기타,3000000.0,2150000.0,,54.0,30.0,5.0,0.0,0.0,1,3000000.0,2150000.0,850000.0,850000.0,5000000.0,24.0,325000.0,269097.22222222225,-525000.0,0.3823529411764705,0.0,-580902.7777777778,3,6.054439346269371,B090128-17,event,False,,True,0,0,0,1,0,15.424948470398377,54.0,5.0,0.0,0.0,0,0,1,1,,,,15,1,0,1,0,0.0,7.075471698113208,
B111227-8,1,1,1,1,0,1,,0,,0,근거 없음,15,3,3,1.0,1.0,0.0,0.0,0,0,,,,,0,0,2011,정상종료,완납,79,538,300만원,15개월,0.3,남자,51세,기술직,2150000.0,1590000.0,,8.0,8.0,1.0,0.0,0.0,1,2150000.0,1590000.0,560000.0,560000.0,3000000.0,15.0,275000.0,240000.0,-285000.0,0.4910714285714285,0.0,-320000.0,8,4.3694478524670215,B110301-13,,,,,0,0,0,0,0,14.914122846632385,8.0,1.0,0.0,0.0,0,1,1,1,,,,15,0,0,0,0,0.0,50.63291139240506,
B111228-12,5,5,3,1,0,5,200000.0,1,월,2,급여137 알바20 지출관리,15,5,5,1.0,0.8,0.0,0.0,0,0,,,,,0,0,2011,정상종료,완납,352,291,100만원,6개월,0.3,남자,38세,사무직,1570000.0,1170000.0,,83.0,37.0,2.0,0.0,0.0,1,1570000.0,1170000.0,400000.0,400000.0,1000000.0,6.0,191666.66666666663,181250.0,-208333.33333333337,0.4791666666666666,0.0,-218750.0,12,5.863631175598097,B111228-12,,,,,0,0,0,0,0,13.815510557964274,83.0,2.0,0.0,0.0,0,1,1,1,,,,15,0,0,0,0,0.0,0.0,
B120102-11,1,1,1,1,0,4,,0,,0,면책 완료 채무 없음,15,7,7,1.0,1.0,0.0,0.0,0,0,,,,,0,0,2012,정상종료,완납,116,617,300만원,15개월,0.3,여자,46세,콜센터,2000000.0,1540000.0,,95.0,76.0,2.0,0.0,0.0,1,2000000.0,1540000.0,460000.0,460000.0,3000000.0,15.0,275000.0,240000.0,-185000.0,0.5978260869565217,0.0,-220000.0,11,4.7535901911063645,B090815-3,,,,,0,0,0,0,0,14.914122846632385,95.0,2.0,0.0,0.0,0,0,1,3,,,,15,0,0,0,0,0.0,0.0,
B120103-10,1,4,1,1,0,5,,0,,2,연구소 재직 과외80,15,4,4,0.25,0.25,0.75,11.0,44,31,2.0,0.5,,,1,0,2012,연체중,손실,182,400,200만원,12개월,0.3,여자,35세,공공기관,2000000.0,1280000.0,,,,,,,1,2000000.0,1280000.0,720000.0,720000.0,2000000.0,12.0,216666.66666666663,193750.0,-503333.3333333334,0.3009259259259259,0.0,-526250.0,10,5.204006687076795,B120103-10,,,,,0,0,0,0,0,14.50865773852422,0.0,0.0,0.0,0.0,1,0,1,1,,,,15,0,0,0,0,0.5494505494505495,0.0,
B120103-8,1,3,1,1,0,4,,0,,1,부부 운영 매출 증가,15,18,18,1.0,0.5,0.0,0.0,0,0,,,,,0,0,2012,정상종료,완납,454,1289,500만원,18개월,0.3,여자,51세,요식업,9000000.0,7930000.0,,42.0,33.0,0.0,0.0,0.0,1,9000000.0,7930000.0,1070000.0,1070000.0,5000000.0,18.0,402777.77777777775,343750.0,-667222.2222222222,0.3764278296988577,0.0,-726250.0,8,6.118097198041348,B120103-8,,,,,0,0,0,0,0,15.424948470398377,42.0,0.0,0.0,0.0,0,0,1,1,,,,15,0,0,0,0,0.0,2.217294900221729,
B120105-7,3,4,4,1,0,5,,0,,1,식당 월급170 고정,15,5,5,1.0,0.8,0.0,0.0,0,0,,,,,0,0,2012,정상종료,완납,223,302,150만원,6개월,0.3,여자,42세,요식업,1700000.0,1060000.0,,25.0,19.0,10.0,0.0,0.0,1,1700000.0,1060000.0,640000.0,640000.0,1500000.0,6.0,287500.0,271875.0,-352500.0,0.44921875,0.0,-368125.0,7,5.407171771460119,B110429-12,none,False,,False,0,0,0,0,0,14.22097566607244,25.0,10.0,0.0,0.0,0,0,3,1,,,,15,1,0,1,0,0.0,4.484304932735426,
B120106-7,1,4,1,1,0,4,,0,,2,3년4개월 재직 알바150,15,9,9,1.0,1.0,0.0,0.0,0,0,,,,,0,0,2012,정상종료,완납,382,678,100만원,9개월,0.3,여자,46세,기타,3330000.0,3010000.0,,54.0,45.0,31.0,5.0,0.0,1,3330000.0,3010000.0,320000.0,320000.0,1000000.0,9.0,136111.11111111112,125000.0,-183888.88888888888,0.4253472222222222,0.0,-195000.0,7,5.945420608606575,B110111-4,,,,,0,0,0,0,0,13.815510557964274,54.0,31.0,5.0,0.0,0,0,1,1,,,,15,0,0,0,0,2.094240837696335,0.0,
B120106-8,2,2,4,2,1,4,,0,,1,과거 성실상환 이력,15,18,18,0.2778,0.1667,0.7222,9.167,165,31,1.0,0.056,2.0,4.0,1,0,2012,손실(상환완료),손실,234,662,300만원,24개월,0.3,여자,40세,서비스업,2300000.0,2056010000.0,,27.0,15.0,13.0,0.0,0.0,1,2300000.0,2056010000.0,-2053710000.0,-2053710000.0,3000000.0,24.0,200000.0,164062.5,2053910000.0,,1.0,2053874062.5,8,5.455321115357702,B110118-7,none,False,,False,0,0,0,0,0,14.914122846632385,27.0,13.0,0.0,0.0,0,0,3,1,,,,15,1,0,1,0,0.4424778761061947,8.849557522123893,
B120109-19,3,5,5,1,0,4,,0,월,4,생산직 재직 월170,15,3,3,0.3333,0.0,0.6667,10.667,32,31,1.0,0.333,2.0,3.0,1,0,2012,연체중,손실,2491,2236,100만원,6개월,0.3,여자,35세,생산직,1700000.0,1250000.0,,,,,,,1,1700000.0,1250000.0,450000.0,450000.0,1000000.0,6.0,191666.66666666663,181250.0,-258333.33333333337,0.4259259259259258,0.0,-268750.0,19,7.820439515262181,B120109-19,income,True,15.0,True,1,1,0,0,1,13.815510557964274,0.0,0.0,0.0,0.0,1,0,4,2,event,,False,15,1,1,0,1,0.0,2.4222850222042798,15.0
B120109-7,5,4,3,3,1,5,150000.0,1,월,1,급여400 지출내역 상세,15,11,11,0.3636,0.3636,0.6364,9.818,108,29,2.0,0.182,4.0,5.0,1,0,2012,정상종료,완납,428,593,150만원,12개월,0.3,남자,48세,,,,,9.0,7.0,14.0,0.0,0.0,1,,,,,1500000.0,12.0,162500.0,145312.5,,,,,7,6.059123195581797,B120109-7,,,,,0,0,0,0,0,14.22097566607244,9.0,14.0,0.0,0.0,0,1,1,1,,,,15,0,0,0,0,0.0,2.3584905660377355,
B120109-8,1,3,1,1,0,4,,0,,1,정규직 재직 7개월,15,13,13,0.8462,0.3846,0.1538,0.308,4,2,1.0,0.077,2.0,7.0,1,0,2012,정상종료,완납,272,283,300만원,15개월,0.3,여자,39세,사무직,2400000.0,1660000.0,,20.0,9.0,4.0,0.0,0.0,1,2400000.0,1660000.0,740000.0,740000.0,3000000.0,15.0,275000.0,240000.0,-465000.0,0.3716216216216216,0.0,-500000.0,8,5.605802066295998,B110905-9,,,,,0,0,0,0,0,14.914122846632385,20.0,4.0,0.0,0.0,0,0,1,1,,,,15,0,0,0,0,0.0,3.676470588235294,
B120111-17,1,4,1,1,0,5,,0,,2,재직 급여220 실수령,15,8,8,1.0,0.625,0.0,0.0,0,0,,,,,0,0,2012,정상종료,완납,430,1147,200만원,12개월,0.3,남자,44세,기술직,2400000.0,2130000.0,,57.0,44.0,1.0,0.0,0.0,1,2400000.0,2130000.0,270000.0,270000.0,2000000.0,12.0,216666.66666666663,193750.0,-53333.33333333337,0.802469135802469,0.0,-76250.0,17,6.063785208687608,B110523-11,,,,,0,0,0,0,0,14.50865773852422,57.0,1.0,0.0,0.0,0,1,1,1,,,,15,0,0,0,0,0.233644859813084,2.336448598130841,
B120113-8,3,5,3,1,0,5,,0,,2,급여170 수당15 지출표,15,13,13,1.0,1.0,0.0,0.0,0,0,,,,,0,0,2012,정상종료,완납,471,3262,500만원,18개월,0.3,여자,34세,사무직,1900000.0,1650000.0,,20.0,17.0,0.0,0.0,0.0,1,1900000.0,1650000.0,250000.0,250000.0,5000000.0,18.0,402777.77777777775,343750.0,152777.77777777775,1.611111111111111,1.0,93750.0,8,6.154858094016418,B110526-1,,,,,0,0,0,0,0,15.424948470398377,20.0,0.0,0.0,0.0,0,0,1,2,,,,15,0,0,0,0,0.0,0.0,
B120116-5,3,5,3,2,1,5,,0,월,3,남편150 과외45 알바40,15,9,9,1.0,1.0,0.0,0.0,0,0,,,,,0,0,2012,정상종료,완납,274,1393,100만원,9개월,0.3,여자,50세,생산직,2350000.0,2230000.0,,51.0,51.0,0.0,0.0,0.0,1,2350000.0,2230000.0,120000.0,120000.0,1000000.0,9.0,136111.11111111112,125000.0,16111.111111111124,1.1342592592592593,1.0,5000.0,5,5.613128106388071,B120116-5,,,,,0,0,0,0,0,13.815510557964274,51.0,0.0,0.0,0.0,0,0,1,2,,,,15,0,0,0,0,0.0,0.0,
B120118-4,2,5,5,5,1,4,,0,,3,구직급여 수급 보증금2500,15,6,6,0.5,0.3333,0.5,7.667,46,31,1.0,0.167,3.0,6.0,1,0,2012,연체중,손실,573,996,150만원,9개월,0.3,남자,42세,기타,,,,21.0,12.0,6.0,0.0,0.0,1,,,,,1500000.0,9.0,204166.66666666663,187500.0,,,,,4,6.35088571671474,A080602-2,event,False,30.0,False,0,0,0,1,0,14.22097566607244,21.0,6.0,0.0,0.0,0,1,1,4,,,,15,1,0,1,0,0.175438596491228,3.5087719298245617,
B120118-5,5,4,2,1,0,5,60000.0,1,,1,현재 주단위 수당 수령,16,6,6,0.0,0.0,1.0,13.333,80,31,1.0,0.167,,,1,0,2012,연체중,손실,89,331,100만원,6개월,0.3,여자,58세,간호사,2300000.0,1850000.0,,,,,,,1,2300000.0,1850000.0,450000.0,450000.0,1000000.0,6.0,191666.66666666663,181250.0,-258333.33333333337,0.4259259259259258,0.0,-268750.0,5,4.48863636973214,B120118-5,,,,,0,0,0,0,0,13.815510557964274,0.0,0.0,0.0,0.0,1,0,1,1,,,,16,0,0,0,0,0.0,0.0,
B120125-14,2,1,2,1,0,2,,0,,0,새 일 시작 기대,16,21,21,0.9048,0.7143,0.0952,0.143,3,2,4.0,0.19,5.0,20.0,1,0,2012,정상종료,완납,329,986,500만원,24개월,0.3,남자,43세,기타,11400000.0,10810000.0,,70.0,51.0,8.0,0.0,0.0,1,11400000.0,10810000.0,590000.0,590000.0,5000000.0,24.0,333333.3333333334,273437.5,-256666.66666666663,0.5649717514124294,0.0,-316562.5,14,5.796057750765372,B091024-4,,,,,0,0,0,0,0,15.424948470398377,70.0,8.0,0.0,0.0,0,1,2,1,,,,16,0,0,0,0,0.0,3.067484662576687,
B120125-19,2,5,1,4,1,3,,0,,2,미용실 예상수입 위주,16,5,5,0.0,0.0,1.0,21.6,108,31,1.0,0.2,,,1,0,2012,연체중,손실,428,731,250만원,12개월,0.3,여자,41세,기타,2900000.0,2380000.0,,,,,,,1,2900000.0,2380000.0,520000.0,520000.0,2500000.0,12.0,270833.3333333334,242187.5,-249166.66666666663,0.5208333333333334,0.0,-277812.5,19,6.059123195581797,B120125-19,,,,,0,0,0,0,0,14.73180128983843,0.0,0.0,0.0,0.0,1,0,1,4,,,,16,0,0,0,0,0.0,0.0,
B120126-1,2,3,2,3,1,4,,0,,1,9개월 무연체 실적,16,9,9,1.0,1.0,0.0,0.0,0,0,,,,,0,0,2012,정상종료,완납,903,588,300만원,15개월,0.3,여자,38세,콜센터,1700000.0,1430000.0,,40.0,38.0,0.0,0.0,0.0,1,1700000.0,1430000.0,270000.0,270000.0,3000000.0,15.0,275000.0,240000.0,5000.0,1.0185185185185186,1.0,-30000.0,1,6.805722553416985,B110410-1,,,,,0,0,0,0,0,14.914122846632385,40.0,0.0,0.0,0.0,0,0,2,2,,,,16,0,0,0,0,0.1116071428571428,5.580357142857143,
B120126-13,2,4,3,1,0,4,,0,,2,부부 현수입 320만,16,7,7,0.4286,0.1429,0.5714,14.571,102,31,2.0,0.286,3.0,5.0,1,0,2012,연체중,손실,353,379,100만원,9개월,0.3,여자,51세,기타,3300000.0,2880000.0,,,,,,,1,3300000.0,2880000.0,420000.0,420000.0,1000000.0,9.0,136111.11111111112,125000.0,-283888.8888888889,0.3240740740740741,0.0,-295000.0,13,5.8664680569332965,B120126-13,,,,,0,0,0,0,0,13.815510557964274,0.0,0.0,0.0,0.0,1,0,3,2,,,,16,0,0,0,0,0.0,5.6657223796034,
B120129-2,1,1,1,1,0,1,,0,,0,다짐만 있음,16,14,14,0.5,0.1429,0.5,3.071,43,31,4.0,0.286,5.0,9.0,1,0,2012,연체중,손실,111,325,300만원,15개월,0.3,남자,53세,기타,3100000.0,2040000.0,,24.0,14.0,7.0,0.0,0.0,1,3100000.0,2040000.0,1060000.0,1060000.0,3000000.0,15.0,275000.0,240000.0,-785000.0,0.2594339622641509,0.0,-820000.0,2,4.709530201312334,B120129-2,,,,,0,0,0,0,0,14.914122846632385,24.0,7.0,0.0,0.0,0,1,1,2,,,,16,0,0,0,0,0.9009009009009008,9.00900900900901,
B120129-5,1,3,1,1,0,4,,0,,2,현 급여+알바 지속,16,24,24,0.9167,0.4583,0.0833,0.208,5,4,13.0,0.542,14.0,18.0,1,0,2012,정상종료,완납,289,800,300만원,24개월,0.3,여자,50세,공공기관,2500000.0,2420000.0,,51.0,31.0,7.0,3.0,0.0,1,2500000.0,2420000.0,80000.0,80000.0,3000000.0,24.0,200000.0,164062.5,120000.0,2.5,1.0,84062.5,5,5.666426688112432,B120129-5,,,,,0,0,0,0,0,14.914122846632385,51.0,7.0,3.0,0.0,0,0,1,1,,,,16,0,0,0,0,0.0,10.38062283737024,
B120130-15,1,1,1,1,0,1,,0,,0,추상적 확신뿐,16,5,5,0.8,0.8,0.2,6.2,31,31,5.0,1.0,,,1,0,2012,연체중,손실,90,2199,300만원,24개월,0.3,남자,76세,기타,1710000.0,170000.0,,14.0,13.0,1.0,0.0,0.0,1,1710000.0,170000.0,1540000.0,1540000.0,3000000.0,24.0,200000.0,164062.5,-1340000.0,0.1298701298701298,0.0,-1375937.5,15,4.499809670330265,B110302-9,,,,,0,0,0,0,0,14.914122846632385,14.0,1.0,0.0,0.0,0,1,1,1,,,,16,0,0,0,0,0.0,0.0,
B120201-22,1,1,1,1,0,1,,0,,0,연체회피 다짐만,16,15,15,0.8,0.2,0.2,1.6,24,15,5.0,0.333,6.0,9.0,1,0,2012,정상종료,완납,123,508,500만원,24개월,0.3,남자,48세,서비스업,3300000.0,2970000.0,,90.0,38.0,21.0,4.0,0.0,1,3300000.0,2970000.0,330000.0,330000.0,5000000.0,24.0,333333.3333333334,273437.5,3333.333333333372,1.0101010101010102,1.0,-56562.5,22,4.812184355372417,B100225-11,,,,,0,0,0,0,0,15.424948470398377,90.0,21.0,4.0,0.0,0,1,1,1,,,,16,0,0,0,0,2.4390243902439024,8.130081300813009,
B120201-4,2,5,3,1,0,4,,0,일시,2,쇼핑몰 수입 150만,16,6,6,0.3333,0.0,0.6667,4.833,29,10,2.0,0.333,3.0,4.0,1,0,2012,정상종료,완납,547,759,200만원,12개월,0.3,여자,42세,기타,1900000.0,1730000.0,,11.0,5.0,5.0,0.0,0.0,1,1900000.0,1730000.0,170000.0,170000.0,2000000.0,12.0,216666.66666666663,193750.0,46666.66666666663,1.2745098039215683,1.0,23750.0,4,6.304448802421981,B101125-9,,,,,0,0,0,0,0,14.50865773852422,11.0,5.0,0.0,0.0,0,0,2,1,,,,16,0,0,0,0,0.1838235294117647,1.838235294117647,
B120205-5,3,4,5,1,0,5,,0,월,1,재직 월수령 230만,16,8,8,1.0,0.5,0.0,0.0,0,0,,,,,0,0,2012,정상종료,완납,216,368,100만원,9개월,0.25,남자,44세,기술직,2300000.0,1170000.0,,,,,,,1,2300000.0,1170000.0,1130000.0,1130000.0,1000000.0,9.0,131944.44444444444,122685.18518518518,-998055.5555555556,0.1167649950835791,0.0,-1007314.8148148148,5,5.375278407684165,B120205-5,income,False,20.0,False,1,1,0,0,0,13.815510557964274,0.0,0.0,0.0,0.0,1,1,4,1,income,20.0,False,16,1,1,0,1,0.0,0.0,
B120207-10,2,5,5,1,0,2,,0,,3,미래 승진·곗돈 기대,16,15,15,0.2,0.2,0.8,9.333,140,25,4.0,0.267,,,1,0,2012,정상종료,완납,285,1679,300만원,15개월,0.3,여자,58세,사무직,2100000.0,2080000.0,,,,,,,1,2100000.0,2080000.0,20000.0,20000.0,3000000.0,15.0,275000.0,240000.0,255000.0,13.75,1.0,220000.0,10,5.652489180268651,B120207-10,event,False,,False,0,0,0,1,0,14.914122846632385,0.0,0.0,0.0,0.0,1,0,3,2,,,,16,1,0,1,0,0.0,3.584229390681004,
B120208-3,1,3,1,1,0,4,,0,,2,현 수입 비수기 기준,16,8,8,1.0,0.25,0.0,0.0,0,0,,,,,0,0,2012,정상종료,완납,211,507,100만원,9개월,0.3,남자,46세,사무직,3700000.0,3280000.0,,,,,,,1,3700000.0,3280000.0,420000.0,420000.0,1000000.0,9.0,136111.11111111112,125000.0,-283888.8888888889,0.3240740740740741,0.0,-295000.0,3,5.351858133476067,B120208-3,,,,,0,0,0,0,0,13.815510557964274,0.0,0.0,0.0,0.0,1,1,1,1,,,,16,0,0,0,0,0.0,0.0,
B120209-22,2,4,1,1,0,5,,0,,2,공장 야간+알바 재직,16,5,5,0.4,0.0,0.6,7.4,37,31,3.0,0.6,,,1,0,2012,연체중,손실,380,281,100만원,12개월,0.3,남자,40세,생산직,1500000.0,980000.0,,,,,,,1,1500000.0,980000.0,520000.0,520000.0,1000000.0,12.0,108333.33333333331,96875.0,-411666.6666666667,0.2083333333333333,0.0,-423125.0,22,5.940171252720432,B120209-22,,,,,0,0,0,0,0,13.815510557964274,0.0,0.0,0.0,0.0,1,1,1,2,,,,16,0,0,0,0,0.0,0.0,
B120213-21,1,5,1,1,0,4,,0,,3,급여90만+지원금55만,16,16,16,1.0,0.25,0.0,0.0,0,0,,,,,0,0,2012,정상종료,완납,255,732,300만원,24개월,0.3,여자,49세,사무직,2050000.0,1200000.0,,78.0,51.0,0.0,0.0,0.0,1,2050000.0,1200000.0,850000.0,850000.0,3000000.0,24.0,200000.0,164062.5,-650000.0,0.2352941176470588,0.0,-685937.5,21,5.541263545158426,B101003-5,,,,,0,0,0,0,0,14.914122846632385,78.0,0.0,0.0,0.0,0,0,1,1,,,,16,0,0,0,0,0.0,3.952569169960474,
B120213-6,2,3,2,5,1,4,,0,,2,군 재직+레슨 개시,16,21,21,0.8571,0.3333,0.1429,0.19,4,2,1.0,0.048,2.0,14.0,1,0,2012,정상종료,완납,422,838,300만원,21개월,0.3,남자,37세,장교/하사관,1700000.0,1270000.0,,28.0,12.0,5.0,0.0,0.0,1,1700000.0,1270000.0,430000.0,430000.0,3000000.0,21.0,217857.14285714287,182142.8571428572,-212142.8571428572,0.5066445182724253,0.0,-247857.1428571428,6,6.045005314036012,B110118-13,,,,,0,0,0,0,0,14.914122846632385,28.0,5.0,0.0,0.0,0,1,3,5,,,,16,0,0,0,0,0.0,0.0,
B120216-11,1,1,1,1,0,4,,0,,0,과거 3회 상환 실적,16,8,8,1.0,1.0,0.0,0.0,0,0,,,,,0,0,2012,정상종료,완납,262,887,400만원,24개월,0.3,여자,44세,사무직,1300000.0,1020000.0,,125.0,109.0,1.0,0.0,0.0,1,1300000.0,1020000.0,280000.0,280000.0,4000000.0,24.0,266666.6666666666,218750.0,-13333.333333333372,0.9523809523809522,0.0,-61250.0,11,5.568344503761097,B090817-7,,,,,0,0,0,0,0,15.201804919084164,125.0,1.0,0.0,0.0,0,0,1,1,,,,16,0,0,0,0,0.0,3.8314176245210727,
B120217-1,2,4,5,1,0,3,,0,,2,남편근무+3월 보육료,16,8,8,0.25,0.0,0.75,16.75,134,31,3.0,0.375,,,1,0,2012,연체중,손실,426,967,150만원,9개월,0.3,여자,40세,기타,3600000.0,3320000.0,,,,,,,1,3600000.0,3320000.0,280000.0,280000.0,1500000.0,9.0,204166.66666666663,187500.0,-75833.33333333337,0.7291666666666665,0.0,-92500.0,1,6.054439346269371,B120217-1,none,False,,False,0,0,0,0,0,14.22097566607244,0.0,0.0,0.0,0.0,1,0,2,2,,,,16,1,0,1,0,0.0,7.042253521126761,
B120219-4,1,1,1,1,0,1,,0,,0,약속 다짐만,16,9,9,0.6667,0.2222,0.3333,0.333,3,1,4.0,0.444,5.0,7.0,1,0,2012,정상종료,완납,161,558,100만원,9개월,0.3,여자,43세,사무직,1200000.0,910000.0,,,,,,,1,1200000.0,910000.0,290000.0,290000.0,1000000.0,9.0,136111.11111111112,125000.0,-153888.88888888888,0.4693486590038314,0.0,-165000.0,4,5.081404364984463,B120219-4,,,,,0,0,0,0,0,13.815510557964274,0.0,0.0,0.0,0.0,1,0,1,1,,,,16,0,0,0,0,0.6329113924050633,6.329113924050633,
B120220-11,1,3,2,1,0,3,,0,,1,현소득+추후 입사,16,9,9,0.1111,0.0,0.8889,5.333,48,21,1.0,0.111,9.0,,1,0,2012,정상종료,완납,74,137,250만원,9개월,0.3,남자,51세,기술직,3000000.0,2420000.0,,27.0,17.0,34.0,2.0,8.0,1,3000000.0,2420000.0,580000.0,580000.0,2500000.0,9.0,340277.7777777777,312500.0,-239722.2222222223,0.5866858237547892,0.0,-267500.0,11,4.30406509320417,B110808-6,,,,,0,0,0,0,0,14.73180128983843,27.0,34.0,2.0,8.0,0,1,1,1,,,,16,0,0,0,0,0.0,0.0,
B120220-26,2,5,1,2,1,5,,0,,2,6개월 재직 월200만,16,13,13,0.8462,0.3846,0.1538,0.231,3,2,7.0,0.538,8.0,12.0,1,0,2012,정상종료,완납,553,387,300만원,24개월,0.3,여자,43세,사무직,2300000.0,1890000.0,,39.0,18.0,17.0,0.0,0.0,1,2300000.0,1890000.0,410000.0,410000.0,3000000.0,24.0,200000.0,164062.5,-210000.0,0.4878048780487805,0.0,-245937.5,26,6.315358001522335,B090313-9,,,,,0,0,0,0,0,14.914122846632385,39.0,17.0,0.0,0.0,0,0,1,2,,,,16,0,0,0,0,0.0,1.8083182640144664,
B120221-18,2,5,3,1,0,5,,0,월,2,신랑급여+월20만 수입,16,3,3,1.0,1.0,0.0,0.0,0,0,,,,,0,0,2012,정상종료,완납,256,258,100만원,9개월,0.3,여자,43세,기타,2700000.0,2170000.0,,38.0,18.0,1.0,0.0,0.0,1,2700000.0,2170000.0,530000.0,530000.0,1000000.0,9.0,136111.11111111112,125000.0,-393888.8888888889,0.2568134171907757,0.0,-405000.0,18,5.545177444479562,B120509-1,,,,,0,0,0,0,0,13.815510557964274,38.0,1.0,0.0,0.0,0,0,3,1,,,,16,0,0,0,0,0.0,3.90625,
B120221-5,1,1,1,1,0,1,,0,,0,신뢰 다짐만,16,9,9,0.3333,0.2222,0.6667,14.444,130,31,4.0,0.444,,,1,0,2012,연체중,손실,228,271,400만원,15개월,0.3,남자,57세,기타,2800000.0,2400000.0,,29.0,11.0,4.0,2.0,0.0,1,2800000.0,2400000.0,400000.0,400000.0,4000000.0,15.0,366666.6666666667,320000.0,-33333.333333333314,0.9166666666666669,0.0,-80000.0,5,5.429345628954441,B091118-14,,,,,0,0,0,0,0,15.201804919084164,29.0,4.0,2.0,0.0,0,1,1,1,,,,16,0,0,0,0,0.0,26.31578947368421,
B120224-17,5,4,1,1,0,5,320000.0,1,월,2,현재 콜센터 월급 140만,16,9,9,1.0,0.3333,0.0,0.0,0,0,,,,,0,0,2012,정상종료,완납,259,339,250만원,9개월,0.3,여자,62세,콜센터,1400000.0,1380000.0,,14.0,7.0,1.0,0.0,0.0,1,1400000.0,1380000.0,20000.0,20000.0,2500000.0,9.0,340277.7777777777,312500.0,320277.7777777777,17.013888888888886,1.0,292500.0,17,5.556828061699537,B100104-17,,,,,0,0,0,0,0,14.73180128983843,14.0,1.0,0.0,0.0,0,0,2,4,,,,16,0,0,0,0,0.0,0.0,
B120225-6,2,4,4,1,0,4,,0,,2,재직 170만+4월 알바,16,8,8,1.0,0.375,0.0,0.0,0,0,,,,,0,0,2012,정상종료,완납,238,289,100만원,12개월,0.3,남자,46세,사무직,1700000.0,1410000.0,,,,,,,1,1700000.0,1410000.0,290000.0,290000.0,1000000.0,12.0,108333.33333333331,96875.0,-181666.6666666667,0.3735632183908045,0.0,-193125.0,6,5.472270673671475,B120225-6,none,False,,False,0,0,0,0,0,13.815510557964274,0.0,0.0,0.0,0.0,1,1,2,1,,,,16,1,0,1,0,0.0,8.403361344537815,
B120227-19,1,3,2,3,1,4,,0,,1,3개월째 일당 용역,16,12,12,0.6667,0.25,0.3333,0.75,9,6,4.0,0.333,5.0,7.0,1,0,2012,정상종료,완납,720,3092,150만원,12개월,0.3,남자,45세,생산직,1900000.0,1690000.0,,,,,,,1,1900000.0,1690000.0,210000.0,210000.0,1500000.0,12.0,162500.0,145312.5,-47500.0,0.7738095238095238,0.0,-64687.5,19,6.579251212010101,B120227-19,,,,,0,0,0,0,0,14.22097566607244,0.0,0.0,0.0,0.0,1,1,1,2,,,,16,0,0,0,0,0.5578800557880056,4.184100418410042,
B120227-7,1,3,1,3,1,4,,0,,2,남편급여+과외 현재,16,10,10,0.1,0.1,0.9,10.3,103,31,2.0,0.2,,,1,0,2012,연체중,손실,311,2018,300만원,24개월,0.3,여자,44세,학원,3430000.0,2960000.0,,10.0,6.0,10.0,1.0,0.0,1,3430000.0,2960000.0,470000.0,470000.0,3000000.0,24.0,200000.0,164062.5,-270000.0,0.425531914893617,0.0,-305937.5,7,5.739792912179234,B120227-7,,,,,0,0,0,0,0,14.914122846632385,10.0,10.0,1.0,0.0,0,0,1,2,,,,16,0,0,0,0,0.0,3.257328990228013,
B120227-8,2,5,5,1,0,3,,0,,3,현급여+7월 퇴직금,16,12,12,1.0,0.4167,0.0,0.0,0,0,,,,,0,0,2012,정상종료,완납,717,1569,200만원,12개월,0.3,남자,47세,사무직,1360000.0,890000.0,,69.0,24.0,0.0,0.0,0.0,1,1360000.0,890000.0,470000.0,470000.0,2000000.0,12.0,216666.66666666663,193750.0,-253333.33333333337,0.4609929078014184,0.0,-276250.0,8,6.57507584059962,B120227-8,event,False,,True,0,0,0,1,0,14.50865773852422,69.0,0.0,0.0,0.0,0,1,3,1,,,,16,1,0,1,0,0.2793296089385474,0.0,
B120229-8,1,3,4,1,0,3,,0,,2,부부수입+4월 이직,16,12,12,1.0,0.25,0.0,0.0,0,0,,,,,0,0,2012,정상종료,완납,240,321,200만원,12개월,0.3,,0세,기타,2020000.0,1870000.0,,,,,,,1,2020000.0,1870000.0,150000.0,150000.0,2000000.0,12.0,216666.66666666663,193750.0,66666.66666666663,1.4444444444444442,1.0,43750.0,8,5.480638923341991,B120229-8,none,False,,False,0,0,0,0,0,14.50865773852422,0.0,0.0,0.0,0.0,1,0,1,2,,,,16,1,0,1,0,0.0,0.0,
B120304-2,1,2,1,1,0,4,,0,,1,어제 집 매각 자금,16,4,4,0.5,0.25,0.5,0.5,2,1,1.0,0.25,2.0,3.0,1,0,2012,정상종료,완납,93,612,100만원,6개월,0.3,여자,57세,기타,0.0,370000.0,,,,,,,1,0.0,370000.0,-370000.0,-370000.0,1000000.0,6.0,191666.66666666663,181250.0,561666.6666666666,,1.0,551250.0,2,4.532599493153256,B120304-2,,,,,0,0,0,0,0,13.815510557964274,0.0,0.0,0.0,0.0,1,0,1,2,,,,16,0,0,0,0,0.0,10.752688172043012,
B120304-3,2,3,4,1,0,4,,0,월,1,매월10일 급여 수령,16,2,2,0.0,0.0,1.0,20.0,40,31,1.0,0.5,,,1,0,2012,연체중,손실,227,272,200만원,9개월,0.3,남자,46세,생산직,1800000.0,1210000.0,,,,,,,1,1800000.0,1210000.0,590000.0,590000.0,2000000.0,9.0,272222.22222222225,250000.0,-317777.7777777777,0.4613935969868173,0.0,-340000.0,3,5.424950017481403,B120304-3,income,False,10.0,False,0,1,0,0,0,14.50865773852422,0.0,0.0,0.0,0.0,1,1,1,1,,,,16,1,0,1,1,0.0,22.02643171806168,10.0
B120305-17,1,1,1,4,1,4,,0,,0,기대출 무연체 납부,16,9,9,0.2222,0.1111,0.7778,2.111,19,4,1.0,0.111,2.0,3.0,1,0,2012,정상종료,완납,248,502,100만원,9개월,0.3,여자,38세,콜센터,1300000.0,1100000.0,,2.0,1.0,7.0,0.0,0.0,1,1300000.0,1100000.0,200000.0,200000.0,1000000.0,9.0,136111.11111111112,125000.0,-63888.88888888888,0.6805555555555556,0.0,-75000.0,17,5.513428746164983,B120305-17,,,,,0,0,0,0,0,13.815510557964274,2.0,7.0,0.0,0.0,0,0,1,3,,,,16,0,0,0,0,0.4032258064516129,0.0,
B120306-6,5,4,5,1,0,5,190000.0,1,월,1,7년 재직 월400만,16,5,5,1.0,0.2,0.0,0.0,0,0,,,,,0,0,2012,정상종료,완납,863,399,100만원,6개월,0.3,남자,45세,생산직,4000000.0,2690000.0,,13.0,6.0,3.0,0.0,0.0,1,4000000.0,2690000.0,1310000.0,1310000.0,1000000.0,6.0,191666.66666666663,181250.0,-1118333.3333333335,0.1463104325699745,0.0,-1128750.0,6,6.760414691083428,B120306-6,calendar,True,,False,0,0,1,0,1,13.815510557964274,13.0,3.0,0.0,0.0,0,1,2,2,,,,16,1,0,1,0,0.0,0.0,
B120307-6,3,3,3,1,0,4,,0,월,3,현금월급+신랑용돈,16,2,2,0.0,0.0,1.0,30.0,60,31,1.0,0.5,,,1,0,2012,연체중,손실,124,912,100만원,12개월,0.3,여자,33세,간호사,2820000.0,2450000.0,,,,,,,1,2820000.0,2450000.0,370000.0,370000.0,1000000.0,12.0,108333.33333333331,96875.0,-261666.6666666667,0.2927927927927927,0.0,-273125.0,6,4.820281565605037,B120307-6,,,,,0,0,0,0,0,13.815510557964274,0.0,0.0,0.0,0.0,1,0,2,1,,,,16,0,0,0,0,0.0,0.0,
B120309-16,1,3,5,1,0,3,,0,,1,13년 면책후 대출가능,16,14,14,1.0,0.0714,0.0,0.0,0,0,,,,,0,0,2012,정상종료,완납,168,433,300만원,15개월,0.3,남자,46세,기타,3300000.0,2400000.0,,75.0,25.0,0.0,0.0,0.0,1,3300000.0,2400000.0,900000.0,900000.0,3000000.0,15.0,275000.0,240000.0,-625000.0,0.3055555555555556,0.0,-660000.0,16,5.123963979403259,B110118-31,event,False,,False,0,0,0,1,0,14.914122846632385,75.0,0.0,0.0,0.0,0,1,1,2,,,,16,1,0,1,0,0.0,17.857142857142858,
B120309-19,2,4,1,3,1,5,,0,,1,택배알바 수입 70만,16,3,3,0.3333,0.3333,0.6667,15.667,47,31,2.0,0.667,,,1,0,2012,연체중,손실,309,418,250만원,12개월,0.3,남자,43세,영업직,2500000.0,2100000.0,,9.0,8.0,1.0,0.0,0.0,1,2500000.0,2100000.0,400000.0,400000.0,2500000.0,12.0,270833.3333333334,242187.5,-129166.66666666664,0.6770833333333335,0.0,-157812.5,19,5.733341276897746,B110727-9,,,,,0,0,0,0,0,14.73180128983843,9.0,1.0,0.0,0.0,0,1,2,1,,,,16,0,0,0,0,0.0,6.472491909385114,
B120309-21,1,2,1,1,0,4,,0,,1,현재 직장 근무중,16,9,9,0.1111,0.0,0.8889,3.556,32,10,1.0,0.111,3.0,4.0,1,0,2012,정상종료,완납,110,292,100만원,9개월,0.3,여자,43세,서비스업,2000000.0,1860000.0,,,,,,,1,2000000.0,1860000.0,140000.0,140000.0,1000000.0,9.0,136111.11111111112,125000.0,-3888.888888888876,0.9722222222222224,0.0,-15000.0,21,4.700480365792417,B120309-21,,,,,0,0,0,0,0,13.815510557964274,0.0,0.0,0.0,0.0,1,0,1,1,,,,16,0,0,0,0,0.0,0.0,
B120309-22,1,4,4,1,0,5,,0,,2,9년 재직 월150만,16,6,6,1.0,0.0,0.0,0.0,0,0,,,,,0,0,2012,정상종료,완납,314,422,100만원,6개월,0.3,남자,43세,캐피탈,1500000.0,480000.0,,,,,,,1,1500000.0,480000.0,1020000.0,1020000.0,1000000.0,6.0,191666.66666666663,181250.0,-828333.3333333334,0.1879084967320261,0.0,-838750.0,22,5.749392985908253,B120309-22,income,False,25.0,False,0,1,0,0,0,13.815510557964274,0.0,0.0,0.0,0.0,1,1,1,1,,,,16,1,0,1,0,0.0,3.1847133757961785,
B120311-5,1,3,3,3,1,5,,0,,1,20년차 공립교사,16,5,5,0.8,0.2,0.2,0.2,1,1,4.0,0.8,5.0,,1,0,2012,정상종료,완납,451,795,300만원,15개월,0.3,남자,62세,교수/교사,4300000.0,3860000.0,,33.0,15.0,5.0,0.0,0.0,1,4300000.0,3860000.0,440000.0,440000.0,3000000.0,15.0,275000.0,240000.0,-165000.0,0.625,0.0,-200000.0,5,6.111467339502679,B120311-5,,,,,0,0,0,0,0,14.914122846632385,33.0,5.0,0.0,0.0,0,1,1,2,,,,16,0,0,0,0,0.0,4.4543429844098,
B120312-12,2,5,5,4,1,4,,0,,4,실업급여 확정 110만,16,15,15,1.0,1.0,0.0,0.0,0,0,,,,,0,0,2012,정상종료,완납,494,1104,300만원,24개월,0.3,남자,41세,기타,1850000.0,1270000.0,,35.0,33.0,0.0,0.0,0.0,1,1850000.0,1270000.0,580000.0,580000.0,3000000.0,24.0,200000.0,164062.5,-380000.0,0.3448275862068966,0.0,-415937.5,12,6.202535517187923,B120312-12,event,False,,False,0,0,0,1,0,14.914122846632385,35.0,0.0,0.0,0.0,0,1,3,2,,,,16,1,0,1,0,0.0,4.149377593360996,
B120312-15,2,5,1,1,0,5,,0,,2,여유45만+보조금20만,16,3,3,0.3333,0.3333,0.6667,12.333,37,31,2.0,0.667,,,1,0,2012,연체중,손실,140,328,150만원,6개월,0.3,여자,44세,기타,3200000.0,2730000.0,,,,,,,1,3200000.0,2730000.0,470000.0,470000.0,1500000.0,6.0,287500.0,271875.0,-182500.0,0.6117021276595744,0.0,-198125.0,15,4.941642422609304,B120312-15,,,,,0,0,0,0,0,14.22097566607244,0.0,0.0,0.0,0.0,1,0,1,1,,,,16,0,0,0,0,0.0,7.142857142857142,
B120313-16,1,2,1,3,1,3,,0,,0,생활비 여유 생김,16,10,10,0.9,0.3,0.1,0.1,1,1,1.0,0.1,2.0,,1,0,2012,정상종료,완납,136,1289,200만원,12개월,0.3,남자,47세,기타,1970000.0,1830000.0,,60.0,22.0,15.0,0.0,0.0,1,1970000.0,1830000.0,140000.0,140000.0,2000000.0,12.0,216666.66666666663,193750.0,76666.66666666663,1.5476190476190474,1.0,53750.0,16,4.912654885736052,B090424-7,,,,,0,0,0,0,0,14.50865773852422,60.0,15.0,0.0,0.0,0,1,1,1,,,,16,0,0,0,0,0.7575757575757576,0.0,
B120313-27,1,3,1,3,1,4,,0,,2,신랑재직+신문배달,16,23,23,0.4783,0.2174,0.5217,1.913,44,11,2.0,0.087,5.0,6.0,1,0,2012,정상종료,완납,460,567,350만원,24개월,0.3,여자,44세,일용직,2400000.0,1760000.0,,40.0,14.0,19.0,0.0,0.0,1,2400000.0,1760000.0,640000.0,640000.0,3500000.0,24.0,233333.3333333333,191406.25,-406666.6666666667,0.3645833333333333,0.0,-448593.75,27,6.131226489483141,B100217-4,,,,,0,0,0,0,0,15.068273526459642,40.0,19.0,0.0,0.0,0,0,1,2,,,,16,0,0,0,0,0.4347826086956521,4.3478260869565215,
B120313-29,1,5,5,1,0,4,,0,,2,원천징수 3750만,16,11,11,0.9091,0.8182,0.0909,2.818,31,31,11.0,1.0,,,1,0,2012,연체중,손실,403,727,250만원,12개월,0.3,남자,57세,기타,2500000.0,2060000.0,,,,,,,1,2500000.0,2060000.0,440000.0,440000.0,2500000.0,12.0,270833.3333333334,242187.5,-169166.66666666663,0.6155303030303031,0.0,-197812.5,29,5.998936561946683,B120313-29,event,False,,True,0,0,0,1,0,14.73180128983843,0.0,0.0,0.0,0.0,1,1,1,1,,,,16,1,0,1,0,0.0,2.481389578163772,
B120313-4,1,4,4,3,1,4,,0,,1,실수령 150만 재직,16,12,12,0.9167,0.8333,0.0833,0.333,4,4,10.0,0.833,11.0,,1,0,2012,정상종료,완납,356,724,250만원,12개월,0.3,남자,51세,공공기관,1500000.0,1350000.0,,68.0,49.0,27.0,0.0,0.0,1,1500000.0,1350000.0,150000.0,150000.0,2500000.0,12.0,270833.3333333334,242187.5,120833.33333333336,1.805555555555556,1.0,92187.5,4,5.87493073085203,A080212-2,none,False,,False,0,0,0,0,0,14.73180128983843,68.0,27.0,0.0,0.0,0,1,1,2,,,,16,1,0,1,0,0.0,0.0,
B120314-21,1,1,1,1,0,2,,0,,0,두달전 일 시작,16,17,17,0.4706,0.0588,0.5294,6.353,108,31,3.0,0.176,4.0,6.0,1,0,2012,연체중,손실,373,817,300만원,18개월,0.3,여자,54세,서비스업,3670000.0,2000000.0,,30.0,14.0,9.0,1.0,0.0,1,3670000.0,2000000.0,1670000.0,1670000.0,3000000.0,18.0,241666.66666666663,206250.0,-1428333.3333333335,0.1447105788423153,0.0,-1463750.0,21,5.921578419643816,B100413-11,,,,,0,0,0,0,0,14.914122846632385,30.0,9.0,1.0,0.0,0,0,1,1,,,,16,0,0,0,0,0.0,11.11111111111111,
B120314-3,1,1,1,1,0,1,,0,,0,근거 제시 없음,16,15,15,1.0,1.0,0.0,0.0,0,0,,,,,0,0,2012,정상종료,완납,168,1076,300만원,15개월,0.3,여자,47세,학원,3700000.0,3350000.0,,67.0,51.0,3.0,0.0,0.0,1,3700000.0,3350000.0,350000.0,350000.0,3000000.0,15.0,275000.0,240000.0,-75000.0,0.7857142857142857,0.0,-110000.0,3,5.123963979403259,B100924-16,,,,,0,0,0,0,0,14.914122846632385,67.0,3.0,0.0,0.0,0,0,1,1,,,,16,0,0,0,0,0.0,5.9880239520958085,
B120315-11,1,4,4,1,0,4,,0,,1,신랑급여 210만,16,12,12,1.0,1.0,0.0,0.0,0,0,,,,,0,0,2012,정상종료,완납,221,592,250만원,12개월,0.3,여자,39세,기술직,2760000.0,2460000.0,,23.0,23.0,0.0,0.0,0.0,1,2760000.0,2460000.0,300000.0,300000.0,2500000.0,12.0,270833.3333333334,242187.5,-29166.666666666628,0.902777777777778,0.0,-57812.5,11,5.3981627015177525,B120315-11,none,False,,False,0,0,0,0,0,14.73180128983843,23.0,0.0,0.0,0.0,0,0,1,2,,,,16,1,0,1,0,0.0,0.0,
B120317-6,3,4,3,1,0,4,,0,월,1,조기상환 33건 실적,16,10,10,1.0,1.0,0.0,0.0,0,0,,,,,0,0,2012,정상종료,완납,401,1332,650만원,15개월,0.3,여자,40세,기타,3000000.0,2390000.0,,98.0,84.0,3.0,0.0,0.0,1,3000000.0,2390000.0,610000.0,610000.0,6500000.0,15.0,595833.3333333333,520000.0,-14166.666666666744,0.9767759562841528,0.0,-90000.0,6,5.993961427306569,B090402-6,,,,,0,0,0,0,0,15.687312734865866,98.0,3.0,0.0,0.0,0,0,1,1,,,,16,0,0,0,0,0.0,2.5188916876574305,
B120319-5,2,3,3,1,0,4,,0,월,1,직장 3년차 재직,16,9,9,0.0,0.0,1.0,3.444,31,5,1.0,0.111,,,1,0,2012,정상종료,완납,66,331,100만원,9개월,0.3,여자,37세,사무직,1500000.0,1350000.0,,,,,,,1,1500000.0,1350000.0,150000.0,150000.0,1000000.0,9.0,136111.11111111112,125000.0,-13888.888888888876,0.9074074074074074,0.0,-25000.0,5,4.189654742026425,B120319-5,,,,,1,0,0,0,0,13.815510557964274,0.0,0.0,0.0,0.0,1,0,4,1,income,,False,16,0,1,0,0,0.0,0.0,
B120320-25,1,5,4,1,0,4,,0,,1,월매출 평균 300만,16,3,3,0.3333,0.0,0.6667,11.667,35,31,2.0,0.667,,,1,0,2012,연체중,손실,1612,1387,150만원,9개월,0.3,여자,44세,기타,3300000.0,2670000.0,,,,,,,1,3300000.0,2670000.0,630000.0,630000.0,1500000.0,9.0,204166.66666666663,187500.0,-425833.3333333334,0.324074074074074,0.0,-442500.0,25,7.385230923066573,B120320-25,none,False,,False,0,0,0,0,0,14.22097566607244,0.0,0.0,0.0,0.0,1,0,1,1,,,,16,1,0,1,0,0.3119151590767312,3.1191515907673115,
B120322-19,1,1,1,1,0,1,,0,,0,성실 다짐만,16,9,9,0.8889,0.7778,0.1111,0.444,4,4,4.0,0.444,5.0,,1,0,2012,정상종료,완납,62,732,200만원,9개월,0.3,남자,51세,기타,2500000.0,2080000.0,,,,,,,1,2500000.0,2080000.0,420000.0,420000.0,2000000.0,9.0,272222.22222222225,250000.0,-147777.77777777775,0.6481481481481483,0.0,-170000.0,19,4.127134385045092,B120322-19,,,,,0,0,0,0,0,14.50865773852422,0.0,0.0,0.0,0.0,1,1,1,1,,,,16,0,0,0,0,0.0,16.129032258064516,
B120322-32,2,3,4,4,1,4,,0,월,2,부업 대리운전 중,16,12,12,0.1667,0.0,0.8333,9.167,110,21,2.0,0.167,5.0,6.0,1,0,2012,정상종료,완납,96,717,150만원,12개월,0.3,남자,53세,생산직,2350000.0,1590000.0,,53.0,25.0,13.0,0.0,0.0,1,2350000.0,1590000.0,760000.0,760000.0,1500000.0,12.0,162500.0,145312.5,-597500.0,0.2138157894736842,0.0,-614687.5,32,4.564348191467836,B110605-5,income,True,16.0,False,1,1,0,0,1,14.22097566607244,53.0,13.0,0.0,0.0,0,1,4,1,calendar,15.0,False,16,1,1,0,1,0.0,0.0,16.0
B120323-17,2,5,3,1,0,4,,0,,3,월고정 162만+당구장,16,16,16,1.0,1.0,0.0,0.0,0,0,,,,,0,0,2012,정상종료,완납,1247,908,300만원,18개월,0.3,남자,52세,운전직,3100000.0,2840000.0,,75.0,66.0,0.0,0.0,0.0,1,3100000.0,2840000.0,260000.0,260000.0,3000000.0,18.0,241666.66666666663,206250.0,-18333.33333333337,0.9294871794871792,0.0,-53750.0,17,7.1284959456800365,B120323-17,,,,,0,0,0,0,0,14.914122846632385,75.0,0.0,0.0,0.0,0,1,3,1,,,,16,0,0,0,0,1.1272141706924317,4.025764895330112,
B120324-4,1,2,1,1,0,3,,0,,2,부부 근로중 언급,16,12,12,0.75,0.0833,0.25,0.583,7,4,6.0,0.5,7.0,9.0,1,0,2012,정상종료,완납,204,447,150만원,12개월,0.3,여자,55세,기타,3900000.0,3450000.0,,33.0,11.0,6.0,0.0,0.0,1,3900000.0,3450000.0,450000.0,450000.0,1500000.0,12.0,162500.0,145312.5,-287500.0,0.3611111111111111,0.0,-304687.5,4,5.318119993844216,B100201-22,,,,,0,0,0,0,0,14.22097566607244,33.0,6.0,0.0,0.0,0,0,1,1,,,,16,0,0,0,0,0.0,9.950248756218905,
B120326-9,2,4,1,1,0,5,,0,,1,월급200만 여유40만,16,15,15,1.0,0.8,0.0,0.0,0,0,,,,,0,0,2012,정상종료,완납,948,1449,300만원,15개월,0.3,여자,41세,영업직,2000000.0,1840000.0,,26.0,16.0,4.0,0.0,0.0,1,2000000.0,1840000.0,160000.0,160000.0,3000000.0,15.0,275000.0,240000.0,115000.0,1.71875,1.0,80000.0,9,6.854354502255021,B120326-9,,,,,0,0,0,0,0,14.914122846632385,26.0,4.0,0.0,0.0,0,0,1,1,,,,16,0,0,0,0,1.795142555438226,2.1119324181626187,
B120328-12,1,1,1,1,0,3,,0,,0,장기근속 언급뿐,16,6,6,0.0,0.0,1.0,12.833,77,31,1.0,0.167,,,1,0,2012,연체중,손실,92,1956,200만원,12개월,0.3,남자,44세,공공기관,3530000.0,2920000.0,,,,,,,1,3530000.0,2920000.0,610000.0,610000.0,2000000.0,12.0,216666.66666666663,193750.0,-393333.3333333334,0.355191256830601,0.0,-416250.0,12,4.5217885770490405,B120328-12,,,,,0,0,0,0,0,14.50865773852422,0.0,0.0,0.0,0.0,1,1,1,1,,,,16,0,0,0,0,0.0,0.0,
B120328-15,1,3,1,2,1,4,,0,,1,근무시간 확대 중,16,12,12,0.9167,0.25,0.0833,0.333,4,4,4.0,0.333,5.0,,1,0,2012,정상종료,완납,732,895,150만원,12개월,0.3,남자,42세,운전직,2280000.0,1620000.0,,62.0,26.0,8.0,0.0,0.0,1,2280000.0,1620000.0,660000.0,660000.0,1500000.0,12.0,162500.0,145312.5,-497500.0,0.2462121212121212,0.0,-514687.5,15,6.595780513961311,B120328-15,,,,,0,0,0,0,0,14.22097566607244,62.0,8.0,0.0,0.0,0,1,1,2,,,,16,0,0,0,0,0.0,9.562841530054644,
B120328-18,1,5,4,1,0,5,,0,,3,11년 분식집+신랑300,16,10,10,0.6,0.4,0.4,2.3,23,7,5.0,0.5,6.0,7.0,1,0,2012,정상종료,완납,328,397,150만원,12개월,0.3,여자,55세,요식업,4800000.0,4150000.0,,13.0,8.0,18.0,0.0,0.0,1,4800000.0,4150000.0,650000.0,650000.0,1500000.0,12.0,162500.0,145312.5,-487500.0,0.25,0.0,-504687.5,18,5.793013608384144,B120328-18,event,False,,False,0,0,0,1,0,14.22097566607244,13.0,18.0,0.0,0.0,0,0,1,2,,,,16,1,0,1,0,3.048780487804878,0.0,
B120329-12,1,4,2,3,1,5,,0,,1,연봉3200 월236만,16,4,4,0.0,0.0,1.0,18.75,75,31,1.0,0.25,,,1,0,2012,연체중,손실,317,475,150만원,12개월,0.3,남자,50세,사무직,2360000.0,1570000.0,,0.0,0.0,15.0,0.0,0.0,1,2360000.0,1570000.0,790000.0,790000.0,1500000.0,12.0,162500.0,145312.5,-627500.0,0.2056962025316455,0.0,-644687.5,12,5.75890177387728,B100302-2,,,,,0,0,0,0,0,14.22097566607244,0.0,15.0,0.0,0.0,0,1,1,1,,,,16,0,0,0,1,0.3205128205128205,3.205128205128205,
B120329-19,2,3,3,1,0,3,,0,일시,2,결혼 부조금 기대,16,2,2,0.5,0.5,0.5,15.5,31,31,2.0,1.0,,,1,0,2012,연체중,손실,160,853,100만원,6개월,0.3,여자,37세,기타,1200000.0,680000.0,,,,,,,1,1200000.0,680000.0,520000.0,520000.0,1000000.0,6.0,191666.66666666663,181250.0,-328333.3333333334,0.3685897435897435,0.0,-338750.0,19,5.075173815233827,B120329-19,,,,,0,0,0,0,0,13.815510557964274,0.0,0.0,0.0,0.0,1,0,3,2,,,,16,0,0,0,0,0.0,0.0,
B120402-12,5,5,3,4,1,5,100000.0,1,월,2,본인200+아내100 현소득,16,12,12,0.9167,0.6667,0.0833,0.083,1,1,6.0,0.5,7.0,,1,0,2012,정상종료,완납,453,1461,100만원,12개월,0.3,남자,42세,사무직,3000000.0,2300000.0,,44.0,23.0,28.0,0.0,0.0,1,3000000.0,2300000.0,700000.0,700000.0,1000000.0,12.0,108333.33333333331,96875.0,-591666.6666666667,0.1547619047619047,0.0,-603125.0,12,6.115892125483034,B120402-12,,,,,0,0,0,0,0,13.815510557964274,44.0,28.0,0.0,0.0,0,1,2,2,,,,16,0,0,0,0,0.0,2.217294900221729,
B120405-9,1,5,4,1,0,4,,0,,3,월소득 180만,16,11,11,1.0,1.0,0.0,0.0,0,0,,,,,0,0,2012,정상종료,완납,294,630,150만원,12개월,0.28,여자,37세,기타,1800000.0,1750000.0,,17.0,13.0,21.0,0.0,0.0,1,1800000.0,1750000.0,50000.0,50000.0,1500000.0,12.0,160000.0,143958.33333333334,110000.0,3.2,1.0,93958.33333333334,9,5.683579767338681,B120405-9,event,False,,False,0,0,0,1,0,14.22097566607244,17.0,21.0,0.0,0.0,0,0,1,2,,,,16,1,0,1,0,1.718213058419244,6.872852233676976,
B120407-5,5,5,5,1,0,5,200000.0,1,월,2,대리운전 월200만,16,12,12,1.0,0.4167,0.0,0.0,0,0,,,,,0,0,2012,정상종료,완납,1430,329,200만원,12개월,0.3,남자,41세,운전직,1300000.0,800000.0,,39.0,28.0,6.0,0.0,0.0,1,1300000.0,800000.0,500000.0,500000.0,2000000.0,12.0,216666.66666666663,193750.0,-283333.3333333334,0.4333333333333332,0.0,-306250.0,5,7.265429723253953,B090511-6,none,False,,False,0,0,0,0,0,14.50865773852422,39.0,6.0,0.0,0.0,0,1,3,1,,,,16,1,0,1,0,0.0,1.550387596899225,
B120410-20,2,1,1,1,0,1,,0,월,0,매달 상환 다짐만,16,11,11,1.0,1.0,0.0,0.0,0,0,,,,,0,0,2012,정상종료,완납,194,1091,250만원,12개월,0.3,남자,46세,기타,4000000.0,2330000.0,,67.0,62.0,4.0,0.0,0.0,1,4000000.0,2330000.0,1670000.0,1670000.0,2500000.0,12.0,270833.3333333334,242187.5,-1399166.6666666665,0.1621756487025948,0.0,-1427812.5,20,5.267858159063328,B110418-14,,,,,0,0,0,0,0,14.73180128983843,67.0,4.0,0.0,0.0,0,1,2,1,,,,16,0,0,0,0,0.0,0.0,
B120411-1,2,3,1,1,0,4,,0,,1,기숙사 거주 여유30만,16,9,9,1.0,1.0,0.0,0.0,0,0,,,,,0,0,2012,정상종료,완납,423,1490,200만원,12개월,0.3,남자,36세,기타,2100000.0,1790000.0,,23.0,21.0,10.0,0.0,0.0,1,2100000.0,1790000.0,310000.0,310000.0,2000000.0,12.0,216666.66666666663,193750.0,-93333.33333333336,0.6989247311827955,0.0,-116250.0,1,6.0473721790462776,B120411-1,,,,,0,0,0,0,0,14.50865773852422,23.0,10.0,0.0,0.0,0,1,1,2,,,,16,0,0,0,0,0.0,4.728132387706856,
B120412-13,1,2,1,1,0,3,,0,,2,직장생활 중 언급,16,12,12,0.3333,0.25,0.6667,3.167,38,7,5.0,0.417,,,1,0,2012,정상종료,완납,260,784,250만원,12개월,0.3,여자,53세,사무직,6100000.0,5380000.0,,12.0,11.0,29.0,1.0,0.0,1,6100000.0,5380000.0,720000.0,720000.0,2500000.0,12.0,270833.3333333334,242187.5,-449166.6666666666,0.3761574074074074,0.0,-477812.5,13,5.560681631015528,B090526-4,,,,,0,0,0,0,0,14.73180128983843,12.0,29.0,1.0,0.0,0,0,1,2,,,,16,0,0,0,0,0.392156862745098,3.92156862745098,
B120413-10,1,1,1,1,0,2,,0,,0,자리잡는 단계 기대,16,9,9,0.4444,0.1111,0.5556,1.333,12,6,5.0,0.556,,,1,0,2012,정상종료,완납,358,2259,150만원,9개월,0.3,여자,37세,서비스업,1500000.0,1260000.0,,28.0,12.0,42.0,5.0,0.0,1,1500000.0,1260000.0,240000.0,240000.0,1500000.0,9.0,204166.66666666663,187500.0,-35833.33333333337,0.8506944444444443,0.0,-52500.0,10,5.8805329864007,B091118-8,,,,,0,0,0,0,0,14.22097566607244,28.0,42.0,5.0,0.0,0,0,1,1,,,,16,0,0,0,0,0.0,36.41456582633054,
B120413-16,3,4,5,4,1,4,,0,월,1,여유60만+5월 입사,16,3,3,0.6667,0.3333,0.3333,10.333,31,31,3.0,1.0,,,1,0,2012,연체중,손실,261,503,200만원,6개월,0.3,남자,48세,기술직,3000000.0,2390000.0,,,,,,,1,3000000.0,2390000.0,610000.0,610000.0,2000000.0,6.0,383333.3333333333,362500.0,-226666.6666666667,0.628415300546448,0.0,-247500.0,16,5.564520407322694,B120413-16,none,False,,False,0,0,0,0,0,14.50865773852422,0.0,0.0,0.0,0.0,1,1,3,2,,,,16,1,0,1,0,0.3831417624521072,0.0,
B120414-1,1,1,1,1,0,4,,0,,0,기대출 없음 현재,16,2,2,0.5,0.5,0.5,15.5,31,31,2.0,1.0,,,1,0,2012,연체중,손실,703,463,100만원,6개월,0.3,남자,37세,기타,1200000.0,940000.0,,,,,,,1,1200000.0,940000.0,260000.0,260000.0,1000000.0,6.0,191666.66666666663,181250.0,-68333.33333333337,0.737179487179487,0.0,-78750.0,1,6.555356891810665,B120414-1,,,,,0,0,0,0,0,13.815510557964274,0.0,0.0,0.0,0.0,1,1,2,2,,,,16,0,0,0,0,0.0,0.0,
B120416-1,1,1,1,1,0,1,,0,,0,근거없이 다짐만,17,17,17,1.0,1.0,0.0,0.0,0,0,,,,,0,0,2012,정상종료,완납,97,505,300만원,18개월,0.3,남자,64세,운전직,2200000.0,1840000.0,,52.0,52.0,1.0,0.0,0.0,1,2200000.0,1840000.0,360000.0,360000.0,3000000.0,18.0,241666.66666666663,206250.0,-118333.33333333336,0.6712962962962962,0.0,-153750.0,1,4.574710978503383,B120416-1,,,,,0,0,0,0,0,14.914122846632385,52.0,1.0,0.0,0.0,0,1,1,1,,,,17,0,0,0,0,0.0,41.23711340206186,
B120418-2,3,3,4,1,0,5,,0,월,1,공무원 재직·무연체,17,10,10,0.7,0.4,0.3,0.6,6,4,4.0,0.4,5.0,7.0,1,0,2012,정상종료,완납,134,652,150만원,12개월,0.3,남자,59세,공공기관,3330000.0,3090000.0,,24.0,18.0,6.0,0.0,0.0,1,3330000.0,3090000.0,240000.0,240000.0,1500000.0,12.0,162500.0,145312.5,-77500.0,0.6770833333333334,0.0,-94687.5,2,4.897839799950911,B120418-2,income,False,20.0,False,1,1,0,0,0,14.22097566607244,24.0,6.0,0.0,0.0,0,1,4,1,income,20.0,False,17,1,1,0,1,0.0,0.0,
B120418-4,5,4,3,1,0,5,150000.0,1,월,1,8500만중 800만까지 상환,17,12,12,0.3333,0.1667,0.6667,4.583,55,11,1.0,0.083,3.0,4.0,1,0,2012,정상종료,완납,443,1024,150만원,12개월,0.3,여자,37세,학원,2200000.0,1700000.0,,,,,,,1,2200000.0,1700000.0,500000.0,500000.0,1500000.0,12.0,162500.0,145312.5,-337500.0,0.325,0.0,-354687.5,4,6.093569770045136,B120418-4,,,,,1,0,0,0,0,14.22097566607244,0.0,0.0,0.0,0.0,1,0,4,1,calendar,,False,17,0,1,0,0,0.2267573696145124,0.0,
B120418-5,3,5,4,3,1,4,,0,월,3,재직중 실수령 138만,17,24,24,0.4167,0.0417,0.5833,4.125,99,30,9.0,0.375,14.0,15.0,1,0,2012,정상종료,완납,2256,1430,300만원,24개월,0.3,여자,33세,사무직,1600000.0,1120000.0,,31.0,4.0,16.0,1.0,0.0,1,1600000.0,1120000.0,480000.0,480000.0,3000000.0,24.0,200000.0,164062.5,-280000.0,0.4166666666666667,0.0,-315937.5,5,7.721348612617949,B090818-16,income,True,,False,1,1,0,0,1,14.914122846632385,31.0,16.0,1.0,0.0,0,0,4,3,income,,False,17,1,1,0,0,0.490414623272403,3.5666518056174765,
B120424-15,1,4,1,1,0,5,,0,,1,현수입·조기상환 11회,17,15,15,0.8667,0.0667,0.1333,0.133,2,1,5.0,0.333,6.0,14.0,1,0,2012,정상종료,완납,255,601,300만원,15개월,0.3,여자,44세,기타,1500000.0,1340000.0,,43.0,19.0,2.0,0.0,0.0,1,1500000.0,1340000.0,160000.0,160000.0,3000000.0,15.0,275000.0,240000.0,115000.0,1.71875,1.0,80000.0,15,5.541263545158426,B120424-15,,,,,0,0,0,0,0,14.914122846632385,43.0,2.0,0.0,0.0,0,0,1,1,,,,17,0,0,0,0,0.0,0.0,
B120424-2,3,2,3,1,0,4,,0,월,0,이전 대출 정상종료,17,12,12,1.0,0.1667,0.0,0.0,0,0,,,,,0,0,2012,정상종료,완납,239,509,100만원,12개월,0.3,여자,38세,기타,2000000.0,1850000.0,,97.0,69.0,20.0,0.0,0.0,1,2000000.0,1850000.0,150000.0,150000.0,1000000.0,12.0,108333.33333333331,96875.0,-41666.666666666686,0.7222222222222221,0.0,-53125.0,2,5.476463551931511,A080107-2,,,,,0,0,0,0,0,13.815510557964274,97.0,20.0,0.0,0.0,0,0,3,1,,,,17,0,0,0,0,0.0,8.368200836820083,
B120424-25,1,3,1,2,1,4,,0,,1,재직중이나 급여 변동,17,12,12,0.1667,0.0,0.8333,5.917,71,31,3.0,0.25,,,1,0,2012,손실(상환완료),손실,250,504,300만원,15개월,0.3,남자,42세,영업직,2200000.0,1730000.0,,37.0,27.0,27.0,2.0,0.0,1,2200000.0,1730000.0,470000.0,470000.0,3000000.0,15.0,275000.0,240000.0,-195000.0,0.5851063829787234,0.0,-230000.0,25,5.521460917862246,A080814-11,,,,,0,0,0,0,0,14.914122846632385,37.0,27.0,2.0,0.0,0,1,1,1,,,,17,0,0,0,0,0.0,4.0,
B120425-8,1,1,1,1,0,4,,0,,0,두번 경매 상환이력,17,24,24,0.9167,0.2917,0.0833,0.125,3,2,5.0,0.208,6.0,7.0,1,0,2012,정상종료,완납,273,1602,500만원,24개월,0.3,여자,42세,기타,3400000.0,2080000.0,,103.0,49.0,3.0,0.0,0.0,1,3400000.0,2080000.0,1320000.0,1320000.0,5000000.0,24.0,333333.3333333334,273437.5,-986666.6666666666,0.2525252525252525,0.0,-1046562.5,8,5.60947179518496,B091007-6,,,,,0,0,0,0,0,15.424948470398377,103.0,3.0,0.0,0.0,0,0,1,1,,,,17,0,0,0,0,0.3703703703703704,7.407407407407407,
B120429-2,3,3,4,1,0,5,,0,월,1,매달10일 급여 수령중,17,12,12,1.0,1.0,0.0,0.0,0,0,,,,,0,0,2012,정상종료,완납,89,266,100만원,12개월,0.3,남자,42세,기술직,1350000.0,1220000.0,,,,,,,1,1350000.0,1220000.0,130000.0,130000.0,1000000.0,12.0,108333.33333333331,96875.0,-21666.66666666669,0.8333333333333331,0.0,-33125.0,2,4.48863636973214,B120429-2,income,False,10.0,False,0,1,0,0,0,13.815510557964274,0.0,0.0,0.0,0.0,1,1,1,3,,,,17,1,0,1,1,0.0,0.0,
B120430-21,1,1,1,1,0,1,,0,,0,근거없이 다짐만,17,15,15,0.9333,0.6,0.0667,0.4,6,6,13.0,0.867,14.0,,1,0,2012,정상종료,완납,67,2120,400만원,15개월,0.3,남자,62세,기타,2450000.0,1620000.0,,36.0,30.0,6.0,0.0,0.0,1,2450000.0,1620000.0,830000.0,830000.0,4000000.0,15.0,366666.6666666667,320000.0,-463333.3333333333,0.4417670682730923,0.0,-510000.0,21,4.204692619390966,B100316-14,,,,,0,0,0,0,0,15.201804919084164,36.0,6.0,0.0,0.0,0,1,1,1,,,,17,0,0,0,0,0.0,29.85074626865672,
B120501-10,1,5,4,1,0,5,,0,,3,본인급여·부업·아내급여,17,12,12,0.8333,0.25,0.1667,2.667,32,31,9.0,0.75,10.0,12.0,1,0,2012,연체중,손실,202,349,400만원,24개월,0.3,남자,55세,생산직,4480000.0,3870000.0,,34.0,13.0,5.0,0.0,0.0,1,4480000.0,3870000.0,610000.0,610000.0,4000000.0,24.0,266666.6666666666,218750.0,-343333.3333333334,0.4371584699453551,0.0,-391250.0,10,5.308267697401205,B100930-7,income,False,25.0,True,0,1,0,0,0,15.201804919084164,34.0,5.0,0.0,0.0,0,1,1,1,,,,17,1,0,1,1,0.0,0.0,25.0
B120502-12,1,1,1,1,0,1,,0,,0,근거없이 다짐만,17,6,6,0.6667,0.1667,0.3333,0.5,3,2,3.0,0.5,4.0,6.0,1,0,2012,정상종료,완납,76,877,100만원,6개월,0.3,남자,40세,기타,1450000.0,1140000.0,,19.0,15.0,2.0,0.0,0.0,1,1450000.0,1140000.0,310000.0,310000.0,1000000.0,6.0,191666.66666666663,181250.0,-118333.33333333336,0.618279569892473,0.0,-128750.0,12,4.330733340286331,B120502-12,,,,,0,0,0,0,0,13.815510557964274,19.0,2.0,0.0,0.0,0,1,1,1,,,,17,0,0,0,0,0.0,13.157894736842104,
B120505-4,1,3,1,5,1,3,,0,,1,주말알바 현금수입,17,12,12,0.9167,0.0833,0.0833,0.083,1,1,8.0,0.667,9.0,,1,0,2012,정상종료,완납,252,2038,250만원,12개월,0.3,여자,40세,사무직,1980000.0,1610000.0,,,,,,,1,1980000.0,1610000.0,370000.0,370000.0,2500000.0,12.0,270833.3333333334,242187.5,-99166.66666666664,0.731981981981982,0.0,-127812.5,4,5.529429087511423,B120505-4,,,,,0,0,0,0,0,14.73180128983843,0.0,0.0,0.0,0.0,1,0,1,4,,,,17,0,0,0,0,0.0,0.0,
B120507-15,1,3,1,1,0,5,,0,,4,재직중·무연체 상환중,17,21,21,1.0,1.0,0.0,0.0,0,0,,,,,0,0,2012,정상종료,완납,406,151,300만원,24개월,0.3,여자,43세,콜센터,1850000.0,1670000.0,,24.0,24.0,0.0,0.0,0.0,1,1850000.0,1670000.0,180000.0,180000.0,3000000.0,24.0,200000.0,164062.5,20000.0,1.1111111111111112,1.0,-15937.5,15,6.0063531596017325,B120507-15,,,,,0,0,0,0,0,14.914122846632385,24.0,0.0,0.0,0.0,0,0,1,2,,,,17,0,0,0,0,0.0,2.5,
B120507-4,3,4,5,1,0,5,,0,일시,2,6급 진급·보너스 200%,17,15,15,0.8667,0.6,0.1333,0.2,3,2,8.0,0.533,9.0,11.0,1,0,2012,정상종료,완납,244,96,300만원,18개월,0.3,남자,55세,공공기관,3300000.0,130000.0,,43.0,32.0,11.0,0.0,0.0,1,3300000.0,130000.0,3170000.0,3170000.0,3000000.0,18.0,241666.66666666663,206250.0,-2928333.333333333,0.076235541535226,0.0,-2963750.0,4,5.497168225293202,B100727-7,income,False,10.0,True,0,1,0,0,0,14.914122846632385,43.0,11.0,0.0,0.0,0,1,3,1,,,,17,1,0,1,0,0.0,4.0983606557377055,
B120509-1,1,5,1,1,0,4,,0,,3,알바60만·오빠 월20만,17,11,11,0.9091,0.2727,0.0909,0.091,1,1,7.0,0.636,8.0,,1,0,2012,정상종료,완납,309,427,300만원,24개월,0.3,여자,43세,기타,3200000.0,2570000.0,,38.0,18.0,1.0,0.0,0.0,1,3200000.0,2570000.0,630000.0,630000.0,3000000.0,24.0,200000.0,164062.5,-430000.0,0.3174603174603174,0.0,-465937.5,1,5.733341276897746,B120509-1,,,,,0,0,0,0,0,14.914122846632385,38.0,1.0,0.0,0.0,0,0,1,1,,,,17,0,0,0,0,0.0,3.236245954692557,
B120510-22,1,3,1,1,0,5,,0,,1,대리점 계속 운영중,17,12,12,0.75,0.6667,0.25,1.167,14,5,4.0,0.333,6.0,10.0,1,0,2012,정상종료,완납,141,133,200만원,12개월,0.3,여자,65세,보험설계사,3150000.0,2670000.0,,32.0,27.0,4.0,0.0,0.0,1,3150000.0,2670000.0,480000.0,480000.0,2000000.0,12.0,216666.66666666663,193750.0,-263333.3333333334,0.4513888888888888,0.0,-286250.0,22,4.948759890378168,B101221-8,,,,,0,0,0,0,0,14.50865773852422,32.0,4.0,0.0,0.0,0,0,1,1,,,,17,0,0,0,0,0.0,0.0,
B120514-9,2,5,3,1,0,5,,0,일시,3,9년차 연봉4600·연금98만,17,15,15,0.8667,0.8,0.1333,0.933,14,13,11.0,0.733,13.0,,1,0,2012,정상종료,완납,352,245,500만원,15개월,0.3,남자,44세,생산직,3980000.0,2940000.0,,41.0,36.0,4.0,0.0,0.0,1,3980000.0,2940000.0,1040000.0,1040000.0,5000000.0,15.0,458333.3333333333,400000.0,-581666.6666666667,0.4407051282051282,0.0,-640000.0,9,5.863631175598097,B090910-8,,,,,0,0,0,0,0,15.424948470398377,41.0,4.0,0.0,0.0,0,1,3,1,,,,17,0,0,0,0,0.2890173410404624,5.780346820809248,
B120515-11,2,2,1,2,1,3,,0,,0,절약 의지·연락처 공개,17,10,10,0.8,0.8,0.2,1.2,12,8,5.0,0.5,6.0,8.0,1,0,2012,정상종료,완납,197,620,100만원,12개월,0.29,여자,44세,사무직,1230000.0,1170000.0,,,,,,,1,1230000.0,1170000.0,60000.0,60000.0,1000000.0,12.0,107500.0,96423.61111111112,47500.0,1.7916666666666667,1.0,36423.61111111112,11,5.2832037287379885,B120515-11,,,,,0,0,0,0,0,13.815510557964274,0.0,0.0,0.0,0.0,1,0,1,2,,,,17,0,0,0,0,0.0,5.1020408163265305,
B120521-16,1,1,1,1,0,4,,0,,0,전회 성실납부·재직중,17,8,8,0.625,0.25,0.375,7.125,57,31,6.0,0.75,,,1,0,2012,연체중,손실,131,195,300만원,15개월,0.3,남자,53세,공기업,4800000.0,4350000.0,,16.0,12.0,3.0,0.0,0.0,1,4800000.0,4350000.0,450000.0,450000.0,3000000.0,15.0,275000.0,240000.0,-175000.0,0.6111111111111112,0.0,-210000.0,16,4.875197323201151,B110424-4,,,,,0,0,0,0,0,14.914122846632385,16.0,3.0,0.0,0.0,0,1,1,1,,,,17,0,0,0,0,0.0,7.633587786259541,
B120523-14,2,4,1,2,1,4,,0,,1,월급 180만 통장수령,17,18,18,0.2778,0.0,0.7222,10.0,180,31,2.0,0.111,3.0,5.0,1,0,2012,손실(상환완료),손실,401,731,300만원,18개월,0.3,여자,38세,서비스업,2000000.0,1810000.0,,6.0,0.0,16.0,1.0,0.0,1,2000000.0,1810000.0,190000.0,190000.0,3000000.0,18.0,241666.66666666663,206250.0,51666.66666666663,1.2719298245614032,1.0,16250.0,14,5.993961427306569,B111010-7,,,,,0,0,0,0,0,14.914122846632385,6.0,16.0,1.0,0.0,0,0,1,2,,,,17,0,0,0,0,0.997506234413965,0.0,
B120524-14,2,5,1,1,0,5,,0,,2,학원150·과외120~150,17,24,24,0.5833,0.2083,0.4167,1.0,24,4,2.0,0.083,3.0,9.0,1,0,2012,정상종료,완납,717,823,400만원,24개월,0.3,여자,45세,학원,3000000.0,2090000.0,,67.0,38.0,14.0,0.0,0.0,1,3000000.0,2090000.0,910000.0,910000.0,4000000.0,24.0,266666.6666666666,218750.0,-643333.3333333334,0.293040293040293,0.0,-691250.0,14,6.57507584059962,A080507-2,,,,,0,0,0,0,0,15.201804919084164,67.0,14.0,0.0,0.0,0,0,1,1,,,,17,0,0,0,0,0.2801120448179272,0.0,
B120524-16,3,4,4,1,0,5,,0,월,1,월300만·25일 입금중,17,11,11,0.4545,0.0909,0.5455,8.818,97,31,3.0,0.273,5.0,6.0,1,0,2012,연체중,손실,434,921,300만원,18개월,0.3,남자,57세,기타,3000000.0,2460000.0,,23.0,13.0,6.0,0.0,0.0,1,3000000.0,2460000.0,540000.0,540000.0,3000000.0,18.0,241666.66666666663,206250.0,-298333.3333333334,0.4475308641975308,0.0,-333750.0,16,6.073044534100405,B101014-7,income,False,25.0,False,0,1,0,0,0,14.914122846632385,23.0,6.0,0.0,0.0,0,1,1,1,,,,17,1,0,1,1,0.0,11.547344110854503,
B120524-7,1,3,1,1,0,4,,0,,1,2주1회 야간진료 알바,17,12,12,0.75,0.0,0.25,0.333,4,2,1.0,0.083,2.0,3.0,1,0,2012,정상종료,완납,202,240,200만원,12개월,0.3,여자,53세,기타,2610000.0,2180000.0,,77.0,35.0,7.0,0.0,0.0,1,2610000.0,2180000.0,430000.0,430000.0,2000000.0,12.0,216666.66666666663,193750.0,-213333.33333333337,0.503875968992248,0.0,-236250.0,7,5.308267697401205,B110401-6,,,,,0,0,0,0,0,14.50865773852422,77.0,7.0,0.0,0.0,0,0,1,2,,,,17,0,0,0,0,0.0,5.076142131979695,
B120525-7,2,4,4,1,0,5,,0,,1,여유22만·부모가 회생금 납부,17,23,23,0.9565,0.3478,0.0435,0.043,1,1,5.0,0.217,6.0,,1,0,2012,정상종료,완납,283,1227,500만원,24개월,0.3,남자,46세,기술직,6000000.0,5780000.0,,89.0,36.0,28.0,0.0,0.0,1,6000000.0,5780000.0,220000.0,220000.0,5000000.0,24.0,333333.3333333334,273437.5,113333.33333333336,1.5151515151515154,1.0,53437.5,7,5.645446897643238,B100410-9,none,False,,False,0,0,0,0,0,15.424948470398377,89.0,28.0,0.0,0.0,0,1,1,1,,,,17,1,0,1,0,0.0,0.0,
B120601-10,5,5,2,1,0,5,300000.0,1,월,2,급여164만·고정지출 확정,17,10,10,1.0,0.7,0.0,0.0,0,0,,,,,0,0,2012,정상종료,완납,416,846,300만원,15개월,0.3,남자,38세,사무직,1740000.0,1430000.0,,83.0,37.0,2.0,0.0,0.0,1,1740000.0,1430000.0,310000.0,310000.0,3000000.0,15.0,275000.0,240000.0,-35000.0,0.8870967741935484,0.0,-70000.0,10,6.030685260261263,B111228-12,,,,,0,0,0,0,0,14.914122846632385,83.0,2.0,0.0,0.0,0,1,1,1,,,,17,0,0,0,0,0.0,4.866180048661801,
B120605-15,1,4,1,1,0,4,,0,,1,환경회사 5년차 월200만,17,4,4,0.25,0.0,0.75,12.75,51,31,2.0,0.5,,,1,0,2012,연체중,손실,176,713,200만원,12개월,0.3,남자,49세,생산직,1800000.0,1400000.0,,,,,,,1,1800000.0,1400000.0,400000.0,400000.0,2000000.0,12.0,216666.66666666663,193750.0,-183333.33333333337,0.5416666666666665,0.0,-206250.0,15,5.170483995038151,B120605-15,,,,,0,0,0,0,0,14.50865773852422,0.0,0.0,0.0,0.0,1,1,1,2,,,,17,0,0,0,0,0.0,5.681818181818182,
B120611-1,3,4,4,4,1,5,,0,월,1,급여인상 실수령 160만,17,9,9,1.0,0.8889,0.0,0.0,0,0,,,,,0,0,2012,정상종료,완납,174,715,200만원,12개월,0.3,남자,48세,기타,1600000.0,1490000.0,,29.0,22.0,0.0,0.0,0.0,1,1600000.0,1490000.0,110000.0,110000.0,2000000.0,12.0,216666.66666666663,193750.0,106666.66666666664,1.9696969696969693,1.0,83750.0,1,5.159055299214529,B100717-2,income,False,25.0,False,1,1,0,0,0,14.50865773852422,29.0,0.0,0.0,0.0,0,1,4,1,income,25.0,False,17,1,1,0,1,0.0,5.747126436781609,25.0
B120611-6,2,5,3,4,1,5,,0,,2,신랑180~200·본인100~150,17,7,7,1.0,0.5714,0.0,0.0,0,0,,,,,0,0,2012,정상종료,완납,1271,1755,500만원,24개월,0.3,여자,43세,기타,3000000.0,2540000.0,,73.0,48.0,0.0,0.0,0.0,1,3000000.0,2540000.0,460000.0,460000.0,5000000.0,24.0,333333.3333333334,273437.5,-126666.66666666664,0.7246376811594204,0.0,-186562.5,6,7.147559271189454,B110209-9,,,,,0,0,0,0,0,15.424948470398377,73.0,0.0,0.0,0.0,0,0,1,1,,,,17,0,0,0,0,0.6519967400162999,0.0,
B120614-2,1,4,1,1,0,5,,0,,1,5월 372만 일별수입 실적,17,9,9,0.1111,0.1111,0.8889,5.667,51,10,1.0,0.111,9.0,,1,0,2012,정상종료,완납,796,3281,150만원,12개월,0.3,여자,48세,기타,3700000.0,940000.0,,10.0,7.0,31.0,0.0,0.0,1,3700000.0,940000.0,2760000.0,2760000.0,1500000.0,12.0,162500.0,145312.5,-2597500.0,0.0588768115942028,0.0,-2614687.5,2,6.679599185844383,B100909-8,,,,,0,0,0,0,0,14.22097566607244,10.0,31.0,0.0,0.0,0,0,1,1,,,,17,0,0,0,0,0.1262626262626262,1.2626262626262628,
B120618-5,5,4,2,1,0,5,210000.0,1,월,1,20개월 재직 월186만,17,12,12,0.4167,0.0,0.5833,7.917,95,20,3.0,0.25,7.0,8.0,1,0,2012,정상종료,완납,425,1016,200만원,12개월,0.3,남자,47세,사무직,1860000.0,1450000.0,,31.0,20.0,12.0,0.0,0.0,1,1860000.0,1450000.0,410000.0,410000.0,2000000.0,12.0,216666.66666666663,193750.0,-193333.33333333337,0.5284552845528454,0.0,-216250.0,5,6.052089168924417,B110824-7,,,,,0,0,0,0,0,14.50865773852422,31.0,12.0,0.0,0.0,0,1,1,1,,,,17,0,0,0,0,0.0,7.371007371007371,
B120619-1,5,4,4,1,0,5,260000.0,1,월,1,석달평균 수수료 236만,17,9,9,1.0,1.0,0.0,0.0,0,0,,,,,0,0,2012,정상종료,완납,640,1163,200만원,9개월,0.3,여자,44세,,,,,30.0,28.0,0.0,0.0,0.0,1,,,,,2000000.0,9.0,272222.22222222225,250000.0,,,,,1,6.461468176353717,B091114-5,none,False,,False,0,0,0,0,0,14.50865773852422,30.0,0.0,0.0,0.0,0,0,1,2,,,,17,1,0,1,0,0.9389671361502347,1.5649452269170578,
B120619-22,1,3,2,1,0,4,,0,,1,재취업 급여 정기수령,17,8,8,0.875,0.5,0.125,0.375,3,3,4.0,0.5,5.0,,1,0,2012,정상종료,완납,296,925,100만원,9개월,0.3,남자,52세,운전직,3400000.0,1960000.0,,18.0,7.0,8.0,0.0,0.0,1,3400000.0,1960000.0,1440000.0,1440000.0,1000000.0,9.0,136111.11111111112,125000.0,-1303888.888888889,0.0945216049382716,0.0,-1315000.0,22,5.69035945432406,B120619-22,,,,,0,0,0,0,0,13.815510557964274,18.0,8.0,0.0,0.0,0,1,1,2,,,,17,0,0,0,0,2.364864864864865,3.3783783783783785,
B120621-9,3,1,3,1,0,4,,0,월,0,과거 무연체 조기상환,17,11,11,1.0,1.0,0.0,0.0,0,0,,,,,0,0,2012,정상종료,완납,122,1509,300만원,24개월,0.3,남자,50세,기타,4500000.0,3770000.0,,97.0,55.0,3.0,0.0,0.0,1,4500000.0,3770000.0,730000.0,730000.0,3000000.0,24.0,200000.0,164062.5,-530000.0,0.273972602739726,0.0,-565937.5,9,4.804021044733257,B120621-9,,,,,0,0,0,0,0,14.914122846632385,97.0,3.0,0.0,0.0,0,1,1,1,,,,17,0,0,0,0,0.0,0.0,
B120626-6,3,3,3,1,0,5,,0,월,1,금융권 정규직 재직중,17,11,11,1.0,0.9091,0.0,0.0,0,0,,,,,0,0,2012,정상종료,완납,393,632,300만원,15개월,0.3,여자,44세,증권사,3200000.0,2270000.0,,84.0,58.0,16.0,0.0,0.0,1,3200000.0,2270000.0,930000.0,930000.0,3000000.0,15.0,275000.0,240000.0,-655000.0,0.2956989247311828,0.0,-690000.0,6,5.973809611869261,B101024-5,,,,,0,0,0,0,0,14.914122846632385,84.0,16.0,0.0,0.0,0,0,1,1,,,,17,0,0,0,0,0.0,7.653061224489796,
B120627-16,3,4,3,3,1,5,,0,월,1,공사 정규직 실수령160만,17,8,8,0.75,0.25,0.25,0.25,2,1,3.0,0.375,5.0,,1,0,2012,정상종료,완납,589,670,100만원,9개월,0.3,남자,49세,공기업,1600000.0,1380000.0,,16.0,12.0,2.0,0.0,0.0,1,1600000.0,1380000.0,220000.0,220000.0,1000000.0,9.0,136111.11111111112,125000.0,-83888.88888888888,0.6186868686868687,0.0,-95000.0,16,6.3784261836515865,B101013-12,,,,,1,0,0,0,0,13.815510557964274,16.0,2.0,0.0,0.0,0,1,4,1,income,,False,17,0,1,0,0,0.3418803418803419,0.0,
B120702-13,1,5,1,1,0,4,,0,,2,고정200만·부업 10만,17,12,12,0.75,0.25,0.25,0.75,9,6,3.0,0.25,5.0,12.0,1,0,2012,정상종료,완납,591,757,150만원,12개월,0.3,여자,36세,서비스업,3000000.0,1870000.0,,14.0,5.0,4.0,0.0,0.0,1,3000000.0,1870000.0,1130000.0,1130000.0,1500000.0,12.0,162500.0,145312.5,-967500.0,0.1438053097345132,0.0,-984687.5,13,6.3818160174060985,B111101-20,,,,,0,0,0,0,0,14.22097566607244,14.0,4.0,0.0,0.0,0,0,1,2,,,,17,0,0,0,0,0.1703577512776831,8.517887563884157,
B120702-8,3,3,4,1,0,5,,0,월,1,서울메트로 19년 근속,17,6,6,0.1667,0.0,0.8333,8.667,52,18,1.0,0.167,6.0,,1,0,2012,정상종료,완납,399,307,100만원,6개월,0.3,남자,55세,공기업,3200000.0,2840000.0,,11.0,1.0,13.0,0.0,0.0,1,3200000.0,2840000.0,360000.0,360000.0,1000000.0,6.0,191666.66666666663,181250.0,-168333.33333333337,0.5324074074074073,0.0,-178750.0,8,5.988961416889864,B120702-8,income,True,20.0,False,1,1,0,0,1,13.815510557964274,11.0,13.0,0.0,0.0,0,1,4,2,income,20.0,False,17,1,1,0,1,0.2538071065989847,10.15228426395939,
B120703-11,3,5,1,1,0,5,,0,월,3,급여170만·주말알바,17,14,14,1.0,0.0714,0.0,0.0,0,0,,,,,0,0,2012,정상종료,완납,434,553,500만원,24개월,0.3,남자,40세,기술직,2400000.0,1230000.0,,57.0,6.0,5.0,0.0,0.0,1,2400000.0,1230000.0,1170000.0,1170000.0,5000000.0,24.0,333333.3333333334,273437.5,-836666.6666666666,0.2849002849002849,0.0,-896562.5,11,6.073044534100405,B100817-69,,,,,0,0,0,0,0,15.424948470398377,57.0,5.0,0.0,0.0,0,1,1,1,,,,17,0,0,0,0,0.2304147465437788,6.912442396313365,
B120703-18,3,3,4,1,0,3,,0,월,1,25일 급여·8월 호전기대,17,15,15,1.0,0.6,0.0,0.0,0,0,,,,,0,0,2012,정상종료,완납,68,659,300만원,18개월,0.3,여자,54세,보험설계사,2000000.0,1880000.0,,54.0,47.0,0.0,0.0,0.0,1,2000000.0,1880000.0,120000.0,120000.0,3000000.0,18.0,241666.66666666663,206250.0,121666.66666666664,2.0138888888888884,1.0,86250.0,18,4.219507705176107,B100630-16,income,True,25.0,False,1,1,0,0,1,14.914122846632385,54.0,0.0,0.0,0.0,0,0,4,2,income,25.0,False,17,1,1,0,0,0.0,0.0,
B120704-12,1,3,1,2,1,4,,0,,1,"가게 운영중, 연체이력",17,7,7,0.7143,0.1429,0.2857,5.143,36,31,6.0,0.857,,,1,0,2012,연체중,손실,241,1566,250만원,12개월,0.3,남자,38세,요식업,3000000.0,2450000.0,,22.0,12.0,5.0,0.0,0.0,1,3000000.0,2450000.0,550000.0,550000.0,2500000.0,12.0,270833.3333333334,242187.5,-279166.6666666666,0.4924242424242425,0.0,-307812.5,12,5.484796933490655,B100913-3,,,,,0,0,0,0,0,14.73180128983843,22.0,5.0,0.0,0.0,0,1,1,1,,,,17,0,0,0,0,0.851063829787234,8.51063829787234,
B120706-6,2,3,3,1,0,5,,0,,1,기본급 5% 인상 증빙,17,5,5,0.4,0.2,0.6,6.4,32,15,3.0,0.6,,,1,0,2012,정상종료,완납,619,861,300만원,24개월,0.3,남자,48세,기술직,2210000.0,1780000.0,,31.0,25.0,18.0,0.0,0.0,1,2210000.0,1780000.0,430000.0,430000.0,3000000.0,24.0,200000.0,164062.5,-230000.0,0.4651162790697674,0.0,-265937.5,6,6.428105272684596,B100922-3,,,,,0,0,0,0,0,14.914122846632385,31.0,18.0,0.0,0.0,0,1,1,1,,,,17,0,0,0,0,0.1623376623376623,0.0,
B120711-7,1,4,1,1,0,5,,0,,1,세후 220만 수령중,17,12,12,0.75,0.0833,0.25,0.333,4,2,5.0,0.417,6.0,8.0,1,0,2012,정상종료,완납,73,305,150만원,12개월,0.3,여자,38세,사무직,2200000.0,2120000.0,,52.0,15.0,24.0,0.0,0.0,1,2200000.0,2120000.0,80000.0,80000.0,1500000.0,12.0,162500.0,145312.5,82500.0,2.03125,1.0,65312.5,7,4.290459441148391,B110425-5,,,,,0,0,0,0,0,14.22097566607244,52.0,24.0,0.0,0.0,0,0,1,1,,,,17,0,0,0,0,0.0,0.0,
B120712-5,1,2,4,1,0,3,,0,,0,10월 저리전환 기대,17,12,12,1.0,0.0833,0.0,0.0,0,0,,,,,0,0,2012,정상종료,완납,405,635,150만원,12개월,0.3,여자,48세,사무직,3300000.0,2810000.0,,86.0,34.0,5.0,0.0,0.0,1,3300000.0,2810000.0,490000.0,490000.0,1500000.0,12.0,162500.0,145312.5,-327500.0,0.3316326530612244,0.0,-344687.5,5,6.003887067106539,B110513-8,calendar,True,29.0,False,0,0,1,0,1,14.22097566607244,86.0,5.0,0.0,0.0,0,0,1,3,,,,17,1,0,1,0,0.2469135802469135,2.469135802469136,
B120715-1,4,5,1,2,1,5,160000.0,1,월,3,월250만·전직장보다 증가,17,6,6,0.1667,0.0,0.8333,22.833,137,31,2.0,0.333,,,1,0,2012,연체중,손실,649,432,150만원,12개월,0.3,남자,48세,사무직,3050000.0,2200000.0,,30.0,15.0,37.0,5.0,0.0,1,3050000.0,2200000.0,850000.0,850000.0,1500000.0,12.0,162500.0,145312.5,-687500.0,0.1911764705882352,0.0,-704687.5,1,6.47543271670409,A070726-1,,,,,0,0,0,0,0,14.22097566607244,30.0,37.0,5.0,0.0,0,1,1,1,,,,17,0,0,0,0,0.3086419753086419,4.62962962962963,
B120717-8,2,4,4,4,1,4,,0,,1,식당147만·11월 이직예정,17,12,12,1.0,0.75,0.0,0.0,0,0,,,,,0,0,2012,정상종료,완납,142,408,200만원,12개월,0.3,여자,42세,요식업,1470000.0,680000.0,,25.0,19.0,10.0,0.0,0.0,1,1470000.0,680000.0,790000.0,790000.0,2000000.0,12.0,216666.66666666663,193750.0,-573333.3333333334,0.2742616033755273,0.0,-596250.0,8,4.955827057601261,B110429-12,none,False,,False,0,0,0,0,0,14.50865773852422,25.0,10.0,0.0,0.0,0,0,1,1,,,,17,1,0,1,0,0.0,0.0,
B120719-4,1,3,3,1,0,5,,0,,1,2년 무연체·상환 지속중,17,9,9,0.2222,0.0,0.7778,12.0,108,28,2.0,0.222,3.0,4.0,1,0,2012,정상종료,완납,407,591,200만원,9개월,0.3,여자,41세,서비스업,3000000.0,2440000.0,,,,,,,1,3000000.0,2440000.0,560000.0,560000.0,2000000.0,9.0,272222.22222222225,250000.0,-287777.7777777777,0.4861111111111111,0.0,-310000.0,4,6.008813185442595,B120719-4,,,,,0,0,0,0,0,14.50865773852422,0.0,0.0,0.0,0.0,1,0,1,1,,,,17,0,0,0,0,0.7407407407407408,4.938271604938271,
B120723-3,2,1,1,1,0,4,,0,,0,전회 무연체 상환,17,7,7,0.2857,0.1429,0.7143,3.286,23,7,1.0,0.143,3.0,4.0,1,0,2012,정상종료,완납,96,277,100만원,12개월,0.3,남자,39세,사무직,2100000.0,1670000.0,,5.0,1.0,16.0,0.0,0.0,1,2100000.0,1670000.0,430000.0,430000.0,1000000.0,12.0,108333.33333333331,96875.0,-321666.6666666667,0.251937984496124,0.0,-333125.0,3,4.564348191467836,B100524-10,,,,,0,0,0,0,0,13.815510557964274,5.0,16.0,0.0,0.0,0,1,1,1,,,,17,0,0,0,0,0.0,0.0,
B120730-3,2,5,4,4,1,5,,0,,2,작년6천만·유지수당 100만,17,11,11,1.0,0.9091,0.0,0.0,0,0,,,,,0,0,2012,정상종료,완납,1179,1100,200만원,12개월,0.3,여자,44세,보험설계사,2600000.0,1800000.0,,50.0,42.0,0.0,0.0,0.0,1,2600000.0,1800000.0,800000.0,800000.0,2000000.0,12.0,216666.66666666663,193750.0,-583333.3333333334,0.2708333333333332,0.0,-606250.0,3,7.072421900537371,B090719-7,income,False,25.0,False,0,1,0,0,0,14.50865773852422,50.0,0.0,0.0,0.0,0,0,1,2,,,,17,1,0,1,1,0.0,1.706484641638225,25.0
B120801-3,3,3,5,5,1,4,,0,월,2,남편 월급·세입자 보증금,17,6,6,1.0,1.0,0.0,0.0,0,0,,,,,0,0,2012,정상종료,완납,224,1022,100만원,9개월,0.3,남자,38세,기술직,1200000.0,980000.0,,18.0,18.0,0.0,0.0,0.0,1,1200000.0,980000.0,220000.0,220000.0,1000000.0,9.0,136111.11111111112,125000.0,-83888.88888888888,0.6186868686868687,0.0,-95000.0,3,5.41164605185504,B120801-3,income,True,15.0,True,1,1,0,0,1,13.815510557964274,18.0,0.0,0.0,0.0,0,1,4,5,income,15.0,False,17,1,1,0,1,0.0,0.0,15.0
B120802-2,1,3,1,1,0,5,,0,,2,본업1년·새벽알바 중,17,2,2,0.0,0.0,1.0,16.0,32,31,1.0,0.5,,,1,0,2012,연체중,손실,141,855,150만원,9개월,0.3,남자,34세,영업직,1850000.0,1690000.0,,10.0,8.0,1.0,0.0,0.0,1,1850000.0,1690000.0,160000.0,160000.0,1500000.0,9.0,204166.66666666663,187500.0,44166.66666666663,1.2760416666666663,1.0,27500.0,2,4.948759890378168,B110818-3,,,,,0,0,0,0,0,14.22097566607244,10.0,1.0,0.0,0.0,0,1,1,1,,,,17,0,0,0,0,0.7142857142857143,0.0,
B120807-1,1,1,1,1,0,4,,0,,0,신용보고서 무연체,17,1,1,0.0,0.0,1.0,31.0,31,31,1.0,1.0,,,1,0,2012,연체중,손실,126,163,100만원,6개월,0.3,남자,53세,기타,2000000.0,1220000.0,,,,,,,1,2000000.0,1220000.0,780000.0,780000.0,1000000.0,6.0,191666.66666666663,181250.0,-588333.3333333334,0.2457264957264957,0.0,-598750.0,1,4.836281906951478,B120807-1,,,,,0,0,0,0,0,13.815510557964274,0.0,0.0,0.0,0.0,1,1,1,1,,,,17,0,0,0,0,2.380952380952381,15.873015873015872,
B120808-2,2,1,1,1,0,5,,0,,0,조기상환34건·면책,17,9,9,1.0,0.6667,0.0,0.0,0,0,,,,,0,0,2012,정상종료,완납,361,1038,350만원,15개월,0.3,여자,46세,콜센터,2000000.0,1460000.0,,95.0,76.0,2.0,0.0,0.0,1,2000000.0,1460000.0,540000.0,540000.0,3500000.0,15.0,320833.3333333334,280000.0,-219166.66666666663,0.5941358024691359,0.0,-260000.0,2,5.8888779583328805,B090815-3,,,,,0,0,0,0,0,15.068273526459642,95.0,2.0,0.0,0.0,0,0,1,3,,,,17,0,0,0,0,0.0,0.0,
B120816-12,2,4,1,1,0,4,,0,,1,월200만 취업 6일째,17,9,9,0.2222,0.0,0.7778,5.222,47,14,3.0,0.333,,,1,0,2012,정상종료,완납,307,566,100만원,9개월,0.3,남자,45세,운전직,2000000.0,1860000.0,,,,,,,1,2000000.0,1860000.0,140000.0,140000.0,1000000.0,9.0,136111.11111111112,125000.0,-3888.888888888876,0.9722222222222224,0.0,-15000.0,12,5.726847747587197,B120816-12,,,,,0,0,0,0,0,13.815510557964274,0.0,0.0,0.0,0.0,1,1,1,3,,,,17,0,0,0,0,0.0,0.0,
B120820-3,1,4,1,1,0,5,,0,,1,제조업 월200~250 수령,17,3,3,0.3333,0.0,0.6667,10.667,32,31,2.0,0.667,,,1,0,2012,연체중,손실,172,1178,100만원,9개월,0.3,여자,53세,생산직,2000000.0,1470000.0,,,,,,,1,2000000.0,1470000.0,530000.0,530000.0,1000000.0,9.0,136111.11111111112,125000.0,-393888.8888888889,0.2568134171907757,0.0,-405000.0,3,5.147494476813453,B120820-3,,,,,0,0,0,0,0,13.815510557964274,0.0,0.0,0.0,0.0,1,0,1,1,,,,17,0,0,0,0,0.5813953488372093,5.813953488372093,
B120822-6,3,5,3,3,1,4,,0,월,2,신랑270·본인130만,17,9,9,0.2222,0.0,0.7778,12.778,115,31,1.0,0.111,3.0,4.0,1,0,2012,연체중,손실,176,347,200만원,12개월,0.3,여자,47세,사무직,4000000.0,3380000.0,,5.0,0.0,13.0,1.0,0.0,1,4000000.0,3380000.0,620000.0,620000.0,2000000.0,12.0,216666.66666666663,193750.0,-403333.3333333334,0.3494623655913977,0.0,-426250.0,6,5.170483995038151,B110830-14,,,,,1,0,0,0,0,14.50865773852422,5.0,13.0,1.0,0.0,0,0,4,2,income,,False,17,0,1,0,1,0.0,0.0,
B120823-4,1,3,3,1,0,5,,0,,1,정규직 4년차·6.1% 인상,17,10,10,1.0,0.6,0.0,0.0,0,0,,,,,0,0,2012,정상종료,완납,403,879,200만원,12개월,0.3,남자,47세,사무직,2550000.0,1940000.0,,96.0,76.0,3.0,0.0,0.0,1,2550000.0,1940000.0,610000.0,610000.0,2000000.0,12.0,216666.66666666663,193750.0,-393333.3333333334,0.355191256830601,0.0,-416250.0,4,5.998936561946683,B110709-5,,,,,0,0,0,0,0,14.50865773852422,96.0,3.0,0.0,0.0,0,1,1,1,,,,17,0,0,0,1,0.0,0.0,
B120823-5,1,3,1,1,0,4,,0,,2,부부 맞벌이 중,17,12,12,0.5833,0.0,0.4167,0.917,11,3,4.0,0.333,5.0,6.0,1,0,2012,정상종료,완납,64,867,150만원,12개월,0.3,여자,38세,간호사,1000000.0,210000.0,,17.0,8.0,7.0,0.0,0.0,1,1000000.0,210000.0,790000.0,790000.0,1500000.0,12.0,162500.0,145312.5,-627500.0,0.2056962025316455,0.0,-644687.5,5,4.158883083359672,B090103-2,,,,,0,0,0,0,0,14.22097566607244,17.0,7.0,0.0,0.0,0,0,1,1,,,,17,0,0,0,0,0.0,0.0,
B120827-12,1,5,3,1,0,4,,0,,3,신랑 연봉3400·상여500%,17,2,2,0.0,0.0,1.0,17.5,35,31,1.0,0.5,,,1,0,2012,연체중,손실,181,438,100만원,9개월,0.3,여자,36세,생산직,2300000.0,2020000.0,,3.0,2.0,6.0,1.0,0.0,1,2300000.0,2020000.0,280000.0,280000.0,1000000.0,9.0,136111.11111111112,125000.0,-143888.88888888888,0.4861111111111111,0.0,-155000.0,12,5.198497031265826,B111005-21,,,,,0,0,0,0,0,13.815510557964274,3.0,6.0,1.0,0.0,0,0,1,1,,,,17,0,0,0,0,0.0,0.0,
B120827-4,1,2,3,1,0,4,,0,,0,같은 일 지속·과거 상환,17,12,12,0.75,0.5833,0.25,5.417,65,28,4.0,0.333,5.0,7.0,1,0,2012,정상종료,완납,344,2471,250만원,12개월,0.3,여자,50세,일용직,1200000.0,740000.0,,52.0,42.0,20.0,5.0,0.0,1,1200000.0,740000.0,460000.0,460000.0,2500000.0,12.0,270833.3333333334,242187.5,-189166.66666666663,0.588768115942029,0.0,-217812.5,4,5.840641657373398,B110321-16,,,,,0,0,0,0,0,14.73180128983843,52.0,20.0,5.0,0.0,0,0,1,1,,,,17,0,0,0,0,1.4534883720930232,5.813953488372093,
B120828-8,5,4,4,1,0,5,240000.0,1,월,1,정규직 7년9개월 실수령400,17,9,9,0.7778,0.4444,0.2222,2.667,24,14,2.0,0.222,3.0,4.0,1,0,2012,정상종료,완납,685,309,200만원,9개월,0.3,남자,45세,생산직,4000000.0,2580000.0,,13.0,6.0,3.0,0.0,0.0,1,4000000.0,2580000.0,1420000.0,1420000.0,2000000.0,9.0,272222.22222222225,250000.0,-1147777.7777777778,0.1917057902973396,0.0,-1170000.0,8,6.529418838262226,B120306-6,calendar,True,,False,1,0,1,0,1,14.50865773852422,13.0,3.0,0.0,0.0,0,1,4,1,calendar,,False,17,1,1,0,0,0.0,1.4749262536873156,
B120902-4,2,5,1,1,0,5,,0,,3,급여140·부수입50~80,17,12,12,1.0,0.4167,0.0,0.0,0,0,,,,,0,0,2012,정상종료,완납,551,641,150만원,12개월,0.3,남자,52세,시설관리업체,2000000.0,1450000.0,,20.0,5.0,1.0,0.0,0.0,1,2000000.0,1450000.0,550000.0,550000.0,1500000.0,12.0,162500.0,145312.5,-387500.0,0.2954545454545454,0.0,-404687.5,4,6.311734809152915,B110914-5,,,,,0,0,0,0,0,14.22097566607244,20.0,1.0,0.0,0.0,0,1,1,1,,,,17,0,0,0,0,0.0,1.8148820326678765,
B120903-3,3,4,5,1,0,4,,0,,2,사업체 운영+알바 시작,17,6,6,0.8333,0.5,0.1667,2.5,15,15,6.0,1.0,,,1,0,2012,정상종료,완납,205,586,100만원,6개월,0.3,남자,38세,기타,2900000.0,2390000.0,,,,,,,1,2900000.0,2390000.0,510000.0,510000.0,1000000.0,6.0,191666.66666666663,181250.0,-318333.3333333334,0.3758169934640522,0.0,-328750.0,3,5.3230099791384085,B120903-3,none,False,,False,0,0,0,0,0,13.815510557964274,0.0,0.0,0.0,0.0,1,1,1,1,,,,17,1,0,1,0,0.0,4.901960784313726,
B120904-13,1,2,3,1,0,2,,0,,0,2~3개월후 회사안정 기대,17,6,6,0.5,0.0,0.5,0.667,4,2,1.0,0.167,2.0,3.0,1,0,2012,정상종료,완납,84,324,100만원,6개월,0.3,여자,51세,사무직,2200000.0,1840000.0,,50.0,9.0,5.0,0.0,0.0,1,2200000.0,1840000.0,360000.0,360000.0,1000000.0,6.0,191666.66666666663,181250.0,-168333.33333333337,0.5324074074074073,0.0,-178750.0,13,4.430816798843313,B120904-13,,,,,0,0,0,0,0,13.815510557964274,50.0,5.0,0.0,0.0,0,0,1,3,,,,17,0,0,0,0,1.1904761904761905,11.904761904761903,
B120905-4,1,3,1,1,0,4,,0,,1,9년째 동일분야 근무,17,12,12,1.0,0.75,0.0,0.0,0,0,,,,,0,0,2012,정상종료,완납,649,1292,200만원,12개월,0.3,여자,39세,사무직,1590000.0,1260000.0,,19.0,12.0,0.0,0.0,0.0,1,1590000.0,1260000.0,330000.0,330000.0,2000000.0,12.0,216666.66666666663,193750.0,-113333.33333333336,0.6565656565656565,0.0,-136250.0,4,6.47543271670409,B120905-4,,,,,0,0,0,0,0,14.50865773852422,19.0,0.0,0.0,0.0,0,0,1,1,,,,17,0,0,0,0,0.0,9.244992295839754,
B120906-6,1,3,1,1,0,3,,0,,2,바꿔드림론 승인 기대,17,7,7,0.0,0.0,1.0,12.429,87,31,1.0,0.143,,,1,0,2012,연체중,손실,155,87,100만원,12개월,0.3,남자,36세,영업직,1700000.0,1400000.0,,,,,,,1,1700000.0,1400000.0,300000.0,300000.0,1000000.0,12.0,108333.33333333331,96875.0,-191666.6666666667,0.361111111111111,0.0,-203125.0,6,5.043425116919247,B120906-6,,,,,0,0,0,0,0,13.815510557964274,0.0,0.0,0.0,0.0,1,1,1,2,,,,17,0,0,0,0,0.0,0.0,
B120907-2,1,3,1,1,0,5,,0,,1,정직원 전환·회생금 납입중,17,6,6,0.6667,0.3333,0.3333,2.167,13,9,3.0,0.5,5.0,,1,0,2012,정상종료,완납,405,1498,100만원,6개월,0.3,여자,35세,사무직,1300000.0,1160000.0,,5.0,2.0,4.0,1.0,0.0,1,1300000.0,1160000.0,140000.0,140000.0,1000000.0,6.0,191666.66666666663,181250.0,51666.66666666663,1.3690476190476188,1.0,41250.0,2,6.003887067106539,B120907-2,,,,,0,0,0,0,0,13.815510557964274,5.0,4.0,1.0,0.0,0,0,1,1,,,,17,0,0,0,0,0.0,2.4752475247524752,
B120907-4,1,2,1,2,1,3,,0,,0,현재 상황 호전 주장,17,8,8,0.875,0.625,0.125,0.875,7,7,3.0,0.375,4.0,,1,0,2012,정상종료,완납,265,391,150만원,9개월,0.3,여자,39세,기타,3700000.0,3360000.0,,21.0,11.0,16.0,0.0,0.0,1,3700000.0,3360000.0,340000.0,340000.0,1500000.0,9.0,204166.66666666663,187500.0,-135833.33333333337,0.6004901960784312,0.0,-152500.0,4,5.579729825986222,B091125-14,,,,,0,0,0,0,0,14.22097566607244,21.0,16.0,0.0,0.0,0,0,1,1,,,,17,0,0,0,1,0.0,0.0,
B120909-2,1,5,1,3,1,4,,0,,1,여름2000·겨울1500 매출,17,8,8,1.0,0.125,0.0,0.0,0,0,,,,,0,0,2012,정상종료,완납,577,613,200만원,9개월,0.3,남자,45세,서비스업,6500000.0,6100000.0,,79.0,11.0,5.0,0.0,0.0,1,6500000.0,6100000.0,400000.0,400000.0,2000000.0,9.0,272222.22222222225,250000.0,-127777.77777777777,0.6805555555555556,0.0,-150000.0,2,6.3578422665081,B111207-18,,,,,0,0,0,0,0,14.50865773852422,79.0,5.0,0.0,0.0,0,1,1,1,,,,17,0,0,0,0,0.0,0.0,
B120911-1,2,5,1,1,0,5,,0,,2,재직2년·주말 일당6만,17,8,8,0.875,0.75,0.125,0.125,1,1,4.0,0.5,5.0,,1,0,2012,정상종료,완납,649,2706,100만원,9개월,0.3,남자,49세,기타,2300000.0,2160000.0,,16.0,11.0,5.0,0.0,0.0,1,2300000.0,2160000.0,140000.0,140000.0,1000000.0,9.0,136111.11111111112,125000.0,-3888.888888888876,0.9722222222222224,0.0,-15000.0,1,6.47543271670409,B110803-12,,,,,0,0,0,0,0,13.815510557964274,16.0,5.0,0.0,0.0,0,1,1,2,,,,17,0,0,0,0,0.0,1.547987616099071,
B120918-1,1,1,1,1,0,5,,0,,0,과거 2회 조기완납,18,9,9,1.0,0.6667,0.0,0.0,0,0,,,,,0,0,2012,정상종료,완납,133,384,100만원,12개월,0.3,남자,42세,사무직,1800000.0,1220000.0,,28.0,25.0,0.0,0.0,0.0,1,1800000.0,1220000.0,580000.0,580000.0,1000000.0,12.0,108333.33333333331,96875.0,-471666.6666666667,0.1867816091954022,0.0,-483125.0,1,4.890349128221754,B090707-6,,,,,0,0,0,0,0,13.815510557964274,28.0,0.0,0.0,0.0,0,1,2,1,,,,18,0,0,0,0,0.0,7.518796992481203,
B120918-3,2,3,4,1,0,5,,0,월,1,급여일 매월5일 재직,18,11,11,1.0,0.9091,0.0,0.0,0,0,,,,,0,0,2012,정상종료,완납,46,928,200만원,12개월,0.3,남자,55세,기타,2750000.0,2080000.0,,66.0,56.0,5.0,5.0,0.0,1,2750000.0,2080000.0,670000.0,670000.0,2000000.0,12.0,216666.66666666663,193750.0,-453333.3333333334,0.3233830845771143,0.0,-476250.0,3,3.828641396489095,B110630-2,income,False,5.0,False,0,1,0,0,0,14.50865773852422,66.0,5.0,5.0,0.0,0,1,1,1,,,,18,1,0,1,1,0.0,0.0,
B120924-11,1,1,3,1,0,2,,0,,0,마음가짐 다짐뿐,18,1,1,1.0,1.0,0.0,0.0,0,0,,,,,0,0,2012,정상종료,완납,202,428,150만원,12개월,0.3,남자,40세,사무직,1400000.0,880000.0,,3.0,2.0,4.0,1.0,0.0,1,1400000.0,880000.0,520000.0,520000.0,1500000.0,12.0,162500.0,145312.5,-357500.0,0.3125,0.0,-374687.5,11,5.308267697401205,B120924-11,,,,,0,0,0,0,0,14.22097566607244,3.0,4.0,1.0,0.0,0,1,2,1,,,,18,0,0,0,0,0.0,14.85148514851485,
B120924-15,3,3,4,1,0,4,,0,월,2,급여일21일 야근수당,18,6,6,1.0,0.0,0.0,0.0,0,0,,,,,0,0,2012,정상종료,완납,77,716,150만원,6개월,0.3,남자,47세,사무직,3000000.0,2640000.0,,,,,,,1,3000000.0,2640000.0,360000.0,360000.0,1500000.0,6.0,287500.0,271875.0,-72500.0,0.7986111111111112,0.0,-88125.0,15,4.343805421853684,B120924-15,income,False,21.0,False,1,1,0,0,0,14.22097566607244,0.0,0.0,0.0,0.0,1,1,4,1,income,21.0,False,18,1,1,0,1,0.0,0.0,21.0
B120927-12,3,5,4,5,1,5,,0,월,4,5년운영 학원 월순익400만,18,11,11,1.0,0.5455,0.0,0.0,0,0,,,,,0,0,2012,정상종료,완납,2410,563,200만원,12개월,0.3,남자,46세,학원,4000000.0,3850000.0,,26.0,17.0,1.0,0.0,0.0,1,4000000.0,3850000.0,150000.0,150000.0,2000000.0,12.0,216666.66666666663,193750.0,66666.66666666663,1.4444444444444442,1.0,43750.0,12,7.787382026484701,B120927-12,none,False,,False,0,0,0,0,0,14.50865773852422,26.0,1.0,0.0,0.0,0,1,1,5,,,,18,1,0,1,0,0.0,0.0,
B121002-3,2,5,3,1,0,4,,0,,2,택배 재직 월200만,18,6,6,1.0,0.5,0.0,0.0,0,0,,,,,0,0,2012,정상종료,완납,519,386,250만원,6개월,0.3,남자,54세,운전직,2000000.0,1260000.0,,114.0,90.0,4.0,0.0,0.0,1,2000000.0,1260000.0,740000.0,740000.0,2500000.0,6.0,479166.6666666667,453125.0,-260833.3333333333,0.6475225225225225,0.0,-286875.0,3,6.251903883165888,B100222-15,,,,,0,0,0,0,0,14.73180128983843,114.0,4.0,0.0,0.0,0,1,1,1,,,,18,0,0,0,0,0.0,0.0,
B121002-4,1,1,3,1,0,4,,0,,0,과거 상환이력 있음,18,12,12,0.8333,0.3333,0.1667,0.167,2,1,7.0,0.583,8.0,10.0,1,0,2012,정상종료,완납,307,709,200만원,12개월,0.3,여자,48세,서비스업,4790000.0,4150000.0,,27.0,7.0,3.0,0.0,0.0,1,4790000.0,4150000.0,640000.0,640000.0,2000000.0,12.0,216666.66666666663,193750.0,-423333.3333333334,0.3385416666666666,0.0,-446250.0,4,5.726847747587197,B110208-15,,,,,0,0,0,0,0,14.50865773852422,27.0,3.0,0.0,0.0,0,0,2,1,,,,18,0,0,0,0,1.6286644951140066,9.771986970684038,
B121004-9,1,1,1,1,0,5,,0,,0,과거 조기상환 완료,18,1,1,1.0,1.0,0.0,0.0,0,0,,,,,0,0,2012,정상종료,완납,85,412,300만원,24개월,0.3,남자,48세,공기업,3700000.0,2850000.0,,48.0,14.0,7.0,0.0,0.0,1,3700000.0,2850000.0,850000.0,850000.0,3000000.0,24.0,200000.0,164062.5,-650000.0,0.2352941176470588,0.0,-685937.5,9,4.442651256490317,B090804-12,,,,,0,0,0,0,0,14.914122846632385,48.0,7.0,0.0,0.0,0,1,2,1,,,,18,0,0,0,0,0.0,0.0,
B121011-1,2,4,4,1,0,3,,0,,1,취업확정 첫월급부터,18,9,9,0.0,0.0,1.0,19.222,173,31,1.0,0.111,,,1,0,2012,연체중,손실,361,528,100만원,9개월,0.3,남자,34세,기타,2300000.0,1280000.0,,,,,,,1,2300000.0,1280000.0,1020000.0,1020000.0,1000000.0,9.0,136111.11111111112,125000.0,-883888.8888888889,0.133442265795207,0.0,-895000.0,1,5.8888779583328805,B121011-1,income,False,,False,0,1,0,0,0,13.815510557964274,0.0,0.0,0.0,0.0,1,1,3,1,,,,18,1,0,1,0,0.0,0.0,
B121014-5,2,2,3,1,0,3,,0,,0,다음달 회생종료 예정,18,18,18,1.0,0.6667,0.0,0.0,0,0,,,,,0,0,2012,정상종료,완납,100,298,500만원,18개월,0.3,남자,57세,공기업,4600000.0,4420000.0,,49.0,43.0,0.0,0.0,0.0,1,4600000.0,4420000.0,180000.0,180000.0,5000000.0,18.0,402777.77777777775,343750.0,222777.7777777777,2.2376543209876543,1.0,163750.0,5,4.605170185988092,B091109-2,,,,,0,0,0,0,0,15.424948470398377,49.0,0.0,0.0,0.0,0,1,3,1,,,,18,0,0,0,0,0.0,10.20408163265306,
B121017-4,2,4,1,1,0,5,,0,,1,과거4회상환 수당20만증,18,8,8,1.0,0.875,0.0,0.0,0,0,,,,,0,0,2012,정상종료,완납,333,545,500만원,15개월,0.3,여자,43세,콜센터,2000000.0,1600000.0,,90.0,74.0,1.0,0.0,0.0,1,2000000.0,1600000.0,400000.0,400000.0,5000000.0,15.0,458333.3333333333,400000.0,58333.333333333314,1.1458333333333333,1.0,0.0,4,5.808142489980444,B100505-17,,,,,0,0,0,0,0,15.424948470398377,90.0,1.0,0.0,0.0,0,0,2,3,,,,18,0,0,0,0,0.0,3.0303030303030303,
B121019-13,2,4,1,1,0,5,,0,,2,콜센터13개월 월165만,18,9,9,0.8889,0.7778,0.1111,1.778,16,16,9.0,1.0,,,1,0,2012,정상종료,완납,299,628,100만원,9개월,0.3,여자,34세,콜센터,1750000.0,1270000.0,,10.0,9.0,1.0,0.0,0.0,1,1750000.0,1270000.0,480000.0,480000.0,1000000.0,9.0,136111.11111111112,125000.0,-343888.8888888889,0.2835648148148148,0.0,-355000.0,13,5.700443573390687,B121019-13,,,,,0,0,0,0,0,13.815510557964274,10.0,1.0,0.0,0.0,0,0,2,1,,,,18,0,0,0,0,0.3367003367003366,0.0,
B121023-1,2,3,4,1,0,4,,0,,2,무연체이력 월급인상,18,17,17,1.0,1.0,0.0,0.0,0,0,,,,,0,0,2012,정상종료,완납,317,277,500만원,18개월,0.3,남자,48세,영업직,3110000.0,2690000.0,,52.0,47.0,0.0,0.0,0.0,1,3110000.0,2690000.0,420000.0,420000.0,5000000.0,18.0,402777.77777777775,343750.0,-17222.222222222248,0.958994708994709,0.0,-76250.0,1,5.75890177387728,B100707-15,calendar,True,,True,0,0,1,0,1,15.424948470398377,52.0,0.0,0.0,0.0,0,1,3,1,,,,18,1,0,1,0,0.0,0.0,
B121027-1,3,4,5,2,1,5,,0,월,2,애슐리 월105만 계약,18,12,12,1.0,1.0,0.0,0.0,0,0,,,,,0,0,2012,정상종료,완납,261,2096,150만원,12개월,0.3,여자,50세,기타,2450000.0,2350000.0,,51.0,51.0,0.0,0.0,0.0,1,2450000.0,2350000.0,100000.0,100000.0,1500000.0,12.0,162500.0,145312.5,62500.0,1.625,1.0,45312.5,1,5.564520407322694,B120116-5,income,True,25.0,True,1,1,0,0,1,14.22097566607244,51.0,0.0,0.0,0.0,0,0,5,2,income,25.0,True,18,1,1,0,1,0.0,0.0,
B121030-3,3,1,4,1,0,2,,0,월,0,근거 제시 없음,18,12,12,0.6667,0.0,0.3333,0.75,9,4,1.0,0.083,4.0,10.0,1,0,2012,정상종료,완납,143,659,100만원,12개월,0.3,남자,33세,기술직,1500000.0,950000.0,,28.0,11.0,12.0,0.0,0.0,1,1500000.0,950000.0,550000.0,550000.0,1000000.0,12.0,108333.33333333331,96875.0,-441666.6666666667,0.1969696969696969,0.0,-453125.0,3,4.962844630259907,B121030-3,calendar,False,27.0,False,1,0,1,0,0,13.815510557964274,28.0,12.0,0.0,0.0,0,1,4,1,calendar,27.0,False,18,1,1,0,1,0.0,13.986013986013988,27.0
B121031-2,2,5,4,3,1,4,,0,,3,10년근속 퇴직금200만,18,24,24,0.7917,0.625,0.2083,0.958,23,12,12.0,0.5,13.0,16.0,1,0,2012,정상종료,완납,1434,959,300만원,24개월,0.3,남자,50세,보험설계사,4600000.0,4160000.0,,100.0,82.0,21.0,0.0,0.0,1,4600000.0,4160000.0,440000.0,440000.0,3000000.0,24.0,200000.0,164062.5,-240000.0,0.4545454545454545,0.0,-275937.5,2,7.268223021159565,B091207-22,event,False,,False,0,0,0,1,0,14.914122846632385,100.0,21.0,0.0,0.0,0,1,3,1,,,,18,1,0,1,0,0.2100840336134453,0.7002801120448179,
B121101-1,2,4,4,1,0,5,,0,,1,월급200만 급여일5일,18,6,6,1.0,0.3333,0.0,0.0,0,0,,,,,0,0,2012,정상종료,완납,78,390,100만원,6개월,0.3,여자,42세,간호사,2000000.0,190000.0,,15.0,8.0,0.0,0.0,0.0,1,2000000.0,190000.0,1810000.0,1810000.0,1000000.0,6.0,191666.66666666663,181250.0,-1618333.3333333335,0.1058931860036832,0.0,-1628750.0,1,4.356708826689592,B121101-1,income,False,5.0,False,0,1,0,0,0,13.815510557964274,15.0,0.0,0.0,0.0,0,0,1,1,,,,18,1,0,1,1,0.0,0.0,5.0
B121104-1,3,5,5,1,0,5,,0,월,2,정규직 급여명세 3회,18,3,3,0.3333,0.0,0.6667,13.667,41,31,2.0,0.667,,,1,0,2012,연체중,손실,1024,359,100만원,6개월,0.3,남자,34세,생산직,2000000.0,1320000.0,,,,,,,1,2000000.0,1320000.0,680000.0,680000.0,1000000.0,6.0,191666.66666666663,181250.0,-488333.3333333334,0.2818627450980391,0.0,-498750.0,1,6.931471805599453,B121104-1,income,True,,False,1,1,0,0,1,13.815510557964274,0.0,0.0,0.0,0.0,1,1,4,1,income,,False,18,1,1,0,1,0.0,2.9469548133595285,
B121106-10,2,1,3,3,1,2,,0,,0,다짐뿐 월세3개월연체,18,9,9,0.7778,0.4444,0.2222,0.667,6,5,6.0,0.667,7.0,9.0,1,0,2012,정상종료,완납,239,851,100만원,9개월,0.3,여자,37세,사무직,1200000.0,1190000.0,,14.0,8.0,4.0,0.0,0.0,1,1200000.0,1190000.0,10000.0,10000.0,1000000.0,9.0,136111.11111111112,125000.0,126111.11111111112,13.611111111111112,1.0,115000.0,10,5.476463551931511,B121106-10,,,,,0,0,0,0,0,13.815510557964274,14.0,4.0,0.0,0.0,0,0,3,3,,,,18,0,0,0,0,0.0,0.0,
B121107-3,1,2,3,1,0,2,,0,,0,사무실 인수 기대,18,19,19,1.0,0.8421,0.0,0.0,0,0,,,,,0,0,2012,정상종료,완납,418,794,600만원,24개월,0.3,여자,43세,보험설계사,3000000.0,2830000.0,,125.0,120.0,0.0,0.0,0.0,1,3000000.0,2830000.0,170000.0,170000.0,6000000.0,24.0,400000.0,328125.0,230000.0,2.3529411764705883,1.0,158125.0,3,6.035481432524756,B090406-6,,,,,0,0,0,0,0,15.60727002719233,125.0,0.0,0.0,0.0,0,0,1,1,,,,18,0,0,0,0,0.0,2.409638554216868,
B121108-10,5,3,3,1,0,4,280000.0,1,월,1,지출표에 월상환28만 반영,18,13,13,0.8462,0.4615,0.1538,0.231,3,2,3.0,0.231,4.0,8.0,1,0,2012,정상종료,완납,686,997,450만원,21개월,0.3,남자,52세,서비스업,2400000.0,2340000.0,,60.0,44.0,5.0,0.0,0.0,1,2400000.0,2340000.0,60000.0,60000.0,4500000.0,21.0,326785.7142857143,273214.28571428574,266785.7142857143,5.446428571428572,1.0,213214.2857142857,10,6.530877627725885,B110713-20,,,,,0,0,0,0,0,15.319587954740548,60.0,5.0,0.0,0.0,0,1,1,2,,,,18,0,0,0,0,0.0,0.0,
B121109-11,3,4,4,1,0,5,,0,월,1,급여일21일 월150만,18,12,12,0.75,0.5833,0.25,1.0,12,10,4.0,0.333,5.0,7.0,1,0,2012,정상종료,완납,370,914,200만원,12개월,0.3,여자,45세,기타,1500000.0,1190000.0,,19.0,14.0,5.0,0.0,0.0,1,1500000.0,1190000.0,310000.0,310000.0,2000000.0,12.0,216666.66666666663,193750.0,-93333.33333333336,0.6989247311827955,0.0,-116250.0,11,5.91350300563827,B100513-11,income,True,21.0,False,1,1,0,0,1,14.50865773852422,19.0,5.0,0.0,0.0,0,0,4,2,income,21.0,False,18,1,1,0,1,0.546448087431694,2.73224043715847,
B121119-7,1,5,1,1,0,5,,0,,2,본인165만+남편생활비,18,15,15,0.8667,0.6667,0.1333,0.133,2,1,5.0,0.333,7.0,,1,0,2012,정상종료,완납,343,597,300만원,21개월,0.3,여자,46세,기타,2650000.0,2450000.0,,54.0,45.0,31.0,5.0,0.0,1,2650000.0,2450000.0,200000.0,200000.0,3000000.0,21.0,217857.14285714287,182142.8571428572,17857.14285714287,1.0892857142857144,1.0,-17857.14285714281,7,5.83773044716594,B110111-4,,,,,0,0,0,0,0,14.914122846632385,54.0,31.0,5.0,0.0,0,0,1,1,,,,18,0,0,0,0,3.519061583577713,0.0,
B121120-2,1,1,1,2,1,2,,0,,0,다짐 임금삭감 상태,18,12,12,0.9167,0.5,0.0833,0.25,3,3,3.0,0.25,4.0,,1,0,2012,정상종료,완납,246,299,150만원,12개월,0.3,남자,48세,기술직,3190000.0,2800000.0,,46.0,16.0,4.0,0.0,0.0,1,3190000.0,2800000.0,390000.0,390000.0,1500000.0,12.0,162500.0,145312.5,-227500.0,0.4166666666666667,0.0,-244687.5,2,5.5053315359323625,B121120-2,,,,,0,0,0,0,0,14.22097566607244,46.0,4.0,0.0,0.0,0,1,1,2,,,,18,0,0,0,0,0.0,12.195121951219512,
B121122-8,1,4,3,1,0,5,,0,,1,연봉3960만 무연체,18,12,12,0.25,0.1667,0.75,2.667,32,6,2.0,0.167,4.0,5.0,1,0,2012,정상종료,완납,221,416,100만원,12개월,0.3,남자,42세,사무직,3300000.0,2750000.0,,10.0,6.0,14.0,0.0,0.0,1,3300000.0,2750000.0,550000.0,550000.0,1000000.0,12.0,108333.33333333331,96875.0,-441666.6666666667,0.1969696969696969,0.0,-453125.0,8,5.3981627015177525,B110918-4,,,,,0,0,0,0,0,13.815510557964274,10.0,14.0,0.0,0.0,0,1,1,1,,,,18,0,0,0,0,0.0,4.5662100456621,
B121123-10,1,4,3,2,1,4,,0,,1,월350~600만 실수령,18,12,12,0.75,0.5833,0.25,0.583,7,3,4.0,0.333,5.0,6.0,1,0,2012,정상종료,완납,399,1097,300만원,18개월,0.3,남자,46세,기술직,4500000.0,3070000.0,,71.0,56.0,14.0,0.0,0.0,1,4500000.0,3070000.0,1430000.0,1430000.0,3000000.0,18.0,241666.66666666663,206250.0,-1188333.3333333335,0.1689976689976689,0.0,-1223750.0,10,5.988961416889864,B100907-13,,,,,0,0,0,0,0,14.914122846632385,71.0,14.0,0.0,0.0,0,1,1,2,,,,18,0,0,0,0,0.0,5.050505050505051,
B121123-6,2,3,4,1,0,5,,0,,2,정규직전환 과거조기상환,18,10,10,0.9,0.1,0.1,0.2,2,2,1.0,0.1,2.0,,1,0,2012,정상종료,완납,204,289,100만원,12개월,0.3,남자,51세,기타,2300000.0,1660000.0,,77.0,43.0,3.0,0.0,0.0,1,2300000.0,1660000.0,640000.0,640000.0,1000000.0,12.0,108333.33333333331,96875.0,-531666.6666666667,0.1692708333333333,0.0,-543125.0,6,5.318119993844216,B111127-1,income,False,10.0,False,0,1,0,0,0,13.815510557964274,77.0,3.0,0.0,0.0,0,1,1,1,,,,18,1,0,1,0,0.4926108374384236,0.0,
B121124-3,1,1,1,1,0,5,,0,,0,과거 무연체 상환완료,18,12,12,1.0,0.0833,0.0,0.0,0,0,,,,,0,0,2012,정상종료,완납,83,426,150만원,12개월,0.3,남자,48세,공기업,3700000.0,2990000.0,,48.0,14.0,7.0,0.0,0.0,1,3700000.0,2990000.0,710000.0,710000.0,1500000.0,12.0,162500.0,145312.5,-547500.0,0.2288732394366197,0.0,-564687.5,3,4.418840607796598,B090804-12,,,,,0,0,0,0,0,14.22097566607244,48.0,7.0,0.0,0.0,0,1,2,1,,,,18,0,0,0,0,0.0,0.0,
B121128-8,3,3,3,1,0,4,,0,월,1,회생 6월부터 납부중,18,12,12,0.9167,0.6667,0.0833,0.167,2,2,7.0,0.583,8.0,,1,0,2012,정상종료,완납,125,454,100만원,12개월,0.3,여자,38세,사무직,1780000.0,1500000.0,,,,,,,1,1780000.0,1500000.0,280000.0,280000.0,1000000.0,12.0,108333.33333333331,96875.0,-171666.6666666667,0.3869047619047618,0.0,-183125.0,8,4.8283137373023015,B121128-8,,,,,0,0,0,0,0,13.815510557964274,0.0,0.0,0.0,0.0,1,0,1,1,,,,18,0,0,0,0,0.0,8.0,
B121203-3,3,5,5,1,0,5,,0,월,3,퇴직금연차 299.7만 확보,18,10,10,1.0,0.9,0.0,0.0,0,0,,,,,0,0,2012,정상종료,완납,1607,1378,300만원,24개월,0.3,남자,60세,기술직,1691200000.0,1620000.0,,34.0,31.0,0.0,0.0,0.0,1,1691200000.0,1620000.0,1689580000.0,1689580000.0,3000000.0,24.0,200000.0,164062.5,-1689380000.0,0.0001183726133121,0.0,-1689415937.5,3,7.382124365737512,B100818-48,income,True,25.0,True,1,1,0,0,1,14.914122846632385,34.0,0.0,0.0,0.0,0,1,4,1,calendar,25.0,False,18,1,1,0,0,0.0,1.887979861548144,
B121205-6,1,3,3,1,0,4,,0,,1,재직10개월 과거조기상환,18,12,12,0.8333,0.25,0.1667,0.333,4,3,10.0,0.833,12.0,,1,0,2012,정상종료,완납,330,729,250만원,12개월,0.3,남자,40세,사무직,2500000.0,1460000.0,,50.0,31.0,10.0,0.0,0.0,1,2500000.0,1460000.0,1040000.0,1040000.0,2500000.0,12.0,270833.3333333334,242187.5,-769166.6666666666,0.2604166666666667,0.0,-797812.5,6,5.799092654460526,B100414-26,,,,,0,0,0,0,0,14.73180128983843,50.0,10.0,0.0,0.0,0,1,1,1,,,,18,0,0,0,0,0.3134796238244514,0.0,
B121206-6,1,3,1,2,1,4,,0,,1,알바중 과거 조기상환,18,9,9,1.0,1.0,0.0,0.0,0,0,,,,,0,0,2012,정상종료,완납,261,218,250만원,12개월,0.3,여자,43세,기타,880000.0,840000.0,,42.0,42.0,0.0,0.0,0.0,1,880000.0,840000.0,40000.0,40000.0,2500000.0,12.0,270833.3333333334,242187.5,230833.33333333337,6.770833333333334,1.0,202187.5,6,5.564520407322694,B100808-7,,,,,0,0,0,0,0,14.73180128983843,42.0,0.0,0.0,0.0,0,0,2,1,,,,18,0,0,0,0,0.0,7.905138339920948,
B121207-6,1,1,1,1,0,4,,0,,0,과거3회 정상상환,18,12,12,0.9167,0.5833,0.0833,0.083,1,1,2.0,0.167,3.0,,1,0,2012,정상종료,완납,120,375,250만원,12개월,0.3,여자,49세,콜센터,3150000.0,2750000.0,,73.0,53.0,6.0,0.0,0.0,1,3150000.0,2750000.0,400000.0,400000.0,2500000.0,12.0,270833.3333333334,242187.5,-129166.66666666664,0.6770833333333335,0.0,-157812.5,6,4.787491742782046,B090204-9,,,,,0,0,0,0,0,14.73180128983843,73.0,6.0,0.0,0.0,0,0,1,1,,,,18,0,0,0,0,0.0,0.0,
B121214-11,1,1,1,1,0,4,,0,,0,과거 연체 감소 이력,18,11,11,0.9091,0.0909,0.0909,0.091,1,1,7.0,0.636,8.0,,1,0,2012,정상종료,완납,188,764,150만원,12개월,0.3,남자,47세,기타,2000000.0,1780000.0,,60.0,22.0,15.0,0.0,0.0,1,2000000.0,1780000.0,220000.0,220000.0,1500000.0,12.0,162500.0,145312.5,-57500.0,0.7386363636363636,0.0,-74687.5,11,5.236441962829949,B090424-7,,,,,0,0,0,0,0,14.22097566607244,60.0,15.0,0.0,0.0,0,1,1,1,,,,18,0,0,0,0,0.0,10.869565217391305,
B121214-2,2,4,4,1,0,5,,0,,2,급여일10일 주말알바40만,18,7,7,0.2857,0.0,0.7143,7.429,52,31,3.0,0.429,,,1,0,2012,연체중,손실,52,1060,150만원,9개월,0.3,여자,42세,사무직,1900000.0,1470000.0,,,,,,,1,1900000.0,1470000.0,430000.0,430000.0,1500000.0,9.0,204166.66666666663,187500.0,-225833.33333333337,0.4748062015503875,0.0,-242500.0,2,3.951243718581428,B121214-2,income,False,10.0,False,0,1,0,0,0,14.22097566607244,0.0,0.0,0.0,0.0,1,0,1,1,,,,18,1,0,1,0,0.0,0.0,
B121216-1,1,1,1,1,0,2,,0,,0,다짐뿐,18,5,5,0.4,0.4,0.6,9.8,49,31,2.0,0.4,4.0,5.0,1,0,2012,연체중,손실,190,1075,100만원,9개월,0.3,남자,56세,사무직,2900000.0,2200000.0,,15.0,7.0,7.0,0.0,0.0,1,2900000.0,2200000.0,700000.0,700000.0,1000000.0,9.0,136111.11111111112,125000.0,-563888.8888888889,0.1944444444444444,0.0,-575000.0,1,5.247024072160486,B110104-6,,,,,0,0,0,0,0,13.815510557964274,15.0,7.0,0.0,0.0,0,1,1,1,,,,18,0,0,0,0,0.0,10.526315789473683,
B121216-3,2,4,2,1,0,5,,0,,2,급여160만 알바 병행,18,12,12,1.0,1.0,0.0,0.0,0,0,,,,,0,0,2012,정상종료,완납,602,829,150만원,12개월,0.3,여자,51세,서비스업,1600000.0,770000.0,,30.0,30.0,0.0,0.0,0.0,1,1600000.0,770000.0,830000.0,830000.0,1500000.0,12.0,162500.0,145312.5,-667500.0,0.1957831325301204,0.0,-684687.5,3,6.400257445308821,B100120-10,,,,,0,0,0,0,0,14.22097566607244,30.0,0.0,0.0,0.0,0,0,1,1,,,,18,0,0,0,0,0.0,3.4129692832764507,
B121217-5,2,4,2,1,0,5,,0,,2,회생종료 급여120+10만,18,8,8,1.0,0.75,0.0,0.0,0,0,,,,,0,0,2012,정상종료,완납,431,499,250만원,12개월,0.3,여자,39세,사무직,1300000.0,870000.0,,48.0,38.0,1.0,0.0,0.0,1,1300000.0,870000.0,430000.0,430000.0,2500000.0,12.0,270833.3333333334,242187.5,-159166.66666666663,0.6298449612403102,0.0,-187812.5,5,6.066108090103747,B101210-12,,,,,0,0,0,0,0,14.73180128983843,48.0,1.0,0.0,0.0,0,0,2,1,,,,18,0,0,0,0,0.4640371229698375,4.640371229698376,
B121218-1,2,5,3,1,0,5,,0,,2,부부 월250만 여유80만,18,19,19,1.0,0.6316,0.0,0.0,0,0,,,,,0,0,2012,정상종료,완납,809,1002,350만원,24개월,0.3,남자,53세,생산직,2500000.0,1810000.0,,72.0,58.0,0.0,0.0,0.0,1,2500000.0,1810000.0,690000.0,690000.0,3500000.0,24.0,233333.3333333333,191406.25,-456666.6666666667,0.3381642512077294,0.0,-498593.75,1,6.695798917058491,B100831-15,,,,,0,0,0,0,0,15.068273526459642,72.0,0.0,0.0,0.0,0,1,1,1,,,,18,0,0,0,0,0.0,4.944375772558714,
B121221-13,2,5,1,1,0,5,,0,,2,공부방 월219만 여유40만,18,23,23,0.3043,0.0435,0.6957,1.478,34,6,1.0,0.043,7.0,9.0,1,0,2012,정상종료,완납,345,587,300만원,24개월,0.3,여자,51세,학원,2700000.0,2310000.0,,26.0,3.0,21.0,0.0,0.0,1,2700000.0,2310000.0,390000.0,390000.0,3000000.0,24.0,200000.0,164062.5,-190000.0,0.5128205128205128,0.0,-225937.5,13,5.84354441703136,B101208-16,,,,,0,0,0,0,0,14.914122846632385,26.0,21.0,0.0,0.0,0,0,1,1,,,,18,0,0,0,0,0.0,8.746355685131196,
B121221-15,1,1,1,1,0,2,,0,,0,다짐뿐,18,8,8,1.0,0.375,0.0,0.0,0,0,,,,,0,0,2012,정상종료,완납,68,987,200만원,12개월,0.3,남자,51세,사무직,2500000.0,2140000.0,,,,,,,1,2500000.0,2140000.0,360000.0,360000.0,2000000.0,12.0,216666.66666666663,193750.0,-143333.33333333337,0.6018518518518517,0.0,-166250.0,15,4.219507705176107,B121221-15,,,,,0,0,0,0,0,14.50865773852422,0.0,0.0,0.0,0.0,1,1,1,1,,,,18,0,0,0,0,0.0,14.705882352941176,
B121224-21,3,4,3,2,1,3,,0,월,2,신규가게 예상매출375만,18,21,21,0.4286,0.0476,0.5714,1.048,22,4,1.0,0.048,2.0,5.0,1,0,2012,정상종료,완납,717,742,300만원,21개월,0.3,여자,42세,요식업,4200000.0,3990000.0,,62.0,13.0,24.0,1.0,0.0,1,4200000.0,3990000.0,210000.0,210000.0,3000000.0,21.0,217857.14285714287,182142.8571428572,7857.14285714287,1.0374149659863947,1.0,-27857.14285714281,21,6.57507584059962,B090606-4,,,,,1,0,0,0,0,14.914122846632385,62.0,24.0,1.0,0.0,0,0,4,2,income,,False,18,0,1,0,0,0.424929178470255,0.0,
B121225-3,1,1,1,1,0,4,,0,,0,과거 2회 상환 이력,18,6,6,0.1667,0.1667,0.8333,10.0,60,16,2.0,0.333,,,1,0,2012,정상종료,완납,196,847,300만원,21개월,0.3,남자,43세,기타,2060000.0,1610000.0,,24.0,17.0,11.0,0.0,0.0,1,2060000.0,1610000.0,450000.0,450000.0,3000000.0,21.0,217857.14285714287,182142.8571428572,-232142.8571428572,0.4841269841269841,0.0,-267857.14285714284,3,5.278114659230517,B101209-4,,,,,0,0,0,0,0,14.914122846632385,24.0,11.0,0.0,0.0,0,1,1,1,,,,18,0,0,0,0,0.0,15.384615384615383,
B121231-6,3,4,4,1,0,3,,0,일시,1,2월 은행대출 상담완료,18,2,2,0.5,0.0,0.5,1.0,2,2,2.0,1.0,,,1,0,2012,정상종료,완납,166,556,150만원,12개월,0.3,여자,41세,생산직,3050000.0,2130000.0,,12.0,3.0,14.0,1.0,0.0,1,3050000.0,2130000.0,920000.0,920000.0,1500000.0,12.0,162500.0,145312.5,-757500.0,0.1766304347826087,0.0,-774687.5,6,5.111987788356544,B110411-4,event,False,,False,1,0,0,1,0,14.22097566607244,12.0,14.0,1.0,0.0,0,0,4,1,event,,False,18,1,1,0,0,0.6024096385542169,6.024096385542169,
B130102-5,2,4,1,1,0,4,,0,,1,월160만 여유25~30만,18,9,9,1.0,1.0,0.0,0.0,0,0,,,,,0,0,2013,정상종료,완납,401,1670,150만원,9개월,0.3,여자,38세,사무직,1600000.0,1300000.0,,,,,,,1,1600000.0,1300000.0,300000.0,300000.0,1500000.0,9.0,204166.66666666663,187500.0,-95833.33333333336,0.6805555555555555,0.0,-112500.0,5,5.993961427306569,B130102-5,,,,,0,0,0,0,0,14.22097566607244,0.0,0.0,0.0,0.0,1,0,1,2,,,,18,0,0,0,0,0.7518796992481203,2.506265664160401,
B130104-3,1,2,1,1,0,2,,0,,0,야간알바 의향뿐,18,10,10,1.0,0.3,0.0,0.0,0,0,,,,,0,0,2013,정상종료,완납,223,731,100만원,12개월,0.3,남자,47세,사무직,4400000.0,3750000.0,,18.0,5.0,1.0,0.0,0.0,1,4400000.0,3750000.0,650000.0,650000.0,1000000.0,12.0,108333.33333333331,96875.0,-541666.6666666667,0.1666666666666666,0.0,-553125.0,3,5.407171771460119,B130104-3,,,,,0,0,0,0,0,13.815510557964274,18.0,1.0,0.0,0.0,0,1,1,3,,,,18,0,0,0,0,0.0,31.818181818181817,
B130104-9,4,2,1,1,0,4,190000.0,1,월,0,기존 대출 제때 납부중,18,5,5,0.8,0.4,0.2,0.2,1,1,1.0,0.2,2.0,,1,0,2013,정상종료,완납,214,690,100만원,6개월,0.3,남자,42세,공공기관,1600000.0,1390000.0,,5.0,2.0,2.0,1.0,0.0,1,1600000.0,1390000.0,210000.0,210000.0,1000000.0,6.0,191666.66666666663,181250.0,-18333.33333333337,0.9126984126984126,0.0,-28750.0,9,5.365976015021851,B130104-9,,,,,0,0,0,0,0,13.815510557964274,5.0,2.0,1.0,0.0,0,1,1,2,,,,18,0,0,0,0,0.0,9.345794392523365,
B130106-6,1,1,1,1,0,4,,0,,0,과거2회 상환완료,18,12,12,0.5833,0.0833,0.4167,10.25,123,30,2.0,0.167,3.0,8.0,1,0,2013,정상종료,완납,99,617,250만원,12개월,0.3,여자,44세,기타,1670000.0,1280000.0,,38.0,25.0,8.0,2.0,0.0,1,1670000.0,1280000.0,390000.0,390000.0,2500000.0,12.0,270833.3333333334,242187.5,-119166.66666666664,0.6944444444444445,0.0,-147812.5,6,4.59511985013459,B090730-23,,,,,0,0,0,0,0,14.73180128983843,38.0,8.0,2.0,0.0,0,0,1,1,,,,18,0,0,0,0,0.0,10.101010101010102,
B130109-8,3,5,1,1,0,5,,0,월,2,부부 월수입375만,18,9,9,1.0,1.0,0.0,0.0,0,0,,,,,0,0,2013,정상종료,완납,112,909,500만원,24개월,0.3,여자,45세,사무직,3750000.0,3130000.0,,101.0,95.0,0.0,0.0,0.0,1,3750000.0,3130000.0,620000.0,620000.0,5000000.0,24.0,333333.3333333334,273437.5,-286666.6666666666,0.5376344086021506,0.0,-346562.5,8,4.718498871295094,B110311-6,,,,,0,0,0,0,0,15.424948470398377,101.0,0.0,0.0,0.0,0,0,1,2,,,,18,0,0,0,0,0.0,17.857142857142858,
B130111-19,1,4,1,2,1,4,,0,,1,월수입230만,18,12,12,1.0,0.0833,0.0,0.0,0,0,,,,,0,0,2013,정상종료,완납,35,29,150만원,12개월,0.3,남자,49세,일용직,2300000.0,1800000.0,,46.0,16.0,2.0,0.0,0.0,1,2300000.0,1800000.0,500000.0,500000.0,1500000.0,12.0,162500.0,145312.5,-337500.0,0.325,0.0,-354687.5,19,3.555348061489413,B091028-12,,,,,0,0,0,0,0,14.22097566607244,46.0,2.0,0.0,0.0,0,1,1,2,,,,18,0,0,0,0,0.0,0.0,
B130111-9,1,1,1,1,0,2,,0,,0,다짐뿐,18,7,7,0.1429,0.1429,0.8571,10.286,72,31,2.0,0.286,,,1,0,2013,연체중,손실,128,824,200만원,12개월,0.3,여자,38세,기타,2800000.0,2520000.0,,22.0,7.0,14.0,0.0,0.0,1,2800000.0,2520000.0,280000.0,280000.0,2000000.0,12.0,216666.66666666663,193750.0,-63333.33333333337,0.7738095238095237,0.0,-86250.0,9,4.852030263919617,B090614-3,,,,,0,0,0,0,0,14.50865773852422,22.0,14.0,0.0,0.0,0,0,1,1,,,,18,0,0,0,0,0.0,0.0,
B130114-6,3,3,4,1,0,4,,0,월,1,급여일10일 15일 상환,18,4,4,1.0,1.0,0.0,0.0,0,0,,,,,0,0,2013,정상종료,완납,38,693,100만원,12개월,0.3,여자,48세,콜센터,1300000.0,650000.0,,5.0,4.0,4.0,0.0,0.0,1,1300000.0,650000.0,650000.0,650000.0,1000000.0,12.0,108333.33333333331,96875.0,-541666.6666666667,0.1666666666666666,0.0,-553125.0,6,3.6375861597263857,B160121-1,income,False,15.0,False,1,1,0,0,0,13.815510557964274,5.0,4.0,0.0,0.0,0,0,4,1,income,15.0,False,18,1,1,0,1,0.0,0.0,10.0
B130117-7,3,4,5,1,0,5,,0,월,1,급여150만 급여일10일,18,9,9,0.3333,0.1111,0.6667,2.556,23,11,1.0,0.111,2.0,3.0,1,0,2013,정상종료,완납,277,445,150만원,9개월,0.3,여자,45세,사무직,1700000.0,1640000.0,,20.0,16.0,16.0,0.0,0.0,1,1700000.0,1640000.0,60000.0,60000.0,1500000.0,9.0,204166.66666666663,187500.0,144166.66666666663,3.402777777777777,1.0,127500.0,7,5.6240175061873385,B101201-19,income,False,10.0,False,1,1,0,0,0,14.22097566607244,20.0,16.0,0.0,0.0,0,0,4,1,income,10.0,False,18,1,1,0,1,0.3610108303249097,0.0,10.0
B130121-5,2,3,1,1,0,4,,0,,2,본인월급+남편 생활비,18,18,18,0.7778,0.5,0.2222,0.444,8,3,8.0,0.444,10.0,16.0,1,0,2013,정상종료,완납,177,434,300만원,18개월,0.3,여자,47세,간호사,2050000.0,1160000.0,,60.0,39.0,21.0,0.0,0.0,1,2050000.0,1160000.0,890000.0,890000.0,3000000.0,18.0,241666.66666666663,206250.0,-648333.3333333334,0.2715355805243445,0.0,-683750.0,5,5.176149732573829,B110110-1,,,,,0,0,0,0,0,14.914122846632385,60.0,21.0,0.0,0.0,0,0,2,1,,,,18,0,0,0,0,4.519774011299435,22.598870056497177,
B130122-3,3,4,3,4,1,5,,0,월,1,봉사료 월50~60만 수령,18,6,6,1.0,1.0,0.0,0.0,0,0,,,,,0,0,2013,정상종료,완납,342,1133,150만원,9개월,0.3,남자,36세,기타,2100000.0,1940000.0,,23.0,21.0,10.0,0.0,0.0,1,2100000.0,1940000.0,160000.0,160000.0,1500000.0,9.0,204166.66666666663,187500.0,44166.66666666663,1.2760416666666663,1.0,27500.0,3,5.834810737062605,B120411-1,,,,,0,0,0,0,0,14.22097566607244,23.0,10.0,0.0,0.0,0,1,3,3,,,,18,0,0,0,0,0.0,2.932551319648094,
B130123-8,2,1,1,1,0,5,,0,,0,조기상환 43건 이력,18,7,7,1.0,1.0,0.0,0.0,0,0,,,,,0,0,2013,정상종료,완납,705,698,550만원,15개월,0.3,여자,40세,기술직,3000000.0,2440000.0,,98.0,84.0,3.0,0.0,0.0,1,3000000.0,2440000.0,560000.0,560000.0,5500000.0,15.0,504166.6666666667,440000.0,-55833.333333333314,0.9002976190476191,0.0,-120000.0,8,6.558197802812269,B090402-6,,,,,0,0,0,0,0,15.5202586502027,98.0,3.0,0.0,0.0,0,0,2,3,,,,18,0,0,0,0,0.0,8.559201141226819,
B130124-6,1,5,1,1,0,5,,0,,2,분식점11년 부부소득,18,21,21,0.3333,0.1905,0.6667,5.857,123,15,2.0,0.095,4.0,6.0,1,0,2013,정상종료,완납,355,430,300만원,21개월,0.3,여자,55세,요식업,5200000.0,4360000.0,,13.0,8.0,18.0,0.0,0.0,1,5200000.0,4360000.0,840000.0,840000.0,3000000.0,21.0,217857.14285714287,182142.8571428572,-622142.8571428572,0.2593537414965987,0.0,-657857.1428571428,6,5.872117789475416,B120328-18,,,,,0,0,0,0,0,14.914122846632385,13.0,18.0,0.0,0.0,0,0,1,1,,,,18,0,0,0,0,1.971830985915493,0.0,
B130125-2,1,5,1,1,0,5,,0,,2,보조금74+알바100만,18,1,1,0.0,0.0,1.0,31.0,31,31,1.0,1.0,,,1,0,2013,연체중,손실,152,1253,150만원,12개월,0.3,여자,47세,기타,1740000.0,1360000.0,,,,,,,1,1740000.0,1360000.0,380000.0,380000.0,1500000.0,12.0,162500.0,145312.5,-217500.0,0.4276315789473684,0.0,-234687.5,2,5.0238805208462765,B130125-2,,,,,0,0,0,0,0,14.22097566607244,0.0,0.0,0.0,0.0,1,0,1,1,,,,18,0,0,0,0,0.0,0.0,
B130125-6,2,4,1,1,0,5,,0,,1,연매출1억 상환이력,18,8,8,0.75,0.375,0.25,0.75,6,5,4.0,0.5,5.0,7.0,1,0,2013,정상종료,완납,421,411,300만원,18개월,0.3,남자,49세,기타,3500000.0,2090000.0,,33.0,24.0,5.0,0.0,0.0,1,3500000.0,2090000.0,1410000.0,1410000.0,3000000.0,18.0,241666.66666666663,206250.0,-1168333.3333333335,0.1713947990543735,0.0,-1203750.0,6,6.042632833682381,B090508-8,,,,,0,0,0,0,0,14.914122846632385,33.0,5.0,0.0,0.0,0,1,2,2,,,,18,0,0,0,0,0.0,7.125890736342043,
B130128-1,1,2,3,1,0,4,,0,,2,현재 맞벌이 중,18,2,2,0.0,0.0,1.0,16.0,32,31,1.0,0.5,,,1,0,2013,연체중,손실,76,205,100만원,12개월,0.3,남자,44세,사무직,3000000.0,2490000.0,,,,,,,1,3000000.0,2490000.0,510000.0,510000.0,1000000.0,12.0,108333.33333333331,96875.0,-401666.6666666667,0.2124183006535947,0.0,-413125.0,1,4.330733340286331,B130128-1,,,,,0,0,0,0,0,13.815510557964274,0.0,0.0,0.0,0.0,1,1,1,1,,,,18,0,0,0,0,0.0,0.0,
B130129-8,2,5,4,3,1,5,,0,,2,남편월220만+부업30만,18,23,23,0.9565,0.6087,0.0435,0.043,1,1,21.0,0.913,22.0,,1,0,2013,정상종료,완납,1133,3810,300만원,24개월,0.3,여자,41세,기타,2500000.0,2290000.0,,58.0,42.0,1.0,0.0,0.0,1,2500000.0,2290000.0,210000.0,210000.0,3000000.0,24.0,200000.0,164062.5,-10000.0,0.9523809523809524,0.0,-45937.5,8,7.032624261028007,B100928-20,income,False,10.0,False,0,1,0,0,0,14.914122846632385,58.0,1.0,0.0,0.0,0,0,1,3,,,,18,1,0,1,1,0.0914076782449725,1.828153564899452,
B130130-10,3,4,5,2,1,5,,0,월,2,남편 월평균250만,18,12,12,1.0,1.0,0.0,0.0,0,0,,,,,0,0,2013,정상종료,완납,764,1042,200만원,12개월,0.3,남자,38세,기술직,2700000.0,1860000.0,,18.0,18.0,0.0,0.0,0.0,1,2700000.0,1860000.0,840000.0,840000.0,2000000.0,12.0,216666.66666666663,193750.0,-623333.3333333334,0.2579365079365079,0.0,-646250.0,10,6.638567789166521,B120801-3,income,True,,False,1,1,0,0,1,14.50865773852422,18.0,0.0,0.0,0.0,0,1,4,2,income,,False,18,1,1,0,1,0.0,0.0,
B130131-2,5,3,5,1,0,3,250000.0,1,월,1,2월말 계약 예정,18,9,9,0.5556,0.2222,0.4444,5.667,51,18,3.0,0.333,4.0,5.0,1,0,2013,정상종료,완납,226,588,200만원,9개월,0.3,남자,50세,기술직,2300000.0,1770000.0,,,,,,,1,2300000.0,1770000.0,530000.0,530000.0,2000000.0,9.0,272222.22222222225,250000.0,-257777.7777777777,0.5136268343815514,0.0,-280000.0,2,5.420534999272286,B130131-2,event,False,,False,0,0,0,1,0,14.50865773852422,0.0,0.0,0.0,0.0,1,1,3,1,,,,18,1,0,1,0,0.0,0.0,
B130203-1,2,5,5,3,1,4,,0,,2,실업급여 4주112만 수령중,18,18,18,0.7778,0.3333,0.2222,4.722,85,23,4.0,0.222,8.0,,1,0,2013,정상종료,완납,785,1036,350만원,24개월,0.3,여자,38세,기타,1120000.0,940000.0,,40.0,29.0,7.0,3.0,0.0,1,1120000.0,940000.0,180000.0,180000.0,3500000.0,24.0,233333.3333333333,191406.25,53333.333333333314,1.2962962962962965,1.0,11406.25,1,6.665683717782408,A080612-4,income,False,,False,0,1,0,0,0,15.068273526459642,40.0,7.0,3.0,0.0,0,0,2,2,,,,18,1,0,1,0,0.0,5.121638924455826,
B130204-2,1,1,1,1,0,4,,0,,0,과거 성실납부 이력,18,12,12,0.6667,0.4167,0.3333,0.417,5,2,4.0,0.333,5.0,8.0,1,0,2013,정상종료,완납,184,1415,250만원,12개월,0.3,여자,34세,기타,3500000.0,2950000.0,,12.0,9.0,4.0,0.0,0.0,1,3500000.0,2950000.0,550000.0,550000.0,2500000.0,12.0,270833.3333333334,242187.5,-279166.6666666666,0.4924242424242425,0.0,-307812.5,2,5.214935757608986,B130204-2,,,,,0,0,0,0,0,14.73180128983843,12.0,4.0,0.0,0.0,0,0,1,1,,,,18,0,0,0,0,0.0,21.73913043478261,
B130205-2,2,4,5,5,1,3,,0,,2,부업 시작 소득은 다음달,18,7,7,0.2857,0.2857,0.7143,13.571,95,31,3.0,0.429,,,1,0,2013,연체중,손실,308,1059,100만원,9개월,0.3,남자,47세,보험설계사,3050000.0,2360000.0,,,,,,,1,3050000.0,2360000.0,690000.0,690000.0,1000000.0,9.0,136111.11111111112,125000.0,-553888.8888888889,0.1972624798711755,0.0,-565000.0,2,5.730099782973574,B130205-2,none,False,,False,0,0,0,0,0,13.815510557964274,0.0,0.0,0.0,0.0,1,1,3,4,,,,18,1,0,1,0,0.3257328990228013,13.029315960912053,
B130208-2,1,3,1,1,0,5,,0,,1,회생 1년4개월 무연체,18,9,9,1.0,0.5556,0.0,0.0,0,0,,,,,0,0,2013,정상종료,완납,204,734,150만원,9개월,0.3,여자,36세,일용직,1500000.0,1060000.0,,32.0,17.0,1.0,0.0,0.0,1,1500000.0,1060000.0,440000.0,440000.0,1500000.0,9.0,204166.66666666663,187500.0,-235833.33333333337,0.4640151515151514,0.0,-252500.0,2,5.318119993844216,B140428-6,,,,,0,0,0,0,0,14.22097566607244,32.0,1.0,0.0,0.0,0,0,1,1,,,,18,0,0,0,0,0.0,4.901960784313726,
B130212-2,1,1,1,1,0,2,,0,,0,다짐뿐,18,6,6,0.1667,0.0,0.8333,13.5,81,31,2.0,0.333,,,1,0,2013,연체중,손실,109,855,200만원,12개월,0.3,남자,41세,기타,2900000.0,2670000.0,,28.0,2.0,7.0,0.0,0.0,1,2900000.0,2670000.0,230000.0,230000.0,2000000.0,12.0,216666.66666666663,193750.0,-13333.333333333372,0.9420289855072462,0.0,-36250.0,2,4.691347882229144,B110727-12,,,,,0,0,0,0,0,14.50865773852422,28.0,7.0,0.0,0.0,0,1,1,1,,,,18,0,0,0,0,0.0,0.0,
B130213-1,3,4,1,1,0,5,,0,월,2,3차 상환이력 월12만 여유,18,3,3,0.6667,0.3333,0.3333,1.333,4,4,2.0,0.667,3.0,,1,0,2013,정상종료,완납,569,258,300만원,18개월,0.3,남자,68세,시설관리업체,1610000.0,1490000.0,,16.0,11.0,15.0,1.0,0.0,1,1610000.0,1490000.0,120000.0,120000.0,3000000.0,18.0,241666.66666666663,206250.0,121666.66666666664,2.0138888888888884,1.0,86250.0,1,6.343880434126331,B110403-4,,,,,0,0,0,0,0,14.914122846632385,16.0,15.0,1.0,0.0,0,1,1,1,,,,18,0,0,0,0,0.0,5.30035335689046,
B130217-2,2,3,1,1,0,5,,0,,2,화물차운영 부업1년 무연체,18,21,21,0.8571,0.5238,0.1429,0.238,5,3,11.0,0.524,12.0,15.0,1,0,2013,정상종료,완납,1522,1641,500만원,21개월,0.3,여자,42세,운전직,11050000.0,10740000.0,,59.0,40.0,10.0,0.0,0.0,1,11050000.0,10740000.0,310000.0,310000.0,5000000.0,21.0,363095.2380952381,303571.4285714286,53095.238095238106,1.1712749615975422,1.0,-6428.57142857142,2,7.327780538421631,B100330-7,,,,,0,0,0,0,0,15.424948470398377,59.0,10.0,0.0,0.0,0,0,2,1,,,,18,0,0,0,0,0.3304692663582287,3.965631196298745,
B130218-5,1,1,1,1,0,2,,0,,0,의지 표명만,19,8,8,1.0,0.75,0.0,0.0,0,0,,,,,0,0,2013,정상종료,완납,183,625,100만원,9개월,0.3,남자,51세,영업직,2400000.0,2230000.0,,,,,,,1,2400000.0,2230000.0,170000.0,170000.0,1000000.0,9.0,136111.11111111112,125000.0,-33888.88888888888,0.8006535947712419,0.0,-45000.0,5,5.209486152841421,B130218-5,,,,,0,0,0,0,0,13.815510557964274,0.0,0.0,0.0,0.0,1,1,1,1,,,,19,0,0,0,0,0.0,0.0,
B130218-8,3,5,5,4,1,3,,0,월,2,남편급여일+구직급여예정,19,9,9,0.0,0.0,1.0,3.333,30,4,1.0,0.111,,,1,0,2013,정상종료,완납,339,1138,150만원,9개월,0.3,여자,46세,기타,1400000.0,1060000.0,,15.0,9.0,48.0,0.0,0.0,1,1400000.0,1060000.0,340000.0,340000.0,1500000.0,9.0,204166.66666666663,187500.0,-135833.33333333337,0.6004901960784312,0.0,-152500.0,8,5.82600010738045,B101105-6,income,True,21.0,True,1,1,0,0,1,14.22097566607244,15.0,48.0,0.0,0.0,0,0,4,1,income,21.0,False,19,1,1,0,1,0.0,2.949852507374631,21.0
B130218-9,2,5,1,2,1,4,,0,,2,3년차 재직+약국알바,19,11,11,1.0,1.0,0.0,0.0,0,0,,,,,0,0,2013,정상종료,완납,620,2311,500만원,24개월,0.3,여자,42세,기타,2110000.0,1730000.0,,90.0,71.0,15.0,1.0,0.0,1,2110000.0,1730000.0,380000.0,380000.0,5000000.0,24.0,333333.3333333334,273437.5,-46666.66666666663,0.8771929824561404,0.0,-106562.5,9,6.429719478039138,B100812-7,,,,,0,0,0,0,0,15.424948470398377,90.0,15.0,1.0,0.0,0,0,1,2,,,,19,0,0,0,0,0.3225806451612903,3.225806451612903,
B130220-5,1,3,1,1,0,4,,0,,3,본인급여+부인근무+알바,19,15,15,0.9333,0.8,0.0667,0.133,2,2,2.0,0.133,3.0,,1,0,2013,정상종료,완납,283,635,300만원,15개월,0.3,남자,47세,공기업,5000000.0,4420000.0,,39.0,29.0,3.0,0.0,0.0,1,5000000.0,4420000.0,580000.0,580000.0,3000000.0,15.0,275000.0,240000.0,-305000.0,0.4741379310344827,0.0,-340000.0,5,5.645446897643238,B130220-5,,,,,0,0,0,0,0,14.914122846632385,39.0,3.0,0.0,0.0,0,1,1,2,,,,19,0,0,0,0,0.0,0.0,
B130220-6,2,5,2,1,0,4,,0,,2,투잡 합산 월200만,19,5,5,0.0,0.0,1.0,13.6,68,31,1.0,0.2,,,1,0,2013,연체중,손실,184,89,100만원,6개월,0.3,여자,44세,사무직,4330000.0,3200000.0,,,,,,,1,4330000.0,3200000.0,1130000.0,1130000.0,1000000.0,6.0,191666.66666666663,181250.0,-938333.3333333334,0.1696165191740412,0.0,-948750.0,6,5.214935757608986,B130220-6,,,,,0,0,0,0,0,13.815510557964274,0.0,0.0,0.0,0.0,1,0,1,1,,,,19,0,0,0,0,0.0,0.0,
B130221-8,3,3,4,2,1,5,,0,월,1,공무원 매월 20일 급여,19,10,10,0.7,0.5,0.3,0.9,9,7,5.0,0.5,6.0,7.0,1,0,2013,정상종료,완납,195,922,300만원,18개월,0.3,남자,59세,공공기관,3500000.0,3360000.0,,24.0,18.0,6.0,0.0,0.0,1,3500000.0,3360000.0,140000.0,140000.0,3000000.0,18.0,241666.66666666663,206250.0,101666.66666666664,1.7261904761904758,1.0,66250.0,8,5.272999558563747,B120418-2,income,False,20.0,False,1,1,0,0,0,14.914122846632385,24.0,6.0,0.0,0.0,0,1,4,1,income,20.0,False,19,1,1,0,1,0.0,0.0,
B130222-2,3,5,4,2,1,4,,0,월,3,고정급여170만+수당,19,12,12,0.0833,0.0,0.9167,9.25,111,30,1.0,0.083,11.0,12.0,1,0,2013,정상종료,완납,450,306,150만원,12개월,0.3,남자,44세,영업직,1900000.0,1630000.0,,,,,,,1,1900000.0,1630000.0,270000.0,270000.0,1500000.0,12.0,162500.0,145312.5,-107500.0,0.6018518518518519,0.0,-124687.5,2,6.1092475827643655,B130222-2,income,False,10.0,False,0,1,0,0,0,14.22097566607244,0.0,0.0,0.0,0.0,1,1,1,2,,,,19,1,0,1,0,0.0,2.2222222222222223,
B130224-2,2,3,3,1,0,4,,0,,1,이직 후 연봉 상승,19,5,5,1.0,0.8,0.0,0.0,0,0,,,,,0,0,2013,정상종료,완납,406,353,200만원,12개월,0.3,남자,45세,사무직,4200000.0,2330000.0,,69.0,66.0,16.0,0.0,0.0,1,4200000.0,2330000.0,1870000.0,1870000.0,2000000.0,12.0,216666.66666666663,193750.0,-1653333.3333333335,0.1158645276292335,0.0,-1676250.0,2,6.0063531596017325,B081210-2,,,,,0,0,0,0,0,14.50865773852422,69.0,16.0,0.0,0.0,0,1,2,1,,,,19,0,0,0,0,0.0,0.0,
B130224-3,1,2,1,1,0,4,,0,,0,4대보험 정규직 7년,19,6,6,0.6667,0.1667,0.3333,0.833,5,3,3.0,0.5,5.0,,1,0,2013,정상종료,완납,291,151,300만원,18개월,0.3,여자,39세,사무직,2600000.0,1730000.0,,20.0,9.0,4.0,0.0,0.0,1,2600000.0,1730000.0,870000.0,870000.0,3000000.0,18.0,241666.66666666663,206250.0,-628333.3333333334,0.2777777777777777,0.0,-663750.0,3,5.673323267171493,B110905-9,,,,,0,0,0,0,0,14.914122846632385,20.0,4.0,0.0,0.0,0,0,1,1,,,,19,0,0,0,0,0.0,3.436426116838488,
B130225-2,1,3,1,1,0,3,,0,,2,본인·남편 급여 언급,19,11,11,1.0,0.5455,0.0,0.0,0,0,,,,,0,0,2013,정상종료,완납,85,629,200만원,12개월,0.3,여자,49세,사무직,2900000.0,2300000.0,,32.0,14.0,14.0,1.0,0.0,1,2900000.0,2300000.0,600000.0,600000.0,2000000.0,12.0,216666.66666666663,193750.0,-383333.3333333334,0.361111111111111,0.0,-406250.0,2,4.442651256490317,B110829-7,,,,,0,0,0,0,0,14.50865773852422,32.0,14.0,1.0,0.0,0,0,1,1,,,,19,0,0,0,0,0.0,0.0,
B130225-4,1,2,1,2,1,4,,0,,0,기대출 매달 납부 중,19,1,1,0.0,0.0,1.0,31.0,31,31,1.0,1.0,,,1,0,2013,연체중,손실,167,474,100만원,9개월,0.3,여자,38세,콜센터,1300000.0,1080000.0,,2.0,1.0,7.0,0.0,0.0,1,1300000.0,1080000.0,220000.0,220000.0,1000000.0,9.0,136111.11111111112,125000.0,-83888.88888888888,0.6186868686868687,0.0,-95000.0,4,5.117993812416755,B120305-17,,,,,0,0,0,0,0,13.815510557964274,2.0,7.0,0.0,0.0,0,0,1,1,,,,19,0,0,0,1,0.0,5.9880239520958085,
B130228-3,1,1,1,1,0,3,,0,,0,과거 낙찰 상환 이력,19,12,12,0.6667,0.1667,0.3333,0.583,7,2,6.0,0.5,7.0,9.0,1,0,2013,정상종료,완납,163,583,200만원,12개월,0.3,남자,52세,운전직,3400000.0,2260000.0,,18.0,7.0,8.0,0.0,0.0,1,3400000.0,2260000.0,1140000.0,1140000.0,2000000.0,12.0,216666.66666666663,193750.0,-923333.3333333334,0.1900584795321637,0.0,-946250.0,3,5.093750200806762,B120619-22,,,,,0,0,0,0,0,14.50865773852422,18.0,8.0,0.0,0.0,0,1,1,1,,,,19,0,0,0,0,1.851851851851852,6.172839506172839,
B130302-2,5,4,1,1,0,5,190000.0,1,월,1,월급130만 증빙가능,19,12,12,0.4167,0.1667,0.5833,11.917,143,28,4.0,0.333,5.0,7.0,1,0,2013,정상종료,완납,209,545,250만원,12개월,0.3,여자,37세,기타,1300000.0,1050000.0,,17.0,13.0,21.0,0.0,0.0,1,1300000.0,1050000.0,250000.0,250000.0,2500000.0,12.0,270833.3333333334,242187.5,20833.33333333337,1.0833333333333337,1.0,-7812.5,2,5.342334251964811,B120405-9,,,,,0,0,0,0,0,14.73180128983843,17.0,21.0,0.0,0.0,0,0,1,1,,,,19,0,0,0,0,0.4854368932038834,0.0,
B130304-3,2,5,2,1,0,4,,0,,3,택배수입200만+아내송금,19,11,11,1.0,0.9091,0.0,0.0,0,0,,,,,0,0,2013,정상종료,완납,421,354,400만원,15개월,0.3,남자,54세,운전직,2000000.0,1260000.0,,114.0,90.0,4.0,0.0,0.0,1,2000000.0,1260000.0,740000.0,740000.0,4000000.0,15.0,366666.6666666667,320000.0,-373333.3333333333,0.4954954954954955,0.0,-420000.0,3,6.042632833682381,B100222-15,,,,,0,0,0,0,0,15.201804919084164,114.0,4.0,0.0,0.0,0,1,1,1,,,,19,0,0,0,0,0.0,0.0,
B130307-2,3,4,4,4,1,5,,0,월,1,3년차 재직 급여210만,19,12,12,1.0,1.0,0.0,0.0,0,0,,,,,0,0,2013,정상종료,완납,493,858,200만원,12개월,0.3,여자,44세,기타,2100000.0,1690000.0,,51.0,51.0,0.0,0.0,0.0,1,2100000.0,1690000.0,410000.0,410000.0,2000000.0,12.0,216666.66666666663,193750.0,-193333.33333333337,0.5284552845528454,0.0,-216250.0,2,6.20050917404269,B110727-24,income,False,25.0,False,1,1,0,0,0,14.50865773852422,51.0,0.0,0.0,0.0,0,0,4,2,income,25.0,False,19,1,1,0,1,0.4073319755600814,4.073319755600815,25.0
B130308-7,1,5,1,1,0,5,,0,,2,실수령164만+알바10만,19,15,15,1.0,0.4667,0.0,0.0,0,0,,,,,0,0,2013,정상종료,완납,191,1119,300만원,15개월,0.3,남자,38세,사무직,1740000.0,1380000.0,,83.0,37.0,2.0,0.0,0.0,1,1740000.0,1380000.0,360000.0,360000.0,3000000.0,15.0,275000.0,240000.0,-85000.0,0.7638888888888888,0.0,-120000.0,7,5.25227342804663,B111228-12,,,,,0,0,0,0,0,14.914122846632385,83.0,2.0,0.0,0.0,0,1,1,1,,,,19,0,0,0,0,0.0,0.0,
B130310-2,5,4,1,1,0,5,300000.0,1,월,1,급여120만 현재수령,19,5,5,0.0,0.0,1.0,18.6,93,31,1.0,0.2,,,1,0,2013,연체중,손실,84,313,100만원,12개월,0.3,여자,40세,사무직,1200000.0,700000.0,,,,,,,1,1200000.0,700000.0,500000.0,500000.0,1000000.0,12.0,108333.33333333331,96875.0,-391666.6666666667,0.2166666666666666,0.0,-403125.0,2,4.430816798843313,B130310-2,,,,,0,0,0,0,0,13.815510557964274,0.0,0.0,0.0,0.0,1,0,1,2,,,,19,0,0,0,0,0.0,0.0,
B130312-4,5,4,3,4,1,4,200000.0,1,월,1,월급157만+호봉인상,19,8,8,1.0,0.5,0.0,0.0,0,0,,,,,0,0,2013,정상종료,완납,825,2076,200만원,12개월,0.3,남자,47세,사무직,1670000.0,1230000.0,,69.0,24.0,0.0,0.0,0.0,1,1670000.0,1230000.0,440000.0,440000.0,2000000.0,12.0,216666.66666666663,193750.0,-223333.33333333337,0.4924242424242423,0.0,-246250.0,4,6.715383386334681,B120227-8,,,,,0,0,0,0,0,14.50865773852422,69.0,0.0,0.0,0.0,0,1,1,1,,,,19,0,0,0,0,0.0,1.2121212121212122,
B130314-13,1,4,2,1,0,4,,0,,1,3년1개월 재직 월급230만,19,12,12,0.9167,0.75,0.0833,0.583,7,7,3.0,0.25,4.0,,1,0,2013,정상종료,완납,337,424,200만원,12개월,0.3,남자,48세,시설관리업체,2300000.0,2040000.0,,31.0,25.0,18.0,0.0,0.0,1,2300000.0,2040000.0,260000.0,260000.0,2000000.0,12.0,216666.66666666663,193750.0,-43333.33333333337,0.8333333333333331,0.0,-66250.0,13,5.820082930352362,B100922-3,,,,,0,0,0,0,0,14.50865773852422,31.0,18.0,0.0,0.0,0,1,1,1,,,,19,0,0,0,0,0.2976190476190476,0.0,
B130314-8,1,1,1,2,1,3,,0,,0,과거 어려움에도 상환,19,18,18,1.0,0.3889,0.0,0.0,0,0,,,,,0,0,2013,정상종료,완납,338,1083,700만원,24개월,0.3,여자,52세,기타,3300000.0,3080000.0,,60.0,44.0,0.0,0.0,0.0,1,3300000.0,3080000.0,220000.0,220000.0,7000000.0,24.0,466666.6666666667,382812.5,246666.6666666667,2.121212121212121,1.0,162812.5,8,5.823045895483019,B091013-10,,,,,0,0,0,0,0,15.761420707019589,60.0,0.0,0.0,0.0,0,0,1,3,,,,19,0,0,0,0,0.591715976331361,2.9585798816568047,
B130315-2,3,3,3,5,1,4,,0,월,1,현재 급여로 변제 가능,19,4,4,1.0,1.0,0.0,0.0,0,0,,,,,0,0,2013,정상종료,완납,303,2020,300만원,15개월,0.3,남자,46세,기타,4000000.0,2540000.0,,67.0,62.0,4.0,0.0,0.0,1,4000000.0,2540000.0,1460000.0,1460000.0,3000000.0,15.0,275000.0,240000.0,-1185000.0,0.1883561643835616,0.0,-1220000.0,2,5.713732805509369,B110418-14,,,,,0,0,0,0,0,14.914122846632385,67.0,4.0,0.0,0.0,0,1,1,3,,,,19,0,0,0,0,0.0,0.0,
B130318-1,1,1,1,1,0,2,,0,,0,의지 표명만,19,6,6,0.5,0.0,0.5,10.333,62,31,4.0,0.667,,,1,0,2013,연체중,손실,425,1072,300만원,15개월,0.3,남자,49세,기타,5100000.0,4520000.0,,26.0,5.0,3.0,0.0,0.0,1,5100000.0,4520000.0,580000.0,580000.0,3000000.0,15.0,275000.0,240000.0,-305000.0,0.4741379310344827,0.0,-340000.0,1,6.052089168924417,B110512-8,,,,,0,0,0,0,0,14.914122846632385,26.0,3.0,0.0,0.0,0,1,1,3,,,,19,0,0,0,0,0.9685230024213076,7.263922518159807,
B130321-4,2,5,5,3,1,5,,0,,4,공무원 세후300만,19,6,6,1.0,0.8333,0.0,0.0,0,0,,,,,0,0,2013,정상종료,완납,624,670,200만원,12개월,0.3,남자,51세,공공기관,3000000.0,2500000.0,,68.0,49.0,27.0,0.0,0.0,1,3000000.0,2500000.0,500000.0,500000.0,2000000.0,12.0,216666.66666666663,193750.0,-283333.3333333334,0.4333333333333332,0.0,-306250.0,4,6.436150368369428,A080212-2,income,False,,True,0,1,0,0,0,14.50865773852422,68.0,27.0,0.0,0.0,0,1,1,1,,,,19,1,0,1,0,1.155115511551155,4.950495049504951,
B130321-8,2,3,3,5,1,3,,0,,2,급여여력+지인채권 회수,19,4,4,0.25,0.0,0.75,1.25,5,2,1.0,0.25,4.0,,1,0,2013,정상종료,완납,221,408,150만원,12개월,0.3,남자,40세,사무직,1400000.0,1120000.0,,3.0,2.0,4.0,1.0,0.0,1,1400000.0,1120000.0,280000.0,280000.0,1500000.0,12.0,162500.0,145312.5,-117500.0,0.5803571428571429,0.0,-134687.5,8,5.3981627015177525,B120924-11,,,,,0,0,0,0,0,14.22097566607244,3.0,4.0,1.0,0.0,0,1,3,3,,,,19,0,0,0,0,0.0,13.636363636363637,
B130324-4,2,3,4,2,1,4,,0,일시,1,"급여일 5일, 재직중",19,6,6,0.0,0.0,1.0,8.833,53,17,1.0,0.167,,,1,0,2013,정상종료,완납,173,530,100만원,6개월,0.3,남자,39세,사무직,2100000.0,1490000.0,,5.0,1.0,16.0,0.0,0.0,1,2100000.0,1490000.0,610000.0,610000.0,1000000.0,6.0,191666.66666666663,181250.0,-418333.3333333334,0.314207650273224,0.0,-428750.0,4,5.153291594497779,B100524-10,income,False,5.0,False,1,1,0,0,0,13.815510557964274,5.0,16.0,0.0,0.0,0,1,4,1,calendar,,False,19,1,1,0,1,0.0,0.0,
B130325-2,1,1,1,1,0,1,,0,,0,상환계획 언급 없음,19,12,12,0.0,0.0,1.0,9.25,111,10,1.0,0.083,,,1,0,2013,정상종료,완납,289,4289,150만원,12개월,0.3,여자,48세,기타,3800000.0,1240000.0,,10.0,7.0,31.0,0.0,0.0,1,3800000.0,1240000.0,2560000.0,2560000.0,1500000.0,12.0,162500.0,145312.5,-2397500.0,0.0634765625,0.0,-2414687.5,2,5.666426688112432,B100909-8,,,,,0,0,0,0,0,14.22097566607244,10.0,31.0,0.0,0.0,0,0,1,2,,,,19,0,0,0,0,0.0,0.0,
B130327-2,5,4,3,1,0,5,280000.0,1,월,1,정규직8년 월400만,19,2,2,0.5,0.5,0.5,9.5,19,19,1.0,0.5,2.0,,1,0,2013,정상종료,완납,748,319,150만원,6개월,0.3,남자,45세,생산직,4000000.0,2030000.0,,13.0,6.0,3.0,0.0,0.0,1,4000000.0,2030000.0,1970000.0,1970000.0,1500000.0,6.0,287500.0,271875.0,-1682500.0,0.1459390862944162,0.0,-1698125.0,2,6.617402977974478,B120306-6,,,,,0,0,0,0,0,14.22097566607244,13.0,3.0,0.0,0.0,0,1,2,1,,,,19,0,0,0,0,0.0,1.351351351351351,
B130327-4,2,1,2,2,1,3,,0,,0,과거 연체없이 정상상환,19,9,9,1.0,0.8889,0.0,0.0,0,0,,,,,0,0,2013,정상종료,완납,307,861,100만원,12개월,0.3,여자,38세,기타,2000000.0,1750000.0,,97.0,69.0,20.0,0.0,0.0,1,2000000.0,1750000.0,250000.0,250000.0,1000000.0,12.0,108333.33333333331,96875.0,-141666.6666666667,0.4333333333333332,0.0,-153125.0,4,5.726847747587197,A080107-2,,,,,0,0,0,0,0,13.815510557964274,97.0,20.0,0.0,0.0,0,0,2,2,,,,19,0,0,0,0,0.0,0.0,
B130328-2,1,4,1,1,0,4,,0,,1,캐디 월220만 수입,19,12,12,0.8333,0.25,0.1667,0.167,2,1,7.0,0.583,9.0,,1,0,2013,정상종료,완납,201,617,200만원,12개월,0.3,여자,47세,일용직,2200000.0,1870000.0,,19.0,3.0,5.0,0.0,0.0,1,2200000.0,1870000.0,330000.0,330000.0,2000000.0,12.0,216666.66666666663,193750.0,-113333.33333333336,0.6565656565656565,0.0,-136250.0,2,5.303304908059076,B110909-9,,,,,0,0,0,0,0,14.50865773852422,19.0,5.0,0.0,0.0,0,0,2,1,,,,19,0,0,0,0,0.0,5.0,
B130330-1,1,5,4,1,0,4,,0,,3,6년째 재직 월급130만,19,5,5,0.2,0.0,0.8,17.8,89,31,1.0,0.2,4.0,5.0,1,0,2013,연체중,손실,195,888,150만원,12개월,0.3,여자,41세,사무직,1880000.0,1600000.0,,,,,,,1,1880000.0,1600000.0,280000.0,280000.0,1500000.0,12.0,162500.0,145312.5,-117500.0,0.5803571428571429,0.0,-134687.5,1,5.272999558563747,B130330-1,event,False,,False,0,0,0,1,0,14.22097566607244,0.0,0.0,0.0,0.0,1,0,1,1,,,,19,1,0,1,0,0.0,10.256410256410255,
B130402-4,2,5,2,1,0,5,,0,,2,정직원+편의점알바30만,19,5,5,0.2,0.0,0.8,19.4,97,31,1.0,0.2,2.0,3.0,1,0,2013,연체중,손실,369,800,200만원,9개월,0.3,여자,35세,사무직,1680000.0,1380000.0,,5.0,2.0,4.0,1.0,0.0,1,1680000.0,1380000.0,300000.0,300000.0,2000000.0,9.0,272222.22222222225,250000.0,-27777.777777777752,0.9074074074074074,0.0,-50000.0,4,5.910796644040527,B120907-2,,,,,0,0,0,0,0,14.50865773852422,5.0,4.0,1.0,0.0,0,0,1,1,,,,19,0,0,0,0,0.0,2.710027100271003,
B130402-5,2,4,2,1,0,5,,0,,1,급여220만 정기수령,19,1,1,0.0,0.0,1.0,31.0,31,31,1.0,1.0,,,1,0,2013,연체중,손실,223,413,100만원,6개월,0.3,남자,39세,기술직,2200000.0,1040000.0,,,,,,,1,2200000.0,1040000.0,1160000.0,1160000.0,1000000.0,6.0,191666.66666666663,181250.0,-968333.3333333334,0.1652298850574712,0.0,-978750.0,5,5.407171771460119,B130402-5,,,,,0,0,0,0,0,13.815510557964274,0.0,0.0,0.0,0.0,1,1,1,1,,,,19,0,0,0,0,0.0,4.651162790697675,
B130403-1,2,5,2,2,1,4,,0,,2,월급334만+양육비30만,19,9,9,0.2222,0.0,0.7778,4.667,42,31,1.0,0.111,2.0,3.0,1,0,2013,연체중,손실,526,680,300만원,24개월,0.3,여자,43세,사무직,3640000.0,2130000.0,,39.0,18.0,17.0,0.0,0.0,1,3640000.0,2130000.0,1510000.0,1510000.0,3000000.0,24.0,200000.0,164062.5,-1310000.0,0.1324503311258278,0.0,-1345937.5,1,6.26530121273771,B090313-9,,,,,0,0,0,0,0,14.914122846632385,39.0,17.0,0.0,0.0,0,0,2,2,,,,19,0,0,0,0,0.0,0.0,
B130404-3,2,1,2,1,0,3,,0,,0,2차 경매 성실상환,19,9,9,1.0,0.6667,0.0,0.0,0,0,,,,,0,0,2013,정상종료,완납,139,882,500만원,24개월,0.3,남자,40세,생산직,1800000.0,1820000.0,,39.0,19.0,3.0,0.0,0.0,1,1800000.0,1820000.0,-20000.0,-20000.0,5000000.0,24.0,333333.3333333334,273437.5,353333.3333333334,,1.0,293437.5,3,4.934473933130692,B100525-6,,,,,0,0,0,0,0,15.424948470398377,39.0,3.0,0.0,0.0,0,1,2,1,,,,19,0,0,0,0,0.0,7.194244604316547,
B130404-7,5,5,1,2,1,5,150000.0,1,월,2,본인220만+와이프110만,19,10,10,0.8,0.2,0.2,0.2,2,1,3.0,0.3,5.0,,1,0,2013,정상종료,완납,701,1184,150만원,12개월,0.3,남자,42세,사무직,3300000.0,2950000.0,,44.0,23.0,28.0,0.0,0.0,1,3300000.0,2950000.0,350000.0,350000.0,1500000.0,12.0,162500.0,145312.5,-187500.0,0.4642857142857143,0.0,-204687.5,7,6.55250788703459,B120402-12,,,,,0,0,0,0,0,14.22097566607244,44.0,28.0,0.0,0.0,0,1,1,2,,,,19,0,0,0,0,0.0,4.310344827586206,
B130404-8,2,4,2,1,0,4,,0,,1,보험사 근무 기본급200만,19,4,4,0.75,0.0,0.25,7.75,31,31,4.0,1.0,,,1,0,2013,연체중,손실,190,133,100만원,9개월,0.3,남자,34세,기타,2000000.0,1590000.0,,,,,,,1,2000000.0,1590000.0,410000.0,410000.0,1000000.0,9.0,136111.11111111112,125000.0,-273888.8888888889,0.3319783197831978,0.0,-285000.0,8,5.247024072160486,B130404-8,,,,,0,0,0,0,0,13.815510557964274,0.0,0.0,0.0,0.0,1,1,1,1,,,,19,0,0,0,0,0.5291005291005291,0.0,
B130408-4,2,3,3,2,1,4,,0,,2,남편 3월부터 근무중,19,12,12,0.25,0.0833,0.75,10.0,120,29,2.0,0.167,3.0,4.0,1,0,2013,정상종료,완납,381,53,200만원,12개월,0.3,여자,39세,일용직,2900000.0,2560000.0,,22.0,12.0,26.0,0.0,0.0,1,2900000.0,2560000.0,340000.0,340000.0,2000000.0,12.0,216666.66666666663,193750.0,-123333.33333333336,0.6372549019607842,0.0,-146250.0,4,5.942799375126701,B090625-17,,,,,0,0,0,0,0,14.50865773852422,22.0,26.0,0.0,0.0,0,0,1,1,,,,19,0,0,0,0,0.0,5.277044854881266,
B130409-1,2,5,5,2,1,4,,0,,3,정수기·컴퓨터+아내소득,19,7,7,0.7143,0.2857,0.2857,1.143,8,5,5.0,0.714,6.0,7.0,1,0,2013,정상종료,완납,495,397,300만원,18개월,0.3,남자,50세,서비스업,3000000.0,2690000.0,,48.0,12.0,29.0,0.0,0.0,1,3000000.0,2690000.0,310000.0,310000.0,3000000.0,18.0,241666.66666666663,206250.0,-68333.33333333337,0.7795698924731181,0.0,-103750.0,1,6.20455776256869,A080211-5,income,False,10.0,False,0,1,0,0,0,14.914122846632385,48.0,29.0,0.0,0.0,0,1,3,1,,,,19,1,0,1,1,0.202020202020202,0.0,
B130415-2,1,4,2,1,0,3,,0,,1,"PC방알바 시작, 증빙불가",19,4,4,1.0,0.25,0.0,0.0,0,0,,,,,0,0,2013,정상종료,완납,233,221,100만원,12개월,0.3,남자,41세,기타,1300000.0,1050000.0,,27.0,10.0,1.0,0.0,0.0,1,1300000.0,1050000.0,250000.0,250000.0,1000000.0,12.0,108333.33333333331,96875.0,-141666.6666666667,0.4333333333333332,0.0,-153125.0,2,5.4510384535657,B110721-2,,,,,0,0,0,0,0,13.815510557964274,27.0,1.0,0.0,0.0,0,1,1,1,,,,19,0,0,0,0,0.0,4.310344827586206,
B130415-7,1,1,1,1,0,2,,0,,0,의지 표명만,19,21,21,1.0,1.0,0.0,0.0,0,0,,,,,0,0,2013,정상종료,완납,51,520,650만원,21개월,0.3,여자,58세,시설관리업체,4980000.0,4490000.0,,70.0,66.0,0.0,0.0,0.0,1,4980000.0,4490000.0,490000.0,490000.0,6500000.0,21.0,472023.8095238095,394642.8571428572,-17976.190476190473,0.9633138969873664,0.0,-95357.14285714278,7,3.9318256327243257,B091126-12,,,,,0,0,0,0,0,15.687312734865866,70.0,0.0,0.0,0.0,0,0,1,1,,,,19,0,0,0,0,1.96078431372549,0.0,
B130417-5,1,4,4,4,1,3,,0,,1,5월부터 월정액130만,19,24,24,1.0,0.7917,0.0,0.0,0,0,,,,,0,0,2013,정상종료,완납,372,1037,500만원,24개월,0.3,남자,52세,기술직,3000000.0,2780000.0,,125.0,86.0,2.0,0.0,0.0,1,3000000.0,2780000.0,220000.0,220000.0,5000000.0,24.0,333333.3333333334,273437.5,113333.33333333336,1.5151515151515154,1.0,53437.5,5,5.918893854273146,B100111-15,income,False,,False,0,1,0,0,0,15.424948470398377,125.0,2.0,0.0,0.0,0,1,1,1,,,,19,1,0,1,0,0.0,5.3908355795148255,
B130422-13,1,4,1,2,1,4,,0,,1,주유소 소장 월160만,19,12,12,0.8333,0.0833,0.1667,0.417,5,3,3.0,0.25,4.0,12.0,1,0,2013,정상종료,완납,1671,1162,100만원,12개월,0.3,남자,47세,기타,1600000.0,1030000.0,,33.0,8.0,18.0,3.0,0.0,1,1600000.0,1030000.0,570000.0,570000.0,1000000.0,12.0,108333.33333333331,96875.0,-461666.6666666667,0.1900584795321637,0.0,-473125.0,13,7.421177528595393,B081028-11,,,,,0,0,0,0,0,13.815510557964274,33.0,18.0,3.0,0.0,0,1,1,2,,,,19,0,0,0,0,0.0,5.39568345323741,
B130423-8,2,1,2,1,0,4,,0,,0,조기상환 40건 이력,19,9,9,1.0,1.0,0.0,0.0,0,0,,,,,0,0,2013,정상종료,완납,531,645,450만원,15개월,0.3,여자,46세,콜센터,2200000.0,1740000.0,,95.0,76.0,2.0,0.0,0.0,1,2200000.0,1740000.0,460000.0,460000.0,4500000.0,15.0,412500.0,360000.0,-47500.0,0.8967391304347826,0.0,-100000.0,8,6.274762021241939,B090815-3,,,,,0,0,0,0,0,15.319587954740548,95.0,2.0,0.0,0.0,0,0,1,3,,,,19,0,0,0,0,0.0,9.487666034155597,
B130425-2,1,3,1,2,1,4,,0,,1,"택시 근무, 수입 변동",19,12,12,0.8333,0.4167,0.1667,0.5,6,5,2.0,0.167,3.0,6.0,1,0,2013,정상종료,완납,698,815,150만원,12개월,0.3,남자,42세,운전직,2350000.0,1650000.0,,62.0,26.0,8.0,0.0,0.0,1,2350000.0,1650000.0,700000.0,700000.0,1500000.0,12.0,162500.0,145312.5,-537500.0,0.2321428571428571,0.0,-554687.5,2,6.548219102762372,B120328-15,,,,,0,0,0,0,0,14.22097566607244,62.0,8.0,0.0,0.0,0,1,1,2,,,,19,0,0,0,0,0.0,10.02865329512894,
B130426-1,1,1,1,1,0,3,,0,,0,과거 조기상환 이력,19,21,21,1.0,0.8571,0.0,0.0,0,0,,,,,0,0,2013,정상종료,완납,291,1537,400만원,24개월,0.3,여자,44세,기타,1090000.0,950000.0,,125.0,109.0,1.0,0.0,0.0,1,1090000.0,950000.0,140000.0,140000.0,4000000.0,24.0,266666.6666666666,218750.0,126666.66666666664,1.9047619047619044,1.0,78750.0,1,5.673323267171493,B090817-7,,,,,0,0,0,0,0,15.201804919084164,125.0,1.0,0.0,0.0,0,0,1,1,,,,19,0,0,0,0,0.0,6.896551724137931,
B130426-3,1,1,1,2,1,2,,0,,0,"연체 해명, 근거 없음",19,9,9,0.8889,0.0,0.1111,0.111,1,1,4.0,0.444,5.0,,1,0,2013,정상종료,완납,172,388,200만원,9개월,0.3,여자,51세,사무직,2300000.0,1940000.0,,50.0,9.0,5.0,0.0,0.0,1,2300000.0,1940000.0,360000.0,360000.0,2000000.0,9.0,272222.22222222225,250000.0,-87777.77777777775,0.7561728395061729,0.0,-110000.0,3,5.147494476813453,B120904-13,,,,,0,0,0,0,0,14.50865773852422,50.0,5.0,0.0,0.0,0,0,1,3,,,,19,0,0,0,0,0.5813953488372093,5.813953488372093,
B130426-9,1,5,1,1,0,5,,0,,3,합산370만+신문배달60만,19,5,5,0.2,0.2,0.8,18.0,90,31,1.0,0.2,2.0,3.0,1,0,2013,연체중,손실,209,207,100만원,12개월,0.3,남자,45세,보험설계사,2500000.0,2150000.0,,,,,,,1,2500000.0,2150000.0,350000.0,350000.0,1000000.0,12.0,108333.33333333331,96875.0,-241666.6666666667,0.3095238095238095,0.0,-253125.0,9,5.342334251964811,B130426-9,,,,,0,0,0,0,0,13.815510557964274,0.0,0.0,0.0,0.0,1,1,1,1,,,,19,0,0,0,0,0.0,0.0,
B130502-3,2,3,2,1,0,3,,0,,3,"알바 병행, 이직 계획",19,12,12,0.5833,0.1667,0.4167,1.583,19,9,7.0,0.583,8.0,9.0,1,0,2013,정상종료,완납,359,188,100만원,12개월,0.3,여자,38세,사무직,2100000.0,1690000.0,,,,,,,1,2100000.0,1690000.0,410000.0,410000.0,1000000.0,12.0,108333.33333333331,96875.0,-301666.6666666667,0.2642276422764227,0.0,-313125.0,3,5.883322388488279,B130502-3,,,,,0,0,0,0,0,13.815510557964274,0.0,0.0,0.0,0.0,1,0,1,2,,,,19,0,0,0,0,0.0,2.785515320334262,
B130506-3,3,1,2,1,0,4,,0,월,0,과거 무연체 조기상환,19,17,17,0.8824,0.6471,0.1176,0.118,2,1,12.0,0.706,13.0,16.0,1,0,2013,정상종료,완납,122,602,500만원,24개월,0.3,남자,50세,기타,4500000.0,3770000.0,,97.0,55.0,3.0,0.0,0.0,1,4500000.0,3770000.0,730000.0,730000.0,5000000.0,24.0,333333.3333333334,273437.5,-396666.6666666666,0.4566210045662101,0.0,-456562.5,3,4.804021044733257,B120621-9,,,,,0,0,0,0,0,15.424948470398377,97.0,3.0,0.0,0.0,0,1,1,1,,,,19,0,0,0,0,0.0,0.0,
B130507-7,2,4,1,1,0,5,,0,,1,남편 월220~250만,19,9,9,1.0,0.6667,0.0,0.0,0,0,,,,,0,0,2013,정상종료,완납,248,978,150만원,9개월,0.3,여자,36세,기타,2300000.0,1900000.0,,17.0,12.0,0.0,0.0,0.0,1,2300000.0,1900000.0,400000.0,400000.0,1500000.0,9.0,204166.66666666663,187500.0,-195833.33333333337,0.5104166666666665,0.0,-212500.0,7,5.513428746164983,B130507-7,,,,,0,0,0,0,0,14.22097566607244,17.0,0.0,0.0,0.0,0,0,1,1,,,,19,0,0,0,0,2.0161290322580645,0.0,
B130508-9,1,3,1,2,1,4,,0,,2,"취직 완료, 아버지 대리운전",19,2,2,1.0,0.5,0.0,0.0,0,0,,,,,0,0,2013,정상종료,완납,453,798,100만원,6개월,0.3,여자,37세,카드사,2300000.0,1360000.0,,28.0,12.0,42.0,5.0,0.0,1,2300000.0,1360000.0,940000.0,940000.0,1000000.0,6.0,191666.66666666663,181250.0,-748333.3333333334,0.2039007092198581,0.0,-758750.0,9,6.115892125483034,B091118-8,,,,,0,0,0,0,0,13.815510557964274,28.0,42.0,5.0,0.0,0,0,1,1,,,,19,0,0,0,0,0.0,22.172949002217297,
B130512-1,1,3,1,1,0,3,,0,,1,콜센터 취직 1주일차,19,3,3,0.0,0.0,1.0,23.0,69,31,1.0,0.333,,,1,0,2013,연체중,손실,291,811,200만원,12개월,0.3,여자,50세,기타,4000000.0,3400000.0,,,,,,,1,4000000.0,3400000.0,600000.0,600000.0,2000000.0,12.0,216666.66666666663,193750.0,-383333.3333333334,0.361111111111111,0.0,-406250.0,1,5.673323267171493,B130512-1,,,,,0,0,0,0,0,14.50865773852422,0.0,0.0,0.0,0.0,1,0,1,1,,,,19,0,0,0,0,0.0,6.872852233676976,
B130513-10,1,3,3,2,1,4,,0,,1,"에어컨 사업, 재고70대",19,9,9,0.8889,0.0,0.1111,0.111,1,1,3.0,0.333,4.0,,1,0,2013,정상종료,완납,366,362,200만원,9개월,0.3,남자,45세,서비스업,7000000.0,6850000.0,,79.0,11.0,5.0,0.0,0.0,1,7000000.0,6850000.0,150000.0,150000.0,2000000.0,9.0,272222.22222222225,250000.0,122222.22222222223,1.8148148148148149,1.0,100000.0,10,5.902633333401366,B111207-18,,,,,0,0,0,0,0,14.50865773852422,79.0,5.0,0.0,0.0,0,1,1,2,,,,19,0,0,0,0,0.0,0.0,
B130513-5,1,2,3,1,0,3,,0,,0,여름시즌 수입 기대,19,17,17,0.8235,0.1765,0.1765,1.176,20,13,5.0,0.294,8.0,,1,0,2013,정상종료,완납,332,502,350만원,21개월,0.3,남자,48세,서비스업,3300000.0,2730000.0,,90.0,38.0,21.0,4.0,0.0,1,3300000.0,2730000.0,570000.0,570000.0,3500000.0,21.0,254166.66666666663,212500.0,-315833.3333333334,0.4459064327485379,0.0,-357500.0,5,5.805134968916488,B100225-11,,,,,0,0,0,0,0,15.068273526459642,90.0,21.0,4.0,0.0,0,1,1,1,,,,19,0,0,0,0,0.0,6.042296072507553,
B130517-1,5,4,2,1,0,5,210000.0,1,월,1,학원 수강생89명 수입,19,18,18,1.0,0.9444,0.0,0.0,0,0,,,,,0,0,2013,정상종료,완납,667,460,300만원,18개월,0.3,남자,54세,학원,15740000.0,14070000.0,,67.0,65.0,2.0,0.0,0.0,1,15740000.0,14070000.0,1670000.0,1670000.0,3000000.0,18.0,241666.66666666663,206250.0,-1428333.3333333335,0.1447105788423153,0.0,-1463750.0,1,6.502790045915623,B091116-15,,,,,0,0,0,0,0,14.914122846632385,67.0,2.0,0.0,0.0,0,1,1,1,,,,19,0,0,0,0,0.0,1.5128593040847202,
B130520-1,1,1,1,1,0,2,,0,,0,신용 언급만,19,4,4,1.0,0.5,0.0,0.0,0,0,,,,,0,0,2013,정상종료,완납,58,197,300만원,24개월,0.3,,0세,사무직,2850000.0,2550000.0,,,,,,,1,2850000.0,2550000.0,300000.0,300000.0,3000000.0,24.0,200000.0,164062.5,-100000.0,0.6666666666666666,0.0,-135937.5,1,4.060443010546419,B130520-1,,,,,0,0,0,0,0,14.914122846632385,0.0,0.0,0.0,0.0,1,0,1,1,,,,19,0,0,0,0,0.0,51.72413793103448,
B130520-2,1,3,4,1,0,3,,0,,3,"정규직 전환, 9월 연차수당",19,5,5,0.4,0.2,0.6,1.4,7,4,2.0,0.4,3.0,4.0,1,0,2013,정상종료,완납,142,1166,100만원,6개월,0.3,여자,34세,영업직,1800000.0,1330000.0,,,,,,,1,1800000.0,1330000.0,470000.0,470000.0,1000000.0,6.0,191666.66666666663,181250.0,-278333.3333333334,0.4078014184397162,0.0,-288750.0,2,4.955827057601261,B130520-2,income,False,,False,0,1,0,0,0,13.815510557964274,0.0,0.0,0.0,0.0,1,0,1,1,,,,19,1,0,1,0,0.7142857142857143,0.0,
B130525-2,1,3,1,2,1,3,,0,,1,신랑 심부름콜 부업,19,8,8,0.125,0.125,0.875,8.5,68,31,2.0,0.25,,,1,0,2013,연체중,손실,226,574,150만원,12개월,0.3,여자,41세,기타,3350000.0,2850000.0,,12.0,3.0,14.0,1.0,0.0,1,3350000.0,2850000.0,500000.0,500000.0,1500000.0,12.0,162500.0,145312.5,-337500.0,0.325,0.0,-354687.5,2,5.420534999272286,B110411-4,,,,,0,0,0,0,0,14.22097566607244,12.0,14.0,1.0,0.0,0,0,1,1,,,,19,0,0,0,0,0.8849557522123894,4.424778761061947,
B130525-6,5,5,4,1,0,5,170000.0,1,월,2,판매점 월500~600 수익,19,15,15,0.8667,0.3333,0.1333,0.933,14,9,9.0,0.6,10.0,14.0,1,0,2013,정상종료,완납,386,521,300만원,15개월,0.3,남자,40세,기타,7100000.0,5810000.0,,25.0,17.0,2.0,0.0,0.0,1,7100000.0,5810000.0,1290000.0,1290000.0,3000000.0,15.0,275000.0,240000.0,-1015000.0,0.2131782945736434,0.0,-1050000.0,6,5.955837369464831,B130525-6,income,False,,False,0,1,0,0,0,14.914122846632385,25.0,2.0,0.0,0.0,0,1,1,1,,,,19,1,0,1,0,0.0,2.5906735751295336,
B130527-8,2,3,2,1,0,4,,0,,1,10년 정규직 재직,19,6,6,1.0,1.0,0.0,0.0,0,0,,,,,0,0,2013,정상종료,완납,155,785,500만원,24개월,0.3,여자,44세,증권사,3200000.0,2310000.0,,84.0,58.0,16.0,0.0,0.0,1,3200000.0,2310000.0,890000.0,890000.0,5000000.0,24.0,333333.3333333334,273437.5,-556666.6666666666,0.3745318352059925,0.0,-616562.5,8,5.043425116919247,B101024-5,,,,,0,0,0,0,0,15.424948470398377,84.0,16.0,0.0,0.0,0,0,1,1,,,,19,0,0,0,0,0.0,6.451612903225806,
B130530-6,5,5,3,1,0,4,600000.0,1,월,3,"기본급150+수당, 이직예정",19,24,24,0.25,0.0833,0.75,3.625,87,30,1.0,0.042,2.0,4.0,1,0,2013,정상종료,완납,544,53,400만원,24개월,0.2,남자,41세,영업직,3300000.0,3300000.0,,75.0,56.0,27.0,4.0,0.0,1,3300000.0,3300000.0,0.0,0.0,4000000.0,24.0,233333.3333333333,201388.88888888888,233333.3333333333,,1.0,201388.88888888888,6,6.298949246855942,A070817-4,,,,,0,0,0,0,0,15.201804919084164,75.0,27.0,4.0,0.0,0,1,1,1,,,,19,0,0,0,0,0.1926782273603083,0.0,
B130531-1,3,3,4,2,1,4,,0,월,1,급여일 10일 확정,19,12,12,0.9167,0.9167,0.0833,0.083,1,1,4.0,0.333,5.0,,1,0,2013,정상종료,완납,190,802,100만원,12개월,0.3,여자,44세,생산직,1400000.0,1100000.0,,36.0,31.0,18.0,0.0,0.0,1,1400000.0,1100000.0,300000.0,300000.0,1000000.0,12.0,108333.33333333331,96875.0,-191666.6666666667,0.361111111111111,0.0,-203125.0,1,5.247024072160486,B101230-18,income,True,10.0,False,1,1,0,0,1,13.815510557964274,36.0,18.0,0.0,0.0,0,0,4,1,income,10.0,False,19,1,1,0,1,1.0526315789473684,0.0,
B130604-3,5,4,5,1,0,5,162500.0,1,월,1,대리운전 하루5~10만,19,2,2,1.0,1.0,0.0,0.0,0,0,,,,,0,0,2013,정상종료,완납,1186,332,150만원,12개월,0.3,남자,41세,운전직,1500000.0,890000.0,,39.0,28.0,6.0,0.0,0.0,1,1500000.0,890000.0,610000.0,610000.0,1500000.0,12.0,162500.0,145312.5,-447500.0,0.2663934426229508,0.0,-464687.5,3,7.078341579557671,B090511-6,income,False,,False,0,1,0,0,0,14.22097566607244,39.0,6.0,0.0,0.0,0,1,3,1,,,,19,1,0,1,0,0.0,1.721170395869191,
B130611-7,1,3,1,1,0,4,,0,,1,보험대리점 운영중,19,12,12,0.9167,0.75,0.0833,0.333,4,4,7.0,0.583,8.0,,1,0,2013,정상종료,완납,217,158,200만원,12개월,0.3,여자,65세,보험설계사,3050000.0,2490000.0,,32.0,27.0,4.0,0.0,0.0,1,3050000.0,2490000.0,560000.0,560000.0,2000000.0,12.0,216666.66666666663,193750.0,-343333.3333333334,0.3869047619047618,0.0,-366250.0,7,5.37989735354046,B101221-8,,,,,0,0,0,0,0,14.50865773852422,32.0,4.0,0.0,0.0,0,0,1,1,,,,19,0,0,0,0,0.0,0.0,
B130613-4,1,2,1,1,0,4,,0,,0,회생 납입 종료,19,4,4,1.0,1.0,0.0,0.0,0,0,,,,,0,0,2013,정상종료,완납,191,1275,300만원,24개월,0.3,남자,48세,공공기관,3500000.0,3070000.0,,46.0,44.0,19.0,2.0,0.0,1,3500000.0,3070000.0,430000.0,430000.0,3000000.0,24.0,200000.0,164062.5,-230000.0,0.4651162790697674,0.0,-265937.5,4,5.25227342804663,A081020-3,,,,,0,0,0,0,0,14.914122846632385,46.0,19.0,2.0,0.0,0,1,1,2,,,,19,0,0,0,0,1.0471204188481675,0.0,
B130619-2,2,5,4,1,0,4,,0,월,3,부부 급여+추석 상여금,19,4,4,0.25,0.25,0.75,13.0,52,31,1.0,0.25,3.0,4.0,1,0,2013,연체중,손실,171,276,100만원,12개월,0.3,여자,42세,사무직,4000000.0,3420000.0,,,,,,,1,4000000.0,3420000.0,580000.0,580000.0,1000000.0,12.0,108333.33333333331,96875.0,-471666.6666666667,0.1867816091954022,0.0,-483125.0,2,5.14166355650266,B130619-2,income,False,,True,0,1,0,0,0,13.815510557964274,0.0,0.0,0.0,0.0,1,0,3,1,,,,19,1,0,1,0,0.0,0.0,
B130621-2,1,2,1,1,0,3,,0,,0,회사·월급 안정 주장,19,6,6,0.5,0.1667,0.5,2.0,12,10,1.0,0.167,2.0,4.0,1,0,2013,정상종료,완납,234,1550,200만원,12개월,0.3,여자,37세,사무직,4100000.0,2410000.0,,15.0,13.0,3.0,0.0,0.0,1,4100000.0,2410000.0,1690000.0,1690000.0,2000000.0,12.0,216666.66666666663,193750.0,-1473333.3333333335,0.1282051282051282,0.0,-1496250.0,2,5.455321115357702,B110323-16,,,,,0,0,0,0,0,14.50865773852422,15.0,3.0,0.0,0.0,0,0,1,1,,,,19,0,0,0,0,1.3392857142857142,4.464285714285714,
B130624-1,2,5,3,3,1,4,,0,,2,소득175만+인센티브30만,19,1,1,1.0,1.0,0.0,0.0,0,0,,,,,0,0,2013,정상종료,완납,727,563,150만원,9개월,0.3,여자,38세,콜센터,1800000.0,1670000.0,,40.0,38.0,0.0,0.0,0.0,1,1800000.0,1670000.0,130000.0,130000.0,1500000.0,9.0,204166.66666666663,187500.0,74166.66666666663,1.5705128205128205,1.0,57500.0,1,6.588926477533519,B110410-1,,,,,0,0,0,0,0,14.22097566607244,40.0,0.0,0.0,0.0,0,0,1,1,,,,19,0,0,0,0,0.1388888888888889,8.333333333333334,
B130624-10,1,5,1,1,0,4,,0,,3,급여100만+지원금60만,19,19,19,1.0,0.4211,0.0,0.0,0,0,,,,,0,0,2013,정상종료,완납,328,1398,400만원,24개월,0.3,여자,49세,사무직,2200000.0,1980000.0,,78.0,51.0,0.0,0.0,0.0,1,2200000.0,1980000.0,220000.0,220000.0,4000000.0,24.0,266666.6666666666,218750.0,46666.66666666663,1.212121212121212,1.0,-1250.0,10,5.793013608384144,B101003-5,,,,,0,0,0,0,0,15.201804919084164,78.0,0.0,0.0,0.0,0,0,1,1,,,,19,0,0,0,0,0.0,0.0,
B130630-1,3,1,2,1,0,4,,0,월,0,조기상환 37건 이력,19,6,6,1.0,1.0,0.0,0.0,0,0,,,,,0,0,2013,정상종료,완납,578,732,550만원,15개월,0.3,여자,43세,사무직,2300000.0,1960000.0,,90.0,74.0,1.0,0.0,0.0,1,2300000.0,1960000.0,340000.0,340000.0,5500000.0,15.0,504166.6666666667,440000.0,164166.6666666667,1.482843137254902,1.0,100000.0,1,6.359573868672378,B100505-17,,,,,0,0,0,0,0,15.5202586502027,90.0,1.0,0.0,0.0,0,0,1,3,,,,19,0,0,0,0,0.0,8.710801393728223,
B130701-5,1,4,1,1,0,5,,0,,1,5년 재직 정규직 급여268만,20,12,12,1.0,0.8333,0.0,0.0,0,0,,,,,0,0,2013,정상종료,완납,544,543,200만원,12개월,0.3,남자,47세,사무직,2680000.0,2110000.0,,96.0,76.0,3.0,0.0,0.0,1,2680000.0,2110000.0,570000.0,570000.0,2000000.0,12.0,216666.66666666663,193750.0,-353333.3333333334,0.3801169590643274,0.0,-376250.0,5,6.298949246855942,B110709-5,,,,,0,0,0,0,0,14.50865773852422,96.0,3.0,0.0,0.0,0,1,1,1,,,,20,0,0,0,1,0.0,0.0,
B130702-4,1,1,1,1,0,2,,0,,0,"믿음 호소, 재원 미제시",20,12,12,0.75,0.0,0.25,0.333,4,2,4.0,0.333,5.0,7.0,1,0,2013,정상종료,완납,390,339,150만원,12개월,0.3,여자,45세,기타,2480000.0,2270000.0,,39.0,12.0,8.0,0.0,0.0,1,2480000.0,2270000.0,210000.0,210000.0,1500000.0,12.0,162500.0,145312.5,-47500.0,0.7738095238095238,0.0,-64687.5,4,5.966146739123692,B100806-50,,,,,0,0,0,0,0,14.22097566607244,39.0,8.0,0.0,0.0,0,0,1,2,,,,20,0,0,0,0,0.2577319587628865,2.577319587628866,
B130703-3,2,5,1,1,0,5,,0,,2,재직급여165만+알바70만,20,5,5,0.0,0.0,1.0,13.4,67,31,1.0,0.2,,,1,0,2013,연체중,손실,350,618,100만원,12개월,0.3,남자,34세,기술직,2350000.0,1510000.0,,,,,,,1,2350000.0,1510000.0,840000.0,840000.0,1000000.0,12.0,108333.33333333331,96875.0,-731666.6666666667,0.1289682539682539,0.0,-743125.0,3,5.857933154483459,B130703-3,,,,,0,0,0,0,0,13.815510557964274,0.0,0.0,0.0,0.0,1,1,1,1,,,,20,0,0,0,0,0.0,5.763688760806916,
B130707-3,1,3,1,1,0,4,,0,,1,대기업 2년 재직,20,7,7,0.5714,0.2857,0.4286,4.571,32,30,2.0,0.286,3.0,5.0,1,0,2013,정상종료,완납,495,1705,150만원,9개월,0.3,여자,41세,사무직,2120000.0,1670000.0,,,,,,,1,2120000.0,1670000.0,450000.0,450000.0,1500000.0,9.0,204166.66666666663,187500.0,-245833.33333333337,0.4537037037037036,0.0,-262500.0,3,6.20455776256869,B130707-3,,,,,0,0,0,0,0,14.22097566607244,0.0,0.0,0.0,0.0,1,0,1,1,,,,20,0,0,0,1,0.0,6.109979633401222,
B130712-1,2,3,4,2,1,4,,0,,2,교사 재직·회생 완납이력,20,18,18,0.8889,0.3333,0.1111,0.167,3,2,3.0,0.167,4.0,9.0,1,0,2013,정상종료,완납,824,671,300만원,18개월,0.3,남자,62세,교수/교사,4300000.0,3640000.0,,33.0,15.0,5.0,0.0,0.0,1,4300000.0,3640000.0,660000.0,660000.0,3000000.0,18.0,241666.66666666663,206250.0,-418333.3333333334,0.3661616161616161,0.0,-453750.0,1,6.714170529909472,B120311-5,event,False,,False,1,0,0,1,0,14.914122846632385,33.0,5.0,0.0,0.0,0,1,4,2,event,,False,20,1,1,0,0,0.2439024390243902,3.658536585365854,
B130713-1,3,3,4,1,0,4,,0,일시,1,재직급여·정기 보너스,20,12,12,0.9167,0.8333,0.0833,0.25,3,3,8.0,0.667,9.0,,1,0,2013,정상종료,완납,244,96,300만원,15개월,0.3,남자,55세,공공기관,3300000.0,130000.0,,43.0,32.0,11.0,0.0,0.0,1,3300000.0,130000.0,3170000.0,3170000.0,3000000.0,15.0,275000.0,240000.0,-2895000.0,0.0867507886435331,0.0,-2930000.0,1,5.497168225293202,B100727-7,income,False,10.0,True,1,1,0,0,0,14.914122846632385,43.0,11.0,0.0,0.0,0,1,4,1,income,,False,20,1,1,0,0,0.0,4.0983606557377055,
B130715-1,1,2,1,1,0,2,,0,,1,남편 계약체결 수입 기대,20,12,12,1.0,0.6667,0.0,0.0,0,0,,,,,0,0,2013,정상종료,완납,71,488,200만원,12개월,0.3,여자,53세,기타,3550000.0,1780000.0,,77.0,35.0,7.0,0.0,0.0,1,3550000.0,1780000.0,1770000.0,1770000.0,2000000.0,12.0,216666.66666666663,193750.0,-1553333.3333333335,0.1224105461393596,0.0,-1576250.0,1,4.262679877041316,B110401-6,,,,,0,0,0,0,0,14.50865773852422,77.0,7.0,0.0,0.0,0,0,1,1,,,,20,0,0,0,0,0.0,0.0,
B130717-2,3,3,3,1,0,4,,0,월,1,승진·급여 인상,20,2,2,0.0,0.0,1.0,18.0,36,31,1.0,0.5,,,1,0,2013,손실(상환완료),손실,56,335,100만원,9개월,0.3,남자,47세,사무직,6150000.0,5630000.0,,,,,,,1,6150000.0,5630000.0,520000.0,520000.0,1000000.0,9.0,136111.11111111112,125000.0,-383888.8888888889,0.2617521367521367,0.0,-395000.0,2,4.02535169073515,B130717-2,,,,,0,0,0,0,0,13.815510557964274,0.0,0.0,0.0,0.0,1,1,1,1,,,,20,0,0,0,0,0.0,0.0,
B130717-4,1,4,1,1,0,5,,0,,1,39개월 재직 급여177만,20,12,12,0.6667,0.4167,0.3333,4.25,51,20,2.0,0.167,3.0,5.0,1,0,2013,정상종료,완납,194,708,150만원,12개월,0.3,남자,47세,사무직,1780000.0,1290000.0,,31.0,20.0,12.0,0.0,0.0,1,1780000.0,1290000.0,490000.0,490000.0,1500000.0,12.0,162500.0,145312.5,-327500.0,0.3316326530612244,0.0,-344687.5,4,5.267858159063328,B110824-7,,,,,0,0,0,0,0,14.22097566607244,31.0,12.0,0.0,0.0,0,1,1,1,,,,20,0,0,0,0,0.0,16.129032258064516,
B130720-1,1,4,1,1,0,4,,0,,1,월급190~200만 재직,20,9,9,1.0,0.6667,0.0,0.0,0,0,,,,,0,0,2013,정상종료,완납,69,538,150만원,9개월,0.3,여자,42세,간호사,2000000.0,190000.0,,15.0,8.0,0.0,0.0,0.0,1,2000000.0,190000.0,1810000.0,1810000.0,1500000.0,9.0,204166.66666666663,187500.0,-1605833.3333333335,0.1127992633517495,0.0,-1622500.0,1,4.23410650459726,B121101-1,,,,,0,0,0,0,0,14.22097566607244,15.0,0.0,0.0,0.0,0,0,1,1,,,,20,0,0,0,0,0.0,0.0,
B130722-5,1,2,1,1,0,4,,0,,1,급여인상·월세 감소,20,3,3,0.6667,0.3333,0.3333,4.0,12,12,3.0,1.0,,,1,0,2013,정상종료,완납,340,761,150만원,12개월,0.3,남자,43세,기타,2320000.0,1760000.0,,24.0,17.0,11.0,0.0,0.0,1,2320000.0,1760000.0,560000.0,560000.0,1500000.0,12.0,162500.0,145312.5,-397500.0,0.2901785714285714,0.0,-414687.5,5,5.828945617610208,B101209-4,,,,,0,0,0,0,0,14.22097566607244,24.0,11.0,0.0,0.0,0,1,1,1,,,,20,0,0,0,0,0.0,11.904761904761903,
B130804-1,1,1,1,1,0,4,,0,,0,무연체 상환이력·근속,20,12,12,0.9167,0.75,0.0833,0.333,4,4,5.0,0.417,6.0,,1,0,2013,정상종료,완납,539,1079,200만원,12개월,0.3,남자,44세,기술직,4100000.0,3340000.0,,57.0,44.0,1.0,0.0,0.0,1,4100000.0,3340000.0,760000.0,760000.0,2000000.0,12.0,216666.66666666663,193750.0,-543333.3333333334,0.2850877192982455,0.0,-566250.0,1,6.289715570908998,B110523-11,,,,,0,0,0,0,0,14.50865773852422,57.0,1.0,0.0,0.0,0,1,1,2,,,,20,0,0,0,0,0.5565862708719851,5.565862708719852,
B130805-3,1,1,1,1,0,1,,0,,0,근거 제시 없음,20,12,12,0.25,0.1667,0.75,18.667,224,29,3.0,0.25,11.0,12.0,1,0,2013,정상종료,완납,308,375,200만원,12개월,0.3,남자,36세,기타,2100000.0,1910000.0,,23.0,21.0,10.0,0.0,0.0,1,2100000.0,1910000.0,190000.0,190000.0,2000000.0,12.0,216666.66666666663,193750.0,26666.666666666628,1.1403508771929822,1.0,3750.0,3,5.730099782973574,B120411-1,,,,,0,0,0,0,0,14.50865773852422,23.0,10.0,0.0,0.0,0,1,1,2,,,,20,0,0,0,0,0.0,0.0,
B130806-1,2,4,2,1,0,5,,0,,1,세후160만 급여·부채내역,20,4,4,1.0,0.75,0.0,0.0,0,0,,,,,0,0,2013,정상종료,완납,370,353,200만원,12개월,0.3,남자,46세,사무직,1600000.0,1400000.0,,88.0,82.0,0.0,0.0,0.0,1,1600000.0,1400000.0,200000.0,200000.0,2000000.0,12.0,216666.66666666663,193750.0,16666.666666666628,1.083333333333333,1.0,-6250.0,1,5.91350300563827,B091130-1,,,,,0,0,0,0,0,14.50865773852422,88.0,0.0,0.0,0.0,0,1,1,1,,,,20,0,0,0,0,0.0,2.710027100271003,
B130808-2,3,3,2,4,1,4,,0,월,1,현재 급여로 변제 가능,20,4,4,1.0,1.0,0.0,0.0,0,0,,,,,0,0,2013,정상종료,완납,298,1280,300만원,15개월,0.3,남자,46세,기타,4000000.0,2540000.0,,67.0,62.0,4.0,0.0,0.0,1,4000000.0,2540000.0,1460000.0,1460000.0,3000000.0,15.0,275000.0,240000.0,-1185000.0,0.1883561643835616,0.0,-1220000.0,2,5.697093486505405,B110418-14,,,,,0,0,0,0,0,14.914122846632385,67.0,4.0,0.0,0.0,0,1,1,4,,,,20,0,0,0,0,0.0,0.0,
B130809-2,1,1,4,1,0,4,,0,,0,기존 상환 이력,20,7,7,0.8571,0.8571,0.1429,0.143,1,1,2.0,0.286,3.0,,1,0,2013,정상종료,완납,106,469,500만원,24개월,0.3,남자,64세,운전직,2500000.0,2210000.0,,52.0,52.0,1.0,0.0,0.0,1,2500000.0,2210000.0,290000.0,290000.0,5000000.0,24.0,333333.3333333334,273437.5,43333.33333333337,1.149425287356322,1.0,-16562.5,2,4.663439094112067,B120416-1,event,False,23.0,False,0,0,0,1,0,15.424948470398377,52.0,1.0,0.0,0.0,0,1,1,1,,,,20,1,0,1,0,0.0,0.0,
B130813-12,2,3,4,1,0,5,,0,,1,점장 1년8개월·급여일 5일,20,15,15,1.0,1.0,0.0,0.0,0,0,,,,,0,0,2013,정상종료,완납,140,333,300만원,24개월,0.3,남자,55세,기타,2750000.0,2000000.0,,66.0,56.0,5.0,5.0,0.0,1,2750000.0,2000000.0,750000.0,750000.0,3000000.0,24.0,200000.0,164062.5,-550000.0,0.2666666666666666,0.0,-585937.5,12,4.941642422609304,B110630-2,income,False,5.0,False,0,1,0,0,0,14.914122846632385,66.0,5.0,5.0,0.0,0,1,1,1,,,,20,1,0,1,1,0.0,0.0,
B130813-3,2,2,3,1,0,3,,0,,1,콜센터 근무·여유자금 기대,20,12,12,0.0833,0.0833,0.9167,19.667,236,30,1.0,0.083,2.0,3.0,1,0,2013,정상종료,완납,806,677,150만원,12개월,0.3,여자,37세,카드사,1700000.0,700000.0,,28.0,12.0,42.0,5.0,0.0,1,1700000.0,700000.0,1000000.0,1000000.0,1500000.0,12.0,162500.0,145312.5,-837500.0,0.1625,0.0,-854687.5,3,6.692083742506628,B091118-8,,,,,0,0,0,0,0,14.22097566607244,28.0,42.0,5.0,0.0,0,0,3,1,,,,20,0,0,0,0,0.0,11.207970112079702,
B130814-3,2,2,3,1,0,1,,0,,0,근거 제시 없음,20,9,9,0.7778,0.1111,0.2222,1.0,9,6,8.0,0.889,,,1,0,2013,정상종료,완납,173,241,100만원,9개월,0.3,남자,55세,기술직,3500000.0,2880000.0,,,,,,,1,3500000.0,2880000.0,620000.0,620000.0,1000000.0,9.0,136111.11111111112,125000.0,-483888.8888888889,0.2195340501792115,0.0,-495000.0,3,5.153291594497779,B130814-3,,,,,0,0,0,0,0,13.815510557964274,0.0,0.0,0.0,0.0,1,1,3,3,,,,20,0,0,0,0,0.0,0.0,
B130814-4,3,3,3,2,1,4,,0,월,2,2010년부터 재직·남편 이직,20,11,11,1.0,0.6364,0.0,0.0,0,0,,,,,0,0,2013,정상종료,완납,267,919,200만원,12개월,0.3,여자,48세,사무직,3450000.0,2810000.0,,86.0,34.0,5.0,0.0,0.0,1,3450000.0,2810000.0,640000.0,640000.0,2000000.0,12.0,216666.66666666663,193750.0,-423333.3333333334,0.3385416666666666,0.0,-446250.0,4,5.58724865840025,B110513-8,,,,,0,0,0,0,0,14.50865773852422,86.0,5.0,0.0,0.0,0,0,1,2,,,,20,0,0,0,0,0.0,11.235955056179774,
B130819-3,1,2,1,1,0,4,,0,,1,기존과 동일 근로 지속,20,12,12,0.4167,0.25,0.5833,6.917,83,30,3.0,0.25,6.0,7.0,1,0,2013,정상종료,완납,127,1105,250만원,12개월,0.3,여자,50세,일용직,1200000.0,740000.0,,52.0,42.0,20.0,5.0,0.0,1,1200000.0,740000.0,460000.0,460000.0,2500000.0,12.0,270833.3333333334,242187.5,-189166.66666666663,0.588768115942029,0.0,-217812.5,3,4.844187086458591,B110321-16,,,,,0,0,0,0,0,14.73180128983843,52.0,20.0,5.0,0.0,0,0,1,1,,,,20,0,0,0,0,3.149606299212598,7.874015748031496,
B130819-6,3,3,3,1,0,2,,0,,1,취직 예정 미래소득,20,6,6,0.5,0.3333,0.5,6.167,37,20,3.0,0.5,5.0,6.0,1,0,2013,정상종료,완납,153,907,100만원,6개월,0.3,여자,32세,기타,0.0,190000.0,,,,,,,1,0.0,190000.0,-190000.0,-190000.0,1000000.0,6.0,191666.66666666663,181250.0,381666.6666666666,,1.0,371250.0,6,5.030437921392435,B130819-6,,,,,0,0,0,0,0,13.815510557964274,0.0,0.0,0.0,0.0,1,0,3,2,,,,20,0,0,0,0,0.0,6.666666666666667,
B130820-6,1,4,1,1,0,4,,0,,1,세후 237만원 급여,20,11,11,0.9091,0.6364,0.0909,0.091,1,1,4.0,0.364,5.0,,1,0,2013,정상종료,완납,58,645,200만원,12개월,0.3,여자,38세,사무직,2370000.0,2030000.0,,52.0,15.0,24.0,0.0,0.0,1,2370000.0,2030000.0,340000.0,340000.0,2000000.0,12.0,216666.66666666663,193750.0,-123333.33333333336,0.6372549019607842,0.0,-146250.0,6,4.060443010546419,B110425-5,,,,,0,0,0,0,0,14.50865773852422,52.0,24.0,0.0,0.0,0,0,1,1,,,,20,0,0,0,0,0.0,0.0,
B130822-3,2,5,3,1,0,4,,0,,2,파트타임75만·지인채권,20,9,9,1.0,0.5556,0.0,0.0,0,0,,,,,0,0,2013,정상종료,완납,498,366,150만원,12개월,0.29,여자,43세,기타,3400000.0,2430000.0,,38.0,18.0,1.0,0.0,0.0,1,3400000.0,2430000.0,970000.0,970000.0,1500000.0,12.0,161250.0,144635.41666666666,-808750.0,0.1662371134020618,0.0,-825364.5833333334,3,6.210600077024653,B120509-1,,,,,0,0,0,0,0,14.22097566607244,38.0,1.0,0.0,0.0,0,0,1,1,,,,20,0,0,0,0,0.0,0.0,
B130824-1,2,2,2,1,0,2,,0,,0,근거 미약·연금만 언급,20,6,6,0.5,0.1667,0.5,0.667,4,2,2.0,0.333,4.0,5.0,1,0,2013,정상종료,완납,229,466,100만원,6개월,0.3,남자,55세,공기업,3500000.0,2840000.0,,11.0,1.0,13.0,0.0,0.0,1,3500000.0,2840000.0,660000.0,660000.0,1000000.0,6.0,191666.66666666663,181250.0,-468333.3333333334,0.2904040404040403,0.0,-478750.0,1,5.43372200355424,B120702-8,,,,,0,0,0,0,0,13.815510557964274,11.0,13.0,0.0,0.0,0,1,1,2,,,,20,0,0,0,0,0.4484304932735426,13.45291479820628,
B130827-2,2,3,1,1,0,4,,0,,2,10년 근속·식대 미지출,20,8,8,0.875,0.375,0.125,3.875,31,31,8.0,1.0,,,1,0,2013,연체중,손실,506,1350,300만원,24개월,0.3,여자,39세,사무직,1630000.0,1280000.0,,19.0,12.0,0.0,0.0,0.0,1,1630000.0,1280000.0,350000.0,350000.0,3000000.0,24.0,200000.0,164062.5,-150000.0,0.5714285714285714,0.0,-185937.5,2,6.226536669287466,B120905-4,,,,,0,0,0,0,0,14.914122846632385,19.0,0.0,0.0,0.0,0,0,1,3,,,,20,0,0,0,0,0.0,5.928853754940711,
B130829-4,2,5,1,1,0,5,,0,,2,급여230만+주말알바40만,20,7,7,0.5714,0.5714,0.4286,3.286,23,20,1.0,0.143,4.0,,1,0,2013,정상종료,완납,486,1077,150만원,12개월,0.3,여자,38세,사무직,2700000.0,2100000.0,,18.0,14.0,18.0,0.0,0.0,1,2700000.0,2100000.0,600000.0,600000.0,1500000.0,12.0,162500.0,145312.5,-437500.0,0.2708333333333333,0.0,-454687.5,4,6.186208623900494,B090709-6,,,,,0,0,0,0,0,14.22097566607244,18.0,18.0,0.0,0.0,0,0,1,1,,,,20,0,0,0,0,0.209205020920502,10.460251046025103,
B130905-3,3,1,3,1,0,4,,0,월,0,조기상환 50건 이력,20,12,12,1.0,0.9167,0.0,0.0,0,0,,,,,0,0,2013,정상종료,완납,674,737,450만원,15개월,0.3,여자,40세,기술직,3100000.0,2560000.0,,98.0,84.0,3.0,0.0,0.0,1,3100000.0,2560000.0,540000.0,540000.0,4500000.0,15.0,412500.0,360000.0,-127500.0,0.7638888888888888,0.0,-180000.0,3,6.513230110912307,B090402-6,,,,,0,0,0,0,0,15.319587954740548,98.0,3.0,0.0,0.0,0,0,1,3,,,,20,0,0,0,0,0.0,8.955223880597016,
B130909-7,5,5,3,1,0,5,,0,월,3,두 직장 월평균 300만,20,8,8,1.0,0.75,0.0,0.0,0,0,,,,,0,0,2013,정상종료,완납,618,659,150만원,9개월,0.3,남자,47세,경비업체,3490000.0,2450000.0,,32.0,25.0,4.0,0.0,0.0,1,3490000.0,2450000.0,1040000.0,1040000.0,1500000.0,9.0,204166.66666666663,187500.0,-835833.3333333334,0.1963141025641025,0.0,-852500.0,7,6.42648845745769,B081113-2,,,,,0,0,0,0,0,14.22097566607244,32.0,4.0,0.0,0.0,0,1,1,1,,,,20,0,0,0,0,0.0,1.6556291390728477,
B130910-2,2,3,2,1,0,4,,0,,1,재직 유지·신복 12회 납부,20,5,5,0.8,0.8,0.2,1.2,6,6,5.0,1.0,,,1,0,2013,정상종료,완납,322,366,200만원,9개월,0.3,남자,45세,사무직,4200000.0,1880000.0,,69.0,66.0,16.0,0.0,0.0,1,4200000.0,1880000.0,2320000.0,2320000.0,2000000.0,9.0,272222.22222222225,250000.0,-2047777.7777777773,0.1173371647509578,0.0,-2070000.0,2,5.7745515455444085,B081210-2,,,,,0,0,0,0,0,14.50865773852422,69.0,16.0,0.0,0.0,0,1,2,2,,,,20,0,0,0,0,0.0,0.0,
B130910-4,3,5,4,1,0,5,,0,월,3,공무원 세후300만·조기상환실적,20,7,7,0.8571,0.4286,0.1429,0.143,1,1,5.0,0.714,6.0,,1,0,2013,정상종료,완납,718,747,300만원,15개월,0.3,남자,51세,공공기관,3200000.0,2840000.0,,68.0,49.0,27.0,0.0,0.0,1,3200000.0,2840000.0,360000.0,360000.0,3000000.0,15.0,275000.0,240000.0,-85000.0,0.7638888888888888,0.0,-120000.0,4,6.576469569048224,A080212-2,income,False,,False,0,1,0,0,0,14.914122846632385,68.0,27.0,0.0,0.0,0,1,1,1,,,,20,1,0,1,0,1.4388489208633095,4.316546762589928,
B130910-6,2,5,1,1,0,5,,0,,2,급여168만+과외110만,20,5,5,1.0,1.0,0.0,0.0,0,0,,,,,0,0,2013,정상종료,완납,613,776,150만원,12개월,0.3,남자,40세,사무직,2700000.0,1900000.0,,75.0,73.0,1.0,0.0,0.0,1,2700000.0,1900000.0,800000.0,800000.0,1500000.0,12.0,162500.0,145312.5,-637500.0,0.203125,0.0,-654687.5,6,6.418364935936212,B130910-6,,,,,0,0,0,0,0,14.22097566607244,75.0,1.0,0.0,0.0,0,1,1,2,,,,20,0,0,0,0,0.0,3.284072249589491,
B130910-9,1,5,1,1,0,5,,0,,2,학원 순수입360만+부업,20,14,14,1.0,0.7857,0.0,0.0,0,0,,,,,0,0,2013,정상종료,완납,575,1102,300만원,18개월,0.3,남자,46세,학원,4400000.0,4160000.0,,26.0,17.0,1.0,0.0,0.0,1,4400000.0,4160000.0,240000.0,240000.0,3000000.0,18.0,241666.66666666663,206250.0,1666.666666666628,1.0069444444444442,1.0,-33750.0,9,6.354370040797351,B120927-12,,,,,0,0,0,0,0,14.914122846632385,26.0,1.0,0.0,0.0,0,1,1,3,,,,20,0,0,0,0,0.0,0.0,
B130912-3,2,5,3,1,0,4,,0,,2,고정급250만 재직,20,9,9,1.0,0.2222,0.0,0.0,0,0,,,,,0,0,2013,정상종료,완납,408,791,150만원,9개월,0.3,남자,54세,영업직,2800000.0,2440000.0,,,,,,,1,2800000.0,2440000.0,360000.0,360000.0,1500000.0,9.0,204166.66666666663,187500.0,-155833.33333333337,0.5671296296296295,0.0,-172500.0,3,6.0112671744041615,B130912-3,,,,,0,0,0,0,0,14.22097566607244,0.0,0.0,0.0,0.0,1,1,3,2,,,,20,0,0,0,0,0.0,4.914004914004914,
B130914-1,1,2,4,4,1,3,,0,,1,회생 종료 후 안정 기대,20,18,18,0.8889,0.8333,0.1111,0.444,8,5,13.0,0.722,15.0,,1,0,2013,정상종료,완납,1267,4018,300만원,18개월,0.3,여자,36세,기타,1230000.0,1130000.0,,75.0,68.0,34.0,0.0,0.0,1,1230000.0,1130000.0,100000.0,100000.0,3000000.0,18.0,241666.66666666663,206250.0,141666.66666666663,2.416666666666666,1.0,106250.0,1,7.144407180321139,B090924-10,event,False,,False,0,0,0,1,0,14.914122846632385,75.0,34.0,0.0,0.0,0,0,1,3,,,,20,1,0,1,0,0.5551149881046789,3.9651070578905623,
B130915-2,1,1,1,1,0,1,,0,,0,근거 제시 없음,20,20,20,1.0,0.7,0.0,0.0,0,0,,,,,0,0,2013,정상종료,완납,60,431,400만원,21개월,0.3,여자,49세,기타,2700000.0,2150000.0,,76.0,48.0,1.0,0.0,0.0,1,2700000.0,2150000.0,550000.0,550000.0,4000000.0,21.0,290476.1904761905,242857.14285714284,-259523.8095238096,0.5281385281385281,0.0,-307142.8571428572,2,4.0943445622221,B100226-13,,,,,0,0,0,0,0,15.201804919084164,76.0,1.0,0.0,0.0,0,0,1,1,,,,20,0,0,0,0,0.0,0.0,
B130917-3,5,4,5,1,0,4,205357.0,1,월,1,대리운전 월200만 수입,20,9,9,0.7778,0.5556,0.2222,3.556,32,31,4.0,0.444,5.0,9.0,1,0,2013,연체중,손실,1651,192,300만원,24개월,0.3,남자,41세,운전직,1500000.0,890000.0,,39.0,28.0,6.0,0.0,0.0,1,1500000.0,890000.0,610000.0,610000.0,3000000.0,24.0,200000.0,164062.5,-410000.0,0.3278688524590163,0.0,-445937.5,3,7.409136443920128,B090511-6,income,False,,False,0,1,0,0,0,14.914122846632385,39.0,6.0,0.0,0.0,0,1,3,1,,,,20,1,0,1,0,0.0,1.3614703880190604,
B130921-1,2,5,1,1,0,5,,0,,3,급여210만+연금102만,20,4,4,0.75,0.75,0.25,7.75,31,31,4.0,1.0,,,1,0,2013,손실(상환완료),손실,300,413,350만원,15개월,0.3,남자,44세,생산직,4420000.0,1980000.0,,41.0,36.0,4.0,0.0,0.0,1,4420000.0,1980000.0,2440000.0,2440000.0,3500000.0,15.0,320833.3333333334,280000.0,-2119166.6666666665,0.1314890710382514,0.0,-2160000.0,1,5.703782474656201,B090910-8,,,,,0,0,0,0,0,15.068273526459642,41.0,4.0,0.0,0.0,0,1,1,1,,,,20,0,0,0,0,0.0,3.3783783783783785,
B130923-4,2,5,3,1,0,4,,0,,3,수업·제작 수입150~200만,20,15,15,1.0,0.4667,0.0,0.0,0,0,,,,,0,0,2013,정상종료,완납,357,689,300만원,15개월,0.3,여자,44세,기타,1700000.0,1460000.0,,43.0,19.0,2.0,0.0,0.0,1,1700000.0,1460000.0,240000.0,240000.0,3000000.0,15.0,275000.0,240000.0,35000.0,1.1458333333333333,1.0,0.0,4,5.877735781779639,B120424-15,,,,,0,0,0,0,0,14.914122846632385,43.0,2.0,0.0,0.0,0,0,1,1,,,,20,0,0,0,0,0.0,0.0,
B130926-8,1,3,1,1,0,4,,0,,1,정규직 전환·무연체 이력,20,12,12,0.9167,0.5,0.0833,0.25,3,3,3.0,0.25,4.0,,1,0,2013,정상종료,완납,348,289,150만원,12개월,0.3,남자,51세,기타,2750000.0,1790000.0,,77.0,43.0,3.0,0.0,0.0,1,2750000.0,1790000.0,960000.0,960000.0,1500000.0,12.0,162500.0,145312.5,-797500.0,0.1692708333333333,0.0,-814687.5,8,5.8522024797744745,B111127-1,,,,,0,0,0,0,0,14.22097566607244,77.0,3.0,0.0,0.0,0,1,1,1,,,,20,0,0,0,0,0.0,0.0,
B130930-5,2,3,3,1,0,3,,0,,2,연말 성과급 유입 기대,20,6,6,0.3333,0.1667,0.6667,6.667,40,18,2.0,0.333,6.0,,1,0,2013,정상종료,완납,77,138,250만원,6개월,0.3,남자,59세,영업직,4500000.0,4060000.0,,3.0,1.0,15.0,0.0,0.0,1,4500000.0,4060000.0,440000.0,440000.0,2500000.0,6.0,479166.6666666667,453125.0,39166.666666666686,1.0890151515151516,1.0,13125.0,5,4.343805421853684,B130930-5,,,,,0,0,0,0,0,14.73180128983843,3.0,15.0,0.0,0.0,0,1,3,1,,,,20,0,0,0,0,0.0,0.0,
B131002-2,4,4,3,2,1,4,250000.0,1,월,1,제때 납부 중·기타수입50만,20,4,4,0.25,0.0,0.75,16.0,64,31,2.0,0.5,,,1,0,2013,연체중,손실,196,609,200만원,9개월,0.3,남자,42세,공공기관,1900000.0,1690000.0,,5.0,2.0,2.0,1.0,0.0,1,1900000.0,1690000.0,210000.0,210000.0,2000000.0,9.0,272222.22222222225,250000.0,62222.22222222225,1.2962962962962965,1.0,40000.0,2,5.278114659230517,B130104-9,,,,,0,0,0,0,0,14.50865773852422,5.0,2.0,1.0,0.0,0,1,1,2,,,,20,0,0,0,0,0.0,10.20408163265306,
B131004-1,2,5,4,1,0,3,,0,,3,성과급·연차수당 기대,20,14,14,0.9286,0.7857,0.0714,0.071,1,1,11.0,0.786,12.0,,1,0,2013,정상종료,완납,159,378,300만원,15개월,0.25,남자,48세,사무직,4100000.0,3540000.0,,25.0,18.0,4.0,0.0,0.0,1,4100000.0,3540000.0,560000.0,560000.0,3000000.0,15.0,262500.0,233333.3333333333,-297500.0,0.46875,0.0,-326666.6666666667,1,5.068904202220232,A080331-3,income,False,,True,1,1,0,0,0,14.914122846632385,25.0,4.0,0.0,0.0,0,1,5,1,income,,True,20,1,1,0,0,0.0,6.329113924050633,
B131008-4,1,2,1,1,0,4,,0,,1,자격증·회사 입사 소득,20,9,9,0.1111,0.1111,0.8889,5.667,51,11,2.0,0.222,,,1,0,2013,정상종료,완납,69,111,200만원,9개월,0.3,남자,51세,기술직,3000000.0,2420000.0,,27.0,17.0,34.0,2.0,8.0,1,3000000.0,2420000.0,580000.0,580000.0,2000000.0,9.0,272222.22222222225,250000.0,-307777.7777777777,0.4693486590038314,0.0,-330000.0,4,4.23410650459726,B110808-6,,,,,0,0,0,0,0,14.50865773852422,27.0,34.0,2.0,8.0,0,1,1,1,,,,20,0,0,0,0,0.0,0.0,
B131009-2,2,5,2,1,0,5,,0,,2,급여175만·과거 조기상환,20,5,5,1.0,1.0,0.0,0.0,0,0,,,,,0,0,2013,정상종료,완납,864,475,300만원,24개월,0.3,여자,38세,콜센터,1800000.0,1630000.0,,40.0,38.0,0.0,0.0,0.0,1,1800000.0,1630000.0,170000.0,170000.0,3000000.0,24.0,200000.0,164062.5,30000.0,1.1764705882352942,1.0,-5937.5,2,6.761572768804055,B110410-1,,,,,0,0,0,0,0,14.914122846632385,40.0,0.0,0.0,0.0,0,0,1,1,,,,20,0,0,0,0,0.116686114352392,7.001166861143524,
B131012-1,3,5,5,1,0,4,,0,월,3,학원급여90만·남편 송금,20,15,15,1.0,1.0,0.0,0.0,0,0,,,,,0,0,2013,정상종료,완납,230,1145,300만원,24개월,0.3,여자,50세,학원,2400000.0,2250000.0,,51.0,51.0,0.0,0.0,0.0,1,2400000.0,2250000.0,150000.0,150000.0,3000000.0,24.0,200000.0,164062.5,50000.0,1.3333333333333333,1.0,14062.5,1,5.438079308923196,B120116-5,income,True,25.0,True,1,1,0,0,1,14.914122846632385,51.0,0.0,0.0,0.0,0,0,5,1,income,25.0,True,20,1,1,0,1,0.0,0.0,
B131016-3,1,4,1,1,0,4,,0,,1,학원 급여 200만 수령,20,9,9,0.1111,0.0,0.8889,12.222,110,25,2.0,0.222,,,1,0,2013,정상종료,완납,36,277,200만원,9개월,0.3,남자,43세,기타,2000000.0,1340000.0,,15.0,7.0,24.0,0.0,0.0,1,2000000.0,1340000.0,660000.0,660000.0,2000000.0,9.0,272222.22222222225,250000.0,-387777.77777777775,0.4124579124579125,0.0,-410000.0,3,3.58351893845611,B090826-12,,,,,0,0,0,0,0,14.50865773852422,15.0,24.0,0.0,0.0,0,1,1,1,,,,20,0,0,0,0,0.0,0.0,
B131022-4,3,5,3,2,1,4,,0,월,2,연소득4천·급여일 선입금,20,15,15,1.0,0.9333,0.0,0.0,0,0,,,,,0,0,2013,정상종료,완납,941,954,300만원,18개월,0.3,여자,44세,보험설계사,2600000.0,1800000.0,,50.0,42.0,0.0,0.0,0.0,1,2600000.0,1800000.0,800000.0,800000.0,3000000.0,18.0,241666.66666666663,206250.0,-558333.3333333334,0.3020833333333332,0.0,-593750.0,4,6.846943139585379,B090719-7,,,,,0,0,0,0,0,14.914122846632385,50.0,0.0,0.0,0.0,0,0,1,2,,,,20,0,0,0,1,0.4287245444801715,4.287245444801715,
B131023-4,3,5,3,1,0,5,,0,월,2,연금 수령·월83만 여유,20,12,12,0.0,0.0,1.0,18.75,225,31,1.0,0.083,,,1,0,2013,연체중,손실,601,112,300만원,24개월,0.3,남자,68세,시설관리업체,2380000.0,1550000.0,,16.0,11.0,15.0,1.0,0.0,1,2380000.0,1550000.0,830000.0,830000.0,3000000.0,24.0,200000.0,164062.5,-630000.0,0.2409638554216867,0.0,-665937.5,4,6.398594934535208,B110403-4,,,,,0,0,0,0,0,14.914122846632385,16.0,15.0,1.0,0.0,0,1,1,1,,,,20,0,0,0,0,0.0,5.025125628140704,
B131024-1,3,4,5,1,0,4,,0,월,2,재직·투잡·할부 종료 임박,20,3,3,1.0,1.0,0.0,0.0,0,0,,,,,0,0,2013,정상종료,완납,462,775,100만원,9개월,0.3,여자,37세,사무직,1400000.0,1400000.0,,14.0,8.0,4.0,0.0,0.0,1,1400000.0,1400000.0,0.0,0.0,1000000.0,9.0,136111.11111111112,125000.0,136111.11111111112,,1.0,125000.0,1,6.135564891081739,B121106-10,income,False,,False,0,1,0,0,0,13.815510557964274,14.0,4.0,0.0,0.0,0,0,3,1,,,,20,1,0,1,1,0.2188183807439825,0.0,
B131028-1,1,3,1,1,0,4,,0,,2,직장+통닭집 운영,20,15,15,1.0,0.2,0.0,0.0,0,0,,,,,0,0,2013,정상종료,완납,212,531,300만원,15개월,0.3,남자,46세,기타,3000000.0,2430000.0,,75.0,25.0,0.0,0.0,0.0,1,3000000.0,2430000.0,570000.0,570000.0,3000000.0,15.0,275000.0,240000.0,-295000.0,0.4824561403508772,0.0,-330000.0,1,5.356586274672012,B110118-31,,,,,0,0,0,0,0,14.914122846632385,75.0,0.0,0.0,0.0,0,1,1,1,,,,20,0,0,0,0,0.0,14.150943396226417,
B131030-3,2,5,3,1,0,5,,0,,2,다중 일자리 월430만,20,24,24,1.0,1.0,0.0,0.0,0,0,,,,,0,0,2013,정상종료,완납,1232,1066,500만원,24개월,0.3,남자,52세,운전직,4280000.0,3610000.0,,75.0,66.0,0.0,0.0,0.0,1,4280000.0,3610000.0,670000.0,670000.0,5000000.0,24.0,333333.3333333334,273437.5,-336666.6666666666,0.4975124378109453,0.0,-396562.5,3,7.116394144093465,B120323-17,,,,,0,0,0,0,0,15.424948470398377,75.0,0.0,0.0,0.0,0,1,3,2,,,,20,0,0,0,0,0.8979591836734694,6.530612244897959,
B131102-1,1,2,1,1,0,4,,0,,0,할부 종료·월세 36만 감소,20,15,15,0.8,0.4,0.2,0.2,3,1,4.0,0.267,5.0,12.0,1,0,2013,정상종료,완납,305,916,600만원,24개월,0.3,남자,52세,서비스업,2100000.0,1860000.0,,60.0,44.0,5.0,0.0,0.0,1,2100000.0,1860000.0,240000.0,240000.0,6000000.0,24.0,400000.0,328125.0,160000.0,1.6666666666666667,1.0,88125.0,1,5.720311776607412,B110713-20,,,,,0,0,0,0,0,15.60727002719233,60.0,5.0,0.0,0.0,0,1,1,1,,,,20,0,0,0,0,0.3289473684210526,0.0,
B131103-11,1,4,4,1,0,3,,0,,1,승진 후 월140만 예상,20,6,6,0.1667,0.1667,0.8333,22.667,136,30,2.0,0.333,,,1,0,2013,정상종료,완납,125,215,150만원,6개월,0.3,여자,44세,사무직,1200000.0,880000.0,,48.0,41.0,10.0,1.0,0.0,1,1200000.0,880000.0,320000.0,320000.0,1500000.0,6.0,287500.0,271875.0,-32500.0,0.8984375,0.0,-48125.0,11,4.8283137373023015,B131103-11,income,False,,False,0,1,0,0,0,14.22097566607244,48.0,10.0,1.0,0.0,0,0,1,1,,,,20,1,0,1,0,0.0,8.0,
B131107-4,3,5,3,4,1,5,,0,,2,급여200~300만+아내150만,20,9,9,1.0,0.7778,0.0,0.0,0,0,,,,,0,0,2013,정상종료,완납,628,625,500만원,24개월,0.3,남자,41세,요식업,4300000.0,3120000.0,,35.0,33.0,0.0,0.0,0.0,1,4300000.0,3120000.0,1180000.0,1180000.0,5000000.0,24.0,333333.3333333334,273437.5,-846666.6666666666,0.2824858757062147,0.0,-906562.5,4,6.442540166468199,B120312-12,,,,,0,0,0,0,0,15.424948470398377,35.0,0.0,0.0,0.0,0,1,3,1,,,,20,0,0,0,0,0.0,0.0,
B131109-2,2,5,5,5,1,4,,0,,4,급여140만·친구채권 공증,20,4,4,0.25,0.25,0.75,21.75,87,31,2.0,0.5,,,1,0,2013,연체중,손실,774,718,200만원,12개월,0.3,남자,40세,사무직,1520000.0,1300000.0,,3.0,2.0,4.0,1.0,0.0,1,1520000.0,1300000.0,220000.0,220000.0,2000000.0,12.0,216666.66666666663,193750.0,-3333.333333333372,0.9848484848484846,0.0,-26250.0,2,6.651571873589727,B120924-11,income,True,,True,1,1,0,0,1,14.50865773852422,3.0,4.0,1.0,0.0,0,1,5,4,income,,True,20,1,1,0,0,0.0,6.587615283267457,
B131119-1,3,1,4,1,0,4,,0,월,0,"과거 완제 이력, 소득 미기재",20,12,12,0.6667,0.1667,0.3333,1.667,20,8,1.0,0.083,2.0,5.0,1,0,2013,정상종료,완납,328,1146,150만원,12개월,0.3,남자,33세,기술직,1700000.0,1290000.0,,28.0,11.0,12.0,0.0,0.0,1,1700000.0,1290000.0,410000.0,410000.0,1500000.0,12.0,162500.0,145312.5,-247500.0,0.3963414634146341,0.0,-264687.5,1,5.793013608384144,B121030-3,calendar,False,1.0,False,1,0,1,0,0,14.22097566607244,28.0,12.0,0.0,0.0,0,1,4,1,calendar,1.0,False,20,1,1,0,1,0.0,6.097560975609756,1.0
B131119-4,2,3,1,1,0,4,,0,,1,10년 정규직 근속,20,8,8,1.0,1.0,0.0,0.0,0,0,,,,,0,0,2013,정상종료,완납,155,427,500만원,24개월,0.3,여자,44세,증권사,3300000.0,2310000.0,,84.0,58.0,16.0,0.0,0.0,1,3300000.0,2310000.0,990000.0,990000.0,5000000.0,24.0,333333.3333333334,273437.5,-656666.6666666666,0.3367003367003367,0.0,-716562.5,4,5.043425116919247,B101024-5,,,,,0,0,0,0,0,15.424948470398377,84.0,16.0,0.0,0.0,0,0,1,1,,,,20,0,0,0,0,0.0,6.451612903225806,
B131122-6,1,2,1,1,0,4,,0,,1,새 직장 근접·교통비 절감,20,5,5,1.0,0.6,0.0,0.0,0,0,,,,,0,0,2013,정상종료,완납,426,1213,150만원,12개월,0.3,남자,47세,기타,1560000.0,1430000.0,,60.0,22.0,15.0,0.0,0.0,1,1560000.0,1430000.0,130000.0,130000.0,1500000.0,12.0,162500.0,145312.5,32500.0,1.25,1.0,15312.5,6,6.054439346269371,B090424-7,,,,,0,0,0,0,0,14.22097566607244,60.0,15.0,0.0,0.0,0,1,1,2,,,,20,0,0,0,0,0.2409638554216867,4.819277108433735,
B131125-2,3,3,5,1,0,4,,0,월,1,급여일 조정으로 선입금,20,18,18,0.0556,0.0,0.9444,19.0,342,29,2.0,0.111,,,1,0,2013,정상종료,완납,235,649,300만원,18개월,0.3,여자,46세,기타,1580000.0,1410000.0,,15.0,9.0,48.0,0.0,0.0,1,1580000.0,1410000.0,170000.0,170000.0,3000000.0,18.0,241666.66666666663,206250.0,71666.66666666663,1.4215686274509802,1.0,36250.0,2,5.459585514144159,B101105-6,income,True,25.0,False,1,1,0,0,1,14.914122846632385,15.0,48.0,0.0,0.0,0,0,4,1,income,25.0,False,20,1,1,0,1,0.0,4.25531914893617,
B131129-7,1,4,1,1,0,5,,0,,1,월급여483만·원천징수,20,18,18,0.9444,0.0556,0.0556,0.056,1,1,5.0,0.278,6.0,,1,0,2013,정상종료,완납,167,436,300만원,24개월,0.3,남자,48세,공기업,4000000.0,3440000.0,,48.0,14.0,7.0,0.0,0.0,1,4000000.0,3440000.0,560000.0,560000.0,3000000.0,24.0,200000.0,164062.5,-360000.0,0.3571428571428571,0.0,-395937.5,7,5.117993812416755,B090804-12,,,,,0,0,0,0,0,14.914122846632385,48.0,7.0,0.0,0.0,0,1,1,1,,,,20,0,0,0,0,0.0,0.0,
B131201-5,3,3,5,1,0,4,,0,월,1,4회 상환이력·급여 선입금,20,19,19,1.0,0.6842,0.0,0.0,0,0,,,,,0,0,2013,정상종료,완납,241,900,300만원,24개월,0.3,여자,49세,콜센터,3100000.0,2970000.0,,73.0,53.0,6.0,0.0,0.0,1,3100000.0,2970000.0,130000.0,130000.0,3000000.0,24.0,200000.0,164062.5,70000.0,1.5384615384615383,1.0,34062.5,5,5.484796933490655,B090204-9,income,True,,False,1,1,0,0,1,14.914122846632385,73.0,6.0,0.0,0.0,0,0,5,1,income,,True,20,1,1,0,0,0.0,8.368200836820083,
B131207-4,3,3,2,4,1,4,,0,월,1,현재 급여로 변제 가능,20,7,7,1.0,1.0,0.0,0.0,0,0,,,,,0,0,2013,정상종료,완납,297,1734,500만원,24개월,0.3,남자,46세,기타,4000000.0,2580000.0,,67.0,62.0,4.0,0.0,0.0,1,4000000.0,2580000.0,1420000.0,1420000.0,5000000.0,24.0,333333.3333333334,273437.5,-1086666.6666666665,0.2347417840375587,0.0,-1146562.5,4,5.6937321388027,B110418-14,,,,,0,0,0,0,0,15.424948470398377,67.0,4.0,0.0,0.0,0,1,1,4,,,,20,0,0,0,0,0.0,0.0,
B131209-10,1,4,1,1,0,4,,0,,2,세후160만 급여·부업 예정,20,22,22,1.0,0.9545,0.0,0.0,0,0,,,,,0,0,2013,정상종료,완납,286,445,400만원,24개월,0.3,남자,46세,사무직,1600000.0,1400000.0,,88.0,82.0,0.0,0.0,0.0,1,1600000.0,1400000.0,200000.0,200000.0,4000000.0,24.0,266666.6666666666,218750.0,66666.66666666663,1.333333333333333,1.0,18750.0,10,5.655991810819852,B091130-1,,,,,0,0,0,0,0,15.201804919084164,88.0,0.0,0.0,0.0,0,1,1,1,,,,20,0,0,0,0,0.0,3.5211267605633805,
B131211-2,1,1,1,1,0,4,,0,,0,무연체 상환 이력,20,3,3,0.0,0.0,1.0,19.667,59,31,1.0,0.333,,,1,0,2013,연체중,손실,47,78,100만원,12개월,0.3,여자,47세,사무직,1600000.0,1300000.0,,,,,,,1,1600000.0,1300000.0,300000.0,300000.0,1000000.0,12.0,108333.33333333331,96875.0,-191666.6666666667,0.361111111111111,0.0,-203125.0,2,3.8501476017100575,B131211-2,,,,,0,0,0,0,0,13.815510557964274,0.0,0.0,0.0,0.0,1,0,1,1,,,,20,0,0,0,0,0.0,0.0,
B131215-4,1,5,3,1,0,4,,0,,2,본인200만+남편250만,20,18,18,0.5556,0.3333,0.4444,3.722,67,17,2.0,0.111,4.0,5.0,1,0,2013,정상종료,완납,567,359,350만원,18개월,0.3,여자,57세,간호사,4500000.0,4100000.0,,53.0,38.0,18.0,0.0,0.0,1,4500000.0,4100000.0,400000.0,400000.0,3500000.0,18.0,281944.44444444444,240625.0,-118055.55555555556,0.704861111111111,0.0,-159375.0,4,6.340359303727752,B100309-8,,,,,0,0,0,0,0,15.068273526459642,53.0,18.0,0.0,0.0,0,0,1,2,,,,20,0,0,0,0,0.0,0.0,
B131216-4,2,2,1,1,0,4,,0,,1,과거 정상상환·사업 운영,20,21,21,0.9524,0.5238,0.0476,0.048,1,1,5.0,0.238,6.0,,1,0,2013,정상종료,완납,1128,770,500만원,21개월,0.3,남자,43세,기타,9400000.0,8600000.0,,70.0,51.0,8.0,0.0,0.0,1,9400000.0,8600000.0,800000.0,800000.0,5000000.0,21.0,363095.2380952381,303571.4285714286,-436904.7619047619,0.4538690476190476,0.0,-496428.5714285714,4,7.028201432058005,B091024-4,,,,,0,0,0,0,0,15.424948470398377,70.0,8.0,0.0,0.0,0,1,1,1,,,,20,0,0,0,0,0.1787310098302055,5.361930294906166,
B131218-1,1,1,1,1,0,4,,0,,0,과거 2회 성실상환 실적,20,5,5,0.8,0.6,0.2,6.2,31,31,5.0,1.0,,,1,0,2013,연체중,손실,297,647,300만원,24개월,0.3,여자,49세,일용직,1060000.0,1000000.0,,28.0,26.0,0.0,0.0,0.0,1,1060000.0,1000000.0,60000.0,60000.0,3000000.0,24.0,200000.0,164062.5,140000.0,3.333333333333333,1.0,104062.5,1,5.6937321388027,A080808-6,,,,,0,0,0,0,0,14.914122846632385,28.0,0.0,0.0,0.0,0,0,1,1,,,,20,0,0,0,0,0.0,10.38062283737024,
B131221-2,3,5,4,1,0,4,,0,,3,본인110만·신랑260만,20,6,6,1.0,0.8333,0.0,0.0,0,0,,,,,0,0,2013,정상종료,완납,577,213,350만원,21개월,0.3,여자,43세,기타,1100000.0,820000.0,,51.0,45.0,0.0,0.0,0.0,1,1100000.0,820000.0,280000.0,280000.0,3500000.0,21.0,254166.66666666663,212500.0,-25833.33333333337,0.9077380952380952,0.0,-67500.0,2,6.3578422665081,B100218-23,income,False,,False,0,1,0,0,0,15.068273526459642,51.0,0.0,0.0,0.0,0,0,1,1,,,,20,1,0,1,0,0.3502626970227671,3.502626970227671,
B131225-2,1,1,1,1,0,1,,0,,0,근거 제시 없음,20,15,15,0.4667,0.4,0.5333,5.4,81,31,7.0,0.467,9.0,10.0,1,0,2013,연체중,손실,86,545,300만원,18개월,0.3,남자,51세,기술직,3000000.0,2600000.0,,,,,,,1,3000000.0,2600000.0,400000.0,400000.0,3000000.0,18.0,241666.66666666663,206250.0,-158333.33333333337,0.6041666666666665,0.0,-193750.0,2,4.454347296253507,B131225-2,,,,,0,0,0,0,0,14.914122846632385,0.0,0.0,0.0,0.0,1,1,1,1,,,,20,0,0,0,0,0.0,11.627906976744184,
B131230-1,2,3,2,4,1,3,,0,,2,"급여인상 예정, 현 재직",21,4,4,0.25,0.25,0.75,5.0,20,11,1.0,0.25,4.0,,1,0,2013,정상종료,완납,330,2070,200만원,12개월,0.3,남자,43세,기타,2320000.0,2030000.0,,24.0,17.0,11.0,0.0,0.0,1,2320000.0,2030000.0,290000.0,290000.0,2000000.0,12.0,216666.66666666663,193750.0,-73333.33333333337,0.7471264367816091,0.0,-96250.0,1,5.799092654460526,B101209-4,,,,,0,0,0,0,0,14.50865773852422,24.0,11.0,0.0,0.0,0,1,1,3,,,,21,0,0,0,0,0.0,9.146341463414634,
B131231-1,2,4,2,1,0,4,,0,,2,재직1년 급여130 4대보험,21,6,6,0.3333,0.3333,0.6667,12.333,74,25,1.0,0.167,2.0,4.0,1,0,2013,정상종료,완납,269,512,100만원,6개월,0.3,남자,30세,기술직,1300000.0,710000.0,,,,,,,1,1300000.0,710000.0,590000.0,590000.0,1000000.0,6.0,191666.66666666663,181250.0,-398333.3333333334,0.3248587570621468,0.0,-408750.0,1,5.594711379601839,B131231-1,,,,,0,0,0,0,0,13.815510557964274,0.0,0.0,0.0,0.0,1,1,1,2,,,,21,0,0,0,0,0.0,3.717472118959108,
B140102-3,2,5,2,1,0,4,,0,,2,현 알바2개 월110~130,21,6,6,0.8333,0.6667,0.1667,0.167,1,1,4.0,0.667,5.0,,1,0,2014,정상종료,완납,319,819,100만원,9개월,0.3,여자,30세,콜센터,1300000.0,670000.0,,7.0,6.0,1.0,0.0,0.0,1,1300000.0,670000.0,630000.0,630000.0,1000000.0,9.0,136111.11111111112,125000.0,-493888.8888888889,0.2160493827160494,0.0,-505000.0,3,5.765191102784844,B140102-3,,,,,0,0,0,0,0,13.815510557964274,7.0,1.0,0.0,0.0,0,0,1,2,,,,21,0,0,0,0,0.0,0.0,
B140103-4,1,3,1,1,0,4,,0,,2,"직장2곳 근무, 회생납부중",21,12,12,0.9167,0.1667,0.0833,0.083,1,1,3.0,0.25,4.0,,1,0,2014,정상종료,완납,332,55,200만원,12개월,0.3,여자,42세,사무직,2650000.0,2150000.0,500000.0,49.0,19.0,5.0,0.0,0.0,1,2650000.0,2150000.0,500000.0,500000.0,2000000.0,12.0,216666.66666666663,193750.0,-283333.3333333334,0.4333333333333332,0.0,-306250.0,4,5.805134968916488,B140103-4,,,,,0,0,0,0,0,14.50865773852422,49.0,5.0,0.0,0.0,0,0,1,2,,,,21,0,0,0,0,0.3012048192771084,3.0120481927710845,
B140110-1,3,3,3,2,1,3,,0,월,2,"이직 재직, 급여지연중",21,14,14,0.8571,0.3571,0.1429,0.429,6,5,3.0,0.214,4.0,5.0,1,0,2014,정상종료,완납,611,500,300만원,21개월,0.3,남자,48세,기술직,4090000.0,3610000.0,,46.0,16.0,4.0,0.0,0.0,1,4090000.0,3610000.0,480000.0,480000.0,3000000.0,21.0,217857.14285714287,182142.8571428572,-262142.8571428572,0.4538690476190476,0.0,-297857.14285714284,1,6.415096959171596,B121120-2,,,,,0,0,0,0,0,14.914122846632385,46.0,4.0,0.0,0.0,0,1,3,2,,,,21,0,0,0,0,0.1639344262295081,9.836065573770492,
B140115-1,2,3,2,1,0,4,,0,,3,부부급여+토요알바 시작,21,16,16,0.375,0.1875,0.625,6.438,103,31,3.0,0.188,4.0,6.0,1,0,2014,연체중,손실,154,698,300만원,18개월,0.3,여자,49세,사무직,3500000.0,2540000.0,,32.0,14.0,14.0,1.0,0.0,1,3500000.0,2540000.0,960000.0,960000.0,3000000.0,18.0,241666.66666666663,206250.0,-718333.3333333334,0.251736111111111,0.0,-753750.0,1,5.0369526024136295,B110829-7,,,,,0,0,0,0,0,14.914122846632385,32.0,14.0,1.0,0.0,0,0,1,1,,,,21,0,0,0,0,0.0,0.0,
B140116-6,1,3,2,1,0,5,,0,,3,재직·무연체·조기상환 이력,21,3,3,1.0,1.0,0.0,0.0,0,0,,,,,0,0,2014,정상종료,완납,511,152,300만원,24개월,0.3,여자,43세,사무직,1670000.0,1570000.0,,24.0,24.0,0.0,0.0,0.0,1,1670000.0,1570000.0,100000.0,100000.0,3000000.0,24.0,200000.0,164062.5,100000.0,2.0,1.0,64062.5,6,6.236369590203704,B120507-15,,,,,0,0,0,0,0,14.914122846632385,24.0,0.0,0.0,0.0,0,0,1,2,,,,21,0,0,0,0,0.0,1.9723865877712032,
B140122-12,2,5,1,1,0,4,,0,,2,부부 고정수입 현재,21,9,9,1.0,1.0,0.0,0.0,0,0,,,,,0,0,2014,정상종료,완납,321,351,400만원,15개월,0.3,남자,54세,운전직,3700000.0,1420000.0,,114.0,90.0,4.0,0.0,0.0,1,3700000.0,1420000.0,2280000.0,2280000.0,4000000.0,15.0,366666.6666666667,320000.0,-1913333.3333333333,0.1608187134502924,0.0,-1960000.0,12,5.771441123130016,B100222-15,,,,,0,0,0,0,0,15.201804919084164,114.0,4.0,0.0,0.0,0,1,1,1,,,,21,0,0,0,0,0.0,0.0,
B140122-7,2,5,1,1,0,4,,0,,2,남편200+부업100 현재,21,9,9,0.8889,0.6667,0.1111,3.444,31,31,9.0,1.0,,,1,0,2014,연체중,손실,291,289,300만원,15개월,0.3,여자,36세,기타,2300000.0,1900000.0,,17.0,12.0,0.0,0.0,0.0,1,2300000.0,1900000.0,400000.0,400000.0,3000000.0,15.0,275000.0,240000.0,-125000.0,0.6875,0.0,-160000.0,7,5.673323267171493,B130507-7,,,,,0,0,0,0,0,14.914122846632385,17.0,0.0,0.0,0.0,0,0,1,1,,,,21,0,0,0,0,1.3745704467353952,0.0,
B140123-2,1,1,1,1,0,1,,0,,0,근거 없음,21,3,3,1.0,1.0,0.0,0.0,0,0,,,,,0,0,2014,정상종료,완납,114,428,150만원,9개월,0.3,남자,40세,기타,1450000.0,1140000.0,,19.0,15.0,2.0,0.0,0.0,1,1450000.0,1140000.0,310000.0,310000.0,1500000.0,9.0,204166.66666666663,187500.0,-105833.33333333336,0.6586021505376343,0.0,-122500.0,2,4.736198448394496,B120502-12,,,,,0,0,0,0,0,14.22097566607244,19.0,2.0,0.0,0.0,0,1,1,1,,,,21,0,0,0,0,0.0,8.771929824561402,
B140127-1,2,5,1,2,1,4,,0,,3,현 매출 400~450,21,6,6,1.0,1.0,0.0,0.0,0,0,,,,,0,0,2014,정상종료,완납,277,309,150만원,6개월,0.27,여자,62세,서비스업,41000000000.0,38120270000.0,,,,,,,1,41000000000.0,38120270000.0,2879730000.0,2879730000.0,1500000.0,6.0,283750.0,269687.5,-2879446250.0,9.853354307521886e-05,0.0,-2879460312.5,1,5.6240175061873385,B140127-1,,,,,0,0,0,0,0,14.22097566607244,0.0,0.0,0.0,0.0,1,0,1,2,,,,21,0,0,0,0,0.3623188405797101,3.6231884057971016,
B140131-3,2,4,2,2,1,4,,0,,2,1월 급여·상여 지급됨,21,12,12,0.25,0.25,0.75,5.667,68,16,3.0,0.25,7.0,8.0,1,0,2014,정상종료,완납,594,321,150만원,12개월,0.3,남자,46세,기술직,4500000.0,2600000.0,,71.0,56.0,14.0,0.0,0.0,1,4500000.0,2600000.0,1900000.0,1900000.0,1500000.0,12.0,162500.0,145312.5,-1737500.0,0.0855263157894736,0.0,-1754687.5,3,6.386879319362645,B100907-13,,,,,0,0,0,0,0,14.22097566607244,71.0,14.0,0.0,0.0,0,1,1,2,,,,21,0,0,0,0,0.1694915254237288,3.389830508474576,
B140202-4,1,4,1,1,0,4,,0,,2,재직·회생 성실변제중,21,16,16,1.0,0.9375,0.0,0.0,0,0,,,,,0,0,2014,정상종료,완납,387,858,300만원,24개월,0.3,여자,46세,기타,3100000.0,2880000.0,,54.0,45.0,31.0,5.0,0.0,1,3100000.0,2880000.0,220000.0,220000.0,3000000.0,24.0,200000.0,164062.5,-20000.0,0.9090909090909092,0.0,-55937.5,4,5.958424693029782,B110111-4,,,,,0,0,0,0,0,14.914122846632385,54.0,31.0,5.0,0.0,0,0,1,2,,,,21,0,0,0,0,3.1413612565445024,0.0,
B140203-3,5,5,1,2,1,4,200000.0,1,월,2,"부부급여, 여유 30~40만",21,13,13,0.8462,0.7692,0.1538,0.154,2,1,10.0,0.769,12.0,,1,0,2014,정상종료,완납,756,1279,300만원,24개월,0.3,남자,42세,사무직,3400000.0,3070000.0,,44.0,23.0,28.0,0.0,0.0,1,3400000.0,3070000.0,330000.0,330000.0,3000000.0,24.0,200000.0,164062.5,-130000.0,0.6060606060606061,0.0,-165937.5,3,6.628041376179533,B120402-12,,,,,0,0,0,0,0,14.914122846632385,44.0,28.0,0.0,0.0,0,1,1,2,,,,21,0,0,0,0,0.0,2.6560424966799467,
B140205-1,3,4,1,4,1,4,,0,월,1,"반찬업 월순익500, 여유65만",21,7,7,0.8571,0.2857,0.1429,0.429,3,3,3.0,0.429,4.0,,1,0,2014,정상종료,완납,299,1146,200만원,12개월,0.3,남자,37세,요식업,,,,,,,,,1,5000000.0,4350000.0,650000.0,650000.0,2000000.0,12.0,216666.66666666663,193750.0,-433333.3333333334,0.3333333333333332,0.0,-456250.0,1,5.700443573390687,B140205-1,,,,,0,0,0,0,0,14.50865773852422,0.0,0.0,0.0,0.0,1,1,1,2,,,,21,0,0,0,0,0.0,10.135135135135137,
B140206-1,1,4,1,1,0,4,,0,,1,월급여144 현재 수령,21,7,7,1.0,0.2857,0.0,0.0,0,0,,,,,0,0,2014,정상종료,완납,230,36,150만원,12개월,0.3,여자,42세,사무직,1440000.0,890000.0,,26.0,6.0,5.0,0.0,0.0,1,1440000.0,890000.0,550000.0,550000.0,1500000.0,12.0,162500.0,145312.5,-387500.0,0.2954545454545454,0.0,-404687.5,1,5.438079308923196,B140206-1,,,,,0,0,0,0,0,14.22097566607244,26.0,5.0,0.0,0.0,0,0,1,2,,,,21,0,0,0,0,0.0,8.695652173913043,
B140210-3,3,3,1,1,0,4,,0,월,2,연금·봉급 수령중,21,12,12,0.9167,0.3333,0.0833,0.167,2,2,8.0,0.667,9.0,,1,0,2014,정상종료,완납,95,181,100만원,12개월,0.3,남자,58세,사무직,3670000.0,2700000.0,,30.0,11.0,20.0,0.0,0.0,1,3670000.0,2700000.0,970000.0,970000.0,1000000.0,12.0,108333.33333333331,96875.0,-861666.6666666667,0.1116838487972508,0.0,-873125.0,3,4.553876891600541,B100312-8,,,,,1,0,0,0,0,13.815510557964274,30.0,20.0,0.0,0.0,0,1,4,1,income,,False,21,0,1,0,0,0.0,10.526315789473683,
B140214-3,3,5,1,1,0,4,,0,월,2,"부부수입335, 여유30만",21,12,12,1.0,0.5833,0.0,0.0,0,0,,,,,0,0,2014,정상종료,완납,384,939,100만원,12개월,0.3,여자,38세,사무직,3350000.0,3140000.0,,28.0,16.0,1.0,0.0,0.0,1,3350000.0,3140000.0,210000.0,210000.0,1000000.0,12.0,108333.33333333331,96875.0,-101666.66666666669,0.5158730158730158,0.0,-113125.0,3,5.950642552587727,B140214-3,,,,,0,0,0,0,0,13.815510557964274,28.0,1.0,0.0,0.0,0,0,1,1,,,,21,0,0,0,0,0.0,0.0,
B140215-2,1,1,1,1,0,1,,0,,0,"근거 없음, 통장 700원",21,5,5,0.4,0.2,0.6,7.0,35,31,2.0,0.4,4.0,5.0,1,0,2014,연체중,손실,233,2189,150만원,12개월,0.3,여자,42세,사무직,1300000.0,720000.0,,,,,,,1,1300000.0,720000.0,580000.0,580000.0,1500000.0,12.0,162500.0,145312.5,-417500.0,0.2801724137931034,0.0,-434687.5,2,5.4510384535657,B140215-2,,,,,0,0,0,0,0,14.22097566607244,0.0,0.0,0.0,0.0,1,0,1,2,,,,21,0,0,0,0,0.0,4.291845493562231,
B140222-2,1,3,1,1,0,4,,0,,3,재직·알바·지사 운영중,21,9,9,0.7778,0.2222,0.2222,0.333,3,2,2.0,0.222,3.0,8.0,1,0,2014,정상종료,완납,341,536,300만원,24개월,0.3,여자,50세,공공기관,3100000.0,2880000.0,,51.0,31.0,7.0,3.0,0.0,1,3100000.0,2880000.0,220000.0,220000.0,3000000.0,24.0,200000.0,164062.5,-20000.0,0.9090909090909092,0.0,-55937.5,2,5.831882477283517,B120129-5,,,,,0,0,0,0,0,14.914122846632385,51.0,7.0,3.0,0.0,0,0,1,1,,,,21,0,0,0,0,0.0,8.797653958944283,
B140222-3,2,5,5,2,1,3,,0,,3,"4월 정상급여, 5월 퇴직금",21,2,2,0.5,0.5,0.5,0.5,1,1,1.0,0.5,2.0,,1,0,2014,정상종료,완납,303,760,100만원,9개월,0.3,여자,37세,생산직,1600000.0,1500000.0,,14.0,8.0,4.0,0.0,0.0,1,1600000.0,1500000.0,100000.0,100000.0,1000000.0,9.0,136111.11111111112,125000.0,36111.11111111112,1.3611111111111112,1.0,25000.0,3,5.713732805509369,B121106-10,income,False,,True,0,1,0,0,0,13.815510557964274,14.0,4.0,0.0,0.0,0,0,3,2,,,,21,1,0,1,0,0.334448160535117,0.0,
B140223-1,2,3,3,1,0,4,,0,,1,"재직 연봉유지, 회복17회납",21,14,14,0.6429,0.5,0.3571,1.5,21,6,5.0,0.357,7.0,8.0,1,0,2014,정상종료,완납,413,324,500만원,24개월,0.3,남자,45세,사무직,4200000.0,1880000.0,,69.0,66.0,16.0,0.0,0.0,1,4200000.0,1880000.0,2320000.0,2320000.0,5000000.0,24.0,333333.3333333334,273437.5,-1986666.6666666665,0.1436781609195402,0.0,-2046562.5,1,6.023447592961033,B081210-2,,,,,0,0,0,0,0,15.424948470398377,69.0,16.0,0.0,0.0,0,1,3,1,,,,21,0,0,0,0,0.0,0.0,
B140225-12,2,3,3,1,0,4,,0,,2,사업운영·직원채용중,21,11,11,1.0,1.0,0.0,0.0,0,0,,,,,0,0,2014,정상종료,완납,275,1641,450만원,24개월,0.3,남자,63세,요식업,4500000.0,3400000.0,,69.0,56.0,5.0,0.0,0.0,1,4500000.0,3400000.0,1100000.0,1100000.0,4500000.0,24.0,300000.0,246093.75,-800000.0,0.2727272727272727,0.0,-853906.25,12,5.616771097666572,B110204-5,,,,,0,0,0,0,0,15.319587954740548,69.0,5.0,0.0,0.0,0,1,1,2,,,,21,0,0,0,0,0.0,0.0,
B140225-5,3,3,4,1,0,4,,0,월,1,"이직·연봉인상, 급여말일",21,4,4,1.0,1.0,0.0,0.0,0,0,,,,,0,0,2014,정상종료,완납,561,360,200만원,12개월,0.3,남자,40세,사무직,3500000.0,2660000.0,,75.0,73.0,1.0,0.0,0.0,1,3500000.0,2660000.0,840000.0,840000.0,2000000.0,12.0,216666.66666666663,193750.0,-623333.3333333334,0.2579365079365079,0.0,-646250.0,5,6.329720905522696,B130910-6,income,True,7.0,False,1,1,0,0,1,14.50865773852422,75.0,1.0,0.0,0.0,0,1,4,1,income,7.0,False,21,1,1,0,0,0.0,5.385996409335728,
B140227-5,1,5,2,1,0,4,,0,,3,정규직 전환 월164,21,2,2,1.0,1.0,0.0,0.0,0,0,,,,,0,0,2014,정상종료,완납,398,483,150만원,12개월,0.3,여자,34세,콜센터,1740000.0,1300000.0,,10.0,9.0,1.0,0.0,0.0,1,1740000.0,1300000.0,440000.0,440000.0,1500000.0,12.0,162500.0,145312.5,-277500.0,0.3693181818181818,0.0,-294687.5,5,5.986452005284438,B121019-13,,,,,0,0,0,0,0,14.22097566607244,10.0,1.0,0.0,0.0,0,0,1,1,,,,21,0,0,0,0,0.0,2.5316455696202533,
B140305-1,1,1,1,1,0,4,,0,,0,과거 무연체 정상종료,21,9,9,1.0,1.0,0.0,0.0,0,0,,,,,0,0,2014,정상종료,완납,279,491,150만원,12개월,0.3,여자,38세,기타,2000000.0,1750000.0,,97.0,69.0,20.0,0.0,0.0,1,2000000.0,1750000.0,250000.0,250000.0,1500000.0,12.0,162500.0,145312.5,-87500.0,0.65,0.0,-104687.5,1,5.631211781821365,A080107-2,,,,,0,0,0,0,0,14.22097566607244,97.0,20.0,0.0,0.0,0,0,1,1,,,,21,0,0,0,0,0.0,7.168458781362007,
B140306-1,2,5,3,1,0,4,,0,,2,병원4년차 월195~215,21,22,22,0.5,0.1818,0.5,10.636,234,30,10.0,0.455,16.0,18.0,1,0,2014,정상종료,완납,577,1961,650만원,24개월,0.3,여자,42세,기타,4050000.0,3090000.0,,90.0,71.0,15.0,1.0,0.0,1,4050000.0,3090000.0,960000.0,960000.0,6500000.0,24.0,433333.3333333333,355468.75,-526666.6666666667,0.4513888888888889,0.0,-604531.25,1,6.3578422665081,B100812-7,,,,,1,0,0,0,0,15.687312734865866,90.0,15.0,1.0,0.0,0,0,4,1,event,,False,21,0,1,0,0,0.0,3.466204506065857,
B140311-1,1,1,1,1,0,1,,0,,0,근거 없음,21,11,11,1.0,1.0,0.0,0.0,0,0,,,,,0,0,2014,정상종료,완납,165,1094,350만원,18개월,0.3,여자,47세,학원,3850000.0,3520000.0,,67.0,51.0,3.0,0.0,0.0,1,3850000.0,3520000.0,330000.0,330000.0,3500000.0,18.0,281944.44444444444,240625.0,-48055.55555555556,0.8543771043771043,0.0,-89375.0,1,5.10594547390058,B100924-16,,,,,0,0,0,0,0,15.068273526459642,67.0,3.0,0.0,0.0,0,0,1,1,,,,21,0,0,0,0,0.0,18.29268292682927,
B140311-8,2,3,4,1,0,4,,0,,2,"계속 근무, 급여일 25일",21,12,12,1.0,1.0,0.0,0.0,0,0,,,,,0,0,2014,정상종료,완납,233,552,250만원,12개월,0.3,여자,44세,기타,1900000.0,1160000.0,,51.0,51.0,0.0,0.0,0.0,1,1900000.0,1160000.0,740000.0,740000.0,2500000.0,12.0,270833.3333333334,242187.5,-469166.6666666666,0.365990990990991,0.0,-497812.5,8,5.4510384535657,B110727-24,income,True,25.0,False,1,1,0,0,1,14.73180128983843,51.0,0.0,0.0,0.0,0,0,4,1,income,25.0,False,21,1,1,0,1,0.0,0.0,
B140312-2,3,2,1,1,0,5,,0,월,0,조기상환 43건 실적,21,11,11,1.0,0.9091,0.0,0.0,0,0,,,,,0,0,2014,정상종료,완납,574,572,500만원,18개월,0.3,여자,43세,사무직,2300000.0,1960000.0,,90.0,74.0,1.0,0.0,0.0,1,2300000.0,1960000.0,340000.0,340000.0,5000000.0,18.0,402777.77777777775,343750.0,62777.77777777775,1.184640522875817,1.0,3750.0,2,6.352629396319567,B100505-17,,,,,0,0,0,0,0,15.424948470398377,90.0,1.0,0.0,0.0,0,0,2,3,,,,21,0,0,0,0,0.0,8.771929824561402,
B140319-4,1,1,1,3,1,2,,0,,0,연체사유 해명뿐,21,9,9,1.0,0.4444,0.0,0.0,0,0,,,,,0,0,2014,정상종료,완납,288,1116,200만원,9개월,0.3,여자,51세,사무직,2300000.0,1940000.0,,50.0,9.0,5.0,0.0,0.0,1,2300000.0,1940000.0,360000.0,360000.0,2000000.0,9.0,272222.22222222225,250000.0,-87777.77777777775,0.7561728395061729,0.0,-110000.0,4,5.662960480135946,B120904-13,,,,,0,0,0,0,0,14.50865773852422,50.0,5.0,0.0,0.0,0,0,1,3,,,,21,0,0,0,0,0.6944444444444444,0.0,
B140319-5,3,3,4,3,1,4,,0,월,1,공무원 급여 매월 20일,21,10,10,1.0,0.9,0.0,0.0,0,0,,,,,0,0,2014,정상종료,완납,165,944,300만원,15개월,0.3,남자,59세,공공기관,4000000.0,3840000.0,,24.0,18.0,6.0,0.0,0.0,1,4000000.0,3840000.0,160000.0,160000.0,3000000.0,15.0,275000.0,240000.0,115000.0,1.71875,1.0,80000.0,5,5.10594547390058,B120418-2,income,False,20.0,False,1,1,0,0,0,14.914122846632385,24.0,6.0,0.0,0.0,0,1,4,1,income,20.0,False,21,1,1,0,1,0.0,0.0,
B140320-1,2,3,1,1,0,4,,0,,1,대리운전 부업 지속중,21,6,6,0.6667,0.0,0.3333,2.0,12,10,3.0,0.5,4.0,6.0,1,0,2014,정상종료,완납,80,559,100만원,6개월,0.3,남자,53세,생산직,2500000.0,1920000.0,,53.0,25.0,13.0,0.0,0.0,1,2500000.0,1920000.0,580000.0,580000.0,1000000.0,6.0,191666.66666666663,181250.0,-388333.3333333334,0.3304597701149425,0.0,-398750.0,1,4.382026634673881,B110605-5,,,,,0,0,0,0,0,13.815510557964274,53.0,13.0,0.0,0.0,0,1,1,1,,,,21,0,0,0,0,0.0,0.0,
B140325-1,1,1,1,1,0,4,,0,,0,과거 2회 정상완료,21,7,7,0.4286,0.1429,0.5714,8.0,56,31,4.0,0.571,,,1,0,2014,연체중,손실,164,515,300만원,24개월,0.3,남자,52세,운전직,3350000.0,2270000.0,,18.0,7.0,8.0,0.0,0.0,1,3350000.0,2270000.0,1080000.0,1080000.0,3000000.0,24.0,200000.0,164062.5,-880000.0,0.1851851851851851,0.0,-915937.5,1,5.099866427824199,B120619-22,,,,,0,0,0,0,0,14.914122846632385,18.0,8.0,0.0,0.0,0,1,2,1,,,,21,0,0,0,0,3.125,12.5,
B140325-4,2,4,4,1,0,2,,0,,1,입사예정 첫급여 165만,21,1,1,0.0,0.0,1.0,31.0,31,31,1.0,1.0,,,1,0,2014,연체중,손실,217,835,100만원,12개월,0.3,남자,36세,콜센터,1650000.0,700000.0,,,,,,,1,1650000.0,700000.0,950000.0,950000.0,1000000.0,12.0,108333.33333333331,96875.0,-841666.6666666667,0.1140350877192982,0.0,-853125.0,4,5.37989735354046,B140325-4,income,False,,False,0,1,0,0,0,13.815510557964274,0.0,0.0,0.0,0.0,1,1,1,2,,,,21,1,0,1,0,0.0,0.0,
B140327-3,1,4,4,1,0,2,,0,,1,4월 입사예정 일당14만,21,9,9,0.5556,0.5556,0.4444,4.0,36,18,1.0,0.111,5.0,,1,0,2014,정상종료,완납,490,593,200만원,12개월,0.3,남자,48세,기타,2500000.0,2330000.0,,31.0,25.0,18.0,0.0,0.0,1,2500000.0,2330000.0,170000.0,170000.0,2000000.0,12.0,216666.66666666663,193750.0,46666.66666666663,1.2745098039215683,1.0,23750.0,3,6.194405391104672,B100922-3,income,False,,False,0,1,0,0,0,14.50865773852422,31.0,18.0,0.0,0.0,0,1,1,2,,,,21,1,0,1,0,0.6147540983606558,0.0,
B140401-1,2,5,3,5,1,4,,0,,2,"수입350~400, 거래처증가",21,6,6,0.3333,0.3333,0.6667,10.5,63,31,1.0,0.167,2.0,4.0,1,0,2014,연체중,손실,313,580,200만원,9개월,0.3,여자,58세,기타,4000000.0,3630000.0,,39.0,22.0,11.0,0.0,0.0,1,4000000.0,3630000.0,370000.0,370000.0,2000000.0,9.0,272222.22222222225,250000.0,-97777.77777777777,0.7357357357357358,0.0,-120000.0,1,5.746203190540153,A080905-1,,,,,0,0,0,0,0,14.50865773852422,39.0,11.0,0.0,0.0,0,0,3,4,,,,21,0,0,0,0,0.0,0.0,
B140408-1,1,1,1,1,0,4,,0,,0,과거 무연체 상환이력,21,24,24,1.0,0.2083,0.0,0.0,0,0,,,,,0,0,2014,정상종료,완납,166,309,700만원,24개월,0.3,남자,46세,기술직,3200000.0,2940000.0,,89.0,36.0,28.0,0.0,0.0,1,3200000.0,2940000.0,260000.0,260000.0,7000000.0,24.0,466666.6666666667,382812.5,206666.6666666667,1.794871794871795,1.0,122812.5,1,5.111987788356544,B100410-9,,,,,0,0,0,0,0,15.761420707019589,89.0,28.0,0.0,0.0,0,1,1,1,,,,21,0,0,0,0,0.0,0.0,
B140408-3,2,5,3,1,0,4,,0,,4,다수 수입원 현재 발생,21,9,9,0.6667,0.1111,0.3333,3.0,27,19,3.0,0.333,4.0,6.0,1,0,2014,정상종료,완납,460,609,100만원,9개월,0.3,여자,47세,기타,3500000.0,3380000.0,,,,,,,1,3500000.0,3380000.0,120000.0,120000.0,1000000.0,9.0,136111.11111111112,125000.0,16111.111111111124,1.1342592592592593,1.0,5000.0,3,6.131226489483141,B140408-3,,,,,0,0,0,0,0,13.815510557964274,0.0,0.0,0.0,0.0,1,0,1,2,,,,21,0,0,0,0,0.2188183807439825,0.0,
B140414-1,2,4,1,5,1,4,,0,,3,5년근속+주말일당9만,21,2,2,0.5,0.5,0.5,15.5,31,31,2.0,1.0,,,1,0,2014,연체중,손실,589,2573,200만원,12개월,0.3,남자,49세,기타,2730000.0,2580000.0,,16.0,11.0,5.0,0.0,0.0,1,2730000.0,2580000.0,150000.0,150000.0,2000000.0,12.0,216666.66666666663,193750.0,66666.66666666663,1.4444444444444442,1.0,43750.0,1,6.3784261836515865,B110803-12,,,,,0,0,0,0,0,14.50865773852422,16.0,5.0,0.0,0.0,0,1,2,1,,,,21,0,0,0,0,0.0,0.0,
B140414-5,1,1,1,1,0,5,,0,,0,조기상환 49건·면책,21,12,12,1.0,0.9167,0.0,0.0,0,0,,,,,0,0,2014,정상종료,완납,531,436,450만원,18개월,0.3,여자,46세,콜센터,2200000.0,1740000.0,,95.0,76.0,2.0,0.0,0.0,1,2200000.0,1740000.0,460000.0,460000.0,4500000.0,18.0,362500.0,309375.0,-97500.0,0.7880434782608695,0.0,-150625.0,5,6.274762021241939,B090815-3,,,,,0,0,0,0,0,15.319587954740548,95.0,2.0,0.0,0.0,0,0,2,3,,,,21,0,0,0,0,0.0,9.487666034155597,
B140415-2,2,5,2,1,0,4,,0,,2,실수령158+알바8만,21,4,4,1.0,0.5,0.0,0.0,0,0,,,,,0,0,2014,정상종료,완납,510,1520,200만원,12개월,0.3,남자,47세,기타,1660000.0,1580000.0,,60.0,22.0,15.0,0.0,0.0,1,1660000.0,1580000.0,80000.0,80000.0,2000000.0,12.0,216666.66666666663,193750.0,136666.66666666663,2.708333333333333,1.0,113750.0,2,6.234410725718371,B090424-7,,,,,0,0,0,0,0,14.50865773852422,60.0,15.0,0.0,0.0,0,1,1,2,,,,21,0,0,0,0,0.0,4.016064257028112,
B140417-4,1,1,1,1,0,1,,0,,0,기존부채 나열뿐,21,2,2,0.0,0.0,1.0,26.5,53,31,1.0,0.5,,,1,0,2014,연체중,손실,156,2624,150만원,6개월,0.3,여자,48세,기타,3000000.0,1580000.0,,10.0,7.0,31.0,0.0,0.0,1,3000000.0,1580000.0,1420000.0,1420000.0,1500000.0,6.0,287500.0,271875.0,-1132500.0,0.2024647887323943,0.0,-1148125.0,4,5.049856007249537,B100909-8,,,,,0,0,0,0,0,14.22097566607244,10.0,31.0,0.0,0.0,0,0,1,1,,,,21,0,0,0,0,0.0,0.0,
B140421-1,2,5,2,5,1,4,,0,,2,월매출1200·보증금1000,21,19,19,0.5789,0.1579,0.4211,4.526,86,31,4.0,0.211,5.0,9.0,1,0,2014,연체중,손실,707,839,400만원,24개월,0.3,남자,40세,요식업,12000000.0,10040000.0,,50.0,31.0,10.0,0.0,0.0,1,12000000.0,10040000.0,1960000.0,1960000.0,4000000.0,24.0,266666.6666666666,218750.0,-1693333.3333333335,0.1360544217687074,0.0,-1741250.0,1,6.561030665896573,B100414-26,,,,,0,0,0,0,0,15.201804919084164,50.0,10.0,0.0,0.0,0,1,1,4,,,,21,0,0,0,0,0.2915451895043732,1.4577259475218658,
B140422-1,3,3,3,1,0,4,,0,월,1,진급·정상 근무중,21,6,6,0.5,0.0,0.5,1.167,7,4,4.0,0.667,,,1,0,2014,정상종료,완납,220,325,100만원,6개월,0.3,남자,55세,공기업,4100000.0,2900000.0,,11.0,1.0,13.0,0.0,0.0,1,4100000.0,2900000.0,1200000.0,1200000.0,1000000.0,6.0,191666.66666666663,181250.0,-1008333.3333333334,0.1597222222222221,0.0,-1018750.0,1,5.393627546352362,B120702-8,,,,,1,0,0,0,0,13.815510557964274,11.0,13.0,0.0,0.0,0,1,4,1,income,,False,21,0,1,0,1,2.7906976744186047,13.953488372093023,
B140422-3,2,3,4,3,1,4,,0,,2,부부급여 수령중,21,9,9,0.7778,0.7778,0.2222,0.222,2,1,8.0,0.889,,,1,0,2014,정상종료,완납,194,638,150만원,9개월,0.3,여자,45세,사무직,4200000.0,4070000.0,,20.0,16.0,16.0,0.0,0.0,1,4200000.0,4070000.0,130000.0,130000.0,1500000.0,9.0,204166.66666666663,187500.0,74166.66666666663,1.5705128205128205,1.0,57500.0,3,5.267858159063328,B101201-19,income,False,10.0,True,0,1,0,0,0,14.22097566607244,20.0,16.0,0.0,0.0,0,0,1,2,,,,21,1,0,1,0,1.5544041450777202,5.181347150259067,
B140427-2,1,1,1,1,0,1,,0,,0,근거 없음,21,5,5,0.6,0.0,0.4,12.2,61,31,4.0,0.8,,,1,0,2014,연체중,손실,72,242,100만원,6개월,0.3,남자,50세,공기업,5200000.0,3400000.0,,,,,,,1,5200000.0,3400000.0,1800000.0,1800000.0,1000000.0,6.0,191666.66666666663,181250.0,-1608333.3333333335,0.1064814814814814,0.0,-1618750.0,2,4.276666119016055,B140427-2,,,,,0,0,0,0,0,13.815510557964274,0.0,0.0,0.0,0.0,1,1,1,1,,,,21,0,0,0,0,0.0,0.0,
B140428-6,1,5,1,1,0,4,,0,,2,낮밤 알바 150~260,21,12,12,0.9167,0.0833,0.0833,0.083,1,1,11.0,0.917,12.0,,1,0,2014,정상종료,완납,309,818,200만원,12개월,0.25,여자,36세,일용직,1700000.0,1160000.0,,32.0,17.0,1.0,0.0,0.0,1,1700000.0,1160000.0,540000.0,540000.0,2000000.0,12.0,208333.3333333333,189236.1111111111,-331666.6666666667,0.3858024691358024,0.0,-350763.8888888889,6,5.733341276897746,B140428-6,,,,,0,0,0,0,0,14.50865773852422,32.0,1.0,0.0,0.0,0,0,1,2,,,,21,0,0,0,0,0.3236245954692557,3.236245954692557,
B140505-2,1,1,1,1,0,4,,0,,0,3회 거래 5년 이력,21,24,24,1.0,0.625,0.0,0.0,0,0,,,,,0,0,2014,정상종료,완납,120,1357,500만원,24개월,0.3,여자,42세,기타,3600000.0,2360000.0,,103.0,49.0,3.0,0.0,0.0,1,3600000.0,2360000.0,1240000.0,1240000.0,5000000.0,24.0,333333.3333333334,273437.5,-906666.6666666666,0.2688172043010753,0.0,-966562.5,2,4.787491742782046,B091007-6,,,,,0,0,0,0,0,15.424948470398377,103.0,3.0,0.0,0.0,0,0,1,1,,,,21,0,0,0,0,0.0,8.620689655172413,
B140507-2,1,1,1,1,0,4,,0,,0,과거 4회 거래이력,21,3,3,0.0,0.0,1.0,17.0,51,31,1.0,0.333,,,1,0,2014,연체중,손실,85,1145,200만원,12개월,0.3,여자,47세,기타,1800000.0,1760000.0,,35.0,25.0,10.0,4.0,0.0,1,1800000.0,1760000.0,40000.0,40000.0,2000000.0,12.0,216666.66666666663,193750.0,176666.66666666663,5.416666666666666,1.0,153750.0,2,4.442651256490317,A080409-1,,,,,0,0,0,0,0,14.50865773852422,35.0,10.0,4.0,0.0,0,0,1,1,,,,21,0,0,0,0,0.0,11.76470588235294,
B140508-2,5,4,1,1,0,4,210000.0,1,월,1,재직 월급여 320만,21,4,4,1.0,1.0,0.0,0.0,0,0,,,,,0,0,2014,정상종료,완납,337,243,300만원,18개월,0.3,남자,47세,운전직,3200000.0,2310000.0,,32.0,25.0,4.0,0.0,0.0,1,3200000.0,2310000.0,890000.0,890000.0,3000000.0,18.0,241666.66666666663,206250.0,-648333.3333333334,0.2715355805243445,0.0,-683750.0,2,5.820082930352362,B081113-2,,,,,0,0,0,0,0,14.914122846632385,32.0,4.0,0.0,0.0,0,1,1,1,,,,21,0,0,0,0,0.0,0.0,
B140510-5,1,3,1,3,1,3,,0,,1,"택시 근무중, 수입 변동",21,12,12,0.9167,0.3333,0.0833,0.417,5,5,3.0,0.25,4.0,,1,0,2014,정상종료,완납,698,630,200만원,12개월,0.3,남자,42세,운전직,2600000.0,2150000.0,,62.0,26.0,8.0,0.0,0.0,1,2600000.0,2150000.0,450000.0,450000.0,2000000.0,12.0,216666.66666666663,193750.0,-233333.33333333337,0.4814814814814814,0.0,-256250.0,5,6.548219102762372,B120328-15,,,,,0,0,0,0,0,14.50865773852422,62.0,8.0,0.0,0.0,0,1,1,2,,,,21,0,0,0,0,0.0,10.02865329512894,
B140511-1,1,3,4,1,0,2,,0,,1,"입사 예정, 현재 미취업",21,1,1,0.0,0.0,1.0,31.0,31,31,1.0,1.0,,,1,0,2014,연체중,손실,123,339,100만원,6개월,0.3,남자,36세,기타,,,,,,,,,1,,,,,1000000.0,6.0,191666.66666666663,181250.0,,,,,1,4.812184355372417,B140511-1,income,False,,False,0,1,0,0,0,13.815510557964274,0.0,0.0,0.0,0.0,1,1,1,2,,,,21,1,0,1,0,0.0,0.0,
B140512-9,3,3,1,1,0,4,,0,월,1,"급여 정상입금, 여유40만",21,5,5,0.6,0.2,0.4,0.4,2,1,1.0,0.2,2.0,4.0,1,0,2014,정상종료,완납,70,113,100만원,6개월,0.29,여자,29세,사무직,1000000.0,600000.0,,4.0,1.0,4.0,0.0,0.0,1,1000000.0,600000.0,400000.0,400000.0,1000000.0,6.0,190833.3333333333,180763.88888888888,-209166.6666666667,0.4770833333333333,0.0,-219236.11111111112,9,4.248495242049359,B141027-4,,,,,0,0,0,0,0,13.815510557964274,4.0,4.0,0.0,0.0,0,0,1,1,,,,21,0,0,0,0,2.857142857142857,0.0,
B140514-3,4,5,1,1,0,4,,0,월,3,10년근속195+와이프120,21,13,13,0.9231,0.0769,0.0769,0.077,1,1,7.0,0.538,8.0,,1,0,2014,정상종료,완납,543,853,500만원,24개월,0.3,남자,40세,기술직,3350000.0,2330000.0,,57.0,6.0,5.0,0.0,0.0,1,3350000.0,2330000.0,1020000.0,1020000.0,5000000.0,24.0,333333.3333333334,273437.5,-686666.6666666666,0.3267973856209151,0.0,-746562.5,3,6.297109319933935,B100817-69,,,,,0,0,0,0,0,15.424948470398377,57.0,5.0,0.0,0.0,0,1,1,1,,,,21,0,0,0,0,0.0,7.366482504604051,
B140521-2,1,2,2,1,0,3,,0,,1,"회원52만, 계획 대부분 예정",21,5,5,1.0,0.8,0.0,0.0,0,0,,,,,0,0,2014,정상종료,완납,232,721,100만원,12개월,0.3,남자,40세,서비스업,3500000.0,2140000.0,,,,,,,1,3500000.0,2140000.0,1360000.0,1360000.0,1000000.0,12.0,108333.33333333331,96875.0,-1251666.6666666667,0.079656862745098,0.0,-1263125.0,2,5.44673737166631,B140521-2,,,,,0,0,0,0,0,13.815510557964274,0.0,0.0,0.0,0.0,1,1,1,1,,,,21,0,0,0,0,0.0,0.0,
B140521-3,2,5,4,1,0,3,,0,,3,영업80+알바40+지원7,21,10,10,0.3,0.1,0.7,9.4,94,27,3.0,0.3,10.0,,1,0,2014,정상종료,완납,415,968,200만원,12개월,0.3,여자,41세,기타,1270000.0,400000.0,,75.0,26.0,10.0,1.0,0.0,1,1270000.0,400000.0,870000.0,870000.0,2000000.0,12.0,216666.66666666663,193750.0,-653333.3333333334,0.2490421455938697,0.0,-676250.0,3,6.028278520230698,B110303-8,income,False,,False,0,1,0,0,0,14.50865773852422,75.0,10.0,1.0,0.0,0,0,1,2,,,,21,1,0,1,0,0.2415458937198067,2.415458937198068,
B140526-2,1,3,3,1,0,3,,0,,1,"하우스 완공, 2년차 기대",21,9,9,1.0,0.3333,0.0,0.0,0,0,,,,,0,0,2014,정상종료,완납,163,603,100만원,12개월,0.3,남자,41세,보험설계사,1600000.0,1440000.0,,,,,,,1,1600000.0,1440000.0,160000.0,160000.0,1000000.0,12.0,108333.33333333331,96875.0,-51666.666666666686,0.6770833333333333,0.0,-63125.0,2,5.093750200806762,B140526-2,,,,,0,0,0,0,0,13.815510557964274,0.0,0.0,0.0,0.0,1,1,1,2,,,,21,0,0,0,0,0.0,0.0,
B140602-3,2,3,3,1,0,5,,0,일시,1,공무원·과거 2건 전액상환,21,12,12,1.0,1.0,0.0,0.0,0,0,,,,,0,0,2014,정상종료,완납,142,146,300만원,15개월,0.25,남자,50세,장교/하사관,4000000.0,3820000.0,,52.0,32.0,6.0,0.0,0.0,1,4000000.0,3820000.0,180000.0,180000.0,3000000.0,15.0,262500.0,233333.3333333333,82500.0,1.4583333333333333,1.0,53333.333333333314,3,4.955827057601261,B101208-23,,,,,0,0,0,0,0,14.914122846632385,52.0,6.0,0.0,0.0,0,1,3,1,,,,21,0,0,0,0,0.0,0.0,
B140605-2,1,5,1,1,0,4,,0,,2,급여130+지원20 현재,21,10,10,0.2,0.1,0.8,13.8,138,31,1.0,0.1,4.0,5.0,1,0,2014,연체중,손실,453,547,100만원,12개월,0.3,남자,33세,사무직,2000000.0,1160000.0,,,,,,,1,2000000.0,1160000.0,840000.0,840000.0,1000000.0,12.0,108333.33333333331,96875.0,-731666.6666666667,0.1289682539682539,0.0,-743125.0,2,6.115892125483034,B140605-2,,,,,0,0,0,0,0,13.815510557964274,0.0,0.0,0.0,0.0,1,1,1,2,,,,21,0,0,0,0,0.0,4.4543429844098,
B140606-1,2,3,4,1,0,2,,0,,1,"7월 대출 예정, 미래",21,12,12,0.9167,0.1667,0.0833,0.25,3,3,4.0,0.333,5.0,,1,0,2014,정상종료,완납,81,1888,100만원,12개월,0.25,남자,37세,서비스업,10000000.0,8100000.0,,34.0,5.0,1.0,0.0,0.0,1,10000000.0,8100000.0,1900000.0,1900000.0,1000000.0,12.0,104166.66666666666,94618.05555555556,-1795833.3333333333,0.0548245614035087,0.0,-1805381.9444444445,1,4.394449154672439,B140606-1,event,False,,False,0,0,0,1,0,13.815510557964274,34.0,1.0,0.0,0.0,0,1,1,1,,,,21,1,0,1,0,0.0,12.34567901234568,
B140607-1,3,5,3,1,0,4,,0,월,2,급여200+부수입120,21,6,6,0.5,0.1667,0.5,8.833,53,31,3.0,0.5,5.0,6.0,1,0,2014,연체중,손실,434,986,100만원,9개월,0.3,남자,34세,사무직,3200000.0,2830000.0,,,,,,,1,3200000.0,2830000.0,370000.0,370000.0,1000000.0,9.0,136111.11111111112,125000.0,-233888.88888888888,0.3678678678678679,0.0,-245000.0,1,6.073044534100405,B140607-1,,,,,1,0,0,0,0,13.815510557964274,0.0,0.0,0.0,0.0,1,1,4,1,income,,False,21,0,1,0,0,0.0,9.216589861751151,
B140611-2,2,3,3,1,0,2,,0,,1,남친 취업예정 소득 기대,21,12,12,0.8333,0.4167,0.1667,2.833,34,21,3.0,0.25,4.0,7.0,1,0,2014,정상종료,완납,193,1176,100만원,12개월,0.3,여자,37세,기타,1570000.0,1400000.0,,13.0,8.0,11.0,0.0,0.0,1,1570000.0,1400000.0,170000.0,170000.0,1000000.0,12.0,108333.33333333331,96875.0,-61666.666666666686,0.6372549019607842,0.0,-73125.0,2,5.262690188904886,B150904-5,,,,,0,0,0,0,0,13.815510557964274,13.0,11.0,0.0,0.0,0,0,3,2,,,,21,0,0,0,0,0.0,0.0,
B140612-2,1,5,1,1,0,4,,0,,2,부부 월수입 700만,21,22,22,1.0,1.0,0.0,0.0,0,0,,,,,0,0,2014,정상종료,완납,382,756,1000만원,24개월,0.3,여자,43세,보험설계사,6000000.0,4000000.0,,125.0,120.0,0.0,0.0,0.0,1,6000000.0,4000000.0,2000000.0,2000000.0,10000000.0,24.0,666666.6666666667,546875.0,-1333333.3333333333,0.3333333333333333,0.0,-1453125.0,2,5.945420608606575,B090406-6,,,,,0,0,0,0,0,16.11809565095832,125.0,0.0,0.0,0.0,0,0,1,2,,,,21,0,0,0,0,0.0,5.235602094240838,
B140612-5,1,3,1,3,1,4,,0,,1,연봉 500 인상된 상태,21,6,6,0.0,0.0,1.0,12.833,77,31,1.0,0.167,,,1,0,2014,연체중,손실,145,416,100만원,9개월,0.3,남자,39세,사무직,2300000.0,1990000.0,,5.0,1.0,16.0,0.0,0.0,1,2300000.0,1990000.0,310000.0,310000.0,1000000.0,9.0,136111.11111111112,125000.0,-173888.88888888888,0.439068100358423,0.0,-185000.0,5,4.976733742420574,B100524-10,,,,,0,0,0,0,0,13.815510557964274,5.0,16.0,0.0,0.0,0,1,1,2,,,,21,0,0,0,0,0.0,0.0,
B140614-1,2,4,3,3,1,5,,0,,2,"복직 소득150, 조기상환이력",21,6,6,1.0,1.0,0.0,0.0,0,0,,,,,0,0,2014,정상종료,완납,894,1145,500만원,24개월,0.3,여자,38세,콜센터,1500000.0,1270000.0,,40.0,38.0,0.0,0.0,0.0,1,1500000.0,1270000.0,230000.0,230000.0,5000000.0,24.0,333333.3333333334,273437.5,103333.33333333336,1.4492753623188408,1.0,43437.5,1,6.795705775173514,B110410-1,,,,,0,0,0,0,0,15.424948470398377,40.0,0.0,0.0,0.0,0,0,2,1,,,,21,0,0,0,0,0.1129943502824858,6.779661016949152,
B140617-1,2,4,3,1,0,5,,0,,1,사립교사 연봉4000,21,14,14,1.0,0.5,0.0,0.0,0,0,,,,,0,0,2014,정상종료,완납,239,248,300만원,24개월,0.3,남자,40세,교수/교사,3400000.0,1890000.0,,,,,,,1,3400000.0,1890000.0,1510000.0,1510000.0,3000000.0,24.0,200000.0,164062.5,-1310000.0,0.1324503311258278,0.0,-1345937.5,1,5.476463551931511,B140617-1,,,,,0,0,0,0,0,14.914122846632385,0.0,0.0,0.0,0.0,1,1,1,1,,,,21,0,0,0,0,0.0,8.368200836820083,
B140619-3,2,3,3,3,1,3,,0,,2,"근로소득, 배우자 알바 불확실",21,17,17,0.8824,0.5882,0.1176,0.118,2,1,6.0,0.353,7.0,16.0,1,0,2014,정상종료,완납,347,1159,500만원,24개월,0.3,여자,48세,사무직,4150000.0,3650000.0,,86.0,34.0,5.0,0.0,0.0,1,4150000.0,3650000.0,500000.0,500000.0,5000000.0,24.0,333333.3333333334,273437.5,-166666.66666666663,0.6666666666666667,0.0,-226562.5,3,5.849324779946859,B110513-8,,,,,0,0,0,0,0,15.424948470398377,86.0,5.0,0.0,0.0,0,0,3,2,,,,21,0,0,0,0,0.2898550724637681,5.797101449275362,
B140619-4,5,4,4,1,0,3,280000.0,1,월,1,"7월1일 새직장, 급여182",21,9,9,1.0,0.6667,0.0,0.0,0,0,,,,,0,0,2014,정상종료,완납,285,853,400만원,18개월,0.3,남자,38세,사무직,1820000.0,1320000.0,,83.0,37.0,2.0,0.0,0.0,1,1820000.0,1320000.0,500000.0,500000.0,4000000.0,18.0,322222.22222222225,275000.0,-177777.77777777775,0.6444444444444445,0.0,-225000.0,4,5.652489180268651,B111228-12,income,False,,False,0,1,0,0,0,15.201804919084164,83.0,2.0,0.0,0.0,0,1,1,1,,,,21,1,0,1,0,0.0,10.638297872340424,
B140625-6,2,4,1,4,1,4,,0,,1,학원강사 월320 재직중,21,6,6,1.0,1.0,0.0,0.0,0,0,,,,,0,0,2014,정상종료,완납,491,873,300만원,15개월,0.3,남자,40세,사무직,3200000.0,2640000.0,,75.0,73.0,1.0,0.0,0.0,1,3200000.0,2640000.0,560000.0,560000.0,3000000.0,15.0,275000.0,240000.0,-285000.0,0.4910714285714285,0.0,-320000.0,6,6.19644412779452,B130910-6,,,,,0,0,0,0,0,14.914122846632385,75.0,1.0,0.0,0.0,0,1,1,4,,,,21,0,0,0,0,0.0,0.0,
B140627-5,2,3,3,1,0,2,,0,월,1,월급일 최우선 입금 다짐,22,6,6,0.3333,0.1667,0.6667,7.5,45,31,3.0,0.5,,,1,0,2014,연체중,손실,41,319,100만원,9개월,0.3,여자,44세,서비스업,1700000.0,1150000.0,,,,,,,1,1700000.0,1150000.0,550000.0,550000.0,1000000.0,9.0,136111.11111111112,125000.0,-413888.8888888889,0.2474747474747475,0.0,-425000.0,5,3.713572066704308,B140627-5,,,,,1,0,0,0,0,13.815510557964274,0.0,0.0,0.0,0.0,1,0,4,1,income,,False,22,0,1,0,0,0.0,0.0,
B140701-4,2,3,1,3,1,4,,0,,2,현직 재직+주말 알바,22,12,12,0.8333,0.1667,0.1667,1.0,12,7,1.0,0.083,3.0,,1,0,2014,정상종료,완납,251,457,200만원,12개월,0.25,여자,38세,카드사,2500000.0,1910000.0,,52.0,17.0,21.0,0.0,0.0,1,2500000.0,1910000.0,590000.0,590000.0,2000000.0,12.0,208333.3333333333,189236.1111111111,-381666.6666666667,0.3531073446327683,0.0,-400763.8888888889,4,5.525452939131784,A080611-1,,,,,0,0,0,0,0,14.50865773852422,52.0,21.0,0.0,0.0,0,0,3,1,,,,22,0,0,0,1,0.0,0.0,
B140701-5,2,5,1,1,0,5,,0,,2,과거 전액상환+현소득400,22,17,17,1.0,0.7647,0.0,0.0,0,0,,,,,0,0,2014,정상종료,완납,806,1325,500만원,24개월,0.25,남자,53세,학원,4000000.0,1920000.0,,72.0,58.0,0.0,0.0,0.0,1,4000000.0,1920000.0,2080000.0,2080000.0,5000000.0,24.0,312500.0,262586.8055555556,-1767500.0,0.1502403846153846,0.0,-1817413.1944444445,5,6.692083742506628,B100831-15,,,,,0,0,0,0,0,15.424948470398377,72.0,0.0,0.0,0.0,0,1,1,1,,,,22,0,0,0,0,0.0,4.962779156327543,
B140707-1,2,3,1,3,1,3,,0,,2,본인 알바 시작,22,4,4,0.25,0.0,0.75,11.75,47,31,1.0,0.25,3.0,4.0,1,0,2014,연체중,손실,161,1150,100만원,12개월,0.25,여자,40세,기타,1000000.0,600000.0,,,,,,,1,1000000.0,600000.0,400000.0,400000.0,1000000.0,12.0,104166.66666666666,94618.05555555556,-295833.3333333334,0.2604166666666666,0.0,-305381.94444444444,1,5.081404364984463,B140707-1,,,,,0,0,0,0,0,13.815510557964274,0.0,0.0,0.0,0.0,1,0,1,2,,,,22,0,0,0,0,0.0,0.0,
B140707-4,1,4,1,1,0,4,,0,,1,이직 후 월300 수령,22,3,3,0.0,0.0,1.0,12.667,38,31,1.0,0.333,,,1,0,2014,연체중,손실,140,1235,200만원,12개월,0.25,남자,43세,기타,3000000.0,2650000.0,,,,,,,1,3000000.0,2650000.0,350000.0,350000.0,2000000.0,12.0,208333.3333333333,189236.1111111111,-141666.6666666667,0.5952380952380952,0.0,-160763.8888888889,4,4.941642422609304,B140707-4,,,,,0,0,0,0,0,14.50865773852422,0.0,0.0,0.0,0.0,1,1,1,1,,,,22,0,0,0,0,0.0,0.0,
B140708-2,2,3,1,1,0,2,,0,,1,쇼핑몰 계획 미래수익,22,6,6,1.0,1.0,0.0,0.0,0,0,,,,,0,0,2014,정상종료,완납,425,590,100만원,12개월,0.25,여자,39세,기타,800000.0,700000.0,,43.0,29.0,0.0,0.0,0.0,1,800000.0,700000.0,100000.0,100000.0,1000000.0,12.0,104166.66666666666,94618.05555555556,4166.666666666657,1.0416666666666663,1.0,-5381.944444444438,2,6.052089168924417,B140708-2,,,,,0,0,0,0,0,13.815510557964274,43.0,0.0,0.0,0.0,0,0,1,2,,,,22,0,0,0,0,0.2358490566037736,9.433962264150942,
B140711-2,1,1,1,3,1,3,,0,,0,과거 상환이력 언급뿐,22,13,13,1.0,1.0,0.0,0.0,0,0,,,,,0,0,2014,정상종료,완납,511,2441,300만원,15개월,0.25,여자,38세,영업직,2300000.0,1790000.0,,75.0,54.0,7.0,0.0,0.0,1,2300000.0,1790000.0,510000.0,510000.0,3000000.0,15.0,262500.0,233333.3333333333,-247500.0,0.5147058823529411,0.0,-276666.6666666667,2,6.236369590203704,B140711-2,,,,,0,0,0,0,0,14.914122846632385,75.0,7.0,0.0,0.0,0,0,1,1,,,,22,0,0,0,0,0.9784735812133072,9.784735812133071,
B140714-2,1,4,1,1,0,4,,0,,1,정규직 재직 월275,22,6,6,0.8333,0.8333,0.1667,0.167,1,1,3.0,0.5,4.0,,1,0,2014,정상종료,완납,469,555,150만원,9개월,0.25,남자,47세,사무직,2750000.0,2320000.0,,96.0,76.0,3.0,0.0,0.0,1,2750000.0,2320000.0,430000.0,430000.0,1500000.0,9.0,197916.66666666663,184027.7777777777,-232083.33333333337,0.4602713178294573,0.0,-245972.22222222228,2,6.150602768446279,B110709-5,,,,,0,0,0,0,0,14.22097566607244,96.0,3.0,0.0,0.0,0,1,1,1,,,,22,0,0,0,1,0.0,2.1321961620469083,10.0
B140714-5,1,4,1,1,0,4,,0,,1,현 근무 월120 수입,22,12,12,1.0,0.8333,0.0,0.0,0,0,,,,,0,0,2014,정상종료,완납,160,188,100만원,12개월,0.25,여자,44세,사무직,1150000.0,900000.0,,48.0,41.0,10.0,1.0,0.0,1,1150000.0,900000.0,250000.0,250000.0,1000000.0,12.0,104166.66666666666,94618.05555555556,-145833.33333333334,0.4166666666666666,0.0,-155381.94444444444,5,5.075173815233827,B131103-11,,,,,0,0,0,0,0,13.815510557964274,48.0,10.0,1.0,0.0,0,0,1,1,,,,22,0,0,0,0,0.0,0.0,
B140717-2,1,3,1,1,0,4,,0,,2,남편 재직+본인 과외,22,12,12,1.0,0.0833,0.0,0.0,0,0,,,,,0,0,2014,정상종료,완납,242,260,150만원,12개월,0.25,여자,45세,기타,2500000.0,2390000.0,,39.0,12.0,8.0,0.0,0.0,1,2500000.0,2390000.0,110000.0,110000.0,1500000.0,12.0,156250.0,141927.08333333334,46250.0,1.4204545454545454,1.0,31927.083333333343,2,5.488937726156687,B100806-50,,,,,0,0,0,0,0,14.22097566607244,39.0,8.0,0.0,0.0,0,0,1,1,,,,22,0,0,0,0,0.4166666666666667,0.0,
B140718-6,2,3,2,3,1,3,,0,,1,급여 인상 기대,22,12,12,1.0,0.6667,0.0,0.0,0,0,,,,,0,0,2014,정상종료,완납,194,397,100만원,12개월,0.25,여자,41세,사무직,1200000.0,1150000.0,,57.0,53.0,0.0,0.0,0.0,1,1200000.0,1150000.0,50000.0,50000.0,1000000.0,12.0,104166.66666666666,94618.05555555556,54166.66666666666,2.083333333333333,1.0,44618.05555555556,6,5.267858159063328,B140718-6,,,,,0,0,0,0,0,13.815510557964274,57.0,0.0,0.0,0.0,0,0,1,3,,,,22,0,0,0,0,0.0,0.0,
B140725-1,1,3,1,3,1,4,,0,,2,본업+누님가게 배달,22,12,12,1.0,0.9167,0.0,0.0,0,0,,,,,0,0,2014,정상종료,완납,203,384,500만원,24개월,0.25,남자,47세,공기업,5100000.0,4230000.0,,39.0,29.0,3.0,0.0,0.0,1,5100000.0,4230000.0,870000.0,870000.0,5000000.0,24.0,312500.0,262586.8055555556,-557500.0,0.3591954022988505,0.0,-607413.1944444444,1,5.313205979041787,B130220-5,,,,,0,0,0,0,0,15.424948470398377,39.0,3.0,0.0,0.0,0,1,1,1,,,,22,0,0,0,0,0.0,0.0,
B140802-1,2,5,2,1,0,4,,0,,2,7월부터 근무+오후 알바,22,12,12,1.0,0.1667,0.0,0.0,0,0,,,,,0,0,2014,정상종료,완납,225,506,100만원,12개월,0.25,여자,45세,기타,1660000.0,1270000.0,,,,,,,1,1660000.0,1270000.0,390000.0,390000.0,1000000.0,12.0,104166.66666666666,94618.05555555556,-285833.3333333334,0.2670940170940171,0.0,-295381.94444444444,1,5.41610040220442,B140802-1,,,,,0,0,0,0,0,13.815510557964274,0.0,0.0,0.0,0.0,1,0,1,1,,,,22,0,0,0,0,0.0,0.0,
B140803-2,5,4,1,1,0,4,280000.0,1,월,1,월급230~270 소득증빙,22,6,6,0.0,0.0,1.0,2.5,15,3,1.0,0.167,,,1,0,2014,정상종료,완납,426,1303,200만원,6개월,0.25,여자,37세,기타,2500000.0,2230000.0,,17.0,13.0,21.0,0.0,0.0,1,2500000.0,2230000.0,270000.0,270000.0,2000000.0,6.0,375000.0,357638.8888888889,105000.0,1.3888888888888888,1.0,87638.88888888888,2,6.054439346269371,B120405-9,,,,,0,0,0,0,0,14.50865773852422,17.0,21.0,0.0,0.0,0,0,1,1,,,,22,0,0,0,0,0.0,0.0,
B140806-3,5,5,5,5,1,5,200000.0,1,월,3,현급여+아파트+조기상환이력,22,24,24,1.0,0.2917,0.0,0.0,0,0,,,,,0,0,2014,정상종료,완납,1073,1613,300만원,24개월,0.25,남자,47세,사무직,1770000.0,1180000.0,,69.0,24.0,0.0,0.0,0.0,1,1770000.0,1180000.0,590000.0,590000.0,3000000.0,24.0,187500.0,157552.08333333334,-402500.0,0.3177966101694915,0.0,-432447.9166666666,3,6.9782137426306985,B120227-8,income,False,,True,0,1,0,0,0,14.914122846632385,69.0,0.0,0.0,0.0,0,1,3,4,,,,22,1,0,1,0,0.0936329588014981,0.0,
B140808-3,5,5,1,1,0,5,210000.0,1,월,3,통장내역 제출한 현소득,22,4,4,0.5,0.5,0.5,9.25,37,31,3.0,0.75,,,1,0,2014,연체중,손실,510,379,200만원,12개월,0.25,여자,51세,사무직,2500000.0,1710000.0,,,,,,,1,2500000.0,1710000.0,790000.0,790000.0,2000000.0,12.0,208333.3333333333,189236.1111111111,-581666.6666666667,0.2637130801687763,0.0,-600763.8888888889,3,6.234410725718371,B140808-3,,,,,0,0,0,0,0,14.50865773852422,0.0,0.0,0.0,0.0,1,0,1,1,,,,22,0,0,0,0,0.392156862745098,0.0,
B140813-4,1,5,1,1,0,4,,0,,2,현급여158+알바8만,22,10,10,1.0,0.8,0.0,0.0,0,0,,,,,0,0,2014,정상종료,완납,363,2423,300만원,21개월,0.25,남자,47세,기타,1660000.0,1580000.0,,60.0,22.0,15.0,0.0,0.0,1,1660000.0,1580000.0,80000.0,80000.0,3000000.0,21.0,205357.14285714287,175595.2380952381,125357.14285714288,2.566964285714286,1.0,95595.2380952381,4,5.8944028342648505,B090424-7,,,,,0,0,0,0,0,14.914122846632385,60.0,15.0,0.0,0.0,0,1,1,1,,,,22,0,0,0,0,0.0,8.474576271186441,
B140819-2,2,3,3,3,1,4,,0,,2,직장+휴일 알바 중,22,9,9,0.3333,0.1111,0.6667,13.0,117,31,4.0,0.444,,,1,0,2014,연체중,손실,112,365,150만원,12개월,0.25,남자,46세,기술직,2280000.0,2150000.0,,,,,,,1,2280000.0,2150000.0,130000.0,130000.0,1500000.0,12.0,156250.0,141927.08333333334,26250.0,1.2019230769230769,1.0,11927.083333333345,2,4.718498871295094,B140819-2,,,,,0,0,0,0,0,14.22097566607244,0.0,0.0,0.0,0.0,1,1,3,3,,,,22,0,0,0,0,0.0,0.0,
B140823-3,1,5,1,3,1,4,,0,,2,본인98+남편220~240,22,24,24,0.4583,0.4167,0.5417,12.917,310,30,2.0,0.083,4.0,13.0,1,0,2014,정상종료,완납,412,1468,300만원,24개월,0.25,여자,38세,학원,2180000.0,1930000.0,,18.0,11.0,12.0,3.0,0.0,1,2180000.0,1930000.0,250000.0,250000.0,3000000.0,24.0,187500.0,157552.08333333334,-62500.0,0.75,0.0,-92447.91666666666,3,6.021023349349527,B100510-6,,,,,0,0,0,0,0,14.914122846632385,18.0,12.0,3.0,0.0,0,0,1,2,,,,22,0,0,0,0,0.0,4.854368932038835,
B140827-3,2,4,1,1,0,4,,0,,2,웹디자이너 14년차 월330,22,4,4,1.0,0.25,0.0,0.0,0,0,,,,,0,0,2014,정상종료,완납,143,990,300만원,15개월,0.25,여자,48세,기술직,4300000.0,2120000.0,,7.0,1.0,10.0,2.0,0.0,1,4300000.0,2120000.0,2180000.0,2180000.0,3000000.0,15.0,262500.0,233333.3333333333,-1917500.0,0.1204128440366972,0.0,-1946666.6666666667,3,4.962844630259907,B141230-4,,,,,0,0,0,0,0,14.914122846632385,7.0,10.0,2.0,0.0,0,0,1,1,,,,22,0,0,0,0,1.4084507042253522,0.0,
B140902-1,2,3,3,1,0,4,,0,월,3,"재직 중, 인센티브 예정",22,4,4,0.5,0.25,0.5,10.75,43,28,2.0,0.5,4.0,,1,0,2014,정상종료,완납,104,273,100만원,6개월,0.25,남자,44세,사무직,2300000.0,1880000.0,,2.0,1.0,2.0,0.0,0.0,1,2300000.0,1880000.0,420000.0,420000.0,1000000.0,6.0,187500.0,178819.44444444444,-232500.0,0.4464285714285714,0.0,-241180.5555555556,1,4.6443908991413725,B140902-1,,,,,0,0,0,0,0,13.815510557964274,2.0,2.0,0.0,0.0,0,1,3,1,,,,22,0,0,0,0,0.0,0.0,
B140912-4,3,1,3,3,1,5,,0,월,0,조기상환 61건 이력,22,7,7,1.0,0.8571,0.0,0.0,0,0,,,,,0,0,2014,정상종료,완납,615,438,650만원,24개월,0.25,여자,40세,기술직,2500000.0,1900000.0,,98.0,84.0,3.0,0.0,0.0,1,2500000.0,1900000.0,600000.0,600000.0,6500000.0,24.0,406250.0,341362.8472222222,-193750.0,0.6770833333333334,0.0,-258637.1527777778,4,6.421622267806518,B090402-6,,,,,0,0,0,0,0,15.687312734865866,98.0,3.0,0.0,0.0,0,0,1,3,,,,22,0,0,0,0,0.0,8.183306055646481,
B140914-2,1,3,3,2,1,4,,0,,1,5년 운영 자리잡힘,22,15,15,1.0,0.3333,0.0,0.0,0,0,,,,,0,0,2014,정상종료,완납,243,308,300만원,15개월,0.25,남자,45세,서비스업,6500000.0,5990000.0,,79.0,11.0,5.0,0.0,0.0,1,6500000.0,5990000.0,510000.0,510000.0,3000000.0,15.0,262500.0,233333.3333333333,-247500.0,0.5147058823529411,0.0,-276666.6666666667,2,5.493061443340548,B111207-18,,,,,0,0,0,0,0,14.914122846632385,79.0,5.0,0.0,0.0,0,1,1,2,,,,22,0,0,0,0,0.0,0.0,
B140915-2,5,3,3,1,0,4,400000.0,1,월,2,부부 월급 상환여력,22,18,18,1.0,0.9444,0.0,0.0,0,0,,,,,0,0,2014,정상종료,완납,533,893,300만원,18개월,0.25,남자,53세,생산직,3400000.0,3000000.0,,29.0,26.0,1.0,0.0,0.0,1,3400000.0,3000000.0,400000.0,400000.0,3000000.0,18.0,229166.66666666663,199652.7777777777,-170833.33333333337,0.5729166666666665,0.0,-200347.22222222228,2,6.278521424165844,B110711-4,,,,,0,0,0,0,0,14.914122846632385,29.0,1.0,0.0,0.0,0,1,1,1,,,,22,0,0,0,0,0.0,5.660377358490566,
B140917-4,1,3,2,3,1,4,,0,,2,"급여 인상, 총소득 유지",22,7,7,1.0,1.0,0.0,0.0,0,0,,,,,0,0,2014,정상종료,완납,454,1084,150만원,12개월,0.25,남자,44세,기술직,4100000.0,3430000.0,,57.0,44.0,1.0,0.0,0.0,1,4100000.0,3430000.0,670000.0,670000.0,1500000.0,12.0,156250.0,141927.08333333334,-513750.0,0.2332089552238806,0.0,-528072.9166666666,4,6.118097198041348,B110523-11,,,,,0,0,0,0,0,14.22097566607244,57.0,1.0,0.0,0.0,0,1,1,1,,,,22,0,0,0,0,0.6622516556291391,0.0,
B140926-2,1,4,1,1,0,5,,0,,2,정규직 전환+상환이력,22,14,14,0.9286,0.5714,0.0714,0.071,1,1,4.0,0.286,5.0,,1,0,2014,정상종료,완납,390,289,300만원,24개월,0.25,남자,51세,기타,2750000.0,1550000.0,,77.0,43.0,3.0,0.0,0.0,1,2750000.0,1550000.0,1200000.0,1200000.0,3000000.0,24.0,187500.0,157552.08333333334,-1012500.0,0.15625,0.0,-1042447.9166666666,2,5.966146739123692,B111127-1,,,,,0,0,0,0,0,14.914122846632385,77.0,3.0,0.0,0.0,0,1,1,1,,,,22,0,0,0,0,0.0,0.0,
B140927-1,2,2,2,3,1,3,,0,,1,겨울시즌 매출 기대,22,13,13,0.5385,0.1538,0.4615,7.462,97,30,3.0,0.231,4.0,6.0,1,0,2014,정상종료,완납,405,556,450만원,21개월,0.25,남자,48세,서비스업,3350000.0,3080000.0,,90.0,38.0,21.0,4.0,0.0,1,3350000.0,3080000.0,270000.0,270000.0,4500000.0,21.0,308035.7142857143,263392.8571428572,38035.71428571432,1.140873015873016,1.0,-6607.142857142782,1,6.003887067106539,B100225-11,,,,,0,0,0,0,0,15.319587954740548,90.0,21.0,4.0,0.0,0,1,1,1,,,,22,0,0,0,0,0.9925558312655088,7.444168734491315,
B140929-2,2,3,4,1,0,4,,0,,1,10년 정규직+회생 종료,22,1,1,1.0,1.0,0.0,0.0,0,0,,,,,0,0,2014,정상종료,완납,242,415,500만원,24개월,0.25,여자,44세,증권사,3300000.0,2660000.0,,84.0,58.0,16.0,0.0,0.0,1,3300000.0,2660000.0,640000.0,640000.0,5000000.0,24.0,312500.0,262586.8055555556,-327500.0,0.48828125,0.0,-377413.1944444444,2,5.488937726156687,B101024-5,event,False,,False,0,0,0,1,0,15.424948470398377,84.0,16.0,0.0,0.0,0,0,3,1,,,,22,1,0,1,0,0.0,4.132231404958678,
B141006-1,3,1,3,1,0,5,,0,월,0,과거 성실상환 이력,22,24,24,0.9583,0.3333,0.0417,0.042,1,1,15.0,0.625,16.0,,1,0,2014,정상종료,완납,93,759,550만원,24개월,0.25,남자,50세,기타,4500000.0,3770000.0,,97.0,55.0,3.0,0.0,0.0,1,4500000.0,3770000.0,730000.0,730000.0,5500000.0,24.0,343750.0,288845.4861111111,-386250.0,0.4708904109589041,0.0,-441154.5138888889,1,4.532599493153256,B120621-9,,,,,0,0,0,0,0,15.5202586502027,97.0,3.0,0.0,0.0,0,1,1,1,,,,22,0,0,0,0,1.098901098901099,0.0,
B141007-2,3,3,4,3,1,4,,0,월,2,급여일 10일 최우선 입금,22,3,3,1.0,0.6667,0.0,0.0,0,0,,,,,0,0,2014,정상종료,완납,665,1447,200만원,12개월,0.25,여자,36세,생산직,1750000.0,1520000.0,,,,,,,1,1750000.0,1520000.0,230000.0,230000.0,2000000.0,12.0,208333.3333333333,189236.1111111111,-21666.66666666669,0.9057971014492752,0.0,-40763.888888888905,2,6.499787040655854,B141007-2,income,True,10.0,False,1,1,0,0,1,14.50865773852422,0.0,0.0,0.0,0.0,1,0,4,1,income,10.0,False,22,1,1,0,1,0.1508295625942685,0.0,
B141009-1,1,2,1,1,0,2,,0,,1,연봉협상 인상 기대,22,12,12,0.9167,0.5,0.0833,0.083,1,1,5.0,0.417,6.0,,1,0,2014,정상종료,완납,46,350,250만원,12개월,0.25,여자,53세,기타,3550000.0,1990000.0,,77.0,35.0,7.0,0.0,0.0,1,3550000.0,1990000.0,1560000.0,1560000.0,2500000.0,12.0,260416.6666666667,236545.1388888889,-1299583.3333333333,0.1669337606837607,0.0,-1323454.861111111,1,3.828641396489095,B110401-6,,,,,0,0,0,0,0,14.73180128983843,77.0,7.0,0.0,0.0,0,0,1,1,,,,22,0,0,0,0,0.0,0.0,
B141010-10,1,5,2,1,0,5,,0,,2,사업 월300~350+아내180,22,11,11,0.9091,0.8182,0.0909,0.909,10,10,8.0,0.727,9.0,,1,0,2014,정상종료,완납,522,670,400만원,18개월,0.25,남자,54세,서비스업,5300000.0,2370000.0,,114.0,90.0,4.0,0.0,0.0,1,5300000.0,2370000.0,2930000.0,2930000.0,4000000.0,18.0,305555.5555555556,266203.7037037037,-2624444.4444444445,0.1042851725445582,0.0,-2663796.296296296,10,6.257667587882639,B100222-15,,,,,0,0,0,0,0,15.201804919084164,114.0,4.0,0.0,0.0,0,1,1,1,,,,22,0,0,0,0,0.0,0.0,
B141010-9,1,1,1,1,0,2,,0,,0,근거 제시 없음,22,2,2,0.5,0.5,0.5,15.5,31,31,2.0,1.0,,,1,0,2014,연체중,손실,151,1435,100만원,9개월,0.25,여자,32세,일용직,2000000.0,1250000.0,,,,,,,1,2000000.0,1250000.0,750000.0,750000.0,1000000.0,9.0,131944.44444444444,122685.18518518518,-618055.5555555555,0.1759259259259259,0.0,-627314.8148148148,9,5.017279836814924,B141010-9,,,,,0,0,0,0,0,13.815510557964274,0.0,0.0,0.0,0.0,1,0,1,1,,,,22,0,0,0,0,0.0,6.802721088435374,
B141017-2,2,2,2,1,0,4,,0,,1,여유자금 보유 주장,22,7,7,0.7143,0.5714,0.2857,8.429,59,31,6.0,0.857,,,1,0,2014,연체중,손실,276,538,200만원,12개월,0.25,남자,36세,기타,2200000.0,1840000.0,,23.0,21.0,10.0,0.0,0.0,1,2200000.0,1840000.0,360000.0,360000.0,2000000.0,12.0,208333.3333333333,189236.1111111111,-151666.6666666667,0.5787037037037036,0.0,-170763.8888888889,2,5.62040086571715,B120411-1,,,,,0,0,0,0,0,14.50865773852422,23.0,10.0,0.0,0.0,0,1,1,1,,,,22,0,0,0,1,0.0,14.492753623188406,
B141019-2,1,5,1,3,1,5,,0,,2,분식집 12년+남편 급여,22,1,1,0.0,0.0,1.0,31.0,31,31,1.0,1.0,,,1,0,2014,연체중,손실,483,386,150만원,12개월,0.25,여자,55세,요식업,4800000.0,4130000.0,,13.0,8.0,18.0,0.0,0.0,1,4800000.0,4130000.0,670000.0,670000.0,1500000.0,12.0,156250.0,141927.08333333334,-513750.0,0.2332089552238806,0.0,-528072.9166666666,2,6.180016653652572,B120328-18,,,,,0,0,0,0,0,14.22097566607244,13.0,18.0,0.0,0.0,0,0,1,2,,,,22,0,0,0,0,1.882845188284519,0.0,
B141020-2,2,5,1,1,0,4,,0,,2,급여143+알바70~80,22,12,12,0.6667,0.0833,0.3333,1.0,12,6,7.0,0.583,8.0,9.0,1,0,2014,정상종료,완납,211,543,200만원,12개월,0.25,여자,42세,사무직,2130000.0,1640000.0,,26.0,6.0,5.0,0.0,0.0,1,2130000.0,1640000.0,490000.0,490000.0,2000000.0,12.0,208333.3333333333,189236.1111111111,-281666.6666666667,0.4251700680272108,0.0,-300763.8888888889,2,5.351858133476067,B140206-1,,,,,0,0,0,0,0,14.50865773852422,26.0,5.0,0.0,0.0,0,0,1,1,,,,22,0,0,0,0,0.0,4.739336492890995,
B141022-4,2,5,5,3,1,3,,0,,3,현수당45만+11월 소득기대,22,15,15,1.0,0.7333,0.0,0.0,0,0,,,,,0,0,2014,정상종료,완납,1092,77,400만원,15개월,0.25,남자,50세,기타,5600000.0,4040000.0,,100.0,82.0,21.0,0.0,0.0,1,5600000.0,4040000.0,1560000.0,1560000.0,4000000.0,15.0,350000.0,311111.1111111111,-1210000.0,0.2243589743589743,0.0,-1248888.888888889,4,6.9957661563048505,B091207-22,income,True,27.0,True,0,1,0,0,1,15.201804919084164,100.0,21.0,0.0,0.0,0,1,3,1,,,,22,1,0,1,0,0.2770083102493075,2.770083102493075,
B141027-4,1,1,1,1,0,1,,0,,0,근거 없음,22,4,4,0.25,0.0,0.75,8.25,33,31,1.0,0.25,2.0,3.0,1,0,2014,연체중,손실,33,178,100만원,6개월,0.25,여자,29세,사무직,1500000.0,1060000.0,,4.0,1.0,4.0,0.0,0.0,1,1500000.0,1060000.0,440000.0,440000.0,1000000.0,6.0,187500.0,178819.44444444444,-252500.0,0.4261363636363636,0.0,-261180.5555555556,4,3.49650756146648,B141027-4,,,,,0,0,0,0,0,13.815510557964274,4.0,4.0,0.0,0.0,0,0,1,1,,,,22,0,0,0,0,3.0303030303030303,0.0,
B141029-3,1,1,1,1,0,1,,0,,0,근거 없음,22,6,6,1.0,0.8333,0.0,0.0,0,0,,,,,0,0,2014,정상종료,완납,38,557,100만원,6개월,0.25,남자,53세,생산직,2700000.0,1910000.0,,53.0,25.0,13.0,0.0,0.0,1,2700000.0,1910000.0,790000.0,790000.0,1000000.0,6.0,187500.0,178819.44444444444,-602500.0,0.2373417721518987,0.0,-611180.5555555555,3,3.6375861597263857,B110605-5,,,,,0,0,0,0,0,13.815510557964274,53.0,13.0,0.0,0.0,0,1,1,1,,,,22,0,0,0,0,0.0,0.0,
B141029-5,2,1,1,1,0,1,,0,,0,근거 없음,22,12,12,1.0,0.9167,0.0,0.0,0,0,,,,,0,0,2014,정상종료,완납,76,213,200만원,12개월,0.25,남자,40세,기타,2000000.0,1190000.0,,19.0,15.0,2.0,0.0,0.0,1,2000000.0,1190000.0,810000.0,810000.0,2000000.0,12.0,208333.3333333333,189236.1111111111,-601666.6666666667,0.257201646090535,0.0,-620763.8888888889,5,4.330733340286331,B120502-12,,,,,0,0,0,0,0,14.50865773852422,19.0,2.0,0.0,0.0,0,1,1,1,,,,22,0,0,0,0,0.0,13.157894736842104,
B141103-3,1,2,1,1,0,2,,0,,0,"현 소득 없음, 미래기대",22,24,24,1.0,0.625,0.0,0.0,0,0,,,,,0,0,2014,정상종료,완납,131,683,450만원,24개월,0.25,남자,55세,기타,3000000.0,2300000.0,,66.0,56.0,5.0,5.0,0.0,1,3000000.0,2300000.0,700000.0,700000.0,4500000.0,24.0,281250.0,236328.125,-418750.0,0.4017857142857143,0.0,-463671.875,3,4.875197323201151,B110630-2,,,,,0,0,0,0,0,15.319587954740548,66.0,5.0,5.0,0.0,0,1,1,2,,,,22,0,0,0,0,0.0,7.633587786259541,
B141105-1,3,5,5,1,0,5,,0,월,3,학원급여116+남편 송금,22,10,10,1.0,1.0,0.0,0.0,0,0,,,,,0,0,2014,정상종료,완납,212,929,350만원,24개월,0.25,여자,50세,학원,2700000.0,2320000.0,,51.0,51.0,0.0,0.0,0.0,1,2700000.0,2320000.0,380000.0,380000.0,3500000.0,24.0,218750.0,183810.7638888889,-161250.0,0.5756578947368421,0.0,-196189.2361111111,1,5.356586274672012,B120116-5,income,True,25.0,True,1,1,0,0,1,15.068273526459642,51.0,0.0,0.0,0.0,0,0,5,1,income,25.0,True,22,1,1,0,1,0.0,0.0,
B141114-1,5,4,5,1,0,4,500000.0,1,월,1,신규입사 월200 급여,22,6,6,0.3333,0.0,0.6667,1.0,6,3,1.0,0.167,3.0,4.0,1,0,2014,정상종료,완납,468,1455,150만원,6개월,0.25,여자,34세,사무직,2040000.0,1180000.0,,27.0,9.0,13.0,0.0,0.0,1,2040000.0,1180000.0,860000.0,860000.0,1500000.0,6.0,281250.0,268229.1666666667,-578750.0,0.3270348837209302,0.0,-591770.8333333333,1,6.148468295917647,B150907-4,income,False,,True,1,1,0,0,0,14.22097566607244,27.0,13.0,0.0,0.0,0,0,5,1,calendar,,True,22,1,1,0,0,0.0,4.310344827586206,
B141120-3,1,4,1,1,0,5,,0,,1,학원강사 실수령338,22,9,9,1.0,1.0,0.0,0.0,0,0,,,,,0,0,2014,정상종료,완납,495,619,300만원,24개월,0.25,남자,40세,사무직,3380000.0,2560000.0,,75.0,73.0,1.0,0.0,0.0,1,3380000.0,2560000.0,820000.0,820000.0,3000000.0,24.0,187500.0,157552.08333333334,-632500.0,0.2286585365853658,0.0,-662447.9166666666,3,6.20455776256869,B130910-6,,,,,0,0,0,0,0,14.914122846632385,75.0,1.0,0.0,0.0,0,1,1,4,,,,22,0,0,0,0,0.0,0.0,
B141120-4,1,3,1,3,1,4,,0,,1,건설기술자 재직 중,22,9,9,0.6667,0.6667,0.3333,0.889,8,5,4.0,0.444,7.0,,1,0,2014,정상종료,완납,92,152,150만원,9개월,0.25,남자,51세,기술직,3100000.0,2600000.0,,27.0,17.0,34.0,2.0,8.0,1,3100000.0,2600000.0,500000.0,500000.0,1500000.0,9.0,197916.66666666663,184027.7777777777,-302083.3333333334,0.3958333333333332,0.0,-315972.22222222225,4,4.5217885770490405,B110808-6,,,,,0,0,0,0,0,14.22097566607244,27.0,34.0,2.0,8.0,0,1,1,1,,,,22,0,0,0,0,0.0,0.0,
B141124-1,2,3,4,3,1,4,,0,,2,부부 급여로 상환 주장,22,2,2,0.0,0.0,1.0,21.5,43,31,1.0,0.5,,,1,0,2014,연체중,손실,789,610,100만원,12개월,0.25,남자,42세,기타,3100000.0,2650000.0,,,,,,,1,3100000.0,2650000.0,450000.0,450000.0,1000000.0,12.0,104166.66666666666,94618.05555555556,-345833.3333333334,0.2314814814814814,0.0,-355381.94444444444,1,6.670766320845874,B141124-1,income,False,,False,0,1,0,0,0,13.815510557964274,0.0,0.0,0.0,0.0,1,1,3,3,,,,22,1,0,1,0,0.1272264631043257,0.0,
B141125-3,2,3,4,1,0,4,,0,,2,체육지도자+알바,22,9,9,1.0,0.6667,0.0,0.0,0,0,,,,,0,0,2014,정상종료,완납,130,571,100만원,12개월,0.25,여자,33세,교수/교사,1950000.0,1080000.0,,13.0,10.0,6.0,0.0,0.0,1,1950000.0,1080000.0,870000.0,870000.0,1000000.0,12.0,104166.66666666666,94618.05555555556,-765833.3333333334,0.1197318007662835,0.0,-775381.9444444445,3,4.867534450455582,B141125-3,event,False,,False,0,0,0,1,0,13.815510557964274,13.0,6.0,0.0,0.0,0,0,3,1,,,,22,1,0,1,0,0.0,7.6923076923076925,
B141127-4,1,1,1,1,0,5,,0,,0,무연체 상환·정상종료 이력,22,6,6,1.0,1.0,0.0,0.0,0,0,,,,,0,0,2014,정상종료,완납,279,526,300만원,24개월,0.25,여자,38세,기타,3000000.0,2360000.0,,97.0,69.0,20.0,0.0,0.0,1,3000000.0,2360000.0,640000.0,640000.0,3000000.0,24.0,187500.0,157552.08333333334,-452500.0,0.29296875,0.0,-482447.9166666666,4,5.631211781821365,A080107-2,,,,,0,0,0,0,0,14.914122846632385,97.0,20.0,0.0,0.0,0,0,1,1,,,,22,0,0,0,0,0.0,7.168458781362007,
B141202-2,2,3,4,1,0,4,,0,,1,10년 정규직+회생 종료,22,12,12,0.9167,0.6667,0.0833,0.083,1,1,11.0,0.917,12.0,,1,0,2014,정상종료,완납,243,454,600만원,24개월,0.25,여자,44세,증권사,3300000.0,2660000.0,,84.0,58.0,16.0,0.0,0.0,1,3300000.0,2660000.0,640000.0,640000.0,6000000.0,24.0,375000.0,315104.1666666667,-265000.0,0.5859375,0.0,-324895.8333333333,2,5.493061443340548,B101024-5,event,False,,False,0,0,0,1,0,15.60727002719233,84.0,16.0,0.0,0.0,0,0,3,1,,,,22,1,0,1,0,0.0,4.132231404958678,
B141202-3,1,5,1,3,1,5,,0,,2,학원 순수입350+알바,22,3,3,0.3333,0.0,0.6667,15.333,46,31,2.0,0.667,,,1,0,2014,연체중,손실,743,840,450만원,18개월,0.25,남자,46세,학원,4300000.0,3820000.0,,26.0,17.0,1.0,0.0,0.0,1,4300000.0,3820000.0,480000.0,480000.0,4500000.0,18.0,343750.0,299479.1666666667,-136250.0,0.7161458333333334,0.0,-180520.8333333333,3,6.610696044717759,B120927-12,,,,,0,0,0,0,0,15.319587954740548,26.0,1.0,0.0,0.0,0,1,1,3,,,,22,0,0,0,0,0.0,1.3550135501355014,
B141207-1,1,3,3,2,1,3,,0,,2,"진급·급여인상, 정산 무산",22,6,6,0.6667,0.0,0.3333,0.833,5,3,3.0,0.5,4.0,6.0,1,0,2014,정상종료,완납,412,513,150만원,6개월,0.25,남자,55세,공기업,4350000.0,3500000.0,,11.0,1.0,13.0,0.0,0.0,1,4350000.0,3500000.0,850000.0,850000.0,1500000.0,6.0,281250.0,268229.1666666667,-568750.0,0.3308823529411764,0.0,-581770.8333333333,1,6.021023349349527,B120702-8,,,,,0,0,0,0,0,14.22097566607244,11.0,13.0,0.0,0.0,0,1,1,1,,,,22,0,0,0,0,0.9708737864077668,9.70873786407767,
B141208-1,1,1,1,1,0,4,,0,,0,과거 완제로 등급 상승,22,9,9,0.4444,0.3333,0.5556,13.444,121,29,2.0,0.222,7.0,,1,0,2014,정상종료,완납,823,1923,150만원,9개월,0.25,여자,50세,일용직,1200000.0,740000.0,,52.0,42.0,20.0,5.0,0.0,1,1200000.0,740000.0,460000.0,460000.0,1500000.0,9.0,197916.66666666663,184027.7777777777,-262083.33333333337,0.4302536231884057,0.0,-275972.22222222225,1,6.71295620067707,B110321-16,,,,,0,0,0,0,0,14.22097566607244,52.0,20.0,5.0,0.0,0,0,1,1,,,,22,0,0,0,0,1.2195121951219512,2.4390243902439024,
B141211-4,2,3,1,1,0,4,,0,,1,부부 가게 운영 중,22,8,8,0.875,0.5,0.125,3.875,31,31,8.0,1.0,,,1,0,2014,연체중,손실,518,742,350만원,24개월,0.25,여자,39세,요식업,2000000.0,1460000.0,,48.0,38.0,1.0,0.0,0.0,1,2000000.0,1460000.0,540000.0,540000.0,3500000.0,24.0,218750.0,183810.7638888889,-321250.0,0.4050925925925926,0.0,-356189.2361111111,4,6.249975242259483,B101210-12,,,,,0,0,0,0,0,15.068273526459642,48.0,1.0,0.0,0.0,0,0,1,1,,,,22,0,0,0,0,0.193050193050193,9.652509652509652,
B141216-5,2,3,4,1,0,3,,0,,1,지인 수입+자격증 준비,22,12,12,1.0,0.5,0.0,0.0,0,0,,,,,0,0,2014,정상종료,완납,385,224,100만원,12개월,0.25,여자,43세,기타,3000000.0,2230000.0,,38.0,18.0,1.0,0.0,0.0,1,3000000.0,2230000.0,770000.0,770000.0,1000000.0,12.0,104166.66666666666,94618.05555555556,-665833.3333333334,0.1352813852813852,0.0,-675381.9444444445,5,5.953243334287785,B120509-1,income,False,,False,0,1,0,0,0,13.815510557964274,38.0,1.0,0.0,0.0,0,0,1,1,,,,22,1,0,1,0,0.2597402597402597,0.0,
B141216-6,1,3,1,4,1,4,,0,,2,"본업 유지, 알바 중단",22,9,9,1.0,0.7778,0.0,0.0,0,0,,,,,0,0,2014,정상종료,완납,311,316,150만원,12개월,0.25,여자,44세,사무직,1400000.0,1230000.0,,125.0,109.0,1.0,0.0,0.0,1,1400000.0,1230000.0,170000.0,170000.0,1500000.0,12.0,156250.0,141927.08333333334,-13750.0,0.9191176470588236,0.0,-28072.916666666657,6,5.739792912179234,B090817-7,,,,,0,0,0,0,0,14.22097566607244,125.0,1.0,0.0,0.0,0,0,1,2,,,,22,0,0,0,0,0.0,6.472491909385114,
B141217-1,1,4,1,1,0,4,,0,,1,정규직 재직 월275,22,9,9,1.0,1.0,0.0,0.0,0,0,,,,,0,0,2014,정상종료,완납,414,357,300만원,18개월,0.25,남자,47세,사무직,2750000.0,2270000.0,,96.0,76.0,3.0,0.0,0.0,1,2750000.0,2270000.0,480000.0,480000.0,3000000.0,18.0,229166.66666666663,199652.7777777777,-250833.33333333337,0.4774305555555554,0.0,-280347.22222222225,1,6.025865973825314,B110709-5,,,,,0,0,0,0,0,14.914122846632385,96.0,3.0,0.0,0.0,0,1,1,1,,,,22,0,0,0,1,0.0,2.415458937198068,10.0
B141219-3,2,5,1,3,1,4,,0,,3,남편 순수입500+본인 신규직,22,20,20,0.6,0.1,0.4,7.95,159,91,1.0,0.05,2.0,3.0,1,0,2014,연체중,손실,956,345,400만원,21개월,0.25,여자,42세,보험설계사,12200000.0,11260000.0,,59.0,40.0,10.0,0.0,0.0,1,12200000.0,11260000.0,940000.0,940000.0,4000000.0,21.0,273809.5238095238,234126.9841269841,-666190.4761904762,0.2912867274569402,0.0,-705873.0158730159,3,6.862757913051401,B100330-7,,,,,0,0,0,0,0,15.201804919084164,59.0,10.0,0.0,0.0,0,0,1,1,,,,22,0,0,0,0,0.0,7.383966244725738,
B141220-1,5,4,1,1,0,5,270000.0,1,월,1,"월410 급여, 통장 제출",22,6,6,1.0,0.8333,0.0,0.0,0,0,,,,,0,0,2014,정상종료,완납,288,535,300만원,18개월,0.25,남자,47세,운전직,4100000.0,3170000.0,,32.0,25.0,4.0,0.0,0.0,1,4100000.0,3170000.0,930000.0,930000.0,3000000.0,18.0,229166.66666666663,199652.7777777777,-700833.3333333334,0.2464157706093189,0.0,-730347.2222222222,1,5.662960480135946,B081113-2,,,,,0,0,0,0,0,14.914122846632385,32.0,4.0,0.0,0.0,0,1,1,1,,,,22,0,0,0,0,0.0,0.0,
B141227-3,5,5,4,1,0,5,300000.0,1,월,3,육아지원금 매월25일 수령,22,6,6,0.8333,0.5,0.1667,0.667,4,4,5.0,0.833,6.0,,1,0,2014,정상종료,완납,254,1171,100만원,6개월,0.25,여자,37세,기타,2550000.0,2070000.0,,55.0,39.0,4.0,0.0,0.0,1,2550000.0,2070000.0,480000.0,480000.0,1000000.0,6.0,187500.0,178819.44444444444,-292500.0,0.390625,0.0,-301180.5555555556,3,5.537334267018537,B141227-3,income,True,25.0,False,1,1,0,0,1,13.815510557964274,55.0,4.0,0.0,0.0,0,0,4,1,income,25.0,False,22,1,1,0,0,0.0,0.0,
B141230-4,2,5,2,1,0,5,,0,,3,본인360+알바100+남편300,22,15,15,0.2,0.0,0.8,13.333,200,30,1.0,0.067,4.0,7.0,1,0,2014,정상종료,완납,540,698,300만원,15개월,0.25,여자,48세,기술직,4600000.0,2990000.0,,7.0,1.0,10.0,2.0,0.0,1,4600000.0,2990000.0,1610000.0,1610000.0,3000000.0,15.0,262500.0,233333.3333333333,-1347500.0,0.1630434782608695,0.0,-1376666.6666666667,4,6.29156913955832,B141230-4,,,,,0,0,0,0,0,14.914122846632385,7.0,10.0,2.0,0.0,0,0,1,1,,,,22,0,0,0,0,0.1858736059479553,0.0,
B150102-3,1,4,1,1,0,4,,0,,1,실수령 233만원,22,17,17,0.4118,0.1176,0.5882,1.0,17,3,1.0,0.059,3.0,4.0,1,0,2015,정상종료,완납,59,291,300만원,24개월,0.25,여자,38세,사무직,2330000.0,1990000.0,,52.0,15.0,24.0,0.0,0.0,1,2330000.0,1990000.0,340000.0,340000.0,3000000.0,24.0,187500.0,157552.08333333334,-152500.0,0.5514705882352942,0.0,-182447.91666666663,3,4.07753744390572,B110425-5,,,,,0,0,0,0,0,14.914122846632385,52.0,24.0,0.0,0.0,0,0,1,1,,,,22,0,0,0,0,0.0,0.0,
B150112-3,3,1,3,3,1,5,,0,월,0,조기상환 53건 이력,22,11,11,1.0,1.0,0.0,0.0,0,0,,,,,0,0,2015,정상종료,완납,590,279,650만원,21개월,0.25,여자,43세,사무직,2400000.0,2080000.0,,90.0,74.0,1.0,0.0,0.0,1,2400000.0,2080000.0,320000.0,320000.0,6500000.0,21.0,444940.4761904762,380456.3492063492,124940.4761904762,1.390438988095238,1.0,60456.34920634917,3,6.380122536899765,B100505-17,,,,,0,0,0,0,0,15.687312734865866,90.0,1.0,0.0,0.0,0,0,1,3,,,,22,0,0,0,0,0.0,8.532423208191126,
B150115-8,1,3,2,2,1,3,,0,,1,이직 직후 급여 정상화 예정,22,6,6,0.0,0.0,1.0,5.5,33,11,1.0,0.167,,,1,0,2015,정상종료,완납,215,145,100만원,6개월,0.25,여자,31세,콜센터,2120000.0,1780000.0,,,,,,,1,2120000.0,1780000.0,340000.0,340000.0,1000000.0,6.0,187500.0,178819.44444444444,-152500.0,0.5514705882352942,0.0,-161180.55555555556,8,5.3706380281276624,B150115-8,,,,,0,0,0,0,0,13.815510557964274,0.0,0.0,0.0,0.0,1,0,1,2,,,,22,0,0,0,0,0.9302325581395348,4.651162790697675,
B150116-6,3,3,4,1,0,4,,0,월,1,월급날 25일 우선상환,22,3,3,0.6667,0.0,0.3333,10.333,31,31,3.0,1.0,,,1,0,2015,연체중,손실,199,150,400만원,24개월,0.25,남자,48세,기타,1850000.0,1780000.0,,29.0,22.0,0.0,0.0,0.0,1,1850000.0,1780000.0,70000.0,70000.0,4000000.0,24.0,250000.0,210069.44444444444,180000.0,3.571428571428572,1.0,140069.44444444444,6,5.293304824724492,B100717-2,income,True,25.0,False,1,1,0,0,1,15.201804919084164,29.0,0.0,0.0,0.0,0,1,4,1,income,25.0,False,22,1,1,0,1,0.0,5.025125628140704,25.0
B150118-1,2,4,4,1,0,5,,0,,1,창업 월매출200+상환이력,22,5,5,0.6,0.0,0.4,9.2,46,31,4.0,0.8,,,1,0,2015,연체중,손실,237,1012,200만원,12개월,0.25,여자,37세,기타,1000000.0,990000.0,,14.0,8.0,4.0,0.0,0.0,1,1000000.0,990000.0,10000.0,10000.0,2000000.0,12.0,208333.3333333333,189236.1111111111,198333.3333333333,20.83333333333333,1.0,179236.1111111111,1,5.468060141135132,B121106-10,income,False,,False,0,1,0,0,0,14.50865773852422,14.0,4.0,0.0,0.0,0,0,3,1,,,,22,1,0,1,0,0.0,0.0,
B150120-4,1,1,1,1,0,1,,0,,0,근거 없음,22,4,4,1.0,0.5,0.0,0.0,0,0,,,,,0,0,2015,정상종료,완납,58,619,200만원,12개월,0.25,남자,47세,사무직,4400000.0,3990000.0,,18.0,5.0,1.0,0.0,0.0,1,4400000.0,3990000.0,410000.0,410000.0,2000000.0,12.0,208333.3333333333,189236.1111111111,-201666.6666666667,0.5081300813008129,0.0,-220763.8888888889,4,4.060443010546419,B130104-3,,,,,0,0,0,0,0,14.50865773852422,18.0,1.0,0.0,0.0,0,1,1,1,,,,22,0,0,0,0,0.0,0.0,
B150124-1,2,3,2,1,0,4,,0,,1,오픈마켓 일일 정산 수입,22,4,4,0.5,0.0,0.5,15.25,61,31,3.0,0.75,,,1,0,2015,연체중,손실,142,190,100만원,6개월,0.25,남자,50세,서비스업,3000000.0,180000.0,,,,,,,1,3000000.0,180000.0,2820000.0,2820000.0,1000000.0,6.0,187500.0,178819.44444444444,-2632500.0,0.0664893617021276,0.0,-2641180.5555555555,1,4.955827057601261,B150124-1,,,,,0,0,0,0,0,13.815510557964274,0.0,0.0,0.0,0.0,1,1,1,1,,,,22,0,0,0,0,0.7042253521126761,7.042253521126761,
B150128-1,2,5,1,2,1,4,,0,,2,남편200만+생활비80만,22,6,6,1.0,0.6667,0.0,0.0,0,0,,,,,0,0,2015,정상종료,완납,339,506,100만원,12개월,0.25,여자,39세,기타,1000000.0,800000.0,,43.0,29.0,0.0,0.0,0.0,1,1000000.0,800000.0,200000.0,200000.0,1000000.0,12.0,104166.66666666666,94618.05555555556,-95833.33333333334,0.5208333333333333,0.0,-105381.94444444444,1,5.82600010738045,B140708-2,,,,,0,0,0,0,0,13.815510557964274,43.0,0.0,0.0,0.0,0,0,1,2,,,,22,0,0,0,0,0.8849557522123894,2.949852507374631,
B150129-2,3,5,5,1,0,5,,0,월,2,정규직 고정급205+동생32만,22,7,7,1.0,1.0,0.0,0.0,0,0,,,,,0,0,2015,정상종료,완납,833,225,200만원,9개월,0.25,남자,42세,사무직,2050000.0,1710000.0,,61.0,60.0,4.0,0.0,0.0,1,2050000.0,1710000.0,340000.0,340000.0,2000000.0,9.0,263888.8888888889,245370.3703703704,-76111.11111111112,0.7761437908496731,0.0,-94629.6296296296,2,6.725033642166843,B081208-5,income,True,25.0,False,1,1,0,0,1,14.50865773852422,61.0,4.0,0.0,0.0,0,1,5,1,income,25.0,True,22,1,1,0,1,0.0,2.4242424242424243,
B150202-2,1,1,1,1,0,3,,0,,0,과거 신용 언급뿐,22,11,11,1.0,1.0,0.0,0.0,0,0,,,,,0,0,2015,정상종료,완납,33,988,300만원,24개월,0.25,여자,47세,간호사,4050000.0,3460000.0,,63.0,34.0,5.0,0.0,0.0,1,4050000.0,3460000.0,590000.0,590000.0,3000000.0,24.0,187500.0,157552.08333333334,-402500.0,0.3177966101694915,0.0,-432447.9166666666,2,3.49650756146648,B090210-20,,,,,0,0,0,0,0,14.914122846632385,63.0,5.0,0.0,0.0,0,0,1,1,,,,22,0,0,0,0,3.0303030303030303,0.0,
B150205-3,1,3,1,1,0,4,,0,,2,자치센터 재직+대리운전 지사,23,11,11,0.3636,0.0909,0.6364,12.909,142,31,3.0,0.273,5.0,7.0,1,0,2015,연체중,손실,329,196,300만원,24개월,0.25,여자,50세,공공기관,3320000.0,3010000.0,,51.0,31.0,7.0,3.0,0.0,1,3320000.0,3010000.0,310000.0,310000.0,3000000.0,24.0,187500.0,157552.08333333334,-122500.0,0.6048387096774194,0.0,-152447.91666666666,3,5.796057750765372,B120129-5,,,,,0,0,0,0,0,14.914122846632385,51.0,7.0,3.0,0.0,0,0,1,1,,,,23,0,0,0,0,0.0,9.11854103343465,
B150206-1,1,2,1,1,0,3,,0,,0,기존 성실상환 이력,23,15,15,1.0,0.4,0.0,0.0,0,0,,,,,0,0,2015,정상종료,완납,153,1037,550만원,24개월,0.25,여자,47세,학원,3850000.0,3580000.0,,67.0,51.0,3.0,0.0,0.0,1,3850000.0,3580000.0,270000.0,270000.0,5500000.0,24.0,343750.0,288845.4861111111,73750.0,1.273148148148148,1.0,18845.486111111124,1,5.030437921392435,B100924-16,,,,,0,0,0,0,0,15.5202586502027,67.0,3.0,0.0,0.0,0,0,1,1,,,,23,0,0,0,0,0.0,13.333333333333334,
B150206-2,1,3,1,5,1,3,,0,,2,"남편 월급, 본인 무직",23,8,8,0.125,0.125,0.875,12.25,98,26,1.0,0.125,8.0,,1,0,2015,정상종료,완납,818,518,100만원,9개월,0.25,여자,37세,기타,1800000.0,1450000.0,,28.0,12.0,42.0,5.0,0.0,1,1800000.0,1450000.0,350000.0,350000.0,1000000.0,9.0,131944.44444444444,122685.18518518518,-218055.5555555556,0.376984126984127,0.0,-227314.81481481483,2,6.706862336602747,B091118-8,,,,,0,0,0,0,0,13.815510557964274,28.0,42.0,5.0,0.0,0,0,1,3,,,,23,0,0,0,0,0.0,11.042944785276074,
B150208-2,1,1,1,1,0,3,,0,,0,기존 성실상환 이력,23,4,4,0.25,0.0,0.75,12.5,50,31,1.0,0.25,2.0,3.0,1,0,2015,연체중,손실,138,478,250만원,12개월,0.25,여자,55세,기타,4400000.0,3960000.0,,33.0,11.0,6.0,0.0,0.0,1,4400000.0,3960000.0,440000.0,440000.0,2500000.0,12.0,260416.6666666667,236545.1388888889,-179583.3333333333,0.5918560606060607,0.0,-203454.8611111111,2,4.927253685157205,B100201-22,,,,,0,0,0,0,0,14.73180128983843,33.0,6.0,0.0,0.0,0,0,1,1,,,,23,0,0,0,0,0.7352941176470588,14.705882352941176,
B150211-4,3,3,2,4,1,4,,0,월,1,현 급여로 변제 가능,23,11,11,1.0,0.9091,0.0,0.0,0,0,,,,,0,0,2015,정상종료,완납,295,608,500만원,15개월,0.25,남자,46세,기타,4000000.0,2840000.0,,67.0,62.0,4.0,0.0,0.0,1,4000000.0,2840000.0,1160000.0,1160000.0,5000000.0,15.0,437500.0,388888.8888888889,-722500.0,0.3771551724137931,0.0,-771111.1111111111,4,5.68697535633982,B110418-14,,,,,0,0,0,0,0,15.424948470398377,67.0,4.0,0.0,0.0,0,1,2,3,,,,23,0,0,0,0,0.0,0.0,
B150213-2,1,3,4,1,0,4,,0,,1,"재직 급여, 기존대출 정리",23,20,20,1.0,0.7,0.0,0.0,0,0,,,,,0,0,2015,정상종료,완납,408,830,500만원,24개월,0.25,여자,44세,보험설계사,3000000.0,2060000.0,,50.0,42.0,0.0,0.0,0.0,1,3000000.0,2060000.0,940000.0,940000.0,5000000.0,24.0,312500.0,262586.8055555556,-627500.0,0.3324468085106383,0.0,-677413.1944444444,2,6.0112671744041615,B090719-7,income,False,,False,1,1,0,0,0,15.424948470398377,50.0,0.0,0.0,0.0,0,0,5,1,income,,True,23,1,1,0,1,0.0,2.5188916876574305,
B150215-1,2,3,3,1,0,4,,0,,1,직원5명 사무실 운영중,23,7,7,1.0,1.0,0.0,0.0,0,0,,,,,0,0,2015,정상종료,완납,239,1641,600만원,24개월,0.25,남자,63세,요식업,4500000.0,3400000.0,,69.0,56.0,5.0,0.0,0.0,1,4500000.0,3400000.0,1100000.0,1100000.0,6000000.0,24.0,375000.0,315104.1666666667,-725000.0,0.3409090909090909,0.0,-784895.8333333333,1,5.476463551931511,B110204-5,,,,,0,0,0,0,0,15.60727002719233,69.0,5.0,0.0,0.0,0,1,3,1,,,,23,0,0,0,0,0.0,4.184100418410042,
B150223-4,1,3,3,1,0,4,,0,,2,"부부 재직중, 신규직장 적응",23,9,9,0.8889,0.8889,0.1111,0.111,1,1,5.0,0.556,6.0,,1,0,2015,정상종료,완납,358,325,100만원,9개월,0.25,여자,51세,보험설계사,3500000.0,3020000.0,,15.0,9.0,9.0,9.0,0.0,1,3500000.0,3020000.0,480000.0,480000.0,1000000.0,9.0,131944.44444444444,122685.18518518518,-348055.5555555556,0.2748842592592592,0.0,-357314.81481481483,4,5.8805329864007,B150223-4,,,,,0,0,0,0,0,13.815510557964274,15.0,9.0,9.0,0.0,0,0,1,2,,,,23,0,0,0,0,0.0,0.0,
B150224-2,1,1,1,1,0,4,,0,,0,"2013 면책, 신용회복",23,14,14,1.0,1.0,0.0,0.0,0,0,,,,,0,0,2015,정상종료,완납,99,407,350만원,24개월,0.25,남자,64세,운전직,2500000.0,2050000.0,,52.0,52.0,1.0,0.0,0.0,1,2500000.0,2050000.0,450000.0,450000.0,3500000.0,24.0,218750.0,183810.7638888889,-231250.0,0.4861111111111111,0.0,-266189.2361111111,2,4.59511985013459,B120416-1,,,,,0,0,0,0,0,15.068273526459642,52.0,1.0,0.0,0.0,0,1,1,1,,,,23,0,0,0,0,0.0,0.0,
B150226-5,1,5,1,1,0,4,,0,,3,급여120만+지원금70만,23,6,6,1.0,1.0,0.0,0.0,0,0,,,,,0,0,2015,정상종료,완납,318,443,600만원,24개월,0.25,여자,49세,사무직,2600000.0,2250000.0,,78.0,51.0,0.0,0.0,0.0,1,2600000.0,2250000.0,350000.0,350000.0,6000000.0,24.0,375000.0,315104.1666666667,25000.0,1.0714285714285714,1.0,-34895.833333333314,5,5.762051382780177,B101003-5,,,,,0,0,0,0,0,15.60727002719233,78.0,0.0,0.0,0.0,0,0,1,1,,,,23,0,0,0,0,0.0,0.0,
B150228-1,1,4,1,1,0,4,,0,,1,"일당10~11만, 월31만 여유",23,12,12,0.6667,0.4167,0.3333,1.25,15,5,4.0,0.333,8.0,,1,0,2015,정상종료,완납,398,620,100만원,12개월,0.25,남자,33세,기술직,3000000.0,2650000.0,,28.0,11.0,12.0,0.0,0.0,1,3000000.0,2650000.0,350000.0,350000.0,1000000.0,12.0,104166.66666666666,94618.05555555556,-245833.3333333333,0.2976190476190476,0.0,-255381.94444444444,1,5.986452005284438,B121030-3,,,,,0,0,0,0,0,13.815510557964274,28.0,12.0,0.0,0.0,0,1,1,2,,,,23,0,0,0,0,0.0,2.5188916876574305,
B150303-1,1,1,1,1,0,3,,0,,0,과거 무연체 노력,23,12,12,0.9167,0.1667,0.0833,0.083,1,1,12.0,1.0,,,1,0,2015,정상종료,완납,256,593,250만원,12개월,0.25,여자,51세,사무직,2500000.0,1930000.0,,50.0,9.0,5.0,0.0,0.0,1,2500000.0,1930000.0,570000.0,570000.0,2500000.0,12.0,260416.6666666667,236545.1388888889,-309583.3333333333,0.4568713450292398,0.0,-333454.8611111111,1,5.545177444479562,B120904-13,,,,,0,0,0,0,0,14.73180128983843,50.0,5.0,0.0,0.0,0,0,1,1,,,,23,0,0,0,0,0.390625,7.8125,
B150303-5,5,5,3,4,1,5,300000.0,1,월,2,신복91천 납부+알바20~30만,23,10,10,1.0,0.8,0.0,0.0,0,0,,,,,0,0,2015,정상종료,완납,561,622,600만원,24개월,0.25,남자,38세,영업직,2150000.0,1510000.0,,83.0,37.0,2.0,0.0,0.0,1,2150000.0,1510000.0,640000.0,640000.0,6000000.0,24.0,375000.0,315104.1666666667,-265000.0,0.5859375,0.0,-324895.8333333333,5,6.329720905522696,B111228-12,,,,,0,0,0,0,0,15.60727002719233,83.0,2.0,0.0,0.0,0,1,1,4,,,,23,0,0,0,0,0.0,1.7857142857142856,
B150309-1,1,1,1,1,0,1,,0,,0,근거 제시 없음,23,9,9,1.0,0.6667,0.0,0.0,0,0,,,,,0,0,2015,정상종료,완납,163,599,150만원,9개월,0.25,여자,38세,간호사,1700000.0,1120000.0,,27.0,7.0,0.0,0.0,0.0,1,1700000.0,1120000.0,580000.0,580000.0,1500000.0,9.0,197916.66666666663,184027.7777777777,-382083.3333333334,0.3412356321839079,0.0,-395972.2222222223,1,5.093750200806762,B150309-1,,,,,0,0,0,0,0,14.22097566607244,27.0,0.0,0.0,0.0,0,0,1,1,,,,23,0,0,0,0,0.0,12.269938650306749,
B150311-3,3,4,2,1,0,5,,0,월,1,부부 월수입 450만,23,16,16,1.0,0.9375,0.0,0.0,0,0,,,,,0,0,2015,정상종료,완납,94,729,800만원,24개월,0.25,여자,45세,사무직,4500000.0,4070000.0,,101.0,95.0,0.0,0.0,0.0,1,4500000.0,4070000.0,430000.0,430000.0,8000000.0,24.0,500000.0,420138.8888888889,70000.0,1.162790697674419,1.0,-9861.111111111124,3,4.543294782270004,B110311-6,,,,,0,0,0,0,0,15.89495209964411,101.0,0.0,0.0,0.0,0,0,1,1,,,,23,0,0,0,0,0.0,21.27659574468085,
B150314-1,5,5,5,3,1,4,300000.0,1,월,3,급여272만+퇴직금 정산,23,23,23,0.1304,0.0435,0.8696,15.957,367,29,3.0,0.13,23.0,,1,0,2015,정상종료,완납,948,1668,500만원,24개월,0.25,남자,42세,사무직,2720000.0,2570000.0,,44.0,23.0,28.0,0.0,0.0,1,2720000.0,2570000.0,150000.0,150000.0,5000000.0,24.0,312500.0,262586.8055555556,162500.0,2.083333333333333,1.0,112586.80555555562,1,6.854354502255021,B120402-12,income,False,,True,1,1,0,0,0,15.424948470398377,44.0,28.0,0.0,0.0,0,1,4,1,event,,False,23,1,1,0,0,0.0,4.246284501061571,
B150317-1,2,4,1,1,0,5,,0,,1,대리운전 월150~180만,23,5,5,0.0,0.0,1.0,12.6,63,27,1.0,0.2,,,1,0,2015,정상종료,완납,406,478,100만원,6개월,0.25,남자,38세,운전직,1500000.0,1170000.0,,3.0,1.0,9.0,0.0,0.0,1,1500000.0,1170000.0,330000.0,330000.0,1000000.0,6.0,187500.0,178819.44444444444,-142500.0,0.5681818181818182,0.0,-151180.55555555556,1,6.0063531596017325,B150317-1,,,,,0,0,0,0,0,13.815510557964274,3.0,9.0,0.0,0.0,0,1,1,2,,,,23,0,0,0,0,0.0,2.4630541871921183,
B150325-2,1,5,1,3,1,5,,0,,2,월급145만+수수료50~250,23,12,12,0.9167,0.5,0.0833,0.083,1,1,1.0,0.083,2.0,,1,0,2015,정상종료,완납,360,1723,100만원,12개월,0.25,여자,35세,기타,1950000.0,1180000.0,,32.0,12.0,1.0,0.0,0.0,1,1950000.0,1180000.0,770000.0,770000.0,1000000.0,12.0,104166.66666666666,94618.05555555556,-665833.3333333334,0.1352813852813852,0.0,-675381.9444444445,2,5.886104031450156,B150325-2,,,,,0,0,0,0,0,13.815510557964274,32.0,1.0,0.0,0.0,0,0,1,2,,,,23,0,0,0,0,0.0,5.602240896358543,
B150330-2,5,4,1,1,0,5,240000.0,1,월,1,월급270~300만 증빙가능,23,4,4,0.25,0.0,0.75,10.75,43,21,1.0,0.25,2.0,3.0,1,0,2015,정상종료,완납,369,880,150만원,6개월,0.25,여자,37세,기타,2800000.0,2660000.0,,17.0,13.0,21.0,0.0,0.0,1,2800000.0,2660000.0,140000.0,140000.0,1500000.0,6.0,281250.0,268229.1666666667,141250.0,2.008928571428572,1.0,128229.16666666669,2,5.910796644040527,B120405-9,,,,,0,0,0,0,0,14.22097566607244,17.0,21.0,0.0,0.0,0,0,1,1,,,,23,0,0,0,0,0.0,0.0,
B150401-7,1,1,1,1,0,4,,0,,0,"면책, 조기상환 60건",23,7,7,1.0,0.8571,0.0,0.0,0,0,,,,,0,0,2015,정상종료,완납,531,434,650만원,21개월,0.25,여자,46세,콜센터,2300000.0,1840000.0,,95.0,76.0,2.0,0.0,0.0,1,2300000.0,1840000.0,460000.0,460000.0,6500000.0,21.0,444940.4761904762,380456.3492063492,-15059.523809523787,0.9672619047619048,0.0,-79543.65079365083,7,6.274762021241939,B090815-3,,,,,0,0,0,0,0,15.687312734865866,95.0,2.0,0.0,0.0,0,0,1,3,,,,23,0,0,0,0,0.0,9.487666034155597,
B150414-4,2,3,3,1,0,4,,0,일시,1,"공무원 재직, 3회 조기완납",23,4,4,1.0,1.0,0.0,0.0,0,0,,,,,0,0,2015,정상종료,완납,141,197,300만원,15개월,0.2,남자,50세,장교/하사관,4300000.0,3950000.0,,52.0,32.0,6.0,0.0,0.0,1,4300000.0,3950000.0,350000.0,350000.0,3000000.0,15.0,250000.0,226666.66666666663,-100000.0,0.7142857142857143,0.0,-123333.33333333336,4,4.948759890378168,B101208-23,,,,,0,0,0,0,0,14.914122846632385,52.0,6.0,0.0,0.0,0,1,2,1,,,,23,0,0,0,0,0.0,0.0,
B150414-5,1,1,1,1,0,1,,0,,0,근거 제시 없음,23,17,17,1.0,0.8824,0.0,0.0,0,0,,,,,0,0,2015,정상종료,완납,450,951,400만원,24개월,0.25,남자,44세,기술직,3700000.0,3140000.0,,57.0,44.0,1.0,0.0,0.0,1,3700000.0,3140000.0,560000.0,560000.0,4000000.0,24.0,250000.0,210069.44444444444,-310000.0,0.4464285714285714,0.0,-349930.5555555556,5,6.1092475827643655,B110523-11,,,,,0,0,0,0,0,15.201804919084164,57.0,1.0,0.0,0.0,0,1,1,2,,,,23,0,0,0,0,0.0,6.666666666666667,
B150415-4,1,2,1,1,0,2,,0,,0,대출후 소득증가 기대,23,12,12,1.0,0.0,0.0,0.0,0,0,,,,,0,0,2015,정상종료,완납,127,416,100만원,12개월,0.25,남자,40세,보험설계사,1250000.0,1070000.0,,23.0,0.0,1.0,0.0,0.0,1,1250000.0,1070000.0,180000.0,180000.0,1000000.0,12.0,104166.66666666666,94618.05555555556,-75833.33333333334,0.5787037037037036,0.0,-85381.94444444444,4,4.844187086458591,B161102-1,,,,,0,0,0,0,0,13.815510557964274,23.0,1.0,0.0,0.0,0,1,1,3,,,,23,0,0,0,0,0.0,0.0,
B150420-1,1,1,1,1,0,1,,0,,0,근거 제시 없음,23,9,9,0.8889,0.5556,0.1111,0.222,2,2,4.0,0.444,5.0,,1,0,2015,정상종료,완납,144,608,200만원,9개월,0.25,여자,42세,사무직,2120000.0,1780000.0,340000.0,49.0,19.0,5.0,0.0,0.0,1,2120000.0,1780000.0,340000.0,340000.0,2000000.0,9.0,263888.8888888889,245370.3703703704,-76111.11111111112,0.7761437908496731,0.0,-94629.6296296296,1,4.969813299576001,B140103-4,,,,,0,0,0,0,0,14.50865773852422,49.0,5.0,0.0,0.0,0,0,1,1,,,,23,0,0,0,0,0.0,6.944444444444444,
B150421-1,2,3,3,5,1,4,,0,,1,"커피숍 재입사, 급여인상",23,15,15,0.6,0.4,0.4,0.8,12,3,7.0,0.467,8.0,10.0,1,0,2015,정상종료,완납,1252,925,300만원,15개월,0.25,여자,36세,기타,1400000.0,1160000.0,,75.0,68.0,34.0,0.0,0.0,1,1400000.0,1160000.0,240000.0,240000.0,3000000.0,15.0,262500.0,233333.3333333333,22500.0,1.09375,1.0,-6666.666666666686,1,7.132497551660044,B090924-10,,,,,0,0,0,0,0,14.914122846632385,75.0,34.0,0.0,0.0,0,0,1,4,,,,23,0,0,0,0,0.0,4.019292604501607,
B150423-2,2,3,3,1,0,4,,0,,2,7년 재직+번역 부수입,23,6,6,0.5,0.0,0.5,0.667,4,2,2.0,0.333,3.0,4.0,1,0,2015,정상종료,완납,300,557,100만원,6개월,0.25,여자,41세,사무직,2900000.0,2110000.0,,3.0,0.0,6.0,1.0,0.0,1,2900000.0,2110000.0,790000.0,790000.0,1000000.0,6.0,187500.0,178819.44444444444,-602500.0,0.2373417721518987,0.0,-611180.5555555555,2,5.703782474656201,B150423-2,,,,,0,0,0,0,0,13.815510557964274,3.0,6.0,1.0,0.0,0,0,3,1,,,,23,0,0,0,0,0.0,0.0,
B150423-5,1,3,5,1,0,3,,0,,2,7월 임금인상 기대,23,4,4,0.0,0.0,1.0,16.25,65,31,1.0,0.25,,,1,0,2015,연체중,손실,286,419,250만원,12개월,0.25,남자,48세,시설관리업체,3000000.0,2770000.0,,31.0,25.0,18.0,0.0,0.0,1,3000000.0,2770000.0,230000.0,230000.0,2500000.0,12.0,260416.6666666667,236545.1388888889,30416.66666666669,1.1322463768115942,1.0,6545.138888888905,5,5.655991810819852,B100922-3,income,False,,False,0,1,0,0,0,14.73180128983843,31.0,18.0,0.0,0.0,0,1,1,2,,,,23,1,0,1,0,0.0,0.0,
B150424-3,2,4,1,1,0,5,,0,,1,강사 실수령 월80만,23,21,21,1.0,0.9048,0.0,0.0,0,0,,,,,0,0,2015,정상종료,완납,280,447,400만원,21개월,0.25,여자,43세,기타,1100000.0,840000.0,,51.0,45.0,0.0,0.0,0.0,1,1100000.0,840000.0,260000.0,260000.0,4000000.0,21.0,273809.5238095238,234126.9841269841,13809.523809523787,1.053113553113553,1.0,-25873.015873015887,3,5.634789603169249,B100218-23,,,,,0,0,0,0,0,15.201804919084164,51.0,0.0,0.0,0.0,0,0,2,1,,,,23,0,0,0,0,2.508960573476702,3.584229390681004,
B150430-1,3,2,2,1,0,3,,0,월,0,대부이자 무연체 이력,23,8,8,0.125,0.0,0.875,3.625,29,10,1.0,0.125,3.0,4.0,1,0,2015,정상종료,완납,144,642,150만원,9개월,0.25,여자,44세,기타,2360000.0,1910000.0,,1.0,0.0,9.0,0.0,0.0,1,2360000.0,1910000.0,450000.0,450000.0,1500000.0,9.0,197916.66666666663,184027.7777777777,-252083.33333333337,0.4398148148148147,0.0,-265972.22222222225,1,4.969813299576001,B150430-1,,,,,0,0,0,0,0,14.22097566607244,1.0,9.0,0.0,0.0,0,0,1,2,,,,23,0,0,0,0,0.0,0.0,
B150504-3,2,3,1,1,0,4,,0,,1,특수학교 행정계장 재직,23,14,14,1.0,0.7857,0.0,0.0,0,0,,,,,0,0,2015,정상종료,완납,355,307,400만원,24개월,0.25,남자,43세,공공기관,5000000.0,4250000.0,,92.0,45.0,3.0,0.0,0.0,1,5000000.0,4250000.0,750000.0,750000.0,4000000.0,24.0,250000.0,210069.44444444444,-500000.0,0.3333333333333333,0.0,-539930.5555555555,3,5.872117789475416,A071005-1,,,,,0,0,0,0,0,15.201804919084164,92.0,3.0,0.0,0.0,0,1,1,1,,,,23,0,0,0,0,0.2873563218390804,2.8735632183908044,
B150506-4,2,3,3,1,0,4,,0,,1,최근1년 고정거래처 확보,23,5,5,0.2,0.0,0.8,14.2,71,31,2.0,0.4,,,1,0,2015,연체중,손실,219,994,100만원,6개월,0.25,여자,45세,기타,2000000.0,1360000.0,,,,,,,1,2000000.0,1360000.0,640000.0,640000.0,1000000.0,6.0,187500.0,178819.44444444444,-452500.0,0.29296875,0.0,-461180.5555555556,4,5.389071729816501,B150506-4,,,,,0,0,0,0,0,13.815510557964274,0.0,0.0,0.0,0.0,1,0,1,1,,,,23,0,0,0,0,0.0,4.62962962962963,
B150507-2,1,2,1,1,0,4,,0,,0,9년째 간호조무사 근무,23,18,18,0.7778,0.3889,0.2222,1.889,34,9,12.0,0.667,13.0,16.0,1,0,2015,정상종료,완납,133,312,350만원,18개월,0.25,여자,47세,간호사,1800000.0,1480000.0,,60.0,39.0,21.0,0.0,0.0,1,1800000.0,1480000.0,320000.0,320000.0,3500000.0,18.0,267361.1111111111,232928.2407407408,-52638.88888888888,0.8355034722222222,0.0,-87071.75925925924,2,4.890349128221754,B110110-1,,,,,0,0,0,0,0,15.068273526459642,60.0,21.0,0.0,0.0,0,0,1,2,,,,23,0,0,0,0,0.0,15.037593984962406,
B150511-3,2,5,4,1,0,4,,0,,3,오휘130만+지원금17만,23,5,5,1.0,1.0,0.0,0.0,0,0,,,,,0,0,2015,정상종료,완납,535,611,150만원,6개월,0.25,여자,41세,보험설계사,2470000.0,1940000.0,,75.0,26.0,10.0,1.0,0.0,1,2470000.0,1940000.0,530000.0,530000.0,1500000.0,6.0,281250.0,268229.1666666667,-248750.0,0.5306603773584906,0.0,-261770.8333333333,3,6.282266746896006,B110303-8,income,False,,False,0,1,0,0,0,14.22097566607244,75.0,10.0,1.0,0.0,0,0,1,2,,,,23,1,0,1,0,0.0,0.0,
B150513-2,3,3,2,1,0,4,,0,월,1,"면책완료, 캐디 근무중",23,7,7,1.0,1.0,0.0,0.0,0,0,,,,,0,0,2015,정상종료,완납,784,494,500만원,18개월,0.25,여자,40세,기술직,2600000.0,2000000.0,,98.0,84.0,3.0,0.0,0.0,1,2600000.0,2000000.0,600000.0,600000.0,5000000.0,18.0,381944.4444444445,332754.6296296296,-218055.5555555555,0.6365740740740742,0.0,-267245.3703703704,2,6.664409020350408,B090402-6,,,,,0,0,0,0,0,15.424948470398377,98.0,3.0,0.0,0.0,0,0,2,3,,,,23,0,0,0,0,0.0,6.41025641025641,
B150515-3,1,4,3,1,0,4,,0,,2,남편 월급240만,23,9,9,0.8889,0.4444,0.1111,0.111,1,1,4.0,0.444,5.0,,1,0,2015,정상종료,완납,245,184,100만원,9개월,0.25,여자,38세,기타,2400000.0,2130000.0,,27.0,7.0,5.0,0.0,0.0,1,2400000.0,2130000.0,270000.0,270000.0,1000000.0,9.0,131944.44444444444,122685.18518518518,-138055.55555555556,0.4886831275720164,0.0,-147314.81481481483,3,5.501258210544727,B150515-3,,,,,0,0,0,0,0,13.815510557964274,27.0,5.0,0.0,0.0,0,0,1,2,,,,23,0,0,0,0,0.0,0.0,
B150519-2,1,5,1,1,0,5,,0,,2,보험200~250+알바50~60,23,12,12,1.0,0.9167,0.0,0.0,0,0,,,,,0,0,2015,정상종료,완납,146,847,200만원,12개월,0.25,여자,36세,일용직,2500000.0,1200000.0,,32.0,17.0,1.0,0.0,0.0,1,2500000.0,1200000.0,1300000.0,1300000.0,2000000.0,12.0,208333.3333333333,189236.1111111111,-1091666.6666666667,0.1602564102564102,0.0,-1110763.888888889,2,4.983606621708336,B140428-6,,,,,0,0,0,0,0,14.50865773852422,32.0,1.0,0.0,0.0,0,0,1,1,,,,23,0,0,0,0,0.0,6.849315068493151,
B150521-2,1,1,1,1,0,3,,0,,0,과거 조기상환 이력,23,10,10,1.0,0.2,0.0,0.0,0,0,,,,,0,0,2015,정상종료,완납,53,674,100만원,12개월,0.25,남자,37세,일용직,1200000.0,1080000.0,,34.0,5.0,1.0,0.0,0.0,1,1200000.0,1080000.0,120000.0,120000.0,1000000.0,12.0,104166.66666666666,94618.05555555556,-15833.333333333345,0.8680555555555555,0.0,-25381.94444444444,2,3.970291913552122,B140606-1,,,,,0,0,0,0,0,13.815510557964274,34.0,1.0,0.0,0.0,0,1,1,1,,,,23,0,0,0,0,0.0,18.867924528301884,
B150525-1,1,3,3,1,0,4,,0,,1,학자금 종료후 여유,23,6,6,0.3333,0.0,0.6667,3.5,21,9,2.0,0.333,3.0,4.0,1,0,2015,정상종료,완납,88,207,100만원,6개월,0.25,여자,36세,사무직,1500000.0,1080000.0,,,,,,,1,1500000.0,1080000.0,420000.0,420000.0,1000000.0,6.0,187500.0,178819.44444444444,-232500.0,0.4464285714285714,0.0,-241180.5555555556,1,4.477336814478207,B150525-1,,,,,0,0,0,0,0,13.815510557964274,0.0,0.0,0.0,0.0,1,0,1,1,,,,23,0,0,0,0,0.0,0.0,
B150527-2,3,3,2,1,0,4,,0,월,2,"직장생활, 회생 인가전",23,1,1,0.0,0.0,1.0,31.0,31,31,1.0,1.0,,,1,0,2015,연체중,손실,132,460,150만원,12개월,0.25,남자,44세,사무직,2500000.0,1980000.0,,2.0,1.0,2.0,0.0,0.0,1,2500000.0,1980000.0,520000.0,520000.0,1500000.0,12.0,156250.0,141927.08333333334,-363750.0,0.3004807692307692,0.0,-378072.9166666666,2,4.882801922586371,B140902-1,,,,,0,0,0,0,0,14.22097566607244,2.0,2.0,0.0,0.0,0,1,3,1,,,,23,0,0,0,0,0.0,0.0,
B150528-3,1,4,1,1,0,5,,0,,1,재입사7개월 급여180만,23,10,10,1.0,0.8,0.0,0.0,0,0,,,,,0,0,2015,정상종료,완납,276,447,300만원,24개월,0.25,남자,52세,기술직,3500000.0,3160000.0,,125.0,86.0,2.0,0.0,0.0,1,3500000.0,3160000.0,340000.0,340000.0,3000000.0,24.0,187500.0,157552.08333333334,-152500.0,0.5514705882352942,0.0,-182447.91666666663,3,5.62040086571715,B100111-15,,,,,0,0,0,0,0,14.914122846632385,125.0,2.0,0.0,0.0,0,1,1,1,,,,23,0,0,0,0,0.0,7.246376811594203,
B150529-3,5,5,5,1,0,3,180000.0,1,월,3,6월 컨설팅2건 예약,23,6,6,0.0,0.0,1.0,5.833,35,9,1.0,0.167,,,1,0,2015,정상종료,완납,416,713,100만원,6개월,0.25,남자,51세,보험설계사,6000000.0,4400000.0,,,,,,,1,6000000.0,4400000.0,1600000.0,1600000.0,1000000.0,6.0,187500.0,178819.44444444444,-1412500.0,0.1171875,0.0,-1421180.5555555555,3,6.030685260261263,B150529-3,income,False,,True,0,1,0,0,0,13.815510557964274,0.0,0.0,0.0,0.0,1,1,2,1,,,,23,1,0,1,0,0.0,7.211538461538462,
B150602-3,1,2,1,1,0,3,,0,,0,기존대출 무연체,23,2,2,0.0,0.0,1.0,18.0,36,31,1.0,0.5,,,1,0,2015,연체중,손실,84,175,100만원,6개월,0.25,남자,33세,영업직,1700000.0,1100000.0,,,,,,,1,1700000.0,1100000.0,600000.0,600000.0,1000000.0,6.0,187500.0,178819.44444444444,-412500.0,0.3125,0.0,-421180.5555555556,3,4.430816798843313,B150602-3,,,,,0,0,0,0,0,13.815510557964274,0.0,0.0,0.0,0.0,1,1,1,1,,,,23,0,0,0,0,1.2048192771084338,0.0,
B150605-2,1,1,1,1,0,3,,0,,0,과거 성실상환 언급,23,24,24,0.9583,0.0833,0.0417,0.042,1,1,19.0,0.792,20.0,,1,0,2015,정상종료,완납,64,851,600만원,24개월,0.25,여자,49세,기타,3500000.0,2720000.0,,76.0,48.0,1.0,0.0,0.0,1,3500000.0,2720000.0,780000.0,780000.0,6000000.0,24.0,375000.0,315104.1666666667,-405000.0,0.4807692307692308,0.0,-464895.8333333333,2,4.158883083359672,B100226-13,,,,,0,0,0,0,0,15.60727002719233,76.0,1.0,0.0,0.0,0,0,1,1,,,,23,0,0,0,0,0.0,0.0,
B150608-8,1,4,1,1,0,5,,0,,1,주유소 실수령 월202만,23,10,10,1.0,0.2,0.0,0.0,0,0,,,,,0,0,2015,정상종료,완납,1453,641,100만원,12개월,0.25,남자,47세,기타,2020000.0,1390000.0,,33.0,8.0,18.0,3.0,0.0,1,2020000.0,1390000.0,630000.0,630000.0,1000000.0,12.0,104166.66666666666,94618.05555555556,-525833.3333333334,0.1653439153439153,0.0,-535381.9444444445,8,7.281385663570282,B081028-11,,,,,0,0,0,0,0,13.815510557964274,33.0,18.0,3.0,0.0,0,1,1,1,,,,23,0,0,0,0,0.0,5.5134390075809785,
B150611-3,1,4,1,1,0,4,,0,,1,"실수령 425만, 병원비 감소",23,5,5,1.0,0.8,0.0,0.0,0,0,,,,,0,0,2015,정상종료,완납,333,290,150만원,6개월,0.25,남자,46세,기술직,4250000.0,2090000.0,,71.0,56.0,14.0,0.0,0.0,1,4250000.0,2090000.0,2160000.0,2160000.0,1500000.0,6.0,281250.0,268229.1666666667,-1878750.0,0.1302083333333333,0.0,-1891770.8333333333,3,5.808142489980444,B100907-13,,,,,0,0,0,0,0,14.22097566607244,71.0,14.0,0.0,0.0,0,1,1,2,,,,23,0,0,0,0,0.303030303030303,3.0303030303030303,
B150617-4,2,5,4,4,1,3,,0,,3,9월 장려금 170만 예정,23,9,9,0.7778,0.5556,0.2222,1.444,13,7,7.0,0.778,8.0,9.0,1,0,2015,정상종료,완납,1354,652,150만원,9개월,0.25,여자,44세,일용직,1700000.0,1690000.0,,36.0,31.0,18.0,0.0,0.0,1,1700000.0,1690000.0,10000.0,10000.0,1500000.0,9.0,197916.66666666663,184027.7777777777,187916.66666666663,19.791666666666664,1.0,174027.77777777772,4,7.21081845347222,B101230-18,event,False,,False,0,0,0,1,0,14.22097566607244,36.0,18.0,0.0,0.0,0,0,3,2,,,,23,1,0,1,1,0.0,2.288329519450801,5.0
B150618-2,2,4,1,1,0,5,,0,,1,급여155만+5회 조기상환,23,3,3,1.0,1.0,0.0,0.0,0,0,,,,,0,0,2015,정상종료,완납,583,327,300만원,15개월,0.25,여자,38세,콜센터,1550000.0,1220000.0,,40.0,38.0,0.0,0.0,0.0,1,1550000.0,1220000.0,330000.0,330000.0,3000000.0,15.0,262500.0,233333.3333333333,-67500.0,0.7954545454545454,0.0,-96666.66666666669,2,6.368187186350492,B110410-1,,,,,0,0,0,0,0,14.914122846632385,40.0,0.0,0.0,0.0,0,0,2,1,,,,23,0,0,0,0,0.1733102253032928,6.932409012131715,
B150619-1,2,3,4,3,1,4,,0,,2,"주말알바 병행, 7월 인상",23,4,4,1.0,1.0,0.0,0.0,0,0,,,,,0,0,2015,정상종료,완납,254,219,100만원,6개월,0.25,남자,36세,기술직,1700000.0,800000.0,,53.0,46.0,0.0,0.0,0.0,1,1700000.0,800000.0,900000.0,900000.0,1000000.0,6.0,187500.0,178819.44444444444,-712500.0,0.2083333333333333,0.0,-721180.5555555555,1,5.537334267018537,B151110-3,income,False,,False,0,1,0,0,0,13.815510557964274,53.0,0.0,0.0,0.0,0,1,3,1,,,,23,1,0,1,0,0.0,0.0,
B150621-1,2,2,1,1,0,4,,0,,0,일 꾸준히 하는 중,23,2,2,0.0,0.0,1.0,21.0,42,31,1.0,0.5,,,1,0,2015,연체중,손실,77,481,100만원,6개월,0.25,남자,41세,기타,2100000.0,1850000.0,,,,,,,1,2100000.0,1850000.0,250000.0,250000.0,1000000.0,6.0,187500.0,178819.44444444444,-62500.0,0.75,0.0,-71180.55555555556,1,4.343805421853684,B150621-1,,,,,0,0,0,0,0,13.815510557964274,0.0,0.0,0.0,0.0,1,1,2,1,,,,23,0,0,0,0,0.0,0.0,
B150622-5,1,5,5,1,0,4,,0,,3,월급220만+연차비80만,23,9,9,1.0,0.8889,0.0,0.0,0,0,,,,,0,0,2015,정상종료,완납,229,662,100만원,9개월,0.25,여자,31세,기타,2200000.0,1340000.0,,49.0,37.0,1.0,0.0,0.0,1,2200000.0,1340000.0,860000.0,860000.0,1000000.0,9.0,131944.44444444444,122685.18518518518,-728055.5555555555,0.1534237726098191,0.0,-737314.8148148148,5,5.43372200355424,B150622-5,income,False,,False,0,1,0,0,0,13.815510557964274,49.0,1.0,0.0,0.0,0,0,1,1,,,,23,1,0,1,0,1.7467248908296942,0.0,
B150623-1,2,3,1,1,0,4,,0,,2,"근무중, 투잡 준비",23,1,1,0.0,0.0,1.0,31.0,31,31,1.0,1.0,,,1,0,2015,연체중,손실,145,66,150만원,9개월,0.25,여자,33세,서비스업,2100000.0,1860000.0,,,,,,,1,2100000.0,1860000.0,240000.0,240000.0,1500000.0,9.0,197916.66666666663,184027.7777777777,-42083.33333333337,0.8246527777777776,0.0,-55972.22222222228,1,4.976733742420574,B150623-1,,,,,0,0,0,0,0,14.22097566607244,0.0,0.0,0.0,0.0,1,0,2,1,,,,23,0,0,0,0,0.0,0.0,
B150623-2,2,4,3,1,0,3,,0,일시,1,상여금 1000~1500만 예정,23,6,6,0.3333,0.3333,0.6667,4.167,25,10,1.0,0.167,5.0,,1,0,2015,정상종료,완납,58,182,100만원,6개월,0.25,남자,45세,사무직,5500000.0,5340000.0,,,,,,,1,5500000.0,5340000.0,160000.0,160000.0,1000000.0,6.0,187500.0,178819.44444444444,27500.0,1.171875,1.0,18819.44444444444,2,4.060443010546419,B150623-2,,,,,0,0,0,0,0,13.815510557964274,0.0,0.0,0.0,0.0,1,1,3,1,,,,23,0,0,0,0,0.0,0.0,
B150702-3,1,4,1,1,0,5,,0,,2,급여 350~550만,23,10,10,0.5,0.1,0.5,12.1,121,92,6.0,0.6,,,1,0,2015,손실(상환완료),손실,141,175,300만원,24개월,0.25,여자,38세,카드사,4500000.0,1970000.0,,52.0,17.0,21.0,0.0,0.0,1,4500000.0,1970000.0,2530000.0,2530000.0,3000000.0,24.0,187500.0,157552.08333333334,-2342500.0,0.0741106719367589,0.0,-2372447.9166666665,3,4.948759890378168,A080611-1,,,,,0,0,0,0,0,14.914122846632385,52.0,21.0,0.0,0.0,0,0,1,1,,,,23,0,0,0,0,0.0,7.092198581560283,
B150707-2,2,3,4,1,0,4,,0,,1,학원강사 급여일 13일,23,6,6,1.0,1.0,0.0,0.0,0,0,,,,,0,0,2015,정상종료,완납,288,361,100만원,6개월,0.25,여자,40세,학원,1770000.0,1220000.0,,18.0,18.0,0.0,0.0,0.0,1,1770000.0,1220000.0,550000.0,550000.0,1000000.0,6.0,187500.0,178819.44444444444,-362500.0,0.3409090909090909,0.0,-371180.5555555556,2,5.662960480135946,B150707-2,income,False,13.0,False,1,1,0,0,0,13.815510557964274,18.0,0.0,0.0,0.0,0,0,4,1,income,13.0,False,23,1,1,0,1,0.0,3.4965034965034967,13.0
B150715-4,5,5,5,4,1,5,250000.0,1,월,3,매월25일 육아지원금25만,23,12,12,0.8333,0.6667,0.1667,0.75,9,5,9.0,0.75,10.0,11.0,1,0,2015,정상종료,완납,381,1065,150만원,12개월,0.25,여자,37세,기타,2250000.0,1940000.0,,55.0,39.0,4.0,0.0,0.0,1,2250000.0,1940000.0,310000.0,310000.0,1500000.0,12.0,156250.0,141927.08333333334,-153750.0,0.5040322580645161,0.0,-168072.91666666666,4,5.942799375126701,B141227-3,income,True,25.0,False,1,1,0,0,1,14.22097566607244,55.0,4.0,0.0,0.0,0,0,4,4,income,25.0,False,23,1,1,0,1,0.0,0.0,25.0
B150715-8,1,1,1,1,0,1,,0,,0,근거 제시 없음,23,8,8,0.25,0.125,0.75,2.625,21,5,2.0,0.25,8.0,,1,0,2015,정상종료,완납,132,1435,100만원,9개월,0.25,여자,46세,기타,1600000.0,1330000.0,,15.0,9.0,48.0,0.0,0.0,1,1600000.0,1330000.0,270000.0,270000.0,1000000.0,9.0,131944.44444444444,122685.18518518518,-138055.55555555556,0.4886831275720164,0.0,-147314.81481481483,8,4.882801922586371,B101105-6,,,,,0,0,0,0,0,13.815510557964274,15.0,48.0,0.0,0.0,0,0,1,1,,,,23,0,0,0,0,0.0,7.575757575757576,
B150717-2,2,3,3,1,0,4,,0,,1,현 부채 무연체 상환중,23,4,4,0.0,0.0,1.0,18.25,73,31,1.0,0.25,,,1,0,2015,연체중,손실,444,328,200만원,12개월,0.25,남자,45세,사무직,4200000.0,2240000.0,,69.0,66.0,16.0,0.0,0.0,1,4200000.0,2240000.0,1960000.0,1960000.0,2000000.0,12.0,208333.3333333333,189236.1111111111,-1751666.6666666667,0.1062925170068027,0.0,-1770763.888888889,2,6.095824562432225,B081210-2,,,,,0,0,0,0,0,14.50865773852422,69.0,16.0,0.0,0.0,0,1,2,1,,,,23,0,0,0,1,0.0,0.0,
B150717-4,1,1,1,1,0,3,,0,,0,단기연체 후 무실수,23,20,20,1.0,0.85,0.0,0.0,0,0,,,,,0,0,2015,정상종료,완납,141,980,500만원,24개월,0.25,여자,38세,영업직,3100000.0,1890000.0,,75.0,54.0,7.0,0.0,0.0,1,3100000.0,1890000.0,1210000.0,1210000.0,5000000.0,24.0,312500.0,262586.8055555556,-897500.0,0.2582644628099173,0.0,-947413.1944444444,4,4.948759890378168,B140711-2,,,,,0,0,0,0,0,15.424948470398377,75.0,7.0,0.0,0.0,0,0,1,1,,,,23,0,0,0,0,0.7092198581560284,14.184397163120568,
B150722-1,2,5,5,1,0,4,,0,,2,"월고정250만, 급여일 말일",23,4,4,1.0,0.25,0.0,0.0,0,0,,,,,0,0,2015,정상종료,완납,208,177,100만원,6개월,0.25,남자,37세,영업직,2500000.0,2170000.0,,4.0,1.0,5.0,3.0,0.0,1,2500000.0,2170000.0,330000.0,330000.0,1000000.0,6.0,187500.0,178819.44444444444,-142500.0,0.5681818181818182,0.0,-151180.55555555556,1,5.337538079701318,B150722-1,income,False,,False,1,1,0,0,0,13.815510557964274,4.0,5.0,3.0,0.0,0,1,4,1,income,,False,23,1,1,0,1,0.0,0.0,
B150728-1,2,2,1,1,0,3,,0,,1,취업후 투잡 계획,23,15,14,1.0,0.9286,0.0,0.0,0,0,,,,,0,1,2015,정상종료,완납,266,745,400만원,24개월,0.25,여자,44세,기타,1190000.0,1080000.0,,125.0,109.0,1.0,0.0,0.0,1,1190000.0,1080000.0,110000.0,110000.0,4000000.0,24.0,250000.0,210069.44444444444,140000.0,2.272727272727273,1.0,100069.44444444444,1,5.583496308781699,B090817-7,,,,,0,0,0,0,0,15.201804919084164,125.0,1.0,0.0,0.0,0,0,2,1,,,,23,0,0,0,0,0.0,7.518796992481203,
B150728-3,1,5,4,1,0,4,,0,,4,남편230~270+실업급여120,23,8,8,0.75,0.625,0.25,0.625,5,4,2.0,0.25,4.0,,1,0,2015,정상종료,완납,280,741,150만원,12개월,0.25,여자,46세,기타,2950000.0,2730000.0,,54.0,45.0,31.0,5.0,0.0,1,2950000.0,2730000.0,220000.0,220000.0,1500000.0,12.0,156250.0,141927.08333333334,-63750.0,0.7102272727272727,0.0,-78072.91666666666,3,5.634789603169249,B110111-4,income,False,,False,0,1,0,0,0,14.22097566607244,54.0,31.0,5.0,0.0,0,0,1,2,,,,23,1,0,1,0,3.237410071942446,0.0,
B150730-2,2,5,1,1,0,4,,0,,2,신랑200만+보육료20만,23,20,13,1.0,0.8462,0.0,0.0,0,0,,,,,0,7,2015,정상종료,완납,410,1034,300만원,24개월,0.25,여자,39세,기타,1100000.0,900000.0,,43.0,29.0,0.0,0.0,0.0,1,1100000.0,900000.0,200000.0,200000.0,3000000.0,24.0,187500.0,157552.08333333334,-12500.0,0.9375,0.0,-42447.91666666666,2,6.016157159698354,B140708-2,,,,,0,0,0,0,0,14.914122846632385,43.0,0.0,0.0,0.0,0,0,2,2,,,,23,0,0,0,0,1.2195121951219512,2.4390243902439024,
B150730-3,2,3,3,1,0,4,,0,일시,1,"공무원 재직, 3회 조기완납",23,8,8,0.625,0.375,0.375,0.75,6,3,3.0,0.375,4.0,5.0,1,0,2015,정상종료,완납,144,211,500만원,24개월,0.2,남자,50세,장교/하사관,4800000.0,4530000.0,,52.0,32.0,6.0,0.0,0.0,1,4800000.0,4530000.0,270000.0,270000.0,5000000.0,24.0,291666.6666666667,251736.11111111112,21666.66666666669,1.080246913580247,1.0,-18263.88888888888,3,4.969813299576001,B101208-23,,,,,0,0,0,0,0,15.424948470398377,52.0,6.0,0.0,0.0,0,1,2,1,,,,23,0,0,0,0,0.0,0.0,
B150808-2,1,5,1,1,0,5,,0,,3,총수입 월160만,23,12,12,0.5,0.25,0.5,1.083,13,4,5.0,0.417,7.0,8.0,1,0,2015,정상종료,완납,146,105,100만원,12개월,0.25,여자,44세,사무직,1650000.0,1140000.0,,48.0,41.0,10.0,1.0,0.0,1,1650000.0,1140000.0,510000.0,510000.0,1000000.0,12.0,104166.66666666666,94618.05555555556,-405833.3333333334,0.2042483660130718,0.0,-415381.9444444445,2,4.983606621708336,B131103-11,,,,,0,0,0,0,0,13.815510557964274,48.0,10.0,1.0,0.0,0,0,1,1,,,,23,0,0,0,0,0.0,0.0,
B150811-1,2,3,4,1,0,3,,0,일시,2,10월 입상시 보조금 기대,23,11,11,0.3636,0.3636,0.6364,13.0,143,92,4.0,0.364,5.0,6.0,1,0,2015,연체중,손실,214,839,200만원,12개월,0.25,여자,33세,교수/교사,2150000.0,1330000.0,,13.0,10.0,6.0,0.0,0.0,1,2150000.0,1330000.0,820000.0,820000.0,2000000.0,12.0,208333.3333333333,189236.1111111111,-611666.6666666667,0.2540650406504064,0.0,-630763.8888888889,1,5.365976015021851,B141125-3,event,False,,False,0,0,0,1,0,14.50865773852422,13.0,6.0,0.0,0.0,0,0,3,1,,,,23,1,0,1,0,0.0,4.716981132075471,
B150812-2,2,5,3,1,0,4,,0,,2,맞벌이 월450만+집정리,23,7,7,1.0,0.7143,0.0,0.0,0,0,,,,,0,0,2015,정상종료,완납,224,219,200만원,12개월,0.25,남자,54세,기술직,4400000.0,3630000.0,,31.0,10.0,5.0,0.0,0.0,1,4400000.0,3630000.0,770000.0,770000.0,2000000.0,12.0,208333.3333333333,189236.1111111111,-561666.6666666667,0.2705627705627705,0.0,-580763.8888888889,2,5.41164605185504,B090722-12,,,,,0,0,0,0,0,14.50865773852422,31.0,5.0,0.0,0.0,0,1,2,1,,,,23,0,0,0,0,0.0,4.464285714285714,
B150819-5,1,5,4,1,0,4,,0,,2,연봉3900+9월 체불정산,23,12,12,0.9167,0.4167,0.0833,0.083,1,1,2.0,0.167,3.0,,1,0,2015,정상종료,완납,245,891,250만원,12개월,0.25,남자,48세,기술직,4100000.0,3530000.0,,46.0,16.0,4.0,0.0,0.0,1,4100000.0,3530000.0,570000.0,570000.0,2500000.0,12.0,260416.6666666667,236545.1388888889,-309583.3333333333,0.4568713450292398,0.0,-333454.8611111111,5,5.501258210544727,B121120-2,event,False,,False,0,0,0,1,0,14.73180128983843,46.0,4.0,0.0,0.0,0,1,1,1,,,,23,1,0,1,0,0.0,4.081632653061225,
B150821-3,2,1,1,1,0,4,,0,,0,워크아웃 5개월 납부중,23,6,6,1.0,0.5,0.0,0.0,0,0,,,,,0,0,2015,정상종료,완납,85,105,100만원,6개월,0.25,남자,44세,기타,3260000.0,1330000.0,,12.0,5.0,0.0,0.0,0.0,1,3260000.0,1330000.0,1930000.0,1930000.0,1000000.0,6.0,187500.0,178819.44444444444,-1742500.0,0.0971502590673575,0.0,-1751180.5555555555,3,4.442651256490317,B150821-3,,,,,0,0,0,0,0,13.815510557964274,12.0,0.0,0.0,0.0,0,1,2,1,,,,23,0,0,0,0,1.1764705882352942,11.76470588235294,
B150821-6,1,5,1,1,0,5,,0,,2,급여220만+장애연금4만,23,9,9,1.0,1.0,0.0,0.0,0,0,,,,,0,0,2015,정상종료,완납,320,721,500만원,18개월,0.25,남자,54세,운전직,2700000.0,650000.0,,114.0,90.0,4.0,0.0,0.0,1,2700000.0,650000.0,2050000.0,2050000.0,5000000.0,18.0,381944.4444444445,332754.6296296296,-1668055.5555555555,0.1863143631436314,0.0,-1717245.3703703703,6,5.768320995793772,B100222-15,,,,,0,0,0,0,0,15.424948470398377,114.0,4.0,0.0,0.0,0,1,1,1,,,,23,0,0,0,0,0.0,3.125,
B150822-1,2,4,1,1,0,5,,0,,1,"소득170만, 무연체 이력",23,7,7,1.0,1.0,0.0,0.0,0,0,,,,,0,0,2015,정상종료,완납,733,397,500만원,24개월,0.25,여자,38세,콜센터,1700000.0,1450000.0,,40.0,38.0,0.0,0.0,0.0,1,1700000.0,1450000.0,250000.0,250000.0,5000000.0,24.0,312500.0,262586.8055555556,62500.0,1.25,1.0,12586.80555555562,1,6.597145701886651,B110410-1,,,,,0,0,0,0,0,15.424948470398377,40.0,0.0,0.0,0.0,0,0,2,2,,,,23,0,0,0,0,0.1375515818431912,2.751031636863824,
B150823-3,2,5,4,2,1,3,,0,,2,남편 재직·본인 취업예정,24,1,1,0.0,0.0,1.0,31.0,31,31,1.0,1.0,,,1,0,2015,연체중,손실,234,425,150만원,6개월,0.25,여자,40세,기술직,3700000.0,2370000.0,,,,,,,1,3700000.0,2370000.0,1330000.0,1330000.0,1500000.0,6.0,281250.0,268229.1666666667,-1048750.0,0.2114661654135338,0.0,-1061770.8333333333,3,5.455321115357702,B150823-3,income,False,,False,0,1,0,0,0,14.22097566607244,0.0,0.0,0.0,0.0,1,0,1,2,,,,24,1,0,1,0,0.0,0.0,
B150827-5,1,1,1,1,0,3,,0,,0,과거 성실상환 언급,24,7,7,1.0,0.4286,0.0,0.0,0,0,,,,,0,0,2015,정상종료,완납,51,550,300만원,24개월,0.25,여자,58세,기타,4200000.0,3710000.0,,70.0,66.0,0.0,0.0,0.0,1,4200000.0,3710000.0,490000.0,490000.0,3000000.0,24.0,187500.0,157552.08333333334,-302500.0,0.3826530612244898,0.0,-332447.9166666666,5,3.9318256327243257,B091126-12,,,,,0,0,0,0,0,14.914122846632385,70.0,0.0,0.0,0.0,0,0,1,1,,,,24,0,0,0,0,1.96078431372549,0.0,
B150901-4,1,1,1,1,0,4,,0,,0,연체없는 상환이력,24,9,9,1.0,1.0,0.0,0.0,0,0,,,,,0,0,2015,정상종료,완납,477,599,350만원,24개월,0.25,여자,38세,기타,3700000.0,2870000.0,,97.0,69.0,20.0,0.0,0.0,1,3700000.0,2870000.0,830000.0,830000.0,3500000.0,24.0,218750.0,183810.7638888889,-611250.0,0.2635542168674699,0.0,-646189.2361111111,4,6.1675164908883415,A080107-2,,,,,0,0,0,0,0,15.068273526459642,97.0,20.0,0.0,0.0,0,0,1,1,,,,24,0,0,0,0,0.0,4.19287211740042,
B150904-5,2,3,4,1,0,2,,0,,1,9월7일 취업 예정,24,12,12,0.25,0.25,0.75,9.25,111,27,4.0,0.333,,,1,0,2015,정상종료,완납,49,717,100만원,12개월,0.25,여자,37세,기타,1120000.0,930000.0,,13.0,8.0,11.0,0.0,0.0,1,1120000.0,930000.0,190000.0,190000.0,1000000.0,12.0,104166.66666666666,94618.05555555556,-85833.33333333334,0.5482456140350876,0.0,-95381.94444444444,5,3.8918202981106265,B150904-5,income,False,7.0,False,0,1,0,0,0,13.815510557964274,13.0,11.0,0.0,0.0,0,0,3,1,,,,24,1,0,1,0,0.0,0.0,
B150905-1,1,4,2,1,0,5,,0,,1,정규직 재직 월282만,24,12,12,1.0,1.0,0.0,0.0,0,0,,,,,0,0,2015,정상종료,완납,426,293,300만원,18개월,0.25,남자,47세,사무직,2820000.0,2450000.0,,96.0,76.0,3.0,0.0,0.0,1,2820000.0,2450000.0,370000.0,370000.0,3000000.0,18.0,229166.66666666663,199652.7777777777,-140833.33333333337,0.6193693693693693,0.0,-170347.22222222228,1,6.054439346269371,B110709-5,,,,,0,0,0,0,0,14.914122846632385,96.0,3.0,0.0,0.0,0,1,1,1,,,,24,0,0,0,1,0.0,2.347417840375587,10.0
B150907-1,2,5,5,1,0,3,,0,,3,현소득483·미래수주,24,4,4,0.25,0.25,0.75,5.0,20,11,1.0,0.25,4.0,,1,0,2015,정상종료,완납,350,216,100만원,12개월,0.25,남자,55세,사무직,4830000.0,4350000.0,,,,,,,1,4830000.0,4350000.0,480000.0,480000.0,1000000.0,12.0,104166.66666666666,94618.05555555556,-375833.3333333334,0.2170138888888888,0.0,-385381.9444444445,1,5.857933154483459,B150907-1,income,False,,True,0,1,0,0,0,13.815510557964274,0.0,0.0,0.0,0.0,1,1,3,1,,,,24,1,0,1,0,0.0,0.0,
B150907-4,2,4,4,4,1,4,,0,,1,근로계약 체결 160만,24,12,12,0.75,0.3333,0.25,0.25,3,1,6.0,0.5,7.0,8.0,1,0,2015,정상종료,완납,421,963,100만원,12개월,0.25,여자,34세,사무직,1600000.0,1020000.0,,27.0,9.0,13.0,0.0,0.0,1,1600000.0,1020000.0,580000.0,580000.0,1000000.0,12.0,104166.66666666666,94618.05555555556,-475833.3333333334,0.1795977011494252,0.0,-485381.9444444445,4,6.042632833682381,B150907-4,income,False,,False,0,1,0,0,0,13.815510557964274,27.0,13.0,0.0,0.0,0,0,2,4,,,,24,1,0,1,0,0.0,4.796163069544364,
B150908-1,2,3,5,1,0,4,,0,,2,재직중·보너스 예정,24,12,12,0.8333,0.1667,0.1667,0.167,2,1,7.0,0.583,8.0,9.0,1,0,2015,정상종료,완납,96,49,100만원,12개월,0.25,여자,32세,사무직,1700000.0,1400000.0,,33.0,15.0,2.0,0.0,0.0,1,1700000.0,1400000.0,300000.0,300000.0,1000000.0,12.0,104166.66666666666,94618.05555555556,-195833.3333333333,0.3472222222222222,0.0,-205381.94444444444,1,4.564348191467836,B150908-1,income,False,,True,1,1,0,0,0,13.815510557964274,33.0,2.0,0.0,0.0,0,0,5,1,income,,True,24,1,1,0,0,0.0,0.0,
B150909-5,1,1,1,1,0,2,,0,,0,다짐만,24,6,6,0.0,0.0,1.0,28.167,169,92,1.0,0.167,,,1,0,2015,연체중,손실,123,506,200만원,9개월,0.25,여자,37세,기타,2800000.0,2530000.0,,17.0,13.0,21.0,0.0,0.0,1,2800000.0,2530000.0,270000.0,270000.0,2000000.0,9.0,263888.8888888889,245370.3703703704,-6111.111111111124,0.9773662551440327,0.0,-24629.62962962961,5,4.812184355372417,B120405-9,,,,,0,0,0,0,0,14.50865773852422,17.0,21.0,0.0,0.0,0,0,1,1,,,,24,0,0,0,0,0.0,8.196721311475411,
B150910-1,3,4,2,2,1,5,,0,월,1,투잡 월270~280,24,5,5,1.0,0.2,0.0,0.0,0,0,,,,,0,0,2015,정상종료,완납,196,295,100만원,6개월,0.25,남자,28세,기타,2800000.0,180000.0,,,,,,,1,2800000.0,180000.0,2620000.0,2620000.0,1000000.0,6.0,187500.0,178819.44444444444,-2432500.0,0.0715648854961832,0.0,-2441180.5555555555,1,5.278114659230517,B150910-1,,,,,0,0,0,0,0,13.815510557964274,0.0,0.0,0.0,0.0,1,1,1,2,,,,24,0,0,0,0,0.5102040816326531,0.0,
B150911-1,2,3,2,1,0,4,,0,,1,6회 완납 이력,24,17,16,0.5,0.5,0.5,76.588,1302,1093,8.0,0.471,14.0,15.0,1,1,2015,연체중,손실,520,1591,300만원,24개월,0.25,여자,50세,일용직,1200000.0,640000.0,,52.0,42.0,20.0,5.0,0.0,1,1200000.0,640000.0,560000.0,560000.0,3000000.0,24.0,187500.0,157552.08333333334,-372500.0,0.3348214285714285,0.0,-402447.9166666666,1,6.253828811575473,B110321-16,,,,,0,0,0,0,0,14.914122846632385,52.0,20.0,5.0,0.0,0,0,1,1,,,,24,0,0,0,0,2.3166023166023164,1.9305019305019304,
B150911-2,3,4,2,4,1,4,,0,월,1,재직1년5개월 185만,24,5,5,0.2,0.2,0.8,4.8,24,9,1.0,0.2,5.0,,1,0,2015,정상종료,완납,408,615,100만원,6개월,0.25,남자,41세,사무직,1850000.0,1580000.0,,,,,,,1,1850000.0,1580000.0,270000.0,270000.0,1000000.0,6.0,187500.0,178819.44444444444,-82500.0,0.6944444444444444,0.0,-91180.55555555556,2,6.0112671744041615,B150911-2,,,,,0,0,0,0,0,13.815510557964274,0.0,0.0,0.0,0.0,1,1,1,1,,,,24,0,0,0,0,0.0,0.0,
B150915-1,1,5,1,2,1,5,,0,,2,부부 현재 수입,24,23,23,1.0,0.6087,0.0,0.0,0,0,,,,,0,0,2015,정상종료,완납,563,994,400만원,24개월,0.25,여자,43세,기타,3500000.0,3040000.0,,73.0,48.0,0.0,0.0,0.0,1,3500000.0,3040000.0,460000.0,460000.0,4000000.0,24.0,250000.0,210069.44444444444,-210000.0,0.5434782608695652,0.0,-249930.5555555556,1,6.333279628139691,B110209-9,,,,,0,0,0,0,0,15.201804919084164,73.0,0.0,0.0,0.0,0,0,1,2,,,,24,0,0,0,0,0.5514705882352942,0.0,
B150917-3,1,1,1,1,0,2,,0,,0,다짐만,24,3,3,0.0,0.0,1.0,14.333,43,31,1.0,0.333,,,1,0,2015,연체중,손실,112,441,150만원,12개월,0.25,여자,36세,사무직,2000000.0,1650000.0,,,,,,,1,2000000.0,1650000.0,350000.0,350000.0,1500000.0,12.0,156250.0,141927.08333333334,-193750.0,0.4464285714285714,0.0,-208072.91666666663,3,4.718498871295094,B150917-3,,,,,0,0,0,0,0,14.22097566607244,0.0,0.0,0.0,0.0,1,0,1,1,,,,24,0,0,0,0,0.0,18.01801801801802,
B150918-2,1,3,1,2,1,4,,0,,1,건설기술자 재직,24,7,7,0.1429,0.1429,0.8571,2.857,20,6,1.0,0.143,7.0,,1,0,2015,정상종료,완납,92,79,150만원,9개월,0.25,남자,51세,기술직,3100000.0,2600000.0,,27.0,17.0,34.0,2.0,8.0,1,3100000.0,2600000.0,500000.0,500000.0,1500000.0,9.0,197916.66666666663,184027.7777777777,-302083.3333333334,0.3958333333333332,0.0,-315972.22222222225,2,4.5217885770490405,B110808-6,,,,,0,0,0,0,0,14.22097566607244,27.0,34.0,2.0,8.0,0,1,1,1,,,,24,0,0,0,0,0.0,0.0,
B150921-6,1,5,2,1,0,5,,0,,2,밀린월급50·일용80,24,12,12,1.0,0.4167,0.0,0.0,0,0,,,,,0,0,2015,정상종료,완납,401,1128,150만원,12개월,0.25,남자,40세,일용직,1300000.0,1150000.0,,38.0,13.0,1.0,0.0,0.0,1,1300000.0,1150000.0,150000.0,150000.0,1500000.0,12.0,156250.0,141927.08333333334,6250.0,1.0416666666666667,1.0,-8072.916666666657,6,5.993961427306569,B161011-1,,,,,0,0,0,0,0,14.22097566607244,38.0,1.0,0.0,0.0,0,1,1,2,,,,24,0,0,0,0,0.0,7.537688442211055,
B150930-3,2,3,3,2,1,4,,0,,2,부부 재직·상환이력,24,10,10,0.4,0.1,0.6,17.1,171,92,3.0,0.3,4.0,6.0,1,0,2015,연체중,손실,340,805,400만원,21개월,0.25,남자,43세,기타,11300000.0,10480000.0,,70.0,51.0,8.0,0.0,0.0,1,11300000.0,10480000.0,820000.0,820000.0,4000000.0,21.0,273809.5238095238,234126.9841269841,-546190.4761904762,0.3339140534262485,0.0,-585873.0158730159,3,5.828945617610208,B091024-4,,,,,0,0,0,0,0,15.201804919084164,70.0,8.0,0.0,0.0,0,1,3,2,,,,24,0,0,0,0,0.591715976331361,0.0,
B151001-4,2,5,5,2,1,4,,0,,3,3중 소득 수령중,24,6,6,0.3333,0.0,0.6667,26.167,157,91,3.0,0.5,,,1,0,2015,연체중,손실,630,880,150만원,6개월,0.25,남자,40세,사무직,3150000.0,3000000.0,,,,,,,1,3150000.0,3000000.0,150000.0,150000.0,1500000.0,6.0,281250.0,268229.1666666667,131250.0,1.875,1.0,118229.16666666669,4,6.4457198193855785,B151001-4,income,False,,False,0,1,0,0,0,14.22097566607244,0.0,0.0,0.0,0.0,1,1,1,2,,,,24,1,0,1,0,0.0,0.0,
B151006-3,1,1,1,2,1,2,,0,,0,근거 제시 없음,24,1,1,0.0,0.0,1.0,31.0,31,31,1.0,1.0,,,1,0,2015,연체중,손실,144,383,100만원,12개월,0.25,남자,36세,일용직,1200000.0,790000.0,,,,,,,1,1200000.0,790000.0,410000.0,410000.0,1000000.0,12.0,104166.66666666666,94618.05555555556,-305833.3333333334,0.2540650406504064,0.0,-315381.94444444444,3,4.969813299576001,B151006-3,,,,,0,0,0,0,0,13.815510557964274,0.0,0.0,0.0,0.0,1,1,1,2,,,,24,0,0,0,0,0.0,7.194244604316547,
B151007-1,1,1,1,1,0,3,,0,,0,과거 신용 언급,24,31,19,0.7895,0.2105,0.2105,31.613,980,974,8.0,0.258,9.0,12.0,1,12,2015,연체중,손실,33,307,500만원,20개월,0.25,여자,47세,간호사,4600000.0,3320000.0,,63.0,34.0,5.0,0.0,0.0,1,4600000.0,3320000.0,1280000.0,1280000.0,5000000.0,20.0,354166.6666666667,304687.5,-925833.3333333333,0.2766927083333333,0.0,-975312.5,1,3.49650756146648,B090210-20,,,,,0,0,0,0,0,15.424948470398377,63.0,5.0,0.0,0.0,0,0,1,1,,,,24,0,0,0,0,3.0303030303030303,0.0,
B151009-1,2,5,3,4,1,4,,0,,2,본인270·남편150,24,18,18,0.7778,0.7222,0.2222,0.556,10,3,8.0,0.444,9.0,13.0,1,0,2015,정상종료,완납,713,315,350만원,18개월,0.25,여자,57세,간호사,4200000.0,2990000.0,,53.0,38.0,18.0,0.0,0.0,1,4200000.0,2990000.0,1210000.0,1210000.0,3500000.0,18.0,267361.1111111111,232928.2407407408,-942638.8888888888,0.2209595959595959,0.0,-977071.7592592592,1,6.569481420414296,B100309-8,,,,,0,0,0,0,0,15.068273526459642,53.0,18.0,0.0,0.0,0,0,1,4,,,,24,0,0,0,0,0.0,0.0,
B151012-1,1,2,3,1,0,4,,0,,1,직원5명 사업 운영,24,7,6,1.0,0.8333,0.0,0.0,0,0,,,,,0,1,2015,정상종료,완납,239,1641,500만원,24개월,0.2,남자,63세,요식업,4500000.0,3400000.0,,69.0,56.0,5.0,0.0,0.0,1,4500000.0,3400000.0,1100000.0,1100000.0,5000000.0,24.0,291666.6666666667,251736.11111111112,-808333.3333333333,0.2651515151515152,0.0,-848263.8888888889,1,5.476463551931511,B110204-5,,,,,0,0,0,0,0,15.424948470398377,69.0,5.0,0.0,0.0,0,1,3,1,,,,24,0,0,0,0,0.0,4.184100418410042,
B151012-4,1,2,1,3,1,3,,0,,0,"택배 전직, 다짐",24,24,24,0.9167,0.375,0.0833,0.083,2,1,5.0,0.208,6.0,23.0,1,0,2015,정상종료,완납,652,655,300만원,24개월,0.25,남자,42세,운전직,2800000.0,2160000.0,,62.0,26.0,8.0,0.0,0.0,1,2800000.0,2160000.0,640000.0,640000.0,3000000.0,24.0,187500.0,157552.08333333334,-452500.0,0.29296875,0.0,-482447.9166666666,4,6.480044561926653,B120328-15,,,,,0,0,0,0,0,14.914122846632385,62.0,8.0,0.0,0.0,0,1,1,2,,,,24,0,0,0,0,0.0,12.269938650306749,
B151017-1,2,4,2,1,0,5,,0,월,1,어머니 월240 고정급,24,9,9,0.1111,0.0,0.8889,26.222,236,92,2.0,0.222,,,1,0,2015,손실(상환완료),손실,1364,1067,100만원,12개월,0.25,여자,63세,기타,2400000.0,2190000.0,,,,,,,1,2400000.0,2190000.0,210000.0,210000.0,1000000.0,12.0,104166.66666666666,94618.05555555556,-105833.33333333334,0.496031746031746,0.0,-115381.94444444444,1,7.218176838403408,B151017-1,,,,,0,0,0,0,0,13.815510557964274,0.0,0.0,0.0,0.0,1,0,1,2,,,,24,0,0,0,0,1.1730205278592376,0.7331378299120235,
B151020-2,1,4,1,1,0,5,,0,,1,재직2개월 350만,24,12,12,0.5,0.0,0.5,2.583,31,14,2.0,0.167,3.0,6.0,1,0,2015,정상종료,완납,123,596,150만원,12개월,0.25,남자,45세,기타,3500000.0,2620000.0,,26.0,11.0,8.0,0.0,1.0,1,3500000.0,2620000.0,880000.0,880000.0,1500000.0,12.0,156250.0,141927.08333333334,-723750.0,0.1775568181818181,0.0,-738072.9166666666,2,4.812184355372417,B110523-5,,,,,0,0,0,0,0,14.22097566607244,26.0,8.0,0.0,1.0,0,1,1,3,,,,24,0,0,0,0,0.0,8.403361344537815,
B151022-2,3,4,3,4,1,4,,0,월,1,재직1개월 월180,24,2,2,1.0,0.5,0.0,0.0,0,0,,,,,0,0,2015,정상종료,완납,668,937,100만원,6개월,0.25,남자,32세,기술직,1850000.0,1060000.0,,3.0,2.0,2.0,0.0,0.0,1,1850000.0,1060000.0,790000.0,790000.0,1000000.0,6.0,187500.0,178819.44444444444,-602500.0,0.2373417721518987,0.0,-611180.5555555555,2,6.504288173536645,B151022-2,,,,,0,0,0,0,0,13.815510557964274,3.0,2.0,0.0,0.0,0,1,3,1,,,,24,0,0,0,0,0.15220700152207,3.0441400304414,
B151024-1,2,4,1,1,0,4,,0,,1,일수소멸분 40~60만,24,12,12,1.0,0.0833,0.0,0.0,0,0,,,,,0,0,2015,정상종료,완납,118,637,100만원,12개월,0.25,남자,55세,요식업,7500000.0,7010000.0,,30.0,8.0,15.0,0.0,0.0,1,7500000.0,7010000.0,490000.0,490000.0,1000000.0,12.0,104166.66666666666,94618.05555555556,-385833.3333333334,0.2125850340136054,0.0,-395381.9444444445,1,4.770684624465665,B101101-4,,,,,0,0,0,0,0,13.815510557964274,30.0,15.0,0.0,0.0,0,1,1,2,,,,24,0,0,0,0,0.0,0.0,
B151026-4,3,4,1,1,0,5,,0,,1,급여280 여유75만,24,3,3,1.0,0.3333,0.0,0.0,0,0,,,,,0,0,2015,정상종료,완납,163,229,200만원,12개월,0.25,여자,36세,사무직,2800000.0,2050000.0,,15.0,2.0,12.0,0.0,0.0,1,2800000.0,2050000.0,750000.0,750000.0,2000000.0,12.0,208333.3333333333,189236.1111111111,-541666.6666666667,0.2777777777777777,0.0,-560763.8888888889,4,5.093750200806762,B151026-4,,,,,0,0,0,0,0,14.50865773852422,15.0,12.0,0.0,0.0,0,0,1,1,,,,24,0,0,0,0,0.0,0.0,
B151029-1,2,5,5,1,0,4,,0,,3,보험150·화장품60,24,14,14,0.9286,0.3571,0.0714,0.071,1,1,4.0,0.286,5.0,,1,0,2015,정상종료,완납,771,870,400만원,21개월,0.25,여자,41세,보험설계사,2200000.0,2070000.0,,75.0,26.0,10.0,1.0,0.0,1,2200000.0,2070000.0,130000.0,130000.0,4000000.0,21.0,273809.5238095238,234126.9841269841,143809.5238095238,2.106227106227106,1.0,104126.98412698413,1,6.647688373563329,B110303-8,event,False,,True,1,0,0,1,0,15.201804919084164,75.0,10.0,1.0,0.0,0,0,4,1,event,,False,24,1,1,0,0,0.1303780964797914,0.0,
B151029-5,1,1,1,1,0,2,,0,,0,의지 표명뿐,24,9,9,1.0,0.2222,0.0,0.0,0,0,,,,,0,0,2015,정상종료,완납,42,137,100만원,9개월,0.25,남자,58세,사무직,3970000.0,3160000.0,,30.0,11.0,20.0,0.0,0.0,1,3970000.0,3160000.0,810000.0,810000.0,1000000.0,9.0,131944.44444444444,122685.18518518518,-678055.5555555555,0.1628943758573388,0.0,-687314.8148148148,5,3.737669618283368,B100312-8,,,,,0,0,0,0,0,13.815510557964274,30.0,20.0,0.0,0.0,0,1,1,3,,,,24,0,0,0,0,0.0,0.0,
B151102-6,1,3,4,3,1,4,,0,,1,남편 정직원·1월 복직,24,9,9,0.8889,0.5556,0.1111,0.111,1,1,8.0,0.889,9.0,,1,0,2015,정상종료,완납,840,636,200만원,12개월,0.25,여자,37세,기타,2200000.0,2020000.0,,28.0,12.0,42.0,5.0,0.0,1,2200000.0,2020000.0,180000.0,180000.0,2000000.0,12.0,208333.3333333333,189236.1111111111,28333.33333333332,1.1574074074074072,1.0,9236.111111111097,6,6.733401891837359,B091118-8,income,False,,False,0,1,0,0,0,14.50865773852422,28.0,42.0,5.0,0.0,0,0,1,3,,,,24,1,0,1,0,0.0,11.947431302270012,
B151102-7,2,1,1,1,0,5,,0,,0,조기상환66건·무대출,24,6,6,1.0,1.0,0.0,0.0,0,0,,,,,0,0,2015,정상종료,완납,532,369,750만원,24개월,0.25,여자,46세,콜센터,2300000.0,1850000.0,,95.0,76.0,2.0,0.0,0.0,1,2300000.0,1850000.0,450000.0,450000.0,7500000.0,24.0,468750.0,393880.2083333333,18750.0,1.0416666666666667,1.0,-56119.791666666686,7,6.2766434893416445,B090815-3,,,,,0,0,0,0,0,15.83041357850654,95.0,2.0,0.0,0.0,0,0,1,3,,,,24,0,0,0,0,0.0,9.46969696969697,
B151104-2,3,5,3,2,1,5,,0,월,5,5개 일자리 월520만,24,19,18,1.0,0.5556,0.0,61.105,1161,1161,13.0,0.684,14.0,,1,1,2015,연체중,손실,1228,1154,800만원,24개월,0.25,남자,52세,운전직,5220000.0,4380000.0,,75.0,66.0,0.0,0.0,0.0,1,5220000.0,4380000.0,840000.0,840000.0,8000000.0,24.0,500000.0,420138.8888888889,-340000.0,0.5952380952380952,0.0,-419861.1111111111,2,7.113142108707088,B120323-17,,,,,0,0,0,0,0,15.89495209964411,75.0,0.0,0.0,0.0,0,1,1,2,,,,24,0,0,0,0,0.8203445447087777,5.742411812961444,
B151104-5,3,3,2,1,0,4,,0,월,1,조선소 QM 신입 재직,24,6,6,1.0,0.6667,0.0,0.0,0,0,,,,,0,0,2015,정상종료,완납,277,117,100만원,6개월,0.25,남자,40세,기술직,2500000.0,1250000.0,,25.0,6.0,1.0,0.0,0.0,1,2500000.0,1250000.0,1250000.0,1250000.0,1000000.0,6.0,187500.0,178819.44444444444,-1062500.0,0.15,0.0,-1071180.5555555555,5,5.6240175061873385,B160607-4,,,,,0,0,0,0,0,13.815510557964274,25.0,1.0,0.0,0.0,0,1,1,1,,,,24,0,0,0,0,0.0,0.0,
B151105-2,1,1,1,1,0,2,,0,,0,다짐만,24,12,12,0.5833,0.1667,0.4167,0.583,7,3,5.0,0.417,6.0,7.0,1,0,2015,정상종료,완납,106,191,100만원,12개월,0.25,남자,39세,기타,2600000.0,1930000.0,,15.0,5.0,9.0,0.0,0.0,1,2600000.0,1930000.0,670000.0,670000.0,1000000.0,12.0,104166.66666666666,94618.05555555556,-565833.3333333334,0.1554726368159203,0.0,-575381.9444444445,2,4.663439094112067,B151105-2,,,,,0,0,0,0,0,13.815510557964274,15.0,9.0,0.0,0.0,0,1,1,1,,,,24,0,0,0,0,1.8867924528301887,0.0,
B151106-4,3,1,4,1,0,2,,0,월,0,근거없이 날짜만 약속,24,6,6,0.0,0.0,1.0,3.333,20,4,1.0,0.167,,,1,0,2015,정상종료,완납,47,136,100만원,6개월,0.25,여자,50세,사무직,1300000.0,940000.0,,,,,,,1,1300000.0,940000.0,360000.0,360000.0,1000000.0,6.0,187500.0,178819.44444444444,-172500.0,0.5208333333333334,0.0,-181180.5555555556,4,3.8501476017100575,B151106-4,calendar,False,21.0,False,1,0,1,0,0,13.815510557964274,0.0,0.0,0.0,0.0,1,0,4,1,calendar,21.0,False,24,1,1,0,0,0.0,0.0,
B151109-2,1,3,1,2,1,5,,0,,2,7년 재직·번역 부수입,24,5,5,0.0,0.0,1.0,36.8,184,91,1.0,0.2,,,1,0,2015,연체중,손실,329,658,200만원,12개월,0.25,여자,41세,사무직,3100000.0,2200000.0,,3.0,0.0,6.0,1.0,0.0,1,3100000.0,2200000.0,900000.0,900000.0,2000000.0,12.0,208333.3333333333,189236.1111111111,-691666.6666666667,0.2314814814814814,0.0,-710763.8888888889,2,5.796057750765372,B150423-2,,,,,0,0,0,0,0,14.50865773852422,3.0,6.0,1.0,0.0,0,0,1,1,,,,24,0,0,0,0,0.0,0.0,
B151110-1,3,4,4,1,0,5,,0,,2,공무원 세후340 안정,24,2,2,1.0,1.0,0.0,0.0,0,0,,,,,0,0,2015,정상종료,완납,339,280,300만원,24개월,0.25,남자,51세,공공기관,3500000.0,2960000.0,,68.0,49.0,27.0,0.0,0.0,1,3500000.0,2960000.0,540000.0,540000.0,3000000.0,24.0,187500.0,157552.08333333334,-352500.0,0.3472222222222222,0.0,-382447.9166666666,1,5.82600010738045,A080212-2,income,False,,False,0,1,0,0,0,14.914122846632385,68.0,27.0,0.0,0.0,0,1,1,1,,,,24,1,0,1,0,1.818181818181818,6.0606060606060606,
B151110-3,3,4,3,1,0,5,,0,,2,재직170만·주말알바,24,3,3,1.0,1.0,0.0,0.0,0,0,,,,,0,0,2015,정상종료,완납,279,272,100만원,9개월,0.25,남자,36세,기술직,2100000.0,1440000.0,,53.0,46.0,0.0,0.0,0.0,1,2100000.0,1440000.0,660000.0,660000.0,1000000.0,9.0,131944.44444444444,122685.18518518518,-528055.5555555555,0.1999158249158249,0.0,-537314.8148148148,3,5.631211781821365,B151110-3,,,,,0,0,0,0,0,13.815510557964274,53.0,0.0,0.0,0.0,0,1,3,1,,,,24,0,0,0,0,0.0,0.0,
B151112-1,2,5,3,1,0,4,,0,,2,부부 현소득 280만,24,12,12,0.0833,0.0,0.9167,7.167,86,13,1.0,0.083,6.0,7.0,1,0,2015,정상종료,완납,270,643,200만원,12개월,0.25,여자,45세,생산직,2650000.0,2440000.0,,,,,,,1,2650000.0,2440000.0,210000.0,210000.0,2000000.0,12.0,208333.3333333333,189236.1111111111,-1666.666666666686,0.992063492063492,0.0,-20763.888888888905,1,5.598421958998375,B151112-1,,,,,0,0,0,0,0,14.50865773852422,0.0,0.0,0.0,0.0,1,0,2,1,,,,24,0,0,0,0,0.0,0.0,
B151114-1,5,5,2,2,1,4,180000.0,1,월,2,남편 공부방 순330만,24,9,9,0.8889,0.4444,0.1111,0.111,1,1,4.0,0.444,5.0,,1,0,2015,정상종료,완납,813,1616,300만원,24개월,0.25,여자,52세,기타,4500000.0,3680000.0,,36.0,10.0,6.0,0.0,0.0,1,4500000.0,3680000.0,820000.0,820000.0,3000000.0,24.0,187500.0,157552.08333333334,-632500.0,0.2286585365853658,0.0,-662447.9166666666,1,6.70073110954781,A071012-1,,,,,0,0,0,0,0,14.914122846632385,36.0,6.0,0.0,0.0,0,0,1,1,,,,24,0,0,0,0,0.0,0.0,
B151116-4,1,4,2,2,1,5,,0,,1,학원강사 월300~400,24,8,8,0.625,0.5,0.375,12.0,96,92,6.0,0.75,,,1,0,2015,연체중,손실,90,363,200만원,9개월,0.25,여자,43세,기타,4400000.0,3940000.0,,,,,,,1,4400000.0,3940000.0,460000.0,460000.0,2000000.0,9.0,263888.8888888889,245370.3703703704,-196111.11111111112,0.5736714975845411,0.0,-214629.6296296296,4,4.499809670330265,B151116-4,,,,,0,0,0,0,0,14.50865773852422,0.0,0.0,0.0,0.0,1,0,1,1,,,,24,0,0,0,0,0.0,0.0,
B151116-5,2,3,1,1,0,4,,0,,2,아내 급여로 생활비,24,12,12,1.0,0.0,0.0,0.0,0,0,,,,,0,0,2015,정상종료,완납,102,300,150만원,12개월,0.25,남자,49세,공공기관,4600000.0,3760000.0,,44.0,3.0,1.0,0.0,0.0,1,4600000.0,3760000.0,840000.0,840000.0,1500000.0,12.0,156250.0,141927.08333333334,-683750.0,0.1860119047619047,0.0,-698072.9166666666,5,4.624972813284271,B151116-5,,,,,0,0,0,0,0,14.22097566607244,44.0,1.0,0.0,0.0,0,1,1,1,,,,24,0,0,0,0,0.0,9.803921568627452,
B151116-6,2,3,1,1,0,4,,0,,1,아내가 상환금 입금,24,11,11,1.0,1.0,0.0,0.0,0,0,,,,,0,0,2015,정상종료,완납,279,520,600만원,24개월,0.25,남자,46세,사무직,1700000.0,1660000.0,,88.0,82.0,0.0,0.0,0.0,1,1700000.0,1660000.0,40000.0,40000.0,6000000.0,24.0,375000.0,315104.1666666667,335000.0,9.375,1.0,275104.1666666667,6,5.631211781821365,B091130-1,,,,,0,0,0,0,0,15.60727002719233,88.0,0.0,0.0,0.0,0,1,1,1,,,,24,0,0,0,0,0.0,3.584229390681004,
B151117-2,1,1,1,1,0,4,,0,,0,과거 상환완료 이력,24,12,12,1.0,0.5833,0.0,0.0,0,0,,,,,0,0,2015,정상종료,완납,94,482,200만원,12개월,0.25,남자,53세,생산직,2800000.0,1920000.0,,53.0,25.0,13.0,0.0,0.0,1,2800000.0,1920000.0,880000.0,880000.0,2000000.0,12.0,208333.3333333333,189236.1111111111,-671666.6666666667,0.2367424242424242,0.0,-690763.8888888889,2,4.543294782270004,B110605-5,,,,,0,0,0,0,0,14.50865773852422,53.0,13.0,0.0,0.0,0,1,1,1,,,,24,0,0,0,0,0.0,0.0,
B151118-4,1,5,1,2,1,4,,0,,3,급여150·부업70~100,24,10,10,0.9,0.2,0.1,0.1,1,1,4.0,0.4,5.0,,1,0,2015,정상종료,완납,319,340,400만원,24개월,0.25,남자,50세,기술직,2300000.0,2090000.0,,48.0,12.0,29.0,0.0,0.0,1,2300000.0,2090000.0,210000.0,210000.0,4000000.0,24.0,250000.0,210069.44444444444,40000.0,1.1904761904761905,1.0,69.44444444443798,4,5.765191102784844,A080211-5,,,,,0,0,0,0,0,15.201804919084164,48.0,29.0,0.0,0.0,0,1,1,2,,,,24,0,0,0,0,0.0,3.134796238244514,
B151124-1,1,3,1,1,0,4,,0,,1,카드·현금매출 발생,24,3,3,1.0,0.6667,0.0,0.0,0,0,,,,,0,0,2015,정상종료,완납,71,346,100만원,12개월,0.25,남자,49세,서비스업,3000000.0,1790000.0,,30.0,29.0,2.0,0.0,0.0,1,3000000.0,1790000.0,1210000.0,1210000.0,1000000.0,12.0,104166.66666666666,94618.05555555556,-1105833.3333333333,0.0860881542699724,0.0,-1115381.9444444445,1,4.262679877041316,B151124-1,,,,,0,0,0,0,0,13.815510557964274,30.0,2.0,0.0,0.0,0,1,1,1,,,,24,0,0,0,0,0.0,0.0,
B151125-3,3,3,3,2,1,5,,0,,2,6년 근속·투잡4개월,24,9,9,0.0,0.0,1.0,23.778,214,91,1.0,0.111,,,1,0,2015,연체중,손실,179,799,300만원,15개월,0.25,남자,37세,영업직,3100000.0,2230000.0,,4.0,1.0,5.0,3.0,0.0,1,3100000.0,2230000.0,870000.0,870000.0,3000000.0,15.0,262500.0,233333.3333333333,-607500.0,0.3017241379310345,0.0,-636666.6666666667,3,5.187385805840755,B150722-1,,,,,0,0,0,0,0,14.914122846632385,4.0,5.0,3.0,0.0,0,1,3,1,,,,24,0,0,0,0,0.0,5.58659217877095,
B151130-1,1,1,1,1,0,4,,0,,0,무연체 이력 주장,24,12,12,0.8333,0.0,0.1667,0.25,3,2,5.0,0.417,6.0,8.0,1,0,2015,정상종료,완납,46,142,100만원,12개월,0.25,여자,39세,공공기관,2200000.0,2110000.0,,,,,,,1,2200000.0,2110000.0,90000.0,90000.0,1000000.0,12.0,104166.66666666666,94618.05555555556,14166.666666666655,1.1574074074074072,1.0,4618.055555555562,1,3.828641396489095,B151130-1,,,,,0,0,0,0,0,13.815510557964274,0.0,0.0,0.0,0.0,1,0,1,1,,,,24,0,0,0,0,2.1739130434782608,0.0,
B151130-2,2,5,5,1,0,3,,0,,2,알바 시작 예정·적금,24,4,4,1.0,0.25,0.0,0.0,0,0,,,,,0,0,2015,정상종료,완납,437,501,200만원,12개월,0.25,여자,43세,기타,3400000.0,2750000.0,,38.0,18.0,1.0,0.0,0.0,1,3400000.0,2750000.0,650000.0,650000.0,2000000.0,12.0,208333.3333333333,189236.1111111111,-441666.6666666667,0.3205128205128205,0.0,-460763.8888888889,2,6.07993319509559,B120509-1,event,False,,False,0,0,0,1,0,14.50865773852422,38.0,1.0,0.0,0.0,0,0,1,1,,,,24,1,0,1,0,0.2288329519450801,2.288329519450801,
B151202-2,3,5,3,2,1,5,,0,,3,3년 재직·부부소득,24,7,7,0.0,0.0,1.0,28.714,201,92,1.0,0.143,,,1,0,2015,손실(상환완료),손실,500,865,150만원,12개월,0.25,여자,39세,사무직,2570000.0,2340000.0,,,,,,,1,2570000.0,2340000.0,230000.0,230000.0,1500000.0,12.0,156250.0,141927.08333333334,-73750.0,0.6793478260869565,0.0,-88072.91666666666,2,6.214608098422191,B151202-2,,,,,1,0,0,0,0,14.22097566607244,0.0,0.0,0.0,0.0,1,0,4,2,income,,False,24,0,1,0,0,1.2121212121212122,6.0606060606060606,
B151203-1,2,1,3,1,0,2,,0,,0,근거없는 다짐,24,4,4,1.0,0.25,0.0,0.0,0,0,,,,,0,0,2015,정상종료,완납,130,111,150만원,12개월,0.25,여자,32세,사무직,1200000.0,630000.0,,30.0,17.0,6.0,0.0,0.0,1,1200000.0,630000.0,570000.0,570000.0,1500000.0,12.0,156250.0,141927.08333333334,-413750.0,0.2741228070175439,0.0,-428072.9166666666,1,4.867534450455582,B151203-1,,,,,0,0,0,0,0,14.22097566607244,30.0,6.0,0.0,0.0,0,0,2,1,,,,24,0,0,0,0,0.7692307692307693,15.384615384615383,
B151203-3,3,4,3,1,0,5,,0,월,1,조기상환64건·35만절감,24,18,17,1.0,0.5882,0.0,64.944,1169,1169,12.0,0.667,13.0,,1,1,2015,연체중,손실,651,196,950만원,24개월,0.25,여자,43세,사무직,2800000.0,2460000.0,,90.0,74.0,1.0,0.0,0.0,1,2800000.0,2460000.0,340000.0,340000.0,9500000.0,24.0,593750.0,498914.9305555555,253750.0,1.7463235294117647,1.0,158914.9305555555,3,6.478509642208569,B100505-17,,,,,0,0,0,0,0,16.06680235657077,90.0,1.0,0.0,0.0,0,0,1,3,,,,24,0,0,0,0,0.0,7.727975270479135,
B151204-1,2,4,3,1,0,4,,0,,1,촉탁직 월300만 수령,24,4,4,1.0,0.5,0.0,0.0,0,0,,,,,0,0,2015,정상종료,완납,352,555,150만원,9개월,0.25,남자,50세,사무직,2700000.0,2280000.0,,23.0,8.0,8.0,0.0,0.0,1,2700000.0,2280000.0,420000.0,420000.0,1500000.0,9.0,197916.66666666663,184027.7777777777,-222083.33333333337,0.4712301587301586,0.0,-235972.22222222228,1,5.863631175598097,B151204-1,,,,,0,0,0,0,0,14.22097566607244,23.0,8.0,0.0,0.0,0,1,3,2,,,,24,0,0,0,0,0.0,2.840909090909091,
B151204-5,2,3,3,1,0,5,,0,,1,대기업 급여일 25일,24,24,24,0.2917,0.0417,0.7083,17.708,425,30,8.0,0.333,,,1,0,2015,정상종료,완납,99,261,300만원,24개월,0.25,여자,51세,사무직,4300000.0,3390000.0,,15.0,9.0,9.0,9.0,0.0,1,4300000.0,3390000.0,910000.0,910000.0,3000000.0,24.0,187500.0,157552.08333333334,-722500.0,0.206043956043956,0.0,-752447.9166666666,5,4.59511985013459,B150223-4,,,,,0,0,0,0,0,14.914122846632385,15.0,9.0,9.0,0.0,0,0,1,1,,,,24,0,0,0,1,0.0,0.0,
B151207-1,2,3,4,5,1,4,,0,,2,무연체·3월 급여인상,24,4,4,0.75,0.0,0.25,22.75,91,91,4.0,1.0,,,1,0,2015,연체중,손실,375,824,150만원,12개월,0.25,남자,44세,기술직,3800000.0,3450000.0,,,,,,,1,3800000.0,3450000.0,350000.0,350000.0,1500000.0,12.0,156250.0,141927.08333333334,-193750.0,0.4464285714285714,0.0,-208072.91666666663,1,5.926926025970411,B151207-1,income,False,,False,0,1,0,0,0,14.22097566607244,0.0,0.0,0.0,0.0,1,1,2,3,,,,24,1,0,1,0,0.2666666666666666,5.333333333333333,
B151207-2,5,4,2,2,1,5,100000.0,1,월,1,월 순수익 300만 이상,24,1,1,0.0,0.0,1.0,31.0,31,31,1.0,1.0,,,1,0,2015,연체중,손실,162,246,100만원,6개월,0.25,남자,42세,기타,5000000.0,2240000.0,,,,,,,1,5000000.0,2240000.0,2760000.0,2760000.0,1000000.0,6.0,187500.0,178819.44444444444,-2572500.0,0.0679347826086956,0.0,-2581180.5555555555,2,5.087596335232384,B151207-2,,,,,0,0,0,0,0,13.815510557964274,0.0,0.0,0.0,0.0,1,1,1,1,,,,24,0,0,0,0,0.0,0.0,
B151207-3,2,2,3,2,1,2,,0,,0,소득 적음·다짐,24,12,12,0.25,0.0,0.75,18.5,222,130,2.0,0.167,3.0,5.0,1,0,2015,정상종료,완납,133,605,200만원,12개월,0.25,남자,35세,서비스업,3500000.0,2240000.0,,,,,,,1,3500000.0,2240000.0,1260000.0,1260000.0,2000000.0,12.0,208333.3333333333,189236.1111111111,-1051666.6666666667,0.1653439153439153,0.0,-1070763.888888889,3,4.890349128221754,B151207-3,,,,,0,0,0,0,0,14.50865773852422,0.0,0.0,0.0,0.0,1,1,2,1,,,,24,0,0,0,0,2.255639097744361,7.518796992481203,
B151207-4,1,1,1,1,0,4,,0,,0,4회 상환 완료,24,15,15,1.0,0.0,0.0,0.0,0,0,,,,,0,0,2015,정상종료,완납,93,341,500만원,15개월,0.25,남자,45세,서비스업,12000000.0,9340000.0,,79.0,11.0,5.0,0.0,0.0,1,12000000.0,9340000.0,2660000.0,2660000.0,5000000.0,15.0,437500.0,388888.8888888889,-2222500.0,0.1644736842105263,0.0,-2271111.111111111,4,4.532599493153256,B111207-18,,,,,0,0,0,0,0,15.424948470398377,79.0,5.0,0.0,0.0,0,1,1,1,,,,24,0,0,0,0,0.0,0.0,
B151208-1,2,3,3,1,0,4,,0,,1,부부 맞벌이,24,18,18,1.0,0.1111,0.0,0.0,0,0,,,,,0,0,2015,정상종료,완납,205,1165,500만원,24개월,0.25,여자,48세,사무직,4050000.0,3550000.0,,86.0,34.0,5.0,0.0,0.0,1,4050000.0,3550000.0,500000.0,500000.0,5000000.0,24.0,312500.0,262586.8055555556,-187500.0,0.625,0.0,-237413.1944444444,1,5.3230099791384085,B110513-8,,,,,0,0,0,0,0,15.424948470398377,86.0,5.0,0.0,0.0,0,0,2,1,,,,24,0,0,0,0,0.4901960784313725,9.803921568627452,
B151210-4,2,4,3,1,0,5,,0,,2,매월10일 급여 수령,24,3,3,1.0,0.6667,0.0,0.0,0,0,,,,,0,0,2015,정상종료,완납,253,582,200만원,6개월,0.25,남자,40세,서비스업,2160000.0,1200000.0,,18.0,7.0,10.0,0.0,0.0,1,2160000.0,1200000.0,960000.0,960000.0,2000000.0,6.0,375000.0,357638.8888888889,-585000.0,0.390625,0.0,-602361.1111111111,4,5.53338948872752,B151210-4,,,,,0,0,0,0,0,14.50865773852422,18.0,10.0,0.0,0.0,0,1,1,1,,,,24,0,0,0,0,0.0,0.0,
B151211-1,1,5,1,1,0,4,,0,,2,일당 월300~340,24,11,11,0.2727,0.1818,0.7273,3.091,34,11,1.0,0.091,2.0,3.0,1,0,2015,정상종료,완납,157,830,200만원,12개월,0.25,남자,51세,일용직,3350000.0,3160000.0,,,,,,,1,3350000.0,3160000.0,190000.0,190000.0,2000000.0,12.0,208333.3333333333,189236.1111111111,18333.33333333332,1.0964912280701753,1.0,-763.8888888889051,1,5.056245805348308,B151211-1,,,,,0,0,0,0,0,14.50865773852422,0.0,0.0,0.0,0.0,1,1,1,1,,,,24,0,0,0,0,0.0,0.0,
B151212-1,5,5,2,1,0,5,200000.0,1,월,3,부부 월250만 소득,24,4,4,0.25,0.0,0.75,33.5,134,91,2.0,0.5,,,1,0,2015,연체중,손실,361,747,250만원,12개월,0.25,여자,40세,기타,2500000.0,1980000.0,,,,,,,1,2500000.0,1980000.0,520000.0,520000.0,2500000.0,12.0,260416.6666666667,236545.1388888889,-259583.3333333333,0.500801282051282,0.0,-283454.8611111111,1,5.8888779583328805,B151212-1,,,,,0,0,0,0,0,14.73180128983843,0.0,0.0,0.0,0.0,1,0,1,1,,,,24,0,0,0,0,0.0,0.0,
B151212-2,2,4,4,1,0,3,,0,,2,12/21 예상급여400만,24,6,6,0.6667,0.0,0.3333,15.667,94,92,5.0,0.833,,,1,0,2015,연체중,손실,278,629,100만원,9개월,0.25,남자,63세,보험설계사,2500000.0,1930000.0,,,,,,,1,2500000.0,1930000.0,570000.0,570000.0,1000000.0,9.0,131944.44444444444,122685.18518518518,-438055.5555555556,0.2314814814814814,0.0,-447314.8148148148,2,5.627621113690637,B151212-2,income,False,21.0,False,0,1,0,0,0,13.815510557964274,0.0,0.0,0.0,0.0,1,1,1,1,,,,24,1,0,1,0,0.0,3.5971223021582737,
B151215-1,1,3,1,1,0,5,,0,,1,차장 재직·특허보유,24,7,7,0.7143,0.0,0.2857,13.429,94,92,1.0,0.143,2.0,7.0,1,0,2015,연체중,손실,160,611,150만원,9개월,0.25,남자,45세,사무직,4100000.0,3090000.0,,,,,,,1,4100000.0,3090000.0,1010000.0,1010000.0,1500000.0,9.0,197916.66666666663,184027.7777777777,-812083.3333333334,0.1959570957095709,0.0,-825972.2222222222,1,5.075173815233827,B151215-1,,,,,0,0,0,0,0,14.22097566607244,0.0,0.0,0.0,0.0,1,1,1,2,,,,24,0,0,0,0,0.0,0.0,
B151216-2,1,1,1,1,0,2,,0,,0,다짐만,24,12,12,1.0,1.0,0.0,0.0,0,0,,,,,0,0,2015,정상종료,완납,84,326,100만원,12개월,0.25,여자,41세,사무직,1200000.0,1100000.0,,57.0,53.0,0.0,0.0,0.0,1,1200000.0,1100000.0,100000.0,100000.0,1000000.0,12.0,104166.66666666666,94618.05555555556,4166.666666666657,1.0416666666666663,1.0,-5381.944444444438,2,4.430816798843313,B140718-6,,,,,0,0,0,0,0,13.815510557964274,57.0,0.0,0.0,0.0,0,0,1,1,,,,24,0,0,0,0,0.0,23.809523809523807,
B151216-5,3,1,3,1,0,5,,0,월,0,조기상환74건·면책,24,20,19,1.0,0.5263,0.0,57.5,1150,1150,12.0,0.6,13.0,,1,1,2015,연체중,손실,693,435,1000만원,24개월,0.25,여자,40세,기술직,2800000.0,2380000.0,,98.0,84.0,3.0,0.0,0.0,1,2800000.0,2380000.0,420000.0,420000.0,10000000.0,24.0,625000.0,525173.6111111111,205000.0,1.488095238095238,1.0,105173.61111111112,5,6.541029999189903,B090402-6,,,,,0,0,0,0,0,16.11809565095832,98.0,3.0,0.0,0.0,0,0,1,3,,,,24,0,0,0,0,0.0,7.256894049346879,
B151219-2,5,4,1,1,0,5,190000.0,1,월,1,부부합산 월급300만,24,3,3,0.0,0.0,1.0,38.333,115,92,1.0,0.333,,,1,0,2015,연체중,손실,333,307,150만원,9개월,0.25,남자,41세,일용직,3000000.0,2090000.0,,,,,,,1,3000000.0,2090000.0,910000.0,910000.0,1500000.0,9.0,197916.66666666663,184027.7777777777,-712083.3333333334,0.2174908424908424,0.0,-725972.2222222222,2,5.808142489980444,B151219-2,,,,,0,0,0,0,0,14.22097566607244,0.0,0.0,0.0,0.0,1,1,1,1,,,,24,0,0,0,0,0.3012048192771084,0.0,
B151221-1,2,3,3,1,0,4,,0,,2,강사 재직·과외 추가,24,12,12,1.0,0.0,0.0,0.0,0,0,,,,,0,0,2015,정상종료,완납,102,365,200만원,12개월,0.25,여자,31세,기타,1300000.0,740000.0,,,,,,,1,1300000.0,740000.0,560000.0,560000.0,2000000.0,12.0,208333.3333333333,189236.1111111111,-351666.6666666667,0.3720238095238095,0.0,-370763.8888888889,1,4.624972813284271,B151221-1,,,,,0,0,0,0,0,14.50865773852422,0.0,0.0,0.0,0.0,1,0,3,1,,,,24,0,0,0,0,0.0,0.0,
B151221-2,5,3,1,1,0,4,200000.0,1,월,1,월100만 이자 관리중,24,10,10,0.6,0.1,0.4,0.8,8,3,1.0,0.1,2.0,4.0,1,0,2015,정상종료,완납,173,689,100만원,12개월,0.15,남자,34세,사무직,2200000.0,1990000.0,,,,,,,1,2200000.0,1990000.0,210000.0,210000.0,1000000.0,12.0,95833.33333333331,90104.16666666666,-114166.66666666669,0.4563492063492063,0.0,-119895.83333333334,2,5.153291594497779,B151221-2,,,,,0,0,0,0,0,13.815510557964274,0.0,0.0,0.0,0.0,1,1,2,2,,,,24,0,0,0,0,0.0,5.88235294117647,
B151221-3,2,4,3,1,0,4,,0,,1,현재 조선소 재직 일당,25,6,6,0.5,0.3333,0.5,16.833,101,92,4.0,0.667,,,1,0,2015,연체중,손실,206,572,150만원,9개월,0.25,남자,45세,기술직,3000000.0,2290000.0,,,,,,,1,3000000.0,2290000.0,710000.0,710000.0,1500000.0,9.0,197916.66666666663,184027.7777777777,-512083.3333333334,0.2787558685446009,0.0,-525972.2222222222,3,5.327876168789581,B151221-3,,,,,0,0,0,0,0,14.22097566607244,0.0,0.0,0.0,0.0,1,1,1,2,,,,25,0,0,0,0,0.0,0.0,
B151222-2,1,2,2,1,0,4,,0,,0,10년 정규직 재직,25,14,14,0.7857,0.7143,0.2143,0.857,12,10,3.0,0.214,4.0,7.0,1,0,2015,정상종료,완납,164,502,600만원,24개월,0.25,여자,44세,증권사,3300000.0,2320000.0,,84.0,58.0,16.0,0.0,0.0,1,3300000.0,2320000.0,980000.0,980000.0,6000000.0,24.0,375000.0,315104.1666666667,-605000.0,0.3826530612244898,0.0,-664895.8333333333,2,5.099866427824199,B101024-5,,,,,0,0,0,0,0,15.60727002719233,84.0,16.0,0.0,0.0,0,0,2,1,,,,25,0,0,0,0,0.0,6.134969325153374,
B151227-1,2,4,4,1,0,4,,0,,1,현재 가게 매출 700,25,15,15,1.0,0.7333,0.0,0.0,0,0,,,,,0,0,2015,정상종료,완납,232,408,300만원,15개월,0.25,남자,50세,서비스업,8000000.0,5140000.0,,,,,,,1,8000000.0,5140000.0,2860000.0,2860000.0,3000000.0,15.0,262500.0,233333.3333333333,-2597500.0,0.0917832167832167,0.0,-2626666.6666666665,1,5.44673737166631,B151227-1,calendar,False,,False,0,0,1,0,0,14.914122846632385,0.0,0.0,0.0,0.0,1,1,3,1,,,,25,1,0,1,0,0.0,0.0,
B151228-3,2,3,3,1,0,3,,0,,1,출근시간 추가영업 예정,25,6,6,0.1667,0.0,0.8333,33.5,201,92,2.0,0.333,,,1,0,2015,연체중,손실,130,844,300만원,24개월,0.25,남자,61세,기타,3750000.0,2910000.0,,,,,,,1,3750000.0,2910000.0,840000.0,840000.0,3000000.0,24.0,187500.0,157552.08333333334,-652500.0,0.2232142857142857,0.0,-682447.9166666666,3,4.867534450455582,B151228-3,,,,,0,0,0,0,0,14.914122846632385,0.0,0.0,0.0,0.0,1,1,1,1,,,,25,0,0,0,0,0.0,7.6923076923076925,
B151229-1,1,3,3,5,1,4,,0,,4,현재 무연체 상환중,25,4,4,0.25,0.0,0.75,32.0,128,92,2.0,0.5,,,1,0,2015,손실(상환완료),손실,198,78,150만원,12개월,0.25,남자,36세,기타,3000000.0,2580000.0,,,,,,,1,3000000.0,2580000.0,420000.0,420000.0,1500000.0,12.0,156250.0,141927.08333333334,-263750.0,0.3720238095238095,0.0,-278072.9166666666,1,5.288267030694535,B151229-1,,,,,0,0,0,0,0,14.22097566607244,0.0,0.0,0.0,0.0,1,1,1,5,,,,25,0,0,0,0,0.0,5.050505050505051,
B160106-2,5,3,2,1,0,3,250000.0,1,월,1,알바 월급 기대,25,1,1,0.0,0.0,1.0,31.0,31,31,1.0,1.0,,,1,0,2016,연체중,손실,99,710,150만원,6개월,0.25,남자,30세,기타,1500000.0,970000.0,,,,,,,1,1500000.0,970000.0,530000.0,530000.0,1500000.0,6.0,281250.0,268229.1666666667,-248750.0,0.5306603773584906,0.0,-261770.8333333333,2,4.59511985013459,B160106-2,,,,,0,0,0,0,0,14.22097566607244,0.0,0.0,0.0,0.0,1,1,1,1,,,,25,0,0,0,0,0.0,0.0,
B160106-3,2,4,3,1,0,4,,0,,1,현재 급여 350~400만,25,12,12,0.9167,0.5,0.0833,1.167,14,14,3.0,0.25,4.0,,1,0,2016,정상종료,완납,220,340,200만원,12개월,0.25,남자,57세,교수/교사,3600000.0,190000.0,,,,,,,1,3600000.0,190000.0,3410000.0,3410000.0,2000000.0,12.0,208333.3333333333,189236.1111111111,-3201666.6666666665,0.0610948191593352,0.0,-3220763.888888889,3,5.393627546352362,B160106-3,,,,,0,0,0,0,0,14.50865773852422,0.0,0.0,0.0,0.0,1,1,3,1,,,,25,0,0,0,0,0.0,4.545454545454545,
B160107-1,1,5,1,1,0,4,,0,,2,본인·배우자 재직 급여,25,1,1,0.0,0.0,1.0,31.0,31,31,1.0,1.0,,,1,0,2016,연체중,손실,282,306,150만원,6개월,0.25,남자,46세,사무직,4900000.0,2560000.0,,,,,,,1,4900000.0,2560000.0,2340000.0,2340000.0,1500000.0,6.0,281250.0,268229.1666666667,-2058750.0,0.1201923076923077,0.0,-2071770.8333333333,1,5.641907070938114,B160107-1,,,,,0,0,0,0,0,14.22097566607244,0.0,0.0,0.0,0.0,1,1,1,1,,,,25,0,0,0,0,0.3546099290780142,3.5460992907801416,
B160112-1,1,1,1,1,0,1,,0,,0,근거 없음,25,4,4,0.25,0.25,0.75,29.25,117,92,2.0,0.5,,,1,0,2016,연체중,손실,86,276,200만원,12개월,0.25,남자,58세,보험설계사,2000000.0,1700000.0,,,,,,,1,2000000.0,1700000.0,300000.0,300000.0,2000000.0,12.0,208333.3333333333,189236.1111111111,-91666.66666666669,0.6944444444444444,0.0,-110763.8888888889,1,4.454347296253507,B160112-1,,,,,0,0,0,0,0,14.50865773852422,0.0,0.0,0.0,0.0,1,1,1,2,,,,25,0,0,0,0,0.0,0.0,
B160115-2,3,4,4,1,0,4,,0,월,1,현재 월급 160~180만,25,1,1,0.0,0.0,1.0,31.0,31,31,1.0,1.0,,,1,0,2016,연체중,손실,166,385,100만원,6개월,0.25,남자,33세,기술직,2000000.0,1560000.0,,,,,,,1,2000000.0,1560000.0,440000.0,440000.0,1000000.0,6.0,187500.0,178819.44444444444,-252500.0,0.4261363636363636,0.0,-261180.5555555556,2,5.111987788356544,B160115-2,income,False,20.0,False,1,1,0,0,0,13.815510557964274,0.0,0.0,0.0,0.0,1,1,4,1,income,,False,25,1,1,0,0,0.0,0.0,
B160117-2,1,1,2,1,0,3,,0,,0,과거 무연체 이력,25,9,9,0.8889,0.4444,0.1111,0.111,1,1,8.0,0.889,9.0,,1,0,2016,정상종료,완납,49,440,300만원,24개월,0.25,여자,53세,기타,3550000.0,1990000.0,,77.0,35.0,7.0,0.0,0.0,1,3550000.0,1990000.0,1560000.0,1560000.0,3000000.0,24.0,187500.0,157552.08333333334,-1372500.0,0.1201923076923077,0.0,-1402447.9166666667,2,3.8918202981106265,B110401-6,,,,,0,0,0,0,0,14.914122846632385,77.0,7.0,0.0,0.0,0,0,1,1,,,,25,0,0,0,0,0.0,0.0,
B160118-2,1,1,1,1,0,1,,0,,0,근거 없음,25,6,6,0.6667,0.0,0.3333,15.5,93,92,3.0,0.5,4.0,6.0,1,0,2016,연체중,손실,376,422,100만원,12개월,0.25,남자,47세,사무직,4900000.0,4440000.0,,18.0,5.0,1.0,0.0,0.0,1,4900000.0,4440000.0,460000.0,460000.0,1000000.0,12.0,104166.66666666666,94618.05555555556,-355833.3333333334,0.2264492753623188,0.0,-365381.9444444445,2,5.929589143389895,B130104-3,,,,,0,0,0,0,0,13.815510557964274,18.0,1.0,0.0,0.0,0,1,1,2,,,,25,0,0,0,0,0.0,8.086253369272237,
B160119-3,2,4,1,1,0,5,,0,,1,"월180 급여, 지출 상세",25,2,2,0.5,0.5,0.5,3.5,7,7,1.0,0.5,2.0,,1,0,2016,정상종료,완납,551,476,100만원,12개월,0.25,남자,32세,기술직,1850000.0,1060000.0,,3.0,2.0,2.0,0.0,0.0,1,1850000.0,1060000.0,790000.0,790000.0,1000000.0,12.0,104166.66666666666,94618.05555555556,-685833.3333333334,0.1318565400843881,0.0,-695381.9444444445,3,6.311734809152915,B151022-2,,,,,0,0,0,0,0,13.815510557964274,3.0,2.0,0.0,0.0,0,1,1,1,,,,25,0,0,0,0,0.1848428835489833,3.696857670979667,
B160120-7,1,1,1,1,0,3,,0,,0,과거 상환종료 이력,25,24,24,0.875,0.0417,0.125,0.167,4,2,2.0,0.083,3.0,13.0,1,0,2016,정상종료,완납,218,998,500만원,24개월,0.25,여자,42세,생산직,4300000.0,4070000.0,,62.0,13.0,24.0,1.0,0.0,1,4300000.0,4070000.0,230000.0,230000.0,5000000.0,24.0,312500.0,262586.8055555556,82500.0,1.358695652173913,1.0,32586.80555555562,7,5.384495062789089,B090606-4,,,,,0,0,0,0,0,15.424948470398377,62.0,24.0,1.0,0.0,0,0,1,2,,,,25,0,0,0,0,0.0,0.0,
B160120-8,2,5,2,1,0,4,,0,,2,과외·유지수당 현재소득,25,18,18,0.7778,0.5,0.2222,1.722,31,21,8.0,0.444,9.0,10.0,1,0,2016,정상종료,완납,211,299,500만원,18개월,0.25,남자,50세,기타,4700000.0,4020000.0,,100.0,82.0,21.0,0.0,0.0,1,4700000.0,4020000.0,680000.0,680000.0,5000000.0,18.0,381944.4444444445,332754.6296296296,-298055.5555555555,0.5616830065359478,0.0,-347245.3703703704,8,5.351858133476067,B091207-22,,,,,0,0,0,0,0,15.424948470398377,100.0,21.0,0.0,0.0,0,1,2,1,,,,25,0,0,0,0,0.0,9.47867298578199,
B160121-1,3,5,5,1,0,5,,0,월,4,급여·부업·임대 현재소득,25,6,6,0.1667,0.0,0.8333,22.833,137,92,2.0,0.333,,,1,0,2016,연체중,손실,365,964,200만원,12개월,0.25,여자,48세,콜센터,2250000.0,1690000.0,,5.0,4.0,4.0,0.0,0.0,1,2250000.0,1690000.0,560000.0,560000.0,2000000.0,12.0,208333.3333333333,189236.1111111111,-351666.6666666667,0.3720238095238095,0.0,-370763.8888888889,1,5.899897353582492,B160121-1,income,False,15.0,False,1,1,0,0,0,14.50865773852422,5.0,4.0,0.0,0.0,0,0,4,1,income,15.0,False,25,1,1,0,1,0.0,0.0,10.0
B160123-2,1,5,1,1,0,4,,0,,2,월급150만+알바수입,25,2,2,0.5,0.5,0.5,45.5,91,91,2.0,1.0,,,1,0,2016,연체중,손실,161,311,150만원,12개월,0.25,여자,40세,영업직,2200000.0,1080000.0,,,,,,,1,2200000.0,1080000.0,1120000.0,1120000.0,1500000.0,12.0,156250.0,141927.08333333334,-963750.0,0.1395089285714285,0.0,-978072.9166666666,2,5.081404364984463,B160123-2,,,,,0,0,0,0,0,14.22097566607244,0.0,0.0,0.0,0.0,1,0,1,1,,,,25,0,0,0,0,0.0,0.0,
B160127-1,2,4,1,1,0,4,,0,,1,"급여280만, 여유79만",25,24,24,0.5,0.0417,0.5,3.042,73,24,7.0,0.292,8.0,9.0,1,0,2016,정상종료,완납,140,272,200만원,24개월,0.2,여자,36세,사무직,2800000.0,2010000.0,,15.0,2.0,12.0,0.0,0.0,1,2800000.0,2010000.0,790000.0,790000.0,2000000.0,24.0,116666.66666666666,100694.44444444444,-673333.3333333334,0.1476793248945147,0.0,-689305.5555555555,1,4.941642422609304,B151026-4,,,,,0,0,0,0,0,14.50865773852422,15.0,12.0,0.0,0.0,0,0,1,1,,,,25,0,0,0,0,0.0,0.0,
B160131-1,3,3,2,3,1,4,,0,월,1,"현재 급여, 6회 무연체",25,13,13,1.0,0.9231,0.0,0.0,0,0,,,,,0,0,2016,정상종료,완납,294,574,500만원,24개월,0.25,남자,46세,기타,4000000.0,2920000.0,,67.0,62.0,4.0,0.0,0.0,1,4000000.0,2920000.0,1080000.0,1080000.0,5000000.0,24.0,312500.0,262586.8055555556,-767500.0,0.2893518518518518,0.0,-817413.1944444444,1,5.683579767338681,B110418-14,,,,,0,0,0,0,0,15.424948470398377,67.0,4.0,0.0,0.0,0,1,2,3,,,,25,0,0,0,0,0.0,0.0,
B160201-2,2,2,3,1,0,3,,0,월,0,"체납정리, 본업 복귀예정",25,12,12,0.5,0.0,0.5,1.0,12,5,4.0,0.333,5.0,7.0,1,0,2016,정상종료,완납,329,828,150만원,12개월,0.25,남자,42세,기타,2400000.0,1990000.0,,,,,,,1,2400000.0,1990000.0,410000.0,410000.0,1500000.0,12.0,156250.0,141927.08333333334,-253750.0,0.3810975609756097,0.0,-268072.9166666666,2,5.796057750765372,B160201-2,,,,,0,0,0,0,0,14.22097566607244,0.0,0.0,0.0,0.0,1,1,2,2,,,,25,0,0,0,0,0.0,0.0,
B160201-6,1,3,1,1,0,4,,0,,2,재직 및 디자인 부업,25,12,12,0.4167,0.0833,0.5833,4.917,59,17,4.0,0.333,5.0,7.0,1,0,2016,정상종료,완납,315,493,150만원,12개월,0.25,남자,50세,영업직,2200000.0,1640000.0,,,,,,,1,2200000.0,1640000.0,560000.0,560000.0,1500000.0,12.0,156250.0,141927.08333333334,-403750.0,0.2790178571428571,0.0,-418072.9166666666,6,5.752572638825633,B160201-6,,,,,0,0,0,0,0,14.22097566607244,0.0,0.0,0.0,0.0,1,1,1,1,,,,25,0,0,0,0,0.0,9.523809523809526,
B160202-2,2,3,1,1,0,4,,0,,2,현재 콜센터 알바 중,25,12,11,0.5455,0.3636,0.4545,99.333,1192,1101,7.0,0.583,,,1,1,2016,연체중,손실,377,229,200만원,12개월,0.25,여자,37세,사무직,3680000.0,2770000.0,,15.0,5.0,8.0,1.0,0.0,1,3680000.0,2770000.0,910000.0,910000.0,2000000.0,12.0,208333.3333333333,189236.1111111111,-701666.6666666667,0.2289377289377289,0.0,-720763.8888888889,2,5.932245187448011,A080120-1,,,,,0,0,0,0,0,14.50865773852422,15.0,8.0,1.0,0.0,0,0,1,2,,,,25,0,0,0,0,0.0,0.0,
B160202-3,1,2,2,1,0,4,,0,,1,"재직중, 회생 무연체",25,7,7,0.8571,0.2857,0.1429,1.857,13,13,6.0,0.857,7.0,,1,0,2016,정상종료,완납,207,501,150만원,12개월,0.25,남자,37세,기술직,2300000.0,1650000.0,,11.0,2.0,1.0,0.0,0.0,1,2300000.0,1650000.0,650000.0,650000.0,1500000.0,12.0,156250.0,141927.08333333334,-493750.0,0.2403846153846154,0.0,-508072.9166666666,3,5.332718793265369,B160202-3,,,,,0,0,0,0,0,14.22097566607244,11.0,1.0,0.0,0.0,0,1,1,3,,,,25,0,0,0,0,0.0,4.830917874396135,
B160204-1,1,5,4,1,0,4,,0,,2,"6년근무 140만, 딸 인턴",25,12,12,0.0833,0.0,0.9167,4.5,54,10,2.0,0.167,,,1,0,2016,정상종료,완납,377,834,150만원,12개월,0.25,여자,54세,기타,2100000.0,1520000.0,,,,,,,1,2100000.0,1520000.0,580000.0,580000.0,1500000.0,12.0,156250.0,141927.08333333334,-423750.0,0.2693965517241379,0.0,-438072.9166666666,1,5.932245187448011,B160204-1,income,False,,False,0,1,0,0,0,14.22097566607244,0.0,0.0,0.0,0.0,1,0,1,2,,,,25,1,0,1,0,0.0,2.6525198938992043,
B160208-1,1,1,1,1,0,3,,0,,0,2회차 성실상환 이력,25,14,13,0.6923,0.0,0.3077,77.214,1081,1033,2.0,0.143,3.0,6.0,1,1,2016,연체중,손실,211,214,200만원,18개월,0.25,여자,44세,기타,5200000.0,4310000.0,,26.0,12.0,14.0,0.0,0.0,1,5200000.0,4310000.0,890000.0,890000.0,2000000.0,18.0,152777.77777777778,133101.85185185185,-737222.2222222222,0.1716604244694132,0.0,-756898.1481481481,1,5.351858133476067,B100504-4,,,,,0,0,0,0,0,14.50865773852422,26.0,14.0,0.0,0.0,0,0,1,1,,,,25,0,0,0,0,0.0,0.0,
B160212-1,2,4,2,1,0,4,,0,,1,"월350만, 기숙사 월세절감",25,9,9,0.4444,0.4444,0.5556,5.889,53,11,4.0,0.444,9.0,,1,0,2016,정상종료,완납,136,150,100만원,12개월,0.25,남자,47세,기술직,3500000.0,1350000.0,,,,,,,1,3500000.0,1350000.0,2150000.0,2150000.0,1000000.0,12.0,104166.66666666666,94618.05555555556,-2045833.3333333333,0.0484496124031007,0.0,-2055381.9444444445,1,4.912654885736052,B160212-1,,,,,0,0,0,0,0,13.815510557964274,0.0,0.0,0.0,0.0,1,1,1,1,,,,25,0,0,0,0,0.0,7.462686567164179,
B160215-2,3,5,4,1,0,5,,0,월,2,부부 실수령 395만 상세,25,14,14,0.9286,0.4286,0.0714,0.929,13,13,6.0,0.429,7.0,,1,0,2016,정상종료,완납,502,682,200만원,24개월,0.25,여자,38세,사무직,3950000.0,3660000.0,,28.0,16.0,1.0,0.0,0.0,1,3950000.0,3660000.0,290000.0,290000.0,2000000.0,24.0,125000.0,105034.72222222222,-165000.0,0.4310344827586206,0.0,-184965.2777777777,2,6.218600119691729,B140214-3,income,False,,False,0,1,0,0,0,14.50865773852422,28.0,1.0,0.0,0.0,0,0,1,1,,,,25,1,0,1,0,0.0,2.004008016032064,
B160215-4,1,4,1,1,0,4,,0,,1,남편 월급 280만,25,11,11,1.0,0.1818,0.0,0.0,0,0,,,,,0,0,2016,정상종료,완납,344,482,100만원,12개월,0.25,여자,38세,기타,2800000.0,2270000.0,,27.0,7.0,5.0,0.0,0.0,1,2800000.0,2270000.0,530000.0,530000.0,1000000.0,12.0,104166.66666666666,94618.05555555556,-425833.3333333334,0.1965408805031446,0.0,-435381.9444444445,4,5.840641657373398,B150515-3,,,,,0,0,0,0,0,13.815510557964274,27.0,5.0,0.0,0.0,0,0,1,1,,,,25,0,0,0,0,0.0,0.0,
B160216-4,1,3,3,1,0,4,,0,,3,"20년 재직, 남편 연금",25,1,1,0.0,0.0,1.0,91.0,91,91,1.0,1.0,,,1,0,2016,연체중,손실,99,260,150만원,12개월,0.25,여자,61세,생산직,3000000.0,2250000.0,,,,,,,1,3000000.0,2250000.0,750000.0,750000.0,1500000.0,12.0,156250.0,141927.08333333334,-593750.0,0.2083333333333333,0.0,-608072.9166666666,4,4.59511985013459,B160216-4,,,,,0,0,0,0,0,14.22097566607244,0.0,0.0,0.0,0.0,1,0,1,1,,,,25,0,0,0,0,0.0,0.0,
B160217-4,2,3,3,1,0,3,,0,,1,거래처 공급계약 체결,25,3,3,0.0,0.0,1.0,44.0,132,92,1.0,0.333,,,1,0,2016,연체중,손실,359,539,200만원,12개월,0.25,남자,49세,기타,5000000.0,2790000.0,,17.0,3.0,19.0,4.0,0.0,1,5000000.0,2790000.0,2210000.0,2210000.0,2000000.0,12.0,208333.3333333333,189236.1111111111,-2001666.6666666667,0.0942684766214178,0.0,-2020763.888888889,4,5.883322388488279,A070910-1,,,,,0,0,0,0,0,14.50865773852422,17.0,19.0,4.0,0.0,0,1,2,1,,,,25,0,0,0,0,0.0,5.571030640668524,
B160219-2,1,4,3,3,1,4,,0,,1,"6년 재직, 급여 200~250",25,24,24,1.0,0.9583,0.0,0.0,0,0,,,,,0,0,2016,정상종료,완납,478,2056,300만원,24개월,0.25,여자,42세,기타,3550000.0,3020000.0,,90.0,71.0,15.0,1.0,0.0,1,3550000.0,3020000.0,530000.0,530000.0,3000000.0,24.0,187500.0,157552.08333333334,-342500.0,0.3537735849056603,0.0,-372447.9166666666,2,6.169610732491456,B100812-7,,,,,0,0,0,0,0,14.914122846632385,90.0,15.0,1.0,0.0,0,0,1,2,,,,25,0,0,0,0,0.0,0.0,
B160225-4,1,3,1,1,0,3,,0,,1,가게 매출 개선 중,25,12,12,0.9167,0.9167,0.0833,0.667,8,8,1.0,0.083,2.0,,1,0,2016,정상종료,완납,97,307,200만원,15개월,0.25,남자,49세,서비스업,3500000.0,1710000.0,,30.0,29.0,2.0,0.0,0.0,1,3500000.0,1710000.0,1790000.0,1790000.0,2000000.0,15.0,175000.0,155555.55555555556,-1615000.0,0.0977653631284916,0.0,-1634444.4444444445,4,4.574710978503383,B151124-1,,,,,0,0,0,0,0,14.50865773852422,30.0,2.0,0.0,0.0,0,1,1,1,,,,25,0,0,0,0,0.0,0.0,
B160226-3,2,3,1,1,0,4,,0,월,1,매월 급여 수령,25,14,14,1.0,0.6429,0.0,0.0,0,0,,,,,0,0,2016,정상종료,완납,85,176,200만원,15개월,0.25,여자,55세,사무직,1640000.0,1460000.0,180000.0,46.0,36.0,0.0,0.0,0.0,1,1640000.0,1460000.0,180000.0,180000.0,2000000.0,15.0,175000.0,155555.55555555556,-5000.0,0.9722222222222222,0.0,-24444.44444444444,3,4.442651256490317,B160226-3,,,,,0,0,0,0,0,14.50865773852422,46.0,0.0,0.0,0.0,0,0,1,1,,,,25,0,0,0,0,0.0,11.76470588235294,
B160302-1,3,3,4,1,0,3,,0,월,1,급여일 25일만 언급,25,11,10,0.0,0.0,1.0,112.091,1233,1106,1.0,0.091,,,1,1,2016,연체중,손실,74,184,150만원,12개월,0.25,남자,38세,사무직,2500000.0,1550000.0,,,,,,,1,2500000.0,1550000.0,950000.0,950000.0,1500000.0,12.0,156250.0,141927.08333333334,-793750.0,0.1644736842105263,0.0,-808072.9166666666,1,4.30406509320417,B160302-1,income,False,25.0,False,1,1,0,0,0,14.22097566607244,0.0,0.0,0.0,0.0,1,1,4,1,income,25.0,False,25,1,1,0,1,0.0,0.0,
B160302-2,1,3,4,1,0,3,,0,,1,4월 연봉인상 예정,25,8,8,0.75,0.125,0.25,0.375,3,2,5.0,0.625,6.0,7.0,1,0,2016,정상종료,완납,156,153,150만원,12개월,0.25,남자,41세,생산직,3250000.0,2880000.0,,14.0,2.0,6.0,0.0,0.0,1,3250000.0,2880000.0,370000.0,370000.0,1500000.0,12.0,156250.0,141927.08333333334,-213750.0,0.4222972972972973,0.0,-228072.91666666663,2,5.049856007249537,B160302-2,income,False,,False,0,1,0,0,0,14.22097566607244,14.0,6.0,0.0,0.0,0,1,1,1,,,,25,1,0,1,0,0.0,0.0,
B160305-1,1,1,1,1,0,1,,0,,0,근거 없음,25,3,3,0.0,0.0,1.0,42.667,128,92,1.0,0.333,,,1,0,2016,연체중,손실,32,599,200만원,12개월,0.25,여자,44세,기타,2000000.0,1830000.0,,1.0,0.0,9.0,0.0,0.0,1,2000000.0,1830000.0,170000.0,170000.0,2000000.0,12.0,208333.3333333333,189236.1111111111,38333.333333333314,1.2254901960784312,1.0,19236.11111111109,1,3.4657359027997265,B150430-1,,,,,0,0,0,0,0,14.50865773852422,1.0,9.0,0.0,0.0,0,0,1,1,,,,25,0,0,0,0,0.0,0.0,
B160307-4,2,3,3,1,0,3,,0,,1,생활비 여유 주장,25,13,13,1.0,0.4615,0.0,0.0,0,0,,,,,0,0,2016,정상종료,완납,237,1497,200만원,15개월,0.25,여자,52세,기타,1000000.0,710000.0,,25.0,9.0,0.0,0.0,0.0,1,1000000.0,710000.0,290000.0,290000.0,2000000.0,15.0,175000.0,155555.55555555556,-115000.0,0.603448275862069,0.0,-134444.44444444444,4,5.468060141135132,B170621-1,,,,,1,0,0,0,0,14.50865773852422,25.0,0.0,0.0,0.0,0,0,4,1,income,,False,25,0,1,0,0,0.4219409282700421,0.0,
B160310-3,1,4,3,1,0,5,,0,,1,공무원18호봉 실수령300,25,1,1,1.0,1.0,0.0,0.0,0,0,,,,,0,0,2016,정상종료,완납,334,567,200만원,12개월,0.25,여자,46세,공공기관,3000000.0,1940000.0,,11.0,2.0,0.0,0.0,0.0,1,3000000.0,1940000.0,1060000.0,1060000.0,2000000.0,12.0,208333.3333333333,189236.1111111111,-851666.6666666667,0.1965408805031446,0.0,-870763.8888888889,3,5.811140992976701,B160310-3,,,,,0,0,0,0,0,14.50865773852422,11.0,0.0,0.0,0.0,0,0,1,1,,,,25,0,0,0,0,0.0,0.0,
B160315-1,1,1,1,1,0,3,,0,,0,과거 상환이력 1일연체,25,6,6,1.0,0.1667,0.0,0.0,0,0,,,,,0,0,2016,정상종료,완납,278,853,300만원,21개월,0.22,여자,51세,사무직,2600000.0,2030000.0,,50.0,9.0,5.0,0.0,0.0,1,2600000.0,2030000.0,570000.0,570000.0,3000000.0,21.0,197857.14285714287,171666.6666666667,-372142.8571428572,0.3471177944862155,0.0,-398333.3333333333,1,5.627621113690637,B120904-13,,,,,0,0,0,0,0,14.914122846632385,50.0,5.0,0.0,0.0,0,0,1,1,,,,25,0,0,0,0,0.0,7.194244604316547,
B160316-1,1,1,1,1,0,1,,0,,0,근거 없음,25,24,24,0.9167,0.0,0.0833,0.75,18,9,17.0,0.708,18.0,20.0,1,0,2016,정상종료,완납,117,677,200만원,24개월,0.25,여자,44세,기타,1700000.0,1380000.0,,,,,,,1,1700000.0,1380000.0,320000.0,320000.0,2000000.0,24.0,125000.0,105034.72222222222,-195000.0,0.390625,0.0,-214965.2777777777,1,4.762173934797756,B160316-1,,,,,0,0,0,0,0,14.50865773852422,0.0,0.0,0.0,0.0,1,0,1,1,,,,25,0,0,0,0,0.8620689655172413,8.620689655172413,
B160316-2,2,5,2,1,0,4,,0,,2,정직원200만+외주150만,25,17,17,1.0,0.2353,0.0,0.0,0,0,,,,,0,0,2016,정상종료,완납,1303,1062,200만원,18개월,0.23,남자,50세,사무직,3500000.0,2780000.0,,23.0,8.0,8.0,0.0,0.0,1,3500000.0,2780000.0,720000.0,720000.0,2000000.0,18.0,149444.44444444444,131342.59259259258,-570555.5555555555,0.2075617283950617,0.0,-588657.4074074074,2,7.172424577124845,B151204-1,,,,,0,0,0,0,0,14.50865773852422,23.0,8.0,0.0,0.0,0,1,2,1,,,,25,0,0,0,0,0.0,10.744435917114352,
B160317-1,1,3,1,1,0,3,,0,,1,남편 수입으로 생활,25,11,11,1.0,1.0,0.0,0.0,0,0,,,,,0,0,2016,정상종료,완납,88,253,100만원,12개월,0.25,여자,39세,기타,2560000.0,1620000.0,,45.0,43.0,0.0,0.0,0.0,1,2560000.0,1620000.0,940000.0,940000.0,1000000.0,12.0,104166.66666666666,94618.05555555556,-835833.3333333334,0.1108156028368794,0.0,-845381.9444444445,1,4.477336814478207,B170227-2,,,,,0,0,0,0,0,13.815510557964274,45.0,0.0,0.0,0.0,0,0,1,1,,,,25,0,0,0,0,0.0,11.627906976744184,
B160320-1,1,2,4,1,0,3,,0,,1,직원5명 사업 운영중,25,17,15,0.6667,0.4,0.3333,56.235,956,934,7.0,0.412,8.0,11.0,1,2,2016,연체중,손실,239,1641,1000만원,16개월,0.2,남자,63세,요식업,5500000.0,3890000.0,,69.0,56.0,5.0,0.0,0.0,1,5500000.0,3890000.0,1610000.0,1610000.0,10000000.0,16.0,791666.6666666666,713541.6666666666,-818333.3333333334,0.4917184265010352,0.0,-896458.3333333334,1,5.476463551931511,B110204-5,calendar,False,,False,0,0,1,0,0,16.11809565095832,69.0,5.0,0.0,0.0,0,1,3,1,,,,25,1,0,1,0,0.0,4.184100418410042,
B160321-7,1,5,2,1,0,3,,0,,2,"실업급여100, 아내150",25,7,7,0.4286,0.1429,0.5714,1.286,9,4,1.0,0.143,2.0,3.0,1,0,2016,정상종료,완납,365,439,100만원,12개월,0.25,남자,38세,기타,2500000.0,2180000.0,,3.0,1.0,9.0,0.0,0.0,1,2500000.0,2180000.0,320000.0,320000.0,1000000.0,12.0,104166.66666666666,94618.05555555556,-215833.3333333333,0.3255208333333333,0.0,-225381.94444444444,7,5.899897353582492,B150317-1,,,,,0,0,0,0,0,13.815510557964274,3.0,9.0,0.0,0.0,0,1,2,3,,,,25,0,0,0,0,0.0,2.73972602739726,
B160322-1,1,2,1,1,0,4,,0,,1,"대기업 재직, 상환중",25,3,3,0.6667,0.0,0.3333,30.667,92,92,3.0,1.0,,,1,0,2016,연체중,손실,176,111,100만원,12개월,0.25,남자,43세,사무직,1800000.0,1070000.0,,,,,,,1,1800000.0,1070000.0,730000.0,730000.0,1000000.0,12.0,104166.66666666666,94618.05555555556,-625833.3333333334,0.1426940639269406,0.0,-635381.9444444445,1,5.170483995038151,B160322-1,,,,,0,0,0,0,0,13.815510557964274,0.0,0.0,0.0,0.0,1,1,1,2,,,,25,0,0,0,0,0.0,5.747126436781609,
B160323-5,1,1,1,1,0,1,,0,,0,근거 없음,25,9,9,1.0,0.2222,0.0,0.0,0,0,,,,,0,0,2016,정상종료,완납,144,669,200만원,15개월,0.25,여자,42세,사무직,1620000.0,1410000.0,210000.0,49.0,19.0,5.0,0.0,0.0,1,1620000.0,1410000.0,210000.0,210000.0,2000000.0,15.0,175000.0,155555.55555555556,-35000.0,0.8333333333333334,0.0,-54444.44444444444,5,4.969813299576001,B140103-4,,,,,0,0,0,0,0,14.50865773852422,49.0,5.0,0.0,0.0,0,0,1,1,,,,25,0,0,0,0,0.0,6.944444444444444,
B160328-2,1,1,1,1,0,4,,0,,0,워크아웃 9개월 납부중,25,2,2,1.0,0.5,0.0,0.0,0,0,,,,,0,0,2016,정상종료,완납,46,151,200만원,24개월,0.2,남자,44세,기타,3260000.0,2460000.0,,12.0,5.0,0.0,0.0,0.0,1,3260000.0,2460000.0,800000.0,800000.0,2000000.0,24.0,116666.66666666666,100694.44444444444,-683333.3333333334,0.1458333333333333,0.0,-699305.5555555555,2,3.828641396489095,B150821-3,,,,,0,0,0,0,0,14.50865773852422,12.0,0.0,0.0,0.0,0,1,1,1,,,,25,0,0,0,0,2.1739130434782608,21.73913043478261,
B160407-2,1,1,1,1,0,3,,0,,0,과거 이용 이력,25,13,13,1.0,0.0769,0.0,0.0,0,0,,,,,0,0,2016,정상종료,완납,43,656,200만원,18개월,0.25,남자,37세,기타,1800000.0,1680000.0,,34.0,5.0,1.0,0.0,0.0,1,1800000.0,1680000.0,120000.0,120000.0,2000000.0,18.0,152777.77777777778,133101.85185185185,32777.77777777778,1.273148148148148,1.0,13101.851851851854,2,3.7612001156935615,B140606-1,,,,,0,0,0,0,0,14.50865773852422,34.0,1.0,0.0,0.0,0,1,1,1,,,,25,0,0,0,0,0.0,23.25581395348837,
B160413-1,3,4,2,1,0,3,,0,월,1,대환시 월60만 여유 추정,25,24,24,0.1667,0.0,0.8333,2.833,68,5,2.0,0.083,6.0,7.0,1,0,2016,정상종료,완납,294,421,500만원,24개월,0.25,남자,46세,기술직,2200000.0,1650000.0,,89.0,36.0,28.0,0.0,0.0,1,2200000.0,1650000.0,550000.0,550000.0,5000000.0,24.0,312500.0,262586.8055555556,-237500.0,0.5681818181818182,0.0,-287413.1944444444,1,5.683579767338681,B100410-9,,,,,0,0,0,0,0,15.424948470398377,89.0,28.0,0.0,0.0,0,1,1,1,,,,25,0,0,0,0,0.0,0.0,
B160417-1,2,4,3,1,0,5,,0,,1,"재직 급여180만, 7년이력",25,24,24,1.0,0.5,0.0,0.0,0,0,,,,,0,0,2016,정상종료,완납,489,1370,600만원,24개월,0.25,남자,52세,기술직,3850000.0,3720000.0,,125.0,86.0,2.0,0.0,0.0,1,3850000.0,3720000.0,130000.0,130000.0,6000000.0,24.0,375000.0,315104.1666666667,245000.0,2.8846153846153846,1.0,185104.1666666667,1,6.192362489474872,B100111-15,,,,,1,0,0,0,0,15.60727002719233,125.0,2.0,0.0,0.0,0,1,4,2,income,,False,25,0,1,0,0,0.0,6.172839506172839,
B160418-2,1,3,1,1,0,4,,0,,1,"60회 무연체, 등급상승",25,14,13,0.2308,0.2308,0.7692,88.143,1234,969,4.0,0.286,,,1,1,2016,연체중,손실,439,2021,600만원,14개월,0.25,남자,55세,일용직,2500000.0,1900000.0,,66.0,56.0,5.0,5.0,0.0,1,2500000.0,1900000.0,600000.0,600000.0,6000000.0,14.0,553571.4285714286,495535.7142857143,-46428.57142857136,0.9226190476190478,0.0,-104464.28571428568,2,6.084499413075172,B110630-2,,,,,0,0,0,0,0,15.60727002719233,66.0,5.0,5.0,0.0,0,1,1,1,,,,25,0,0,0,0,0.0,2.277904328018223,
B160426-1,1,5,1,1,0,4,,0,,3,기본급145+수당+수수료,25,3,3,1.0,0.3333,0.0,0.0,0,0,,,,,0,0,2016,정상종료,완납,315,1276,200만원,24개월,0.25,여자,35세,기타,1950000.0,1380000.0,,32.0,12.0,1.0,0.0,0.0,1,1950000.0,1380000.0,570000.0,570000.0,2000000.0,24.0,125000.0,105034.72222222222,-445000.0,0.219298245614035,0.0,-464965.27777777775,1,5.752572638825633,B150325-2,,,,,0,0,0,0,0,14.50865773852422,32.0,1.0,0.0,0.0,0,0,1,1,,,,25,0,0,0,0,0.3184713375796179,6.369426751592357,
B160427-4,3,5,5,1,0,5,,0,월,3,"6년차 재직, 고용안정",25,14,12,1.0,1.0,0.0,0.0,0,0,,,,,0,2,2016,정상종료,완납,210,1110,200만원,18개월,0.25,여자,60세,기타,1800000.0,1590000.0,,49.0,46.0,0.0,0.0,0.0,1,1800000.0,1590000.0,210000.0,210000.0,2000000.0,18.0,152777.77777777778,133101.85185185185,-57222.22222222222,0.7275132275132276,0.0,-76898.14814814815,4,5.3471075307174685,B150804-3,income,False,17.0,False,1,1,0,0,0,14.50865773852422,49.0,0.0,0.0,0.0,0,0,4,1,income,17.0,False,25,1,1,0,1,0.9523809523809524,4.761904761904763,
B160502-4,4,1,2,1,0,3,150000.0,1,월,0,"무연체 이력, 절약의지",25,6,6,0.5,0.1667,0.5,11.667,70,42,4.0,0.667,,,1,0,2016,연체중,손실,285,130,150만원,12개월,0.25,남자,52세,공기업,4800000.0,4170000.0,,,,,,,1,4800000.0,4170000.0,630000.0,630000.0,1500000.0,12.0,156250.0,141927.08333333334,-473750.0,0.248015873015873,0.0,-488072.9166666666,4,5.652489180268651,B160502-4,,,,,0,0,0,0,0,14.22097566607244,0.0,0.0,0.0,0.0,1,1,1,2,,,,25,0,0,0,0,0.0,3.53356890459364,
B160503-5,1,4,3,1,0,5,,0,,1,공무원18호봉 실수령300,25,10,10,1.0,0.1,0.0,0.0,0,0,,,,,0,0,2016,정상종료,완납,334,796,200만원,18개월,0.25,여자,46세,공공기관,3000000.0,2240000.0,,11.0,2.0,0.0,0.0,0.0,1,3000000.0,2240000.0,760000.0,760000.0,2000000.0,18.0,152777.77777777778,133101.85185185185,-607222.2222222222,0.2010233918128655,0.0,-626898.1481481481,5,5.811140992976701,B160310-3,,,,,0,0,0,0,0,14.50865773852422,11.0,0.0,0.0,0.0,0,0,1,1,,,,25,0,0,0,0,0.0,0.0,
B160509-4,1,5,1,1,0,4,,0,,3,부부합산 월700만,25,24,24,1.0,1.0,0.0,0.0,0,0,,,,,0,0,2016,정상종료,완납,738,1184,600만원,24개월,0.25,여자,43세,보험설계사,7300000.0,6120000.0,,125.0,120.0,0.0,0.0,0.0,1,7300000.0,6120000.0,1180000.0,1180000.0,6000000.0,24.0,375000.0,315104.1666666667,-805000.0,0.3177966101694915,0.0,-864895.8333333333,4,6.6039438246004725,B090406-6,,,,,0,0,0,0,0,15.60727002719233,125.0,0.0,0.0,0.0,0,0,1,2,,,,25,0,0,0,0,0.0,0.0,
B160511-6,1,2,2,1,0,3,,0,,1,"급여 있음, 의지 강조",25,1,1,1.0,1.0,0.0,0.0,0,0,,,,,0,0,2016,정상종료,완납,91,356,200만원,12개월,0.25,남자,40세,서비스업,2160000.0,1420000.0,,18.0,7.0,10.0,0.0,0.0,1,2160000.0,1420000.0,740000.0,740000.0,2000000.0,12.0,208333.3333333333,189236.1111111111,-531666.6666666667,0.2815315315315315,0.0,-550763.8888888889,6,4.51085950651685,B151210-4,,,,,0,0,0,0,0,14.50865773852422,18.0,10.0,0.0,0.0,0,1,2,1,,,,25,0,0,0,0,1.098901098901099,0.0,
B160516-4,1,3,1,1,0,3,,0,,2,"부부소득, 보험업 겸업",25,14,13,0.7692,0.2308,0.2308,74.857,1048,1031,6.0,0.429,7.0,8.0,1,1,2016,연체중,손실,306,1356,650만원,24개월,0.25,여자,47세,학원,4600000.0,3920000.0,,67.0,51.0,3.0,0.0,0.0,1,4600000.0,3920000.0,680000.0,680000.0,6500000.0,24.0,406250.0,341362.8472222222,-273750.0,0.5974264705882353,0.0,-338637.1527777778,4,5.723585101952381,B100924-16,,,,,0,0,0,0,0,15.687312734865866,67.0,3.0,0.0,0.0,0,0,1,1,,,,25,0,0,0,0,0.33003300330033,6.600660066006601,
B160524-3,2,5,2,1,0,4,,0,,2,급여190만+주말알바,25,5,4,1.0,1.0,0.0,0.0,0,0,,,,,0,1,2016,정상종료,완납,312,277,200만원,18개월,0.25,남자,36세,기술직,2200000.0,1310000.0,,53.0,46.0,0.0,0.0,0.0,1,2200000.0,1310000.0,890000.0,890000.0,2000000.0,18.0,152777.77777777778,133101.85185185185,-737222.2222222222,0.1716604244694132,0.0,-756898.1481481481,3,5.7430031878094825,B151110-3,,,,,0,0,0,0,0,14.50865773852422,53.0,0.0,0.0,0.0,0,1,2,2,,,,25,0,0,0,0,0.0,0.0,
B160530-4,1,5,3,1,0,4,,0,,3,25톤 카고 운행 수익,25,23,23,0.9565,0.7391,0.0435,0.087,2,2,7.0,0.304,8.0,,1,0,2016,정상종료,완납,760,670,500만원,24개월,0.25,남자,54세,운전직,2400000.0,1340000.0,,114.0,90.0,4.0,0.0,0.0,1,2400000.0,1340000.0,1060000.0,1060000.0,5000000.0,24.0,312500.0,262586.8055555556,-747500.0,0.294811320754717,0.0,-797413.1944444444,4,6.633318433280377,B100222-15,,,,,0,0,0,0,0,15.424948470398377,114.0,4.0,0.0,0.0,0,1,1,1,,,,25,0,0,0,0,0.0,1.3157894736842104,
B160531-4,5,5,3,1,0,4,200000.0,1,월,2,"평균 월400, 상여1천만",25,4,4,0.5,0.0,0.5,18.75,75,74,1.0,0.25,2.0,4.0,1,0,2016,연체중,손실,291,648,300만원,24개월,0.25,남자,54세,기술직,3000000.0,2010000.0,,29.0,6.0,2.0,0.0,0.0,1,3000000.0,2010000.0,990000.0,990000.0,3000000.0,24.0,187500.0,157552.08333333334,-802500.0,0.1893939393939394,0.0,-832447.9166666666,4,5.673323267171493,B091005-7,,,,,0,0,0,0,0,14.914122846632385,29.0,2.0,0.0,0.0,0,1,1,1,,,,25,0,0,0,0,0.0,0.0,
B160602-2,2,5,3,1,0,4,,0,,2,"월140만, 알바 시작",25,6,6,1.0,0.1667,0.0,0.0,0,0,,,,,0,0,2016,정상종료,완납,220,258,100만원,12개월,0.25,여자,47세,사무직,1400000.0,1330000.0,,25.0,18.0,0.0,0.0,0.0,1,1400000.0,1330000.0,70000.0,70000.0,1000000.0,12.0,104166.66666666666,94618.05555555556,34166.66666666666,1.488095238095238,1.0,24618.05555555556,2,5.393627546352362,B160602-2,,,,,0,0,0,0,0,13.815510557964274,25.0,0.0,0.0,0.0,0,0,1,1,,,,25,0,0,0,0,2.727272727272727,4.545454545454545,
B160607-4,1,3,3,1,0,3,,0,,1,"매출 꾸준, 지출감소 예상",25,21,11,0.9091,0.0909,0.0909,52.619,1105,1100,5.0,0.238,6.0,8.0,1,10,2016,연체중,손실,176,674,200만원,12개월,0.25,남자,40세,요식업,2500000.0,1200000.0,,25.0,6.0,1.0,0.0,0.0,1,2500000.0,1200000.0,1300000.0,1300000.0,2000000.0,12.0,208333.3333333333,189236.1111111111,-1091666.6666666667,0.1602564102564102,0.0,-1110763.888888889,4,5.170483995038151,B160607-4,,,,,0,0,0,0,0,14.50865773852422,25.0,1.0,0.0,0.0,0,1,1,2,,,,25,0,0,0,0,0.0,17.142857142857142,
B160616-1,1,4,1,1,0,4,,0,,2,이번달 급여 240만 확인,25,5,5,1.0,1.0,0.0,0.0,0,0,,,,,0,0,2016,정상종료,완납,343,721,150만원,12개월,0.25,여자,31세,기타,2200000.0,1880000.0,,49.0,37.0,1.0,0.0,0.0,1,2200000.0,1880000.0,320000.0,320000.0,1500000.0,12.0,156250.0,141927.08333333334,-163750.0,0.48828125,0.0,-178072.91666666666,1,5.83773044716594,B150622-5,,,,,0,0,0,0,0,14.22097566607244,49.0,1.0,0.0,0.0,0,0,1,1,,,,25,0,0,0,0,0.5830903790087464,0.0,
B160616-5,1,1,2,1,0,4,,0,,0,조기상환 72건 이력,25,16,15,1.0,0.2667,0.0,71.438,1143,1143,6.0,0.375,7.0,,1,1,2016,연체중,손실,551,513,600만원,24개월,0.25,여자,46세,콜센터,2600000.0,1700000.0,,95.0,76.0,2.0,0.0,0.0,1,2600000.0,1700000.0,900000.0,900000.0,6000000.0,24.0,375000.0,315104.1666666667,-525000.0,0.4166666666666667,0.0,-584895.8333333333,5,6.311734809152915,B090815-3,,,,,0,0,0,0,0,15.60727002719233,95.0,2.0,0.0,0.0,0,0,2,3,,,,25,0,0,0,0,0.0,9.140767824497258,
B160621-3,3,3,4,1,0,4,,0,월,1,"학원강사 재직, 급여일13일",25,12,12,1.0,1.0,0.0,0.0,0,0,,,,,0,0,2016,정상종료,완납,293,432,100만원,12개월,0.25,여자,40세,학원,1970000.0,1050000.0,,18.0,18.0,0.0,0.0,0.0,1,1970000.0,1050000.0,920000.0,920000.0,1000000.0,12.0,104166.66666666666,94618.05555555556,-815833.3333333334,0.1132246376811594,0.0,-825381.9444444445,3,5.680172609017068,B150707-2,income,False,13.0,False,1,1,0,0,0,13.815510557964274,18.0,0.0,0.0,0.0,0,0,4,1,income,13.0,False,25,1,1,0,1,0.0,0.0,13.0
B160622-5,2,5,1,1,0,4,,0,,2,월급136만+알바80만,25,12,12,0.9167,0.25,0.0833,1.083,13,13,12.0,1.0,,,1,0,2016,정상종료,완납,300,310,150만원,12개월,0.25,여자,42세,사무직,2410000.0,1780000.0,,26.0,6.0,5.0,0.0,0.0,1,2410000.0,1780000.0,630000.0,630000.0,1500000.0,12.0,156250.0,141927.08333333334,-473750.0,0.248015873015873,0.0,-488072.9166666666,5,5.703782474656201,B140206-1,,,,,0,0,0,0,0,14.22097566607244,26.0,5.0,0.0,0.0,0,0,1,1,,,,25,0,0,0,0,0.3333333333333333,3.333333333333333,
B160627-3,1,3,2,1,0,3,,0,,1,"이삿짐사업 2년, 5톤2대",25,12,12,0.3333,0.0,0.6667,1.0,12,4,1.0,0.083,2.0,5.0,1,0,2016,정상종료,완납,319,1024,100만원,12개월,0.25,여자,34세,서비스업,8000000.0,7190000.0,,6.0,1.0,13.0,3.0,0.0,1,8000000.0,7190000.0,810000.0,810000.0,1000000.0,12.0,104166.66666666666,94618.05555555556,-705833.3333333334,0.1286008230452675,0.0,-715381.9444444445,3,5.765191102784844,B160627-3,,,,,0,0,0,0,0,13.815510557964274,6.0,13.0,3.0,0.0,0,0,1,1,,,,25,0,0,0,0,0.3174603174603174,9.523809523809526,
B160701-8,2,3,4,1,0,2,,0,일시,1,8월 보너스 예정,25,26,10,0.5,0.1,0.5,38.077,990,982,1.0,0.038,2.0,5.0,1,16,2016,연체중,손실,52,447,200만원,11개월,0.25,남자,54세,기술직,4700000.0,3660000.0,,31.0,10.0,5.0,0.0,0.0,1,4700000.0,3660000.0,1040000.0,1040000.0,2000000.0,11.0,223484.84848484848,204545.45454545456,-816515.1515151515,0.2148892773892773,0.0,-835454.5454545454,8,3.951243718581428,B090722-12,income,False,,False,1,1,0,0,0,14.50865773852422,31.0,5.0,0.0,0.0,0,1,4,1,event,,False,25,1,1,0,0,0.0,0.0,
B160704-1,1,4,1,1,0,4,,0,,1,실수령 최소 260만원,25,24,24,0.5833,0.0417,0.4167,1.042,25,8,2.0,0.083,4.0,7.0,1,0,2016,정상종료,완납,59,231,400만원,24개월,0.25,여자,38세,사무직,2600000.0,1820000.0,,52.0,15.0,24.0,0.0,0.0,1,2600000.0,1820000.0,780000.0,780000.0,4000000.0,24.0,250000.0,210069.44444444444,-530000.0,0.3205128205128205,0.0,-569930.5555555555,1,4.07753744390572,B110425-5,,,,,0,0,0,0,0,15.201804919084164,52.0,24.0,0.0,0.0,0,0,1,1,,,,25,0,0,0,0,0.0,0.0,
B160705-2,3,4,1,1,0,4,,0,월,2,부부 월소득 480만원,26,27,27,1.0,0.9259,0.0,0.0,0,0,,,,,0,0,2016,정상종료,완납,123,777,650만원,27개월,0.25,여자,45세,사무직,4800000.0,4420000.0,,101.0,95.0,0.0,0.0,0.0,1,4800000.0,4420000.0,380000.0,380000.0,6500000.0,27.0,376157.4074074074,310956.7901234568,-3842.592592592584,0.9898879142300196,0.0,-69043.2098765432,2,4.812184355372417,B110311-6,,,,,0,0,0,0,0,15.687312734865866,101.0,0.0,0.0,0.0,0,0,1,1,,,,26,0,0,0,0,0.0,16.260162601626018,
B160706-1,1,5,1,1,0,4,,0,,3,현 급여 153만+수당,26,8,8,0.5,0.125,0.5,6.25,50,19,2.0,0.25,4.0,6.0,1,0,2016,정상종료,완납,205,461,250만원,21개월,0.25,여자,46세,영업직,3880000.0,3410000.0,,54.0,45.0,31.0,5.0,0.0,1,3880000.0,3410000.0,470000.0,470000.0,2500000.0,21.0,171130.9523809524,146329.3650793651,-298869.0476190476,0.3641084093211753,0.0,-323670.6349206349,1,5.3230099791384085,B110111-4,,,,,0,0,0,0,0,14.73180128983843,54.0,31.0,5.0,0.0,0,0,1,1,,,,26,0,0,0,0,0.9950248756218906,0.0,
B160707-1,2,4,1,1,0,5,,0,,1,공무원 세후 360만,26,9,8,0.875,0.375,0.125,121.444,1093,1067,7.0,0.778,9.0,,1,1,2016,연체중,손실,263,955,250만원,18개월,0.25,남자,51세,공공기관,3600000.0,3050000.0,,68.0,49.0,27.0,0.0,0.0,1,3600000.0,3050000.0,550000.0,550000.0,2500000.0,18.0,190972.22222222225,166377.3148148148,-359027.7777777777,0.3472222222222222,0.0,-383622.6851851852,1,5.572154032177765,A080212-2,,,,,0,0,0,0,0,14.73180128983843,68.0,27.0,0.0,0.0,0,1,1,1,,,,26,0,0,0,0,0.3891050583657587,0.0,
B160718-2,2,5,4,3,1,4,,0,월,3,신랑월급+대출 8월 종료,26,12,12,1.0,0.8333,0.0,0.0,0,0,,,,,0,0,2016,정상종료,완납,507,1074,150만원,12개월,0.25,여자,37세,기타,,,,55.0,39.0,4.0,0.0,0.0,1,2200000.0,1660000.0,540000.0,540000.0,1500000.0,12.0,156250.0,141927.08333333334,-383750.0,0.2893518518518518,0.0,-398072.9166666666,2,6.228511003591184,B141227-3,income,False,,False,0,1,0,0,0,14.22097566607244,55.0,4.0,0.0,0.0,0,0,2,1,,,,26,1,0,1,0,0.0,0.0,
B160723-1,2,2,3,1,0,4,,0,일시,1,"공무원 재직, 과거 완납",26,25,23,0.8696,0.0435,0.1304,46.32,1158,1144,2.0,0.08,6.0,,1,2,2016,연체중,손실,122,446,400만원,24개월,0.2,남자,50세,장교/하사관,5500000.0,4770000.0,,52.0,32.0,6.0,0.0,0.0,1,5500000.0,4770000.0,730000.0,730000.0,4000000.0,24.0,233333.3333333333,201388.88888888888,-496666.6666666667,0.319634703196347,0.0,-528611.1111111111,1,4.804021044733257,B101208-23,,,,,0,0,0,0,0,15.201804919084164,52.0,6.0,0.0,0.0,0,1,2,1,,,,26,0,0,0,0,0.0,0.0,
B160726-5,5,4,1,1,0,5,800000.0,1,월,1,"월급180, 부모집 거주",26,2,2,0.0,0.0,1.0,43.5,87,85,1.0,0.5,,,1,0,2016,연체중,손실,491,482,100만원,12개월,0.25,남자,32세,기술직,1850000.0,1000000.0,,3.0,2.0,2.0,0.0,0.0,1,1850000.0,1000000.0,850000.0,850000.0,1000000.0,12.0,104166.66666666666,94618.05555555556,-745833.3333333334,0.1225490196078431,0.0,-755381.9444444445,5,6.19644412779452,B151022-2,,,,,0,0,0,0,0,13.815510557964274,3.0,2.0,0.0,0.0,0,1,1,1,,,,26,0,0,0,0,0.2074688796680498,4.149377593360996,
B160728-1,2,3,3,1,0,3,,0,일시,2,성과급 수령 기대,26,12,12,0.0833,0.0,0.9167,5.583,67,25,1.0,0.083,4.0,5.0,1,0,2016,정상종료,완납,92,206,100만원,12개월,0.25,남자,59세,영업직,6000000.0,4550000.0,,3.0,1.0,15.0,0.0,0.0,1,6000000.0,4550000.0,1450000.0,1450000.0,1000000.0,12.0,104166.66666666666,94618.05555555556,-1345833.3333333333,0.0718390804597701,0.0,-1355381.9444444445,1,4.5217885770490405,B130930-5,,,,,0,0,0,0,0,13.815510557964274,3.0,15.0,0.0,0.0,0,1,3,1,,,,26,0,0,0,0,0.0,0.0,
B160728-4,3,4,5,2,1,3,,0,월,1,성수기 매출 예상,26,12,12,1.0,0.6667,0.0,0.0,0,0,,,,,0,0,2016,정상종료,완납,345,844,250만원,12개월,0.25,남자,48세,서비스업,4600000.0,4090000.0,,90.0,38.0,21.0,4.0,0.0,1,4600000.0,4090000.0,510000.0,510000.0,2500000.0,12.0,260416.6666666667,236545.1388888889,-249583.3333333333,0.5106209150326798,0.0,-273454.8611111111,4,5.84354441703136,B100225-11,income,False,,True,0,1,0,0,0,14.73180128983843,90.0,21.0,4.0,0.0,0,1,3,1,,,,26,1,0,1,0,1.4534883720930232,8.720930232558139,
B160729-1,2,3,4,3,1,4,,0,월,1,매월 12일 급여,26,12,12,0.5,0.3333,0.5,0.917,11,2,5.0,0.417,6.0,8.0,1,0,2016,정상종료,완납,289,553,100만원,12개월,0.25,남자,42세,기술직,3100000.0,2500000.0,,,,,,,1,3100000.0,2500000.0,600000.0,600000.0,1000000.0,12.0,104166.66666666666,94618.05555555556,-495833.3333333334,0.1736111111111111,0.0,-505381.9444444445,1,5.666426688112432,B160729-1,income,False,12.0,False,1,1,0,0,0,13.815510557964274,0.0,0.0,0.0,0.0,1,1,4,3,calendar,,False,26,1,1,0,0,0.0,3.4965034965034967,
B160809-1,3,3,4,1,0,4,,0,월,1,급여소득 꾸준,26,11,11,0.9091,0.5455,0.0909,0.091,1,1,6.0,0.545,7.0,,1,0,2016,정상종료,완납,533,219,100만원,12개월,0.25,남자,39세,사무직,3130000.0,2600000.0,,13.0,8.0,6.0,0.0,0.0,1,3130000.0,2600000.0,530000.0,530000.0,1000000.0,12.0,104166.66666666666,94618.05555555556,-425833.3333333334,0.1965408805031446,0.0,-435381.9444444445,1,6.278521424165844,B160809-1,income,False,,False,0,1,0,0,0,13.815510557964274,13.0,6.0,0.0,0.0,0,1,1,1,,,,26,1,0,1,0,0.0,5.628517823639775,
B160809-3,5,4,3,3,1,5,160000.0,1,월,2,호봉인상 실수령 196만,26,24,24,1.0,0.2917,0.0,0.0,0,0,,,,,0,0,2016,정상종료,완납,946,1068,300만원,24개월,0.25,남자,47세,기타,2110000.0,1010000.0,,69.0,24.0,0.0,0.0,0.0,1,2110000.0,1010000.0,1100000.0,1100000.0,3000000.0,24.0,187500.0,157552.08333333334,-912500.0,0.1704545454545454,0.0,-942447.9166666666,3,6.852242569051878,B120227-8,,,,,0,0,0,0,0,14.914122846632385,69.0,0.0,0.0,0.0,0,1,1,1,,,,26,0,0,0,0,0.3191489361702127,2.127659574468085,
B160812-9,4,3,1,1,0,4,200000.0,1,월,2,현 매출 발생중,26,8,7,0.8571,0.7143,0.1429,130.375,1043,1038,6.0,0.75,7.0,8.0,1,1,2016,연체중,손실,104,610,200만원,12개월,0.2,남자,47세,서비스업,2000000.0,1460000.0,,19.0,18.0,1.0,0.0,0.0,1,2000000.0,1460000.0,540000.0,540000.0,2000000.0,12.0,200000.0,184722.22222222225,-340000.0,0.3703703703703703,0.0,-355277.7777777777,9,4.6443908991413725,B160812-9,,,,,0,0,0,0,0,14.50865773852422,19.0,1.0,0.0,0.0,0,1,1,1,,,,26,0,0,0,0,0.0,0.0,
B160816-2,1,4,1,1,0,4,,0,,1,학원강사 월 400만,26,10,10,1.0,1.0,0.0,0.0,0,0,,,,,0,0,2016,정상종료,완납,416,453,500만원,24개월,0.25,남자,40세,사무직,4000000.0,2700000.0,,75.0,73.0,1.0,0.0,0.0,1,4000000.0,2700000.0,1300000.0,1300000.0,5000000.0,24.0,312500.0,262586.8055555556,-987500.0,0.2403846153846154,0.0,-1037413.1944444444,2,6.030685260261263,B130910-6,,,,,0,0,0,0,0,15.424948470398377,75.0,1.0,0.0,0.0,0,1,1,2,,,,26,0,0,0,0,0.0,0.0,
B160818-2,1,2,1,2,1,2,,0,,1,"가상급여, 취업 기대",26,12,12,0.9167,0.75,0.0833,0.083,1,1,3.0,0.25,4.0,,1,0,2016,정상종료,완납,561,2805,150만원,12개월,0.25,여자,44세,일용직,1950000.0,1830000.0,,36.0,31.0,18.0,0.0,0.0,1,1950000.0,1830000.0,120000.0,120000.0,1500000.0,12.0,156250.0,141927.08333333334,36250.0,1.3020833333333333,1.0,21927.083333333343,2,6.329720905522696,B101230-18,,,,,0,0,0,0,0,14.22097566607244,36.0,18.0,0.0,0.0,0,0,1,3,,,,26,0,0,0,0,0.1814882032667876,5.44464609800363,
B160819-1,2,2,3,1,0,2,,0,,1,의지 표명뿐,26,3,3,1.0,0.3333,0.0,0.0,0,0,,,,,0,0,2016,정상종료,완납,91,356,200만원,12개월,0.25,남자,40세,서비스업,2160000.0,1420000.0,,18.0,7.0,10.0,0.0,0.0,1,2160000.0,1420000.0,740000.0,740000.0,2000000.0,12.0,208333.3333333333,189236.1111111111,-531666.6666666667,0.2815315315315315,0.0,-550763.8888888889,1,4.51085950651685,B151210-4,,,,,0,0,0,0,0,14.50865773852422,18.0,10.0,0.0,0.0,0,1,2,1,,,,26,0,0,0,0,1.098901098901099,0.0,
B160819-4,2,5,4,4,1,3,,0,,2,내년1월 퇴직금대출 예정,26,8,8,1.0,0.125,0.0,0.0,0,0,,,,,0,0,2016,정상종료,완납,245,439,300만원,15개월,0.25,남자,46세,기타,4400000.0,3240000.0,,75.0,25.0,0.0,0.0,0.0,1,4400000.0,3240000.0,1160000.0,1160000.0,3000000.0,15.0,262500.0,233333.3333333333,-897500.0,0.2262931034482758,0.0,-926666.6666666667,4,5.501258210544727,B110118-31,event,False,,False,0,0,0,1,0,14.914122846632385,75.0,0.0,0.0,0.0,0,1,3,1,,,,26,1,0,1,0,0.0,12.34567901234568,
B160820-1,4,3,2,4,1,4,190000.0,1,월,1,"직장급여, 타대출 없음",26,8,7,0.4286,0.2857,0.5714,129.125,1033,1026,1.0,0.125,2.0,4.0,1,1,2016,연체중,손실,165,303,200만원,12개월,0.2,여자,33세,기술직,2000000.0,790000.0,,,,,,,1,2000000.0,790000.0,1210000.0,1210000.0,2000000.0,12.0,200000.0,184722.22222222225,-1010000.0,0.1652892561983471,0.0,-1025277.7777777778,1,5.10594547390058,B160820-1,,,,,0,0,0,0,0,14.50865773852422,0.0,0.0,0.0,0.0,1,0,1,1,,,,26,0,0,0,0,0.0,0.0,
B160822-1,2,4,3,3,1,5,,0,월,2,"세후 425만, 지출 320만",26,12,12,0.8333,0.6667,0.1667,0.417,5,4,5.0,0.417,7.0,,1,0,2016,정상종료,완납,353,535,200만원,12개월,0.25,남자,46세,기술직,4250000.0,3200000.0,,71.0,56.0,14.0,0.0,0.0,1,4250000.0,3200000.0,1050000.0,1050000.0,2000000.0,12.0,208333.3333333333,189236.1111111111,-841666.6666666667,0.1984126984126984,0.0,-860763.8888888889,1,5.8664680569332965,B100907-13,,,,,0,0,0,0,0,14.50865773852422,71.0,14.0,0.0,0.0,0,1,3,1,,,,26,0,0,0,0,0.0,2.849002849002849,
B160825-3,1,3,1,3,1,3,,0,,3,사업+부업 병행중,26,24,24,0.2083,0.0833,0.7917,1.375,33,4,1.0,0.042,4.0,5.0,1,0,2016,정상종료,완납,148,583,200만원,24개월,0.25,여자,45세,서비스업,4000000.0,2710000.0,,,,,,,1,4000000.0,2710000.0,1290000.0,1290000.0,2000000.0,24.0,125000.0,105034.72222222222,-1165000.0,0.0968992248062015,0.0,-1184965.2777777778,3,4.997212273764115,B160825-3,,,,,0,0,0,0,0,14.50865773852422,0.0,0.0,0.0,0.0,1,0,1,3,,,,26,0,0,0,0,0.6756756756756757,0.0,
B160826-1,1,4,1,1,0,5,,0,,1,월별 실수령 내역 제시,26,10,10,0.3,0.1,0.7,1.3,13,5,2.0,0.2,6.0,7.0,1,0,2016,정상종료,완납,289,254,200만원,12개월,0.25,남자,26세,영업직,5000000.0,2230000.0,,,,,,,1,5000000.0,2230000.0,2770000.0,2770000.0,2000000.0,12.0,208333.3333333333,189236.1111111111,-2561666.6666666665,0.0752105896510228,0.0,-2580763.888888889,1,5.666426688112432,B160826-1,,,,,0,0,0,0,0,14.50865773852422,0.0,0.0,0.0,0.0,1,1,1,1,,,,26,0,0,0,0,0.3584229390681003,0.0,
B160906-3,2,5,4,2,1,4,,0,월,4,신랑급여+부업 수입,26,9,9,1.0,0.6667,0.0,0.0,0,0,,,,,0,0,2016,정상종료,완납,612,2134,300만원,24개월,0.25,여자,39세,기타,1350000.0,1050000.0,,43.0,29.0,0.0,0.0,0.0,1,1350000.0,1050000.0,300000.0,300000.0,3000000.0,24.0,187500.0,157552.08333333334,-112500.0,0.625,0.0,-142447.91666666666,3,6.416732282512326,B140708-2,income,False,,False,0,1,0,0,0,14.914122846632385,43.0,0.0,0.0,0.0,0,0,2,2,,,,26,1,0,1,0,0.8169934640522877,1.6339869281045751,
B160915-1,5,5,3,5,1,5,300000.0,1,월,2,"신복위 9.1만 감액, 알바",26,36,36,0.9444,0.1389,0.0556,0.056,2,1,14.0,0.389,15.0,19.0,1,0,2016,정상종료,완납,745,462,800만원,36개월,0.2,남자,38세,영업직,2350000.0,1490000.0,,83.0,37.0,2.0,0.0,0.0,1,2350000.0,1490000.0,860000.0,860000.0,8000000.0,36.0,355555.5555555556,290740.7407407408,-504444.4444444444,0.41343669250646,0.0,-569259.2592592592,1,6.61338421837956,B111228-12,,,,,0,0,0,0,0,15.89495209964411,83.0,2.0,0.0,0.0,0,1,1,3,,,,26,0,0,0,0,0.0,6.747638326585696,
B160918-2,3,3,3,2,1,4,,0,월,1,급여 15만 인상,26,31,31,0.9677,0.6129,0.0323,0.032,1,1,4.0,0.129,5.0,,1,0,2016,정상종료,완납,311,446,700만원,36개월,0.25,남자,47세,사무직,2980000.0,2880000.0,,96.0,76.0,3.0,0.0,0.0,1,2980000.0,2880000.0,100000.0,100000.0,7000000.0,36.0,340277.7777777777,269386.57407407404,240277.7777777777,3.402777777777777,1.0,169386.57407407404,2,5.739792912179234,B110709-5,,,,,0,0,0,0,0,15.761420707019589,96.0,3.0,0.0,0.0,0,1,2,1,,,,26,0,0,0,0,0.0,0.0,
B160918-4,4,3,4,4,1,3,120000.0,1,월,2,연말 성과금 기대,26,24,24,0.9583,0.8333,0.0417,0.042,1,1,18.0,0.75,19.0,,1,0,2016,정상종료,완납,413,564,200만원,24개월,0.25,남자,37세,생산직,2700000.0,2090000.0,,,,,,,1,2700000.0,2090000.0,610000.0,610000.0,2000000.0,24.0,125000.0,105034.72222222222,-485000.0,0.2049180327868852,0.0,-504965.27777777775,4,6.023447592961033,B160918-4,income,False,,False,0,1,0,0,0,14.50865773852422,0.0,0.0,0.0,0.0,1,1,3,3,,,,26,1,0,1,0,0.0,2.493765586034913,
B160919-6,2,3,3,3,1,4,,0,월,1,동일 직장 1년 재직,26,10,10,0.7,0.2,0.3,1.2,12,7,4.0,0.4,5.0,8.0,1,0,2016,정상종료,완납,441,3034,200만원,12개월,0.25,여자,34세,사무직,1700000.0,1210000.0,,27.0,9.0,13.0,0.0,0.0,1,1700000.0,1210000.0,490000.0,490000.0,2000000.0,12.0,208333.3333333333,189236.1111111111,-281666.6666666667,0.4251700680272108,0.0,-300763.8888888889,6,6.089044875446846,B150907-4,,,,,1,0,0,0,0,14.50865773852422,27.0,13.0,0.0,0.0,0,0,4,1,income,,False,26,0,1,0,1,0.0,2.28310502283105,
B160922-1,1,3,1,1,0,3,,0,,1,가게 매출 개선,26,13,13,1.0,1.0,0.0,0.0,0,0,,,,,0,0,2016,정상종료,완납,97,363,200만원,15개월,0.25,남자,49세,서비스업,3500000.0,1550000.0,,30.0,29.0,2.0,0.0,0.0,1,3500000.0,1550000.0,1950000.0,1950000.0,2000000.0,15.0,175000.0,155555.55555555556,-1775000.0,0.0897435897435897,0.0,-1794444.4444444445,1,4.574710978503383,B151124-1,,,,,0,0,0,0,0,14.50865773852422,30.0,2.0,0.0,0.0,0,1,1,1,,,,26,0,0,0,0,0.0,0.0,
B161003-1,2,5,2,1,0,5,,0,,2,급여190만+주말알바,26,7,6,1.0,1.0,0.0,0.0,0,0,,,,,0,1,2016,정상종료,완납,312,369,100만원,12개월,0.25,남자,36세,기술직,2200000.0,1410000.0,,53.0,46.0,0.0,0.0,0.0,1,2200000.0,1410000.0,790000.0,790000.0,1000000.0,12.0,104166.66666666666,94618.05555555556,-685833.3333333334,0.1318565400843881,0.0,-695381.9444444445,1,5.7430031878094825,B151110-3,,,,,0,0,0,0,0,13.815510557964274,53.0,0.0,0.0,0.0,0,1,2,1,,,,26,0,0,0,0,0.0,0.0,
B161004-3,1,4,1,1,0,4,,0,,1,월급 280~320만,26,4,3,1.0,1.0,0.0,275.5,1102,1102,4.0,1.0,,,1,1,2016,연체중,손실,432,1543,250만원,24개월,0.25,남자,33세,기술직,3000000.0,2740000.0,,28.0,11.0,12.0,0.0,0.0,1,3000000.0,2740000.0,260000.0,260000.0,2500000.0,24.0,156250.0,131293.40277777778,-103750.0,0.6009615384615384,0.0,-128706.59722222222,3,6.068425588244111,B121030-3,,,,,0,0,0,0,0,14.73180128983843,28.0,12.0,0.0,0.0,0,1,1,1,,,,26,0,0,0,0,0.0,2.3255813953488373,
B161006-2,1,1,1,1,0,4,,0,,0,워크아웃 17개월 납부중,26,4,4,1.0,0.25,0.0,0.0,0,0,,,,,0,0,2016,정상종료,완납,47,204,200만원,24개월,0.25,남자,44세,기타,3410000.0,2440000.0,,12.0,5.0,0.0,0.0,0.0,1,3410000.0,2440000.0,970000.0,970000.0,2000000.0,24.0,125000.0,105034.72222222222,-845000.0,0.1288659793814432,0.0,-864965.2777777778,2,3.8501476017100575,B150821-3,,,,,0,0,0,0,0,14.50865773852422,12.0,0.0,0.0,0.0,0,1,1,1,,,,26,0,0,0,0,2.127659574468085,21.27659574468085,
B161010-1,1,3,2,1,0,4,,0,,1,"재직중, 회생 32회 납부",26,6,5,1.0,0.0,0.0,191.667,1150,1150,2.0,0.333,3.0,,1,1,2016,연체중,손실,206,910,200만원,12개월,0.25,남자,37세,기술직,2600000.0,1400000.0,,11.0,2.0,1.0,0.0,0.0,1,2600000.0,1400000.0,1200000.0,1200000.0,2000000.0,12.0,208333.3333333333,189236.1111111111,-991666.6666666667,0.1736111111111111,0.0,-1010763.8888888888,1,5.327876168789581,B160202-3,,,,,0,0,0,0,0,14.50865773852422,11.0,1.0,0.0,0.0,0,1,2,3,,,,26,0,0,0,0,0.0,4.854368932038835,
B161010-2,1,1,2,1,0,4,,0,,0,7회 성실상환 이력,26,24,24,1.0,0.9167,0.0,0.0,0,0,,,,,0,0,2016,정상종료,완납,204,360,500만원,36개월,0.25,여자,44세,사무직,1640000.0,1350000.0,,125.0,109.0,1.0,0.0,0.0,1,1640000.0,1350000.0,290000.0,290000.0,5000000.0,36.0,243055.5555555556,192418.98148148143,-46944.44444444441,0.8381226053639848,0.0,-97581.01851851855,2,5.318119993844216,B090817-7,,,,,0,0,0,0,0,15.424948470398377,125.0,1.0,0.0,0.0,0,0,2,1,,,,26,0,0,0,0,0.0,9.803921568627452,
B161011-1,2,5,1,1,0,5,,0,월,2,일용140만+연금60만,26,16,16,0.9375,0.25,0.0625,0.062,1,1,8.0,0.5,9.0,,1,0,2016,정상종료,완납,300,806,200만원,18개월,0.25,남자,40세,일용직,1400000.0,1050000.0,,38.0,13.0,1.0,0.0,0.0,1,1400000.0,1050000.0,350000.0,350000.0,2000000.0,18.0,152777.77777777778,133101.85185185185,-197222.22222222225,0.4365079365079365,0.0,-216898.1481481481,1,5.703782474656201,B161011-1,,,,,0,0,0,0,0,14.50865773852422,38.0,1.0,0.0,0.0,0,1,1,2,,,,26,0,0,0,0,0.0,0.0,
B161019-7,2,1,3,1,0,2,,0,,0,근거 없이 다짐,26,6,6,1.0,0.1667,0.0,0.0,0,0,,,,,0,0,2016,정상종료,완납,130,121,100만원,12개월,0.23,여자,32세,사무직,1300000.0,640000.0,,30.0,17.0,6.0,0.0,0.0,1,1300000.0,640000.0,660000.0,660000.0,1000000.0,12.0,102500.0,93715.27777777778,-557500.0,0.1553030303030303,0.0,-566284.7222222222,7,4.867534450455582,B151203-1,,,,,0,0,0,0,0,13.815510557964274,30.0,6.0,0.0,0.0,0,0,2,1,,,,26,0,0,0,0,0.7692307692307693,15.384615384615383,
B161025-1,1,5,1,1,0,5,,0,,3,급여190만 인상 증빙,26,7,7,1.0,0.1429,0.0,0.0,0,0,,,,,0,0,2016,정상종료,완납,522,804,200만원,24개월,0.25,여자,35세,기타,2400000.0,1660000.0,,32.0,12.0,1.0,0.0,0.0,1,2400000.0,1660000.0,740000.0,740000.0,2000000.0,24.0,125000.0,105034.72222222222,-615000.0,0.1689189189189189,0.0,-634965.2777777778,1,6.257667587882639,B150325-2,,,,,0,0,0,0,0,14.50865773852422,32.0,1.0,0.0,0.0,0,0,1,1,,,,26,0,0,0,0,0.3861003861003861,3.861003861003861,
B161029-1,1,5,1,1,0,5,,0,,2,한전협력사 10년 근속,26,22,22,1.0,0.5909,0.0,0.0,0,0,,,,,0,0,2016,정상종료,완납,349,216,300만원,24개월,0.25,남자,51세,기타,2800000.0,1970000.0,,77.0,43.0,3.0,0.0,0.0,1,2800000.0,1970000.0,830000.0,830000.0,3000000.0,24.0,187500.0,157552.08333333334,-642500.0,0.2259036144578313,0.0,-672447.9166666666,1,5.855071922202427,B111127-1,,,,,0,0,0,0,0,14.914122846632385,77.0,3.0,0.0,0.0,0,1,1,1,,,,26,0,0,0,0,0.5780346820809248,2.890173410404624,
B161102-1,2,4,3,2,1,4,,0,월,1,"알바70만, 신복위 유예",26,12,12,0.9167,0.0,0.0833,0.083,1,1,5.0,0.417,6.0,,1,0,2016,정상종료,완납,230,603,150만원,12개월,0.25,남자,40세,기타,700000.0,670000.0,,23.0,0.0,1.0,0.0,0.0,1,700000.0,670000.0,30000.0,30000.0,1500000.0,12.0,156250.0,141927.08333333334,126250.0,5.208333333333333,1.0,111927.08333333334,1,5.438079308923196,B161102-1,,,,,0,0,0,0,0,14.22097566607244,23.0,1.0,0.0,0.0,0,1,1,3,,,,26,0,0,0,0,0.0,0.0,
B161107-1,1,4,1,1,0,4,,0,,1,"세후170만, 대출내역",26,13,13,1.0,0.9231,0.0,0.0,0,0,,,,,0,0,2016,정상종료,완납,318,210,600만원,36개월,0.25,남자,46세,사무직,1700000.0,1640000.0,,88.0,82.0,0.0,0.0,0.0,1,1700000.0,1640000.0,60000.0,60000.0,6000000.0,36.0,291666.6666666666,230902.7777777777,231666.66666666663,4.861111111111111,1.0,170902.77777777772,1,5.762051382780177,B091130-1,,,,,0,0,0,0,0,15.60727002719233,88.0,0.0,0.0,0.0,0,1,1,1,,,,26,0,0,0,0,0.0,3.1446540880503147,
B161109-1,1,1,1,1,0,4,,0,,0,7년 상환 이력,26,29,23,1.0,0.0,0.0,36.724,1065,1065,4.0,0.138,5.0,,1,6,2016,연체중,손실,134,1365,500만원,24개월,0.25,여자,42세,기타,3500000.0,2670000.0,,103.0,49.0,3.0,0.0,0.0,1,3500000.0,2670000.0,830000.0,830000.0,5000000.0,24.0,312500.0,262586.8055555556,-517500.0,0.3765060240963855,0.0,-567413.1944444444,1,4.897839799950911,B091007-6,,,,,0,0,0,0,0,15.424948470398377,103.0,3.0,0.0,0.0,0,0,1,1,,,,26,0,0,0,0,0.0,7.751937984496124,
B161120-1,2,5,4,2,1,4,,0,월,2,일당100만+아들80만,26,19,18,1.0,0.9444,0.0,31.368,596,596,19.0,1.0,,,1,1,2016,연체중,손실,433,774,300만원,24개월,0.25,여자,54세,일용직,1800000.0,1690000.0,,54.0,47.0,0.0,0.0,0.0,1,1800000.0,1690000.0,110000.0,110000.0,3000000.0,24.0,187500.0,157552.08333333334,77500.0,1.7045454545454546,1.0,47552.08333333334,1,6.07073772800249,B100630-16,calendar,False,25.0,False,1,0,1,0,0,14.914122846632385,54.0,0.0,0.0,0.0,0,0,4,2,calendar,25.0,False,26,1,1,0,0,0.6993006993006993,0.0,
B161124-1,1,2,1,1,0,4,,0,,1,"저금리 전환, 상환액 감소",26,23,23,1.0,0.5652,0.0,0.0,0,0,,,,,0,0,2016,정상종료,완납,137,219,200만원,24개월,0.25,여자,32세,사무직,2000000.0,1210000.0,,33.0,15.0,2.0,0.0,0.0,1,2000000.0,1210000.0,790000.0,790000.0,2000000.0,24.0,125000.0,105034.72222222222,-665000.0,0.1582278481012658,0.0,-684965.2777777778,1,4.919980925828125,B150908-1,,,,,0,0,0,0,0,14.50865773852422,33.0,2.0,0.0,0.0,0,0,1,1,,,,26,0,0,0,0,0.0,0.0,
B161216-2,2,2,3,1,0,2,,0,,1,의지 표명뿐,26,3,3,0.6667,0.3333,0.3333,1.333,4,4,2.0,0.667,3.0,,1,0,2016,정상종료,완납,87,98,200만원,12개월,0.24,남자,40세,서비스업,2160000.0,1420000.0,,18.0,7.0,10.0,0.0,0.0,1,2160000.0,1420000.0,740000.0,740000.0,2000000.0,12.0,206666.66666666663,188333.3333333333,-533333.3333333334,0.2792792792792792,0.0,-551666.6666666667,2,4.465908118654584,B151210-4,,,,,0,0,0,0,0,14.50865773852422,18.0,10.0,0.0,0.0,0,1,2,1,,,,26,0,0,0,0,1.1494252873563218,0.0,
B170103-1,1,3,4,1,0,4,,0,,2,"8년 근속, 사택 거주",26,12,11,0.6364,0.0,0.3636,64.75,777,765,4.0,0.333,5.0,8.0,1,1,2017,연체중,손실,594,692,200만원,12개월,0.25,남자,41세,생산직,4550000.0,2980000.0,,14.0,2.0,6.0,0.0,0.0,1,4550000.0,2980000.0,1570000.0,1570000.0,2000000.0,12.0,208333.3333333333,189236.1111111111,-1361666.6666666667,0.1326963906581741,0.0,-1380763.888888889,1,6.386879319362645,B160302-2,income,False,,False,0,1,0,0,0,14.50865773852422,14.0,6.0,0.0,0.0,0,1,1,1,,,,26,1,0,1,0,0.1683501683501683,0.0,
B170106-2,1,5,1,1,0,5,,0,,3,급여220+투잡40~60,26,11,11,1.0,0.7273,0.0,0.0,0,0,,,,,0,0,2017,정상종료,완납,125,419,100만원,12개월,0.25,여자,31세,기타,2600000.0,1750000.0,,49.0,37.0,1.0,0.0,0.0,1,2600000.0,1750000.0,850000.0,850000.0,1000000.0,12.0,104166.66666666666,94618.05555555556,-745833.3333333334,0.1225490196078431,0.0,-755381.9444444445,2,4.8283137373023015,B150622-5,,,,,0,0,0,0,0,13.815510557964274,49.0,1.0,0.0,0.0,0,0,1,1,,,,26,0,0,0,0,0.0,0.0,
B170111-1,4,5,4,1,0,4,500000.0,1,일시,4,10년 근속+명절보너스,26,15,15,0.6,0.2667,0.4,1.8,27,6,3.0,0.2,9.0,,1,0,2017,정상종료,완납,461,438,350만원,15개월,0.25,여자,47세,간호사,2100000.0,1650000.0,,60.0,39.0,21.0,0.0,0.0,1,2100000.0,1650000.0,450000.0,450000.0,3500000.0,15.0,306250.0,272222.22222222225,-143750.0,0.6805555555555556,0.0,-177777.77777777775,1,6.133398042996649,B110110-1,income,False,,False,0,1,0,0,0,15.068273526459642,60.0,21.0,0.0,0.0,0,0,3,2,,,,26,1,0,1,0,2.169197396963124,4.338394793926248,
B170112-1,1,2,1,1,0,4,,0,,1,학교 행정직 재직,26,21,21,1.0,0.381,0.0,0.0,0,0,,,,,0,0,2017,정상종료,완납,256,321,250만원,21개월,0.25,남자,43세,공공기관,5000000.0,4020000.0,,92.0,45.0,3.0,0.0,0.0,1,5000000.0,4020000.0,980000.0,980000.0,2500000.0,21.0,171130.9523809524,146329.3650793651,-808869.0476190476,0.1746234207968902,0.0,-833670.6349206349,1,5.545177444479562,A071005-1,,,,,0,0,0,0,0,14.73180128983843,92.0,3.0,0.0,0.0,0,1,1,1,,,,26,0,0,0,0,0.398406374501992,3.98406374501992,
B170120-2,1,2,1,2,1,4,,0,,1,건설기술자 재직,26,4,4,0.5,0.25,0.5,0.5,2,1,2.0,0.5,4.0,,1,0,2017,정상종료,완납,92,118,150만원,12개월,0.25,남자,51세,기술직,3500000.0,2850000.0,,27.0,17.0,34.0,2.0,8.0,1,3500000.0,2850000.0,650000.0,650000.0,1500000.0,12.0,156250.0,141927.08333333334,-493750.0,0.2403846153846154,0.0,-508072.9166666666,2,4.5217885770490405,B110808-6,,,,,0,0,0,0,0,14.22097566607244,27.0,34.0,2.0,8.0,0,1,1,1,,,,26,0,0,0,0,0.0,0.0,
B170130-2,1,5,1,1,0,4,,0,,2,보험+오휘 월 230만,26,20,20,1.0,0.15,0.0,0.0,0,0,,,,,0,0,2017,정상종료,완납,324,315,400만원,24개월,0.25,여자,41세,보험설계사,2500000.0,1800000.0,,75.0,26.0,10.0,1.0,0.0,1,2500000.0,1800000.0,700000.0,700000.0,4000000.0,24.0,250000.0,210069.44444444444,-450000.0,0.3571428571428571,0.0,-489930.5555555556,2,5.780743515792329,B110303-8,,,,,0,0,0,0,0,15.201804919084164,75.0,10.0,1.0,0.0,0,0,1,1,,,,26,0,0,0,0,0.0,3.1847133757961785,
B170201-1,2,3,2,1,0,4,,0,,1,통신사업 매출 발생,26,4,3,0.6667,0.6667,0.3333,247.5,990,983,3.0,0.75,,,1,1,2017,연체중,손실,105,1092,300만원,4개월,0.25,남자,49세,서비스업,3500000.0,2530000.0,,30.0,29.0,2.0,0.0,0.0,1,3500000.0,2530000.0,970000.0,970000.0,3000000.0,4.0,812500.0,789062.5,-157500.0,0.8376288659793815,0.0,-180937.5,1,4.653960350157523,B151124-1,,,,,0,0,0,0,0,14.914122846632385,30.0,2.0,0.0,0.0,0,1,2,1,,,,26,0,0,0,0,1.9230769230769231,0.0,
B170202-4,2,1,2,1,0,1,,0,,0,근거 없음,26,12,12,1.0,1.0,0.0,0.0,0,0,,,,,0,0,2017,정상종료,완납,84,487,100만원,12개월,0.25,여자,41세,사무직,1500000.0,1280000.0,,57.0,53.0,0.0,0.0,0.0,1,1500000.0,1280000.0,220000.0,220000.0,1000000.0,12.0,104166.66666666666,94618.05555555556,-115833.33333333334,0.4734848484848484,0.0,-125381.94444444444,4,4.430816798843313,B140718-6,,,,,0,0,0,0,0,13.815510557964274,57.0,0.0,0.0,0.0,0,0,2,1,,,,26,0,0,0,0,0.0,23.809523809523807,
B170204-1,3,4,5,2,1,4,,0,월,1,월 실수익 120만,26,12,12,0.6667,0.25,0.3333,1.917,23,12,6.0,0.5,8.0,10.0,1,0,2017,정상종료,완납,159,450,200만원,12개월,0.2,남자,39세,학원,4200000.0,1090000.0,,15.0,5.0,9.0,0.0,0.0,1,4200000.0,1090000.0,3110000.0,3110000.0,2000000.0,12.0,200000.0,184722.22222222225,-2910000.0,0.0643086816720257,0.0,-2925277.777777778,1,5.068904202220232,B151105-2,calendar,False,,True,1,0,1,0,0,14.50865773852422,15.0,9.0,0.0,0.0,0,1,5,1,calendar,,True,26,1,1,0,0,0.0,0.0,
B170206-3,1,4,1,1,0,4,,0,,1,"실수령400만, 재직5개월",26,11,3,0.0,0.0,1.0,53.909,593,570,1.0,0.091,4.0,,1,8,2017,정상종료,완납,150,271,200만원,3개월,0.25,남자,45세,기타,4000000.0,3400000.0,,26.0,11.0,8.0,0.0,1.0,1,4000000.0,3400000.0,600000.0,600000.0,2000000.0,3.0,708333.3333333333,694444.4444444444,108333.33333333326,1.1805555555555554,1.0,94444.44444444438,3,5.010635294096256,B110523-5,,,,,0,0,0,0,0,14.50865773852422,26.0,8.0,0.0,1.0,0,1,1,1,,,,26,0,0,0,0,0.0,6.849315068493151,
B170222-1,4,2,1,1,0,4,100000.0,1,월,0,월 예산표에 팝펀딩 10만,26,10,10,1.0,0.8,0.0,0.0,0,0,,,,,0,0,2017,정상종료,완납,153,417,100만원,12개월,0.25,여자,44세,일용직,1450000.0,930000.0,,48.0,41.0,10.0,1.0,0.0,1,1450000.0,930000.0,520000.0,520000.0,1000000.0,12.0,104166.66666666666,94618.05555555556,-415833.3333333334,0.2003205128205128,0.0,-425381.9444444445,1,5.030437921392435,B131103-11,,,,,0,0,0,0,0,13.815510557964274,48.0,10.0,1.0,0.0,0,0,1,1,,,,26,0,0,0,0,0.0,0.0,
B170227-2,1,3,1,1,0,3,,0,,1,신랑 월급으로 상환,26,21,21,1.0,0.9524,0.0,0.0,0,0,,,,,0,0,2017,정상종료,완납,124,285,200만원,24개월,0.25,여자,39세,기타,2680000.0,1580000.0,,45.0,43.0,0.0,0.0,0.0,1,2680000.0,1580000.0,1100000.0,1100000.0,2000000.0,24.0,125000.0,105034.72222222222,-975000.0,0.1136363636363636,0.0,-994965.2777777778,2,4.820281565605037,B170227-2,,,,,0,0,0,0,0,14.50865773852422,45.0,0.0,0.0,0.0,0,0,1,2,,,,26,0,0,0,0,0.0,0.0,
B170228-2,2,3,1,1,0,4,,0,,2,아내급여+본인 용돈,26,16,16,1.0,0.0625,0.0,0.0,0,0,,,,,0,0,2017,정상종료,완납,102,255,200만원,18개월,0.25,남자,49세,공공기관,4800000.0,4230000.0,,44.0,3.0,1.0,0.0,0.0,1,4800000.0,4230000.0,570000.0,570000.0,2000000.0,18.0,152777.77777777778,133101.85185185185,-417222.2222222223,0.2680311890838207,0.0,-436898.14814814815,2,4.624972813284271,B151116-5,,,,,0,0,0,0,0,14.50865773852422,44.0,1.0,0.0,0.0,0,1,1,1,,,,26,0,0,0,0,0.0,9.803921568627452,
B170302-2,1,5,1,1,0,4,,0,,3,급여210만+상여,26,9,7,1.0,0.7143,0.0,0.0,0,0,,,,,0,2,2017,정상종료,완납,262,357,200만원,18개월,0.25,남자,36세,기술직,2300000.0,1460000.0,,53.0,46.0,0.0,0.0,0.0,1,2300000.0,1460000.0,840000.0,840000.0,2000000.0,18.0,152777.77777777778,133101.85185185185,-687222.2222222222,0.1818783068783069,0.0,-706898.1481481481,2,5.568344503761097,B151110-3,,,,,0,0,0,0,0,14.50865773852422,53.0,0.0,0.0,0.0,0,1,1,1,,,,26,0,0,0,0,0.0,7.751937984496124,
B170309-2,2,2,2,1,0,4,,0,,1,재직+과거 상환이력,26,22,12,0.1667,0.0,0.8333,33.273,732,671,2.0,0.091,3.0,4.0,1,10,2017,연체중,손실,152,413,500만원,36개월,0.25,여자,44세,은행원,2000000.0,1400000.0,,84.0,58.0,16.0,0.0,0.0,1,2000000.0,1400000.0,600000.0,600000.0,5000000.0,36.0,243055.5555555556,192418.98148148143,-356944.4444444444,0.4050925925925926,0.0,-407581.01851851854,2,5.0238805208462765,B101024-5,,,,,0,0,0,0,0,15.424948470398377,84.0,16.0,0.0,0.0,0,0,2,1,,,,26,0,0,0,0,0.0,6.622516556291391,
B170314-1,5,5,5,3,1,4,270000.0,1,월,2,"회생 5월 종료, 여유 확대",26,12,12,0.75,0.0,0.25,1.833,22,11,7.0,0.583,8.0,10.0,1,0,2017,정상종료,완납,851,1488,150만원,12개월,0.25,남자,42세,사무직,3990000.0,3590000.0,,44.0,23.0,28.0,0.0,0.0,1,3990000.0,3590000.0,400000.0,400000.0,1500000.0,12.0,156250.0,141927.08333333334,-243750.0,0.390625,0.0,-258072.91666666663,1,6.746412128573375,B120402-12,income,False,,False,0,1,0,0,0,14.22097566607244,44.0,28.0,0.0,0.0,0,1,1,1,,,,26,1,0,1,0,0.0,2.364066193853428,
B170326-1,2,2,3,1,0,2,,0,,1,의지 표명뿐,26,18,18,0.5,0.1111,0.5,2.5,45,11,10.0,0.556,,,1,0,2017,정상종료,완납,87,99,200만원,18개월,0.25,남자,40세,서비스업,2160000.0,1340000.0,,18.0,7.0,10.0,0.0,0.0,1,2160000.0,1340000.0,820000.0,820000.0,2000000.0,18.0,152777.77777777778,133101.85185185185,-667222.2222222222,0.1863143631436314,0.0,-686898.1481481481,1,4.465908118654584,B151210-4,,,,,0,0,0,0,0,14.50865773852422,18.0,10.0,0.0,0.0,0,1,2,1,,,,26,0,0,0,0,1.1494252873563218,0.0,
B170328-2,1,1,1,1,0,4,,0,,0,과거 상환 완료 이력,26,12,12,1.0,0.8333,0.0,0.0,0,0,,,,,0,0,2017,정상종료,완납,94,478,150만원,12개월,0.25,남자,53세,생산직,3000000.0,1980000.0,,53.0,25.0,13.0,0.0,0.0,1,3000000.0,1980000.0,1020000.0,1020000.0,1500000.0,12.0,156250.0,141927.08333333334,-863750.0,0.1531862745098039,0.0,-878072.9166666666,2,4.543294782270004,B110605-5,,,,,0,0,0,0,0,14.22097566607244,53.0,13.0,0.0,0.0,0,1,1,1,,,,26,0,0,0,0,0.0,0.0,
B170329-3,1,1,1,1,0,1,,0,,0,근거 없음,26,24,24,0.875,0.4167,0.125,0.167,4,2,6.0,0.25,7.0,18.0,1,0,2017,정상종료,완납,144,394,300만원,24개월,0.25,여자,42세,사무직,2230000.0,2090000.0,140000.0,49.0,19.0,5.0,0.0,0.0,1,2230000.0,2090000.0,140000.0,140000.0,3000000.0,24.0,187500.0,157552.08333333334,47500.0,1.3392857142857142,1.0,17552.083333333343,3,4.969813299576001,B140103-4,,,,,0,0,0,0,0,14.914122846632385,49.0,5.0,0.0,0.0,0,0,1,1,,,,26,0,0,0,0,0.0,6.944444444444444,
B170404-1,2,2,2,1,0,4,,0,,0,과거 성실상환 이력,26,20,20,1.0,0.1,0.0,0.0,0,0,,,,,0,0,2017,정상종료,완납,93,953,300만원,24개월,0.25,남자,50세,기타,4500000.0,4060000.0,,97.0,55.0,3.0,0.0,0.0,1,4500000.0,4060000.0,440000.0,440000.0,3000000.0,24.0,187500.0,157552.08333333334,-252500.0,0.4261363636363636,0.0,-282447.9166666666,1,4.532599493153256,B120621-9,,,,,0,0,0,0,0,14.914122846632385,97.0,3.0,0.0,0.0,0,1,2,1,,,,26,0,0,0,0,1.098901098901099,0.0,
B170412-3,2,1,2,1,0,3,,0,,0,과거 경매 이력 언급,26,15,15,0.7333,0.5333,0.2667,1.867,28,7,12.0,0.8,,,1,0,2017,정상종료,완납,162,344,300만원,15개월,0.25,남자,46세,기타,4000000.0,3040000.0,,67.0,62.0,4.0,0.0,0.0,1,4000000.0,3040000.0,960000.0,960000.0,3000000.0,15.0,262500.0,233333.3333333333,-697500.0,0.2734375,0.0,-726666.6666666667,3,5.087596335232384,B110418-14,,,,,0,0,0,0,0,14.914122846632385,67.0,4.0,0.0,0.0,0,1,2,1,,,,26,0,0,0,0,0.0,0.0,
B170417-1,2,3,1,1,0,4,,0,월,1,매월 급여 수령,26,14,14,1.0,0.9286,0.0,0.0,0,0,,,,,0,0,2017,정상종료,완납,85,598,200만원,15개월,0.25,여자,55세,사무직,1700000.0,1400000.0,300000.0,46.0,36.0,0.0,0.0,0.0,1,1700000.0,1400000.0,300000.0,300000.0,2000000.0,15.0,175000.0,155555.55555555556,-125000.0,0.5833333333333334,0.0,-144444.44444444444,1,4.442651256490317,B160226-3,,,,,0,0,0,0,0,14.50865773852422,46.0,0.0,0.0,0.0,0,0,1,1,,,,26,0,0,0,0,0.0,11.76470588235294,
B170419-3,2,1,3,2,1,2,,0,,0,근거 없이 의지,26,10,10,1.0,0.9,0.0,0.0,0,0,,,,,0,0,2017,정상종료,완납,208,406,200만원,18개월,0.25,여자,32세,사무직,1300000.0,880000.0,,30.0,17.0,6.0,0.0,0.0,1,1300000.0,880000.0,420000.0,420000.0,2000000.0,18.0,152777.77777777778,133101.85185185185,-267222.22222222225,0.3637566137566138,0.0,-286898.14814814815,3,5.337538079701318,B151203-1,,,,,0,0,0,0,0,14.50865773852422,30.0,6.0,0.0,0.0,0,0,2,1,,,,26,0,0,0,0,0.0,4.807692307692308,
B170423-2,2,4,4,5,1,4,,0,월,2,"주급31~33만, 5개월째",26,15,15,0.3333,0.2667,0.6667,8.133,122,23,4.0,0.267,7.0,8.0,1,0,2017,정상종료,완납,1551,958,200만원,15개월,0.25,여자,36세,일용직,1280000.0,1090000.0,,75.0,68.0,34.0,0.0,0.0,1,1280000.0,1090000.0,190000.0,190000.0,2000000.0,15.0,175000.0,155555.55555555556,-15000.0,0.9210526315789472,0.0,-34444.44444444444,2,7.346655163176539,B090924-10,income,True,,False,0,1,0,0,1,14.50865773852422,75.0,34.0,0.0,0.0,0,0,2,4,,,,26,1,0,1,0,0.0,1.9455252918287935,
B170429-1,3,4,3,1,0,5,,0,월,1,"실수령170, 여유 70만",26,2,1,0.0,0.0,1.0,483.5,967,954,1.0,0.5,,,1,1,2017,연체중,손실,381,1122,100만원,2개월,0.25,남자,33세,사무직,1700000.0,1030000.0,,,,,,,1,1700000.0,1030000.0,670000.0,670000.0,1000000.0,2.0,520833.3333333333,515625.0,-149166.6666666667,0.7773631840796019,0.0,-154375.0,1,5.942799375126701,B170429-1,,,,,0,0,0,0,0,13.815510557964274,0.0,0.0,0.0,0.0,1,1,2,1,,,,26,0,0,0,0,0.0,0.0,
B170506-2,1,3,2,1,0,3,,0,,1,학생 증가 기대,26,12,12,0.5833,0.0833,0.4167,1.5,18,7,2.0,0.167,3.0,7.0,1,0,2017,정상종료,완납,106,1012,150만원,12개월,0.25,여자,39세,기타,1700000.0,1200000.0,,8.0,1.0,18.0,0.0,0.0,1,1700000.0,1200000.0,500000.0,500000.0,1500000.0,12.0,156250.0,141927.08333333334,-343750.0,0.3125,0.0,-358072.9166666666,2,4.663439094112067,B170506-2,,,,,0,0,0,0,0,14.22097566607244,8.0,18.0,0.0,0.0,0,0,2,1,,,,26,0,0,0,0,0.9433962264150944,0.0,
B170508-2,1,3,4,1,0,3,,0,,2,"10일 출근확정, 신랑급여",26,3,3,1.0,1.0,0.0,0.0,0,0,,,,,0,0,2017,정상종료,완납,397,437,100만원,12개월,0.25,여자,38세,기타,3800000.0,3220000.0,,97.0,69.0,20.0,0.0,0.0,1,3800000.0,3220000.0,580000.0,580000.0,1000000.0,12.0,104166.66666666666,94618.05555555556,-475833.3333333334,0.1795977011494252,0.0,-485381.9444444445,2,5.983936280687191,A080107-2,income,False,,False,0,1,0,0,0,13.815510557964274,97.0,20.0,0.0,0.0,0,0,1,1,,,,26,1,0,1,0,0.0,7.556675062972292,
B170522-2,3,3,5,1,0,4,,0,월,1,8월 회생 종료 예정,26,12,12,1.0,1.0,0.0,0.0,0,0,,,,,0,0,2017,정상종료,완납,375,925,200만원,12개월,0.25,남자,50세,기타,3000000.0,2870000.0,,37.0,36.0,0.0,0.0,0.0,1,3000000.0,2870000.0,130000.0,130000.0,2000000.0,12.0,208333.3333333333,189236.1111111111,78333.33333333331,1.6025641025641024,1.0,59236.111111111095,2,5.926926025970411,B100217-14,income,False,,False,0,1,0,0,0,14.50865773852422,37.0,0.0,0.0,0.0,0,1,2,1,,,,26,1,0,1,0,0.0,2.680965147453083,
B170525-2,3,5,5,1,0,4,,0,월,3,7년차 정년보장 근무,26,13,13,1.0,1.0,0.0,0.0,0,0,,,,,0,0,2017,정상종료,완납,210,1580,200만원,15개월,0.25,여자,60세,기타,1790000.0,1610000.0,,49.0,46.0,0.0,0.0,0.0,1,1790000.0,1610000.0,180000.0,180000.0,2000000.0,15.0,175000.0,155555.55555555556,-5000.0,0.9722222222222222,0.0,-24444.44444444444,2,5.3471075307174685,B150804-3,income,False,17.0,False,1,1,0,0,0,14.50865773852422,49.0,0.0,0.0,0.0,0,0,4,1,income,17.0,False,26,1,1,0,1,0.9569377990430622,4.784688995215311,
B170525-3,1,4,1,1,0,5,,0,,1,현재 급여내역·회생인가,27,12,12,1.0,0.25,0.0,0.0,0,0,,,,,0,0,2017,정상종료,완납,542,698,100만원,12개월,0.25,여자,37세,사무직,2210000.0,1810000.0,,,,,,,1,2210000.0,1810000.0,400000.0,400000.0,1000000.0,12.0,104166.66666666666,94618.05555555556,-295833.3333333334,0.2604166666666666,0.0,-305381.94444444444,3,6.295266001439646,B170525-3,,,,,0,0,0,0,0,13.815510557964274,0.0,0.0,0.0,0.0,1,0,1,1,,,,27,0,0,0,1,0.0,0.0,
B170605-10,1,5,1,1,0,5,,0,,3,재직 급여·상여 명시,27,24,24,0.0417,0.0417,0.9583,25.625,615,33,1.0,0.042,18.0,19.0,1,0,2017,정상종료,완납,248,786,250만원,24개월,0.25,여자,46세,영업직,4500000.0,3770000.0,,54.0,45.0,31.0,5.0,0.0,1,4500000.0,3770000.0,730000.0,730000.0,2500000.0,24.0,156250.0,131293.40277777778,-573750.0,0.2140410958904109,0.0,-598706.5972222222,10,5.513428746164983,B110111-4,,,,,0,0,0,0,0,14.73180128983843,54.0,31.0,5.0,0.0,0,0,1,1,,,,27,0,0,0,0,2.459016393442623,0.0,
B170605-7,2,5,1,4,1,5,,0,,2,현재 부부 소득·지출 상세,27,24,24,0.7917,0.1667,0.2083,0.208,5,1,2.0,0.083,4.0,5.0,1,0,2017,정상종료,완납,888,1145,200만원,24개월,0.25,여자,52세,기타,3900000.0,3520000.0,,36.0,10.0,6.0,0.0,0.0,1,3900000.0,3520000.0,380000.0,380000.0,2000000.0,24.0,125000.0,105034.72222222222,-255000.0,0.3289473684210526,0.0,-274965.2777777777,7,6.78897174299217,A071012-1,,,,,0,0,0,0,0,14.50865773852422,36.0,6.0,0.0,0.0,0,0,1,1,,,,27,0,0,0,0,0.0,0.0,
B170613-5,1,2,1,3,1,4,,0,,0,재직·기대출 거치 사실,27,24,24,0.9167,0.375,0.0833,0.125,3,2,10.0,0.417,11.0,22.0,1,0,2017,정상종료,완납,326,713,500만원,24개월,0.25,여자,48세,사무직,4250000.0,3620000.0,,86.0,34.0,5.0,0.0,0.0,1,4250000.0,3620000.0,630000.0,630000.0,5000000.0,24.0,312500.0,262586.8055555556,-317500.0,0.496031746031746,0.0,-367413.1944444444,5,5.786897381366708,B110513-8,,,,,0,0,0,0,0,15.424948470398377,86.0,5.0,0.0,0.0,0,0,1,1,,,,27,0,0,0,0,0.0,3.067484662576687,
B170619-1,1,2,1,2,1,4,,0,,0,건설기술자 재직중,27,12,12,0.5833,0.1667,0.4167,1.75,21,7,2.0,0.167,4.0,5.0,1,0,2017,정상종료,완납,92,137,150만원,12개월,0.25,남자,51세,기술직,3800000.0,2700000.0,,27.0,17.0,34.0,2.0,8.0,1,3800000.0,2700000.0,1100000.0,1100000.0,1500000.0,12.0,156250.0,141927.08333333334,-943750.0,0.1420454545454545,0.0,-958072.9166666666,1,4.5217885770490405,B110808-6,,,,,0,0,0,0,0,14.22097566607244,27.0,34.0,2.0,8.0,0,1,1,1,,,,27,0,0,0,0,0.0,0.0,
B170621-1,2,3,3,1,0,4,,0,,1,현재 생활패턴 유지,27,12,12,1.0,0.25,0.0,0.0,0,0,,,,,0,0,2017,정상종료,완납,168,897,100만원,12개월,0.25,여자,52세,서비스업,1000000.0,700000.0,,25.0,9.0,0.0,0.0,0.0,1,1000000.0,700000.0,300000.0,300000.0,1000000.0,12.0,104166.66666666666,94618.05555555556,-195833.3333333333,0.3472222222222222,0.0,-205381.94444444444,1,5.123963979403259,B170621-1,,,,,0,0,0,0,0,13.815510557964274,25.0,0.0,0.0,0.0,0,0,3,1,,,,27,0,0,0,0,0.0,0.0,
B170626-4,2,2,1,1,0,4,,0,,0,현재 연체 없음 주장,27,8,7,0.2857,0.1429,0.7143,90.25,722,717,1.0,0.125,3.0,5.0,1,1,2017,연체중,손실,78,321,200만원,8개월,0.25,남자,39세,사무직,3120000.0,2290000.0,,13.0,8.0,6.0,0.0,0.0,1,3120000.0,2290000.0,830000.0,830000.0,2000000.0,8.0,291666.6666666667,273437.5,-538333.3333333333,0.3514056224899599,0.0,-556562.5,4,4.356708826689592,B160809-1,,,,,0,0,0,0,0,14.50865773852422,13.0,6.0,0.0,0.0,0,1,1,1,,,,27,0,0,0,0,0.0,0.0,
B170705-8,2,5,1,1,0,4,,0,,2,남편 급여·부업 시작,27,17,17,0.9412,0.5882,0.0588,0.059,1,1,8.0,0.471,9.0,,1,0,2017,정상종료,완납,306,1501,200만원,18개월,0.25,여자,37세,기타,,,,55.0,39.0,4.0,0.0,0.0,1,2750000.0,2020000.0,730000.0,730000.0,2000000.0,18.0,152777.77777777778,133101.85185185185,-577222.2222222222,0.2092846270928463,0.0,-596898.1481481481,8,5.723585101952381,B141227-3,,,,,0,0,0,0,0,14.50865773852422,55.0,4.0,0.0,0.0,0,0,1,1,,,,27,0,0,0,0,0.0,0.0,
B170711-2,2,3,5,4,1,3,,0,,2,시즌 영업 예상,27,14,14,0.8571,0.2143,0.1429,0.143,2,1,8.0,0.571,9.0,12.0,1,0,2017,정상종료,완납,339,522,300만원,15개월,0.25,남자,48세,서비스업,4800000.0,4050000.0,,90.0,38.0,21.0,4.0,0.0,1,4800000.0,4050000.0,750000.0,750000.0,3000000.0,15.0,262500.0,233333.3333333333,-487500.0,0.35,0.0,-516666.6666666667,2,5.82600010738045,B100225-11,income,False,,True,0,1,0,0,0,14.914122846632385,90.0,21.0,4.0,0.0,0,1,3,3,,,,27,1,0,1,0,1.1799410029498525,8.849557522123893,
B170731-2,1,4,1,1,0,4,,0,,1,현재 사업 매출 평균,27,15,15,0.9333,0.0667,0.0667,0.067,1,1,13.0,0.867,14.0,,1,0,2017,정상종료,완납,169,349,400만원,15개월,0.25,남자,45세,서비스업,15000000.0,14470000.0,,79.0,11.0,5.0,0.0,0.0,1,15000000.0,14470000.0,530000.0,530000.0,4000000.0,15.0,350000.0,311111.1111111111,-180000.0,0.660377358490566,0.0,-218888.88888888888,2,5.1298987149230735,B111207-18,,,,,0,0,0,0,0,15.201804919084164,79.0,5.0,0.0,0.0,0,1,1,1,,,,27,0,0,0,0,0.0,0.0,
B170807-4,1,5,1,2,1,5,,0,,2,부부 소득·지출 상세,27,18,18,1.0,0.5556,0.0,0.0,0,0,,,,,0,0,2017,정상종료,완납,538,624,300만원,18개월,0.25,여자,43세,기타,4700000.0,3320000.0,,73.0,48.0,0.0,0.0,0.0,1,,,,1380000.0,3000000.0,18.0,229166.66666666663,199652.7777777777,-1150833.3333333335,0.1660628019323671,0.0,-1180347.2222222222,4,6.2878585601617845,B110209-9,,,,,0,0,0,0,0,14.914122846632385,73.0,0.0,0.0,0.0,0,0,1,2,,,,27,0,0,0,0,0.3853564547206166,0.0,
B170817-3,1,1,1,2,1,1,,0,,0,근거 제시 없음,27,18,18,0.9444,0.3333,0.0556,0.056,1,1,7.0,0.389,8.0,,1,0,2017,정상종료,완납,55,372,200만원,18개월,0.25,여자,53세,기타,3900000.0,3290000.0,,77.0,35.0,7.0,0.0,0.0,1,,,,610000.0,2000000.0,18.0,152777.77777777778,133101.85185185185,-457222.2222222223,0.250455373406193,0.0,-476898.14814814815,3,4.007333185232471,B110401-6,,,,,0,0,0,0,0,14.50865773852422,77.0,7.0,0.0,0.0,0,0,1,2,,,,27,0,0,0,0,0.0,0.0,
B170905-1,2,4,2,1,0,5,,0,,1,학원 강사 연봉6000,27,8,8,1.0,1.0,0.0,0.0,0,0,,,,,0,0,2017,정상종료,완납,688,691,250만원,12개월,0.25,남자,40세,사무직,5000000.0,3840000.0,,75.0,73.0,1.0,0.0,0.0,1,,,,1160000.0,2500000.0,12.0,260416.6666666667,236545.1388888889,-899583.3333333333,0.2244971264367816,0.0,-923454.8611111112,1,6.533788837933344,B130910-6,,,,,0,0,0,0,0,14.73180128983843,75.0,1.0,0.0,0.0,0,1,1,1,,,,27,0,0,0,0,0.0,0.0,
B170911-2,1,5,1,1,0,5,,0,,2,부부 재직 급여 명시,27,8,8,1.0,1.0,0.0,0.0,0,0,,,,,0,0,2017,정상종료,완납,453,745,100만원,12개월,0.25,여자,38세,생산직,4300000.0,3720000.0,,97.0,69.0,20.0,0.0,0.0,1,,,,580000.0,1000000.0,12.0,104166.66666666666,94618.05555555556,-475833.3333333334,0.1795977011494252,0.0,-485381.9444444445,2,6.115892125483034,A080107-2,,,,,0,0,0,0,0,13.815510557964274,97.0,20.0,0.0,0.0,0,0,1,1,,,,27,0,0,0,0,0.2207505518763796,4.415011037527594,
B170918-5,2,5,3,3,1,3,,0,,2,신용상향 후 대출 기대,27,13,13,1.0,0.5385,0.0,0.0,0,0,,,,,0,0,2017,정상종료,완납,247,501,200만원,15개월,0.25,남자,46세,기타,4500000.0,3200000.0,,75.0,25.0,0.0,0.0,0.0,1,,,,1300000.0,2000000.0,15.0,175000.0,155555.55555555556,-1125000.0,0.1346153846153846,0.0,-1144444.4444444445,5,5.5093883366279774,B110118-31,,,,,0,0,0,0,0,14.50865773852422,75.0,0.0,0.0,0.0,0,1,3,1,,,,27,0,0,0,0,0.0,12.244897959183673,
B171010-4,2,5,1,2,1,5,,0,,2,과외·배우자 급여내역,27,15,15,0.4667,0.4,0.5333,5.333,80,29,5.0,0.333,6.0,8.0,1,0,2017,정상종료,완납,638,1256,300만원,15개월,0.25,남자,50세,기타,4500000.0,4070000.0,,100.0,82.0,21.0,0.0,0.0,1,,,,430000.0,3000000.0,15.0,262500.0,233333.3333333333,-167500.0,0.6104651162790697,0.0,-196666.6666666667,4,6.45833828334479,B091207-22,,,,,0,0,0,0,0,14.914122846632385,100.0,21.0,0.0,0.0,0,1,1,1,,,,27,0,0,0,0,0.0,4.716981132075471,
B171020-1,2,5,2,1,0,5,,0,,3,재직 급여 236만,27,13,12,1.0,0.9167,0.0,0.0,0,0,,,,,0,1,2017,정상종료,완납,337,491,200만원,21개월,0.25,남자,36세,기술직,2560000.0,1620000.0,,53.0,46.0,0.0,0.0,0.0,1,,,,940000.0,2000000.0,21.0,136904.7619047619,117063.49206349206,-803095.2380952381,0.1456433637284701,0.0,-822936.5079365079,1,5.820082930352362,B151110-3,,,,,0,0,0,0,0,14.50865773852422,53.0,0.0,0.0,0.0,0,1,2,1,,,,27,0,0,0,0,0.0,6.024096385542169,
B171021-3,1,5,1,1,0,4,,0,,2,이삿짐업 운영·알바중,27,10,9,0.1111,0.0,0.8889,69.5,695,533,2.0,0.2,,,1,1,2017,연체중,손실,442,1638,100만원,12개월,0.25,여자,34세,서비스업,9000000.0,8380000.0,,6.0,1.0,13.0,3.0,0.0,1,,,,620000.0,1000000.0,12.0,104166.66666666666,94618.05555555556,-515833.3333333334,0.168010752688172,0.0,-525381.9444444445,3,6.091309882077698,B160627-3,,,,,0,0,0,0,0,13.815510557964274,6.0,13.0,3.0,0.0,0,0,1,1,,,,27,0,0,0,0,0.228310502283105,4.5662100456621,
B171024-1,2,5,1,1,0,4,,0,,2,월소득 280·알바 50,27,18,18,1.0,0.6667,0.0,0.0,0,0,,,,,0,0,2017,정상종료,완납,202,1621,300만원,18개월,0.25,여자,38세,기타,2800000.0,2110000.0,,75.0,54.0,7.0,0.0,0.0,1,,,,690000.0,3000000.0,18.0,229166.66666666663,199652.7777777777,-460833.3333333334,0.3321256038647342,0.0,-490347.2222222223,1,5.308267697401205,B140711-2,,,,,0,0,0,0,0,14.914122846632385,75.0,7.0,0.0,0.0,0,0,1,1,,,,27,0,0,0,0,0.0,0.0,
B171121-2,2,5,2,1,0,4,,0,,2,월 140만 수령중,27,12,12,1.0,0.8333,0.0,0.0,0,0,,,,,0,0,2017,정상종료,완납,187,239,200만원,24개월,0.25,여자,47세,콜센터,1800000.0,1660000.0,,25.0,18.0,0.0,0.0,0.0,1,,,,140000.0,2000000.0,24.0,125000.0,105034.72222222222,-15000.0,0.8928571428571429,0.0,-34965.27777777778,2,5.231108616854587,B160602-2,,,,,0,0,0,0,0,14.50865773852422,25.0,0.0,0.0,0.0,0,0,2,1,,,,27,0,0,0,0,3.2085561497326207,5.347593582887701,
B171129-5,2,3,1,1,0,4,,0,,1,부부 소득·부채 상세,27,8,8,1.0,0.875,0.0,0.0,0,0,,,,,0,0,2017,정상종료,완납,635,612,200만원,12개월,0.25,남자,46세,기술직,5700000.0,3060000.0,,71.0,56.0,14.0,0.0,0.0,1,,,,2640000.0,2000000.0,12.0,208333.3333333333,189236.1111111111,-2431666.6666666665,0.0789141414141414,0.0,-2450763.888888889,5,6.453624998892692,B100907-13,,,,,0,0,0,0,0,14.50865773852422,71.0,14.0,0.0,0.0,0,1,1,1,,,,27,0,0,0,0,0.1584786053882725,3.169572107765452,
B171216-2,1,5,1,2,1,4,,0,,2,일용직 250~260 수입,27,12,12,1.0,0.4167,0.0,0.0,0,0,,,,,0,0,2017,정상종료,완납,209,731,150만원,12개월,0.25,여자,31세,일용직,3100000.0,1420000.0,,49.0,37.0,1.0,0.0,0.0,1,,,,1680000.0,1500000.0,12.0,156250.0,141927.08333333334,-1523750.0,0.0930059523809523,0.0,-1538072.9166666667,2,5.342334251964811,B150622-5,,,,,0,0,0,0,0,14.22097566607244,49.0,1.0,0.0,0.0,0,0,1,2,,,,27,0,0,0,0,0.0,9.569377990430622,
B171220-2,4,3,3,1,0,4,200000.0,1,월,1,회생중 지출 59만뿐,27,12,12,0.75,0.25,0.25,0.333,4,2,1.0,0.083,2.0,4.0,1,0,2017,정상종료,완납,335,2042,100만원,12개월,0.25,여자,34세,사무직,2000000.0,1170000.0,,27.0,9.0,13.0,0.0,0.0,1,,,,830000.0,1000000.0,12.0,104166.66666666666,94618.05555555556,-725833.3333333334,0.1255020080321285,0.0,-735381.9444444445,2,5.814130531825066,B150907-4,,,,,0,0,0,0,0,13.815510557964274,27.0,13.0,0.0,0.0,0,0,3,1,,,,27,0,0,0,0,0.0,3.003003003003003,
B171227-5,2,4,3,1,0,3,,0,,1,취업 내정 상태,27,2,2,1.0,1.0,0.0,0.0,0,0,,,,,0,0,2017,정상종료,완납,144,789,200만원,12개월,0.25,여자,30세,사무직,2300000.0,1670000.0,,7.0,6.0,1.0,0.0,0.0,1,,,,630000.0,2000000.0,12.0,208333.3333333333,189236.1111111111,-421666.6666666667,0.3306878306878306,0.0,-440763.8888888889,5,4.969813299576001,B140102-3,,,,,0,0,0,0,0,14.50865773852422,7.0,1.0,0.0,0.0,0,0,2,1,,,,27,0,0,0,0,0.0,0.0,
B180109-1,1,1,1,1,0,1,,0,,0,근거 없음,27,12,12,1.0,1.0,0.0,0.0,0,0,,,,,0,0,2018,정상종료,완납,134,267,100만원,12개월,0.25,여자,44세,일용직,2060000.0,1230000.0,,48.0,41.0,10.0,1.0,0.0,1,,,,830000.0,1000000.0,12.0,104166.66666666666,94618.05555555556,-725833.3333333334,0.1255020080321285,0.0,-735381.9444444445,1,4.897839799950911,B131103-11,,,,,0,0,0,0,0,13.815510557964274,48.0,10.0,1.0,0.0,0,0,1,1,,,,27,0,0,0,0,0.0,7.751937984496124,
B180322-1,1,1,2,1,0,1,,0,,0,근거 없음,27,23,23,1.0,1.0,0.0,0.0,0,0,,,,,0,0,2018,상환중,진행중,89,638,200만원,24개월,0.2,여자,41세,사무직,1700000.0,1240000.0,,57.0,53.0,0.0,0.0,0.0,1,,,,460000.0,2000000.0,24.0,116666.66666666666,100694.44444444444,-343333.3333333334,0.253623188405797,0.0,-359305.5555555556,1,4.48863636973214,B140718-6,,,,,0,0,0,0,0,14.50865773852422,57.0,0.0,0.0,0.0,0,0,2,1,,,,27,0,0,0,0,0.0,22.47191011235955,
B180327-2,2,1,3,2,1,2,,0,,0,회생 재신청중 다짐만,27,14,14,0.6429,0.3571,0.3571,3.571,50,16,8.0,0.571,13.0,,1,0,2018,정상종료,완납,192,287,200만원,24개월,0.22,여자,32세,사무직,1500000.0,940000.0,,30.0,17.0,6.0,0.0,0.0,1,,,,560000.0,2000000.0,24.0,120000.0,102430.55555555556,-440000.0,0.2142857142857142,0.0,-457569.4444444445,2,5.2574953720277815,B151203-1,,,,,0,0,0,0,0,14.50865773852422,30.0,6.0,0.0,0.0,0,0,2,2,,,,27,0,0,0,0,0.0,5.208333333333333,
B180404-1,2,4,2,1,0,5,,0,,1,학원 강사 연봉6000,27,5,5,1.0,1.0,0.0,0.0,0,0,,,,,0,0,2018,정상종료,완납,759,393,300만원,15개월,0.24,남자,40세,사무직,5000000.0,3600000.0,,75.0,73.0,1.0,0.0,0.0,1,,,,1400000.0,3000000.0,15.0,260000.0,232000.0,-1140000.0,0.1857142857142857,0.0,-1168000.0,1,6.63200177739563,B130910-6,,,,,0,0,0,0,0,14.914122846632385,75.0,1.0,0.0,0.0,0,1,1,1,,,,27,0,0,0,0,0.0,0.0,
B180409-2,2,5,2,2,1,4,,0,,2,본인 120만 수령중,27,2,2,1.0,1.0,0.0,0.0,0,0,,,,,0,0,2018,정상종료,완납,472,988,100만원,12개월,0.24,여자,39세,영업직,1500000.0,1340000.0,,43.0,29.0,0.0,0.0,0.0,1,,,,160000.0,1000000.0,12.0,103333.33333333331,94166.66666666666,-56666.666666666686,0.6458333333333333,0.0,-65833.33333333334,2,6.156978985585555,B140708-2,,,,,0,0,0,0,0,13.815510557964274,43.0,0.0,0.0,0.0,0,0,3,2,,,,27,0,0,0,0,0.6355932203389831,2.1186440677966103,
B180418-1,4,5,1,1,0,5,,0,,2,수입·지출 차액 90만,27,19,19,1.0,1.0,0.0,0.0,0,0,,,,,0,0,2018,정상종료,완납,287,1001,300만원,24개월,0.24,여자,49세,사무직,2400000.0,1830000.0,,78.0,51.0,0.0,0.0,0.0,1,,,,570000.0,3000000.0,24.0,185000.0,156250.0,-385000.0,0.3245614035087719,0.0,-413750.0,1,5.659482215759621,B101003-5,,,,,0,0,0,0,0,14.914122846632385,78.0,0.0,0.0,0.0,0,0,1,1,,,,27,0,0,0,0,0.0,0.0,
B180419-1,5,5,1,1,0,5,360000.0,1,월,2,급여320·지출내역 명시,27,12,11,1.0,1.0,0.0,0.0,0,0,,,,,0,1,2018,정상종료,완납,627,587,250만원,12개월,0.24,남자,54세,기타,3600000.0,390000.0,,114.0,90.0,4.0,0.0,0.0,1,,,,3210000.0,2500000.0,12.0,258333.3333333333,235416.6666666667,-2951666.6666666665,0.0804776739356178,0.0,-2974583.333333333,1,6.440946540632921,B100222-15,,,,,0,0,0,0,0,14.73180128983843,114.0,4.0,0.0,0.0,0,1,1,1,,,,27,0,0,0,0,0.0,0.0,
B180518-2,2,3,3,1,0,4,,0,,1,9년 급여 우선상환 관행,27,20,20,0.95,0.15,0.05,0.05,1,1,12.0,0.6,13.0,,1,0,2018,상환중,진행중,438,1297,400만원,24개월,0.24,남자,52세,기술직,4200000.0,4010000.0,,125.0,86.0,2.0,0.0,0.0,1,,,,190000.0,4000000.0,24.0,246666.66666666663,208333.3333333333,56666.66666666663,1.2982456140350875,1.0,18333.33333333332,2,6.082218910376446,B100111-15,,,,,1,0,0,0,0,15.201804919084164,125.0,2.0,0.0,0.0,0,1,4,1,income,,False,27,0,1,0,0,0.0,6.896551724137931,
B180530-4,2,3,2,1,0,4,,0,,2,병원 8년차 야간근무,27,20,20,0.85,0.45,0.15,0.15,3,1,14.0,0.7,16.0,20.0,1,0,2018,상환중,진행중,517,1443,300만원,24개월,0.24,여자,42세,기타,6000000.0,5560000.0,,90.0,71.0,15.0,1.0,0.0,1,,,,440000.0,3000000.0,24.0,185000.0,156250.0,-255000.0,0.4204545454545454,0.0,-283750.0,4,6.248042874508429,B100812-7,,,,,0,0,0,0,0,14.914122846632385,90.0,15.0,1.0,0.0,0,0,2,2,,,,27,0,0,0,0,0.0,0.0,
B180608-1,1,3,1,1,0,5,,0,,3,10년 재직·알바 병행,27,15,15,0.6,0.4,0.4,3.533,53,12,5.0,0.333,8.0,9.0,1,0,2018,정상종료,완납,298,513,300만원,15개월,0.24,여자,47세,간호사,2650000.0,2130000.0,,60.0,39.0,21.0,0.0,0.0,1,,,,520000.0,3000000.0,15.0,260000.0,232000.0,-260000.0,0.5,0.0,-288000.0,1,5.697093486505405,B110110-1,,,,,0,0,0,0,0,14.914122846632385,60.0,21.0,0.0,0.0,0,0,1,2,,,,27,0,0,0,0,0.6711409395973155,13.422818791946307,
B180620-1,1,1,1,1,0,1,,0,,0,근거 없음,27,12,12,0.0833,0.0,0.9167,3.167,38,6,2.0,0.167,,,1,0,2018,정상종료,완납,107,1083,100만원,12개월,0.24,여자,39세,기타,2450000.0,1650000.0,,8.0,1.0,18.0,0.0,0.0,1,,,,800000.0,1000000.0,12.0,103333.33333333331,94166.66666666666,-696666.6666666667,0.1291666666666666,0.0,-705833.3333333334,1,4.672828834461906,B170506-2,,,,,0,0,0,0,0,13.815510557964274,8.0,18.0,0.0,0.0,0,0,1,1,,,,27,0,0,0,0,0.0,46.72897196261682,
B180627-4,1,2,1,2,1,4,,0,,0,건설기술자 재직중,27,15,15,0.2,0.2,0.8,114.8,1722,304,4.0,0.267,,,1,0,2018,정상종료,완납,92,104,250만원,15개월,0.24,남자,51세,기술직,3800000.0,2700000.0,,27.0,17.0,34.0,2.0,8.0,1,,,,1100000.0,2500000.0,15.0,216666.66666666663,193333.3333333333,-883333.3333333334,0.1969696969696969,0.0,-906666.6666666667,4,4.5217885770490405,B110808-6,,,,,0,0,0,0,0,14.73180128983843,27.0,34.0,2.0,8.0,0,1,1,1,,,,27,0,0,0,0,0.0,0.0,
B180710-2,2,4,1,2,1,3,,0,,1,낙찰시 여유 80만 예상,27,2,2,1.0,0.5,0.0,0.0,0,0,,,,,0,0,2018,정상종료,완납,390,638,200만원,15개월,0.24,남자,46세,기술직,2200000.0,1910000.0,,89.0,36.0,28.0,0.0,0.0,1,,,,290000.0,2000000.0,15.0,173333.33333333334,154666.6666666667,-116666.66666666666,0.5977011494252874,0.0,-135333.3333333333,2,5.966146739123692,B100410-9,,,,,0,0,0,0,0,14.50865773852422,89.0,28.0,0.0,0.0,0,1,1,1,,,,27,0,0,0,0,0.2577319587628865,0.0,
B180712-1,2,3,1,1,0,4,,0,,1,배우자 급여로 생활중,27,12,12,0.9167,0.0833,0.0833,0.083,1,1,6.0,0.5,7.0,,1,0,2018,정상종료,완납,102,438,200만원,15개월,0.24,남자,49세,공공기관,5500000.0,4560000.0,,44.0,3.0,1.0,0.0,0.0,1,,,,940000.0,2000000.0,15.0,173333.33333333334,154666.6666666667,-766666.6666666666,0.1843971631205674,0.0,-785333.3333333333,1,4.624972813284271,B151116-5,,,,,0,0,0,0,0,14.50865773852422,44.0,1.0,0.0,0.0,0,1,1,1,,,,27,0,0,0,0,0.0,9.803921568627452,
B180730-4,1,5,1,2,1,5,,0,,2,부부 소득 450만,27,12,12,0.6667,0.0833,0.3333,0.333,4,1,9.0,0.75,,,1,0,2018,정상종료,완납,390,878,100만원,12개월,0.2,여자,38세,기타,4500000.0,3750000.0,,27.0,7.0,5.0,0.0,0.0,1,,,,750000.0,1000000.0,12.0,100000.0,92361.11111111112,-650000.0,0.1333333333333333,0.0,-657638.8888888889,4,5.966146739123692,B150515-3,,,,,0,0,0,0,0,13.815510557964274,27.0,5.0,0.0,0.0,0,0,1,1,,,,27,0,0,0,0,0.0,0.0,
B180807-1,4,4,1,2,1,4,,0,월,1,부부 소득·부채 상세,27,12,12,1.0,0.9167,0.0,0.0,0,0,,,,,0,0,2018,정상종료,완납,427,305,100만원,12개월,0.24,남자,46세,기술직,6700000.0,2970000.0,,71.0,56.0,14.0,0.0,0.0,1,,,,3730000.0,1000000.0,12.0,103333.33333333331,94166.66666666666,-3626666.6666666665,0.0277033065236818,0.0,-3635833.3333333335,1,6.056784013228625,B100907-13,,,,,0,0,0,0,0,13.815510557964274,71.0,14.0,0.0,0.0,0,1,2,2,,,,27,0,0,0,0,0.0,0.0,
B180816-2,2,4,2,1,0,5,,0,,1,정규직 연봉 5200,27,13,13,1.0,1.0,0.0,0.0,0,0,,,,,0,0,2018,정상종료,완납,166,910,250만원,15개월,0.24,남자,50세,기타,3500000.0,3400000.0,,37.0,36.0,0.0,0.0,0.0,1,,,,100000.0,2500000.0,15.0,216666.66666666663,193333.3333333333,116666.66666666664,2.166666666666666,1.0,93333.33333333331,2,5.111987788356544,B100217-14,,,,,0,0,0,0,0,14.73180128983843,37.0,0.0,0.0,0.0,0,1,2,1,,,,27,0,0,0,0,0.0,0.0,
B180824-3,1,5,1,1,0,5,,0,,3,10년 재직 검침업무,27,18,18,1.0,0.6667,0.0,0.0,0,0,,,,,0,0,2018,상환중,진행중,203,253,300만원,24개월,0.24,남자,51세,기타,3250000.0,1970000.0,,77.0,43.0,3.0,0.0,0.0,1,,,,1280000.0,3000000.0,24.0,185000.0,156250.0,-1095000.0,0.14453125,0.0,-1123750.0,3,5.313205979041787,B111127-1,,,,,0,0,0,0,0,14.914122846632385,77.0,3.0,0.0,0.0,0,1,1,1,,,,27,0,0,0,0,0.9950248756218906,0.0,
B180827-1,2,4,1,1,0,5,,0,,1,매출 4천만·수수료18%,27,17,17,0.3529,0.1765,0.6471,5.235,89,12,5.0,0.294,6.0,8.0,1,0,2018,상환중,진행중,248,1511,300만원,24개월,0.24,여자,50세,생산직,3500000.0,2690000.0,,28.0,16.0,11.0,0.0,0.0,1,,,,810000.0,3000000.0,24.0,185000.0,156250.0,-625000.0,0.228395061728395,0.0,-653750.0,1,5.513428746164983,B111103-26,,,,,0,0,0,0,0,14.914122846632385,28.0,11.0,0.0,0.0,0,0,1,1,,,,27,0,0,0,0,0.0,0.0,
B180829-5,2,5,4,1,0,3,,0,,2,9월 이직 예정 급여,27,11,3,1.0,1.0,0.0,36.818,405,405,4.0,0.364,5.0,,1,8,2018,연체중,손실,341,832,200만원,24개월,0.24,여자,35세,기타,2200000.0,1750000.0,,32.0,12.0,1.0,0.0,0.0,1,,,,450000.0,2000000.0,24.0,123333.33333333331,104166.66666666666,-326666.6666666667,0.274074074074074,0.0,-345833.3333333334,5,5.831882477283517,B150325-2,income,False,,False,0,1,0,0,0,14.50865773852422,32.0,1.0,0.0,0.0,0,0,2,1,,,,27,1,0,1,0,0.2932551319648094,0.0,
B180831-3,2,4,2,1,0,5,,0,,1,학원 강사 연봉6000,27,4,4,1.0,1.0,0.0,0.0,0,0,,,,,0,0,2018,정상종료,완납,747,699,350만원,15개월,0.24,남자,40세,사무직,5000000.0,3900000.0,,75.0,73.0,1.0,0.0,0.0,1,,,,1100000.0,3500000.0,15.0,303333.3333333334,270666.6666666667,-796666.6666666666,0.2757575757575758,0.0,-829333.3333333333,3,6.616065185132817,B130910-6,,,,,0,0,0,0,0,15.068273526459642,75.0,1.0,0.0,0.0,0,1,1,1,,,,27,0,0,0,0,0.0,0.0,
B180904-10,1,1,1,1,0,3,,0,,0,과거 상환이력만 언급,27,9,8,0.875,0.125,0.125,28.444,256,247,8.0,0.889,,,1,1,2018,연체중,손실,94,386,300만원,18개월,0.24,남자,53세,생산직,3200000.0,2180000.0,,53.0,25.0,13.0,0.0,0.0,1,,,,1020000.0,3000000.0,18.0,226666.66666666663,198333.3333333333,-793333.3333333334,0.2222222222222221,0.0,-821666.6666666667,10,4.543294782270004,B110605-5,,,,,0,0,0,0,0,14.914122846632385,53.0,13.0,0.0,0.0,0,1,1,1,,,,27,0,0,0,0,0.0,0.0,
B180907-1,1,3,1,3,1,4,,0,,1,남편 급여로 생활중,27,12,12,0.3333,0.1667,0.6667,3.0,36,10,3.0,0.25,5.0,7.0,1,0,2018,정상종료,완납,581,601,100만원,12개월,0.24,여자,37세,기타,3100000.0,2410000.0,,28.0,12.0,42.0,5.0,0.0,1,,,,690000.0,1000000.0,12.0,103333.33333333331,94166.66666666666,-586666.6666666667,0.1497584541062801,0.0,-595833.3333333334,1,6.364750756851911,B091118-8,,,,,0,0,0,0,0,13.815510557964274,28.0,42.0,5.0,0.0,0,0,1,3,,,,27,0,0,0,0,0.0,15.625,
B180910-2,1,3,1,3,1,3,,0,,2,밀린 급여 수령 기대,27,11,11,1.0,0.3636,0.0,0.0,0,0,,,,,0,0,2018,정상종료,완납,531,934,100만원,12개월,0.24,남자,40세,일용직,1600000.0,980000.0,,38.0,13.0,1.0,0.0,0.0,1,,,,620000.0,1000000.0,12.0,103333.33333333331,94166.66666666666,-516666.6666666667,0.1666666666666666,0.0,-525833.3333333334,2,6.274762021241939,B161011-1,,,,,0,0,0,0,0,13.815510557964274,38.0,1.0,0.0,0.0,0,1,1,3,,,,27,0,0,0,0,0.0,0.0,
B180914-1,2,3,3,2,1,3,,0,,1,스키시즌 개장 기대,27,15,15,0.3333,0.0,0.6667,13.2,198,39,4.0,0.267,5.0,7.0,1,0,2018,상환지연중,진행중,256,495,300만원,15개월,0.24,남자,48세,서비스업,5200000.0,4500000.0,,90.0,38.0,21.0,4.0,0.0,1,,,,700000.0,3000000.0,15.0,260000.0,232000.0,-440000.0,0.3714285714285714,0.0,-468000.0,1,5.545177444479562,B100225-11,,,,,0,0,0,0,0,14.914122846632385,90.0,21.0,4.0,0.0,0,1,3,1,,,,27,0,0,0,0,2.734375,3.90625,
B180920-4,2,3,1,1,0,4,,0,,3,매월 급여·식대 수령,27,12,12,0.3333,0.1667,0.6667,1.583,19,4,1.0,0.083,2.0,3.0,1,0,2018,정상종료,완납,52,211,100만원,12개월,0.24,남자,40세,기술직,3500000.0,2730000.0,,,,,,,1,,,,770000.0,1000000.0,12.0,103333.33333333331,94166.66666666666,-666666.6666666667,0.1341991341991341,0.0,-675833.3333333334,4,3.951243718581428,B180920-4,,,,,0,0,0,0,0,13.815510557964274,0.0,0.0,0.0,0.0,1,1,1,1,,,,27,0,0,0,0,0.0,0.0,
B180928-5,2,4,2,1,0,5,,0,,1,월급여 310·회생완납,27,12,12,0.0833,0.0,0.9167,6.75,81,13,2.0,0.167,,,1,0,2018,정상종료,완납,255,1008,100만원,12개월,0.24,남자,39세,사무직,3100000.0,2560000.0,,,,,,,1,,,,540000.0,1000000.0,12.0,103333.33333333331,94166.66666666666,-436666.6666666667,0.191358024691358,0.0,-445833.3333333334,5,5.541263545158426,B180928-5,,,,,0,0,0,0,0,13.815510557964274,0.0,0.0,0.0,0.0,1,1,2,1,,,,27,0,0,0,0,0.0,8.032128514056224,
B181004-2,1,5,1,1,0,5,,0,,1,부부 월수입 510만,27,16,16,1.0,1.0,0.0,0.0,0,0,,,,,0,0,2018,상환중,진행중,70,629,600만원,24개월,0.24,여자,45세,사무직,5100000.0,4570000.0,,101.0,95.0,0.0,0.0,0.0,1,,,,530000.0,6000000.0,24.0,370000.0,312500.0,-160000.0,0.6981132075471698,0.0,-217500.0,2,4.248495242049359,B110311-6,,,,,0,0,0,0,0,15.60727002719233,101.0,0.0,0.0,0.0,0,0,1,1,,,,27,0,0,0,0,0.0,0.0,
B181015-4,1,4,1,1,0,5,,0,,1,세후 급여 170만,27,15,15,1.0,0.8667,0.0,0.0,0,0,,,,,0,0,2018,상환중,진행중,137,184,300만원,24개월,0.24,남자,46세,사무직,1700000.0,1510000.0,,88.0,82.0,0.0,0.0,0.0,1,,,,190000.0,3000000.0,24.0,185000.0,156250.0,-5000.0,0.9736842105263158,0.0,-33750.0,4,4.919980925828125,B091130-1,,,,,0,0,0,0,0,14.914122846632385,88.0,0.0,0.0,0.0,0,1,1,1,,,,27,0,0,0,0,0.0,0.0,
B181018-1,1,1,2,2,1,3,,0,,0,과거 8회 상환이력,27,12,12,1.0,0.8333,0.0,0.0,0,0,,,,,0,0,2018,정상종료,완납,203,579,300만원,24개월,0.24,여자,44세,사무직,1740000.0,1460000.0,,125.0,109.0,1.0,0.0,0.0,1,,,,280000.0,3000000.0,24.0,185000.0,156250.0,-95000.0,0.6607142857142857,0.0,-123750.0,1,5.313205979041787,B090817-7,,,,,0,0,0,0,0,14.914122846632385,125.0,1.0,0.0,0.0,0,0,2,1,,,,27,0,0,0,0,0.0,9.852216748768472,
B181023-8,2,4,2,4,1,4,,0,,1,주급 35~37만 근무중,27,15,15,0.3333,0.2667,0.6667,2.067,31,11,4.0,0.267,12.0,13.0,1,0,2018,상환지연중,진행중,1558,1686,250만원,15개월,0.24,여자,36세,일용직,1450000.0,750000.0,,75.0,68.0,34.0,0.0,0.0,1,,,,700000.0,2500000.0,15.0,216666.66666666663,193333.3333333333,-483333.3333333334,0.3095238095238095,0.0,-506666.6666666667,8,7.351158226430694,B090924-10,,,,,0,0,0,0,0,14.73180128983843,75.0,34.0,0.0,0.0,0,0,1,3,,,,27,0,0,0,0,0.064516129032258,1.2903225806451613,
B181025-5,2,5,4,3,1,3,,0,,2,내년 신용상향 후 대출,27,11,11,1.0,0.9091,0.0,0.0,0,0,,,,,0,0,2018,정상종료,완납,304,520,200만원,15개월,0.24,남자,46세,,,,,75.0,25.0,0.0,0.0,0.0,1,,,,,2000000.0,15.0,173333.33333333334,154666.6666666667,,,,,5,5.717027701406222,B110118-31,event,False,17.0,False,0,0,0,1,0,14.50865773852422,75.0,0.0,0.0,0.0,0,1,3,1,,,,27,1,0,1,0,0.0,9.933774834437086,
B181105-1,2,1,1,1,0,3,,0,,0,과거 상환 우선순위,27,15,15,1.0,0.1333,0.0,0.0,0,0,,,,,0,0,2018,상환중,진행중,225,435,300만원,21개월,0.22,여자,51세,사무직,3500000.0,2880000.0,,50.0,9.0,5.0,0.0,0.0,1,,,,620000.0,3000000.0,21.0,197857.14285714287,171666.6666666667,-422142.8571428572,0.3191244239631337,0.0,-448333.3333333333,1,5.41610040220442,B120904-13,,,,,0,0,0,0,0,14.914122846632385,50.0,5.0,0.0,0.0,0,0,1,1,,,,27,0,0,0,0,0.0,8.88888888888889,
B181108-5,1,5,1,1,0,5,,0,,2,부부 재직 급여 명시,27,8,8,1.0,0.875,0.0,0.0,0,0,,,,,0,0,2018,정상종료,완납,418,662,100만원,12개월,0.24,여자,38세,생산직,4300000.0,3920000.0,,97.0,69.0,20.0,0.0,0.0,1,,,,380000.0,1000000.0,12.0,103333.33333333331,94166.66666666666,-276666.6666666667,0.2719298245614034,0.0,-285833.3333333334,5,6.035481432524756,A080107-2,,,,,0,0,0,0,0,13.815510557964274,97.0,20.0,0.0,0.0,0,0,1,1,,,,27,0,0,0,0,0.0,4.784688995215311,
B181113-11,1,2,1,1,0,4,,0,,0,맞벌이 사실만,27,14,14,1.0,0.9286,0.0,0.0,0,0,,,,,0,0,2018,상환중,진행중,40,624,300만원,24개월,0.24,여자,39세,사무직,4430000.0,2830000.0,,45.0,43.0,0.0,0.0,0.0,1,,,,1600000.0,3000000.0,24.0,185000.0,156250.0,-1415000.0,0.115625,0.0,-1443750.0,11,3.688879454113936,B170227-2,,,,,0,0,0,0,0,14.914122846632385,45.0,0.0,0.0,0.0,0,0,1,1,,,,27,0,0,0,0,0.0,0.0,
B181127-1,1,4,1,1,0,5,,0,,1,급여 200·지출 분담,27,14,14,0.8571,0.2143,0.1429,3.643,51,30,4.0,0.286,6.0,,1,0,2018,상환중,진행중,407,1661,400만원,21개월,0.24,여자,41세,기타,2000000.0,1660000.0,,75.0,26.0,10.0,1.0,0.0,1,,,,340000.0,4000000.0,21.0,270476.1904761905,232380.9523809524,-69523.80952380953,0.7955182072829131,0.0,-107619.0476190476,1,6.008813185442595,B110303-8,,,,,0,0,0,0,0,15.201804919084164,75.0,10.0,1.0,0.0,0,0,1,1,,,,27,0,0,0,0,0.2469135802469135,7.407407407407407,
B181128-2,1,5,4,1,0,4,,0,,2,2년8개월 재직·인상예정,27,12,12,0.9167,0.8333,0.0833,0.083,1,1,4.0,0.333,5.0,,1,0,2018,정상종료,완납,268,245,100만원,12개월,0.24,여자,42세,사무직,1650000.0,800000.0,,,,,,,1,,,,850000.0,1000000.0,12.0,103333.33333333331,94166.66666666666,-746666.6666666667,0.1215686274509803,0.0,-755833.3333333334,2,5.5909869805108565,B181128-2,income,False,,False,0,1,0,0,0,13.815510557964274,0.0,0.0,0.0,0.0,1,0,1,1,,,,27,1,0,1,0,0.3731343283582089,0.0,
B181130-1,5,4,3,3,1,5,10000.0,1,,1,일당 7만5천 수령중,27,14,14,0.9286,0.8571,0.0714,0.071,1,1,4.0,0.286,5.0,,1,0,2018,상환중,진행중,175,549,300만원,24개월,0.24,여자,31세,일용직,3300000.0,1630000.0,,49.0,37.0,1.0,0.0,0.0,1,,,,1670000.0,3000000.0,24.0,185000.0,156250.0,-1485000.0,0.1107784431137724,0.0,-1513750.0,1,5.1647859739235145,B150622-5,,,,,1,0,0,0,0,14.914122846632385,49.0,1.0,0.0,0.0,0,0,4,1,income,,False,27,0,1,0,0,0.0,5.714285714285714,
B181205-3,2,5,4,1,0,5,,0,,3,8년차 근무 고용안정,27,14,14,1.0,1.0,0.0,0.0,0,0,,,,,0,0,2018,상환중,진행중,211,893,200만원,15개월,0.24,여자,60세,기타,1990000.0,1860000.0,,49.0,46.0,0.0,0.0,0.0,1,,,,130000.0,2000000.0,15.0,173333.33333333334,154666.6666666667,43333.33333333334,1.3333333333333337,1.0,24666.66666666669,3,5.351858133476067,B150804-3,income,False,17.0,False,1,1,0,0,0,14.50865773852422,49.0,0.0,0.0,0.0,0,0,4,1,income,17.0,False,27,1,1,0,1,0.9523809523809524,4.761904761904763,
B181211-1,1,5,1,1,0,5,,0,,3,남편 일당·알바 수입,27,14,14,1.0,0.6429,0.0,0.0,0,0,,,,,0,0,2018,상환중,진행중,321,666,250만원,21개월,0.24,여자,37세,기타,,,,55.0,39.0,4.0,0.0,0.0,1,,,,,2500000.0,21.0,169047.61904761905,145238.09523809524,,,,,1,5.771441123130016,B181211-1,,,,,0,0,0,0,0,14.73180128983843,55.0,4.0,0.0,0.0,0,0,1,1,,,,27,0,0,0,0,0.0,0.0,
B181224-2,2,4,2,1,0,5,,0,,1,학원 강사 연봉6000,27,14,14,1.0,0.9286,0.0,0.0,0,0,,,,,0,0,2018,상환중,진행중,679,982,600만원,24개월,0.24,남자,40세,사무직,5000000.0,3900000.0,,75.0,73.0,1.0,0.0,0.0,1,,,,1100000.0,6000000.0,24.0,370000.0,312500.0,-730000.0,0.3363636363636363,0.0,-787500.0,2,6.520621127558696,B130910-6,,,,,0,0,0,0,0,15.60727002719233,75.0,1.0,0.0,0.0,0,1,1,1,,,,27,0,0,0,0,0.0,0.0,
B181226-6,1,3,1,2,1,4,,0,,1,무직·대리운전 중,27,13,13,0.7692,0.1538,0.2308,1.538,20,18,5.0,0.385,8.0,,1,0,2018,상환중,진행중,412,617,300만원,24개월,0.24,남자,37세,운전직,2000000.0,1110000.0,,32.0,22.0,4.0,0.0,0.0,1,,,,890000.0,3000000.0,24.0,185000.0,156250.0,-705000.0,0.2078651685393258,0.0,-733750.0,6,6.021023349349527,B160918-4,,,,,0,0,0,0,0,14.914122846632385,32.0,4.0,0.0,0.0,0,1,1,2,,,,27,0,0,0,0,0.0,14.88833746898263,
B181227-1,2,4,1,2,1,3,,0,,1,낙찰시 여유 120만 예상,27,9,8,1.0,0.75,0.0,0.0,0,0,,,,,0,1,2018,정상종료,완납,391,548,200만원,21개월,0.24,남자,46세,기술직,2200000.0,1420000.0,,89.0,36.0,28.0,0.0,0.0,1,,,,780000.0,2000000.0,21.0,135238.09523809524,116190.47619047618,-644761.9047619047,0.1733821733821733,0.0,-663809.5238095238,1,5.968707559985366,B100410-9,,,,,0,0,0,0,0,14.50865773852422,89.0,28.0,0.0,0.0,0,1,1,1,,,,27,0,0,0,0,0.0,2.577319587628866,
B190102-3,3,5,4,5,1,5,,0,월,3,10년 재직·월급내역,27,11,10,0.3,0.1,0.7,27.727,305,76,2.0,0.182,8.0,10.0,1,1,2019,상환지연중,진행중,828,1744,100만원,12개월,0.24,여자,42세,기술직,2300000.0,2060000.0,,18.0,7.0,19.0,7.0,0.0,1,,,,240000.0,1000000.0,12.0,103333.33333333331,94166.66666666666,-136666.6666666667,0.4305555555555554,0.0,-145833.33333333334,3,6.71901315438526,B100401-13,income,True,25.0,False,1,1,0,0,1,13.815510557964274,18.0,19.0,7.0,0.0,0,0,4,5,income,25.0,False,27,1,1,0,1,0.1213592233009708,1.2135922330097086,
B190103-5,2,3,4,1,0,4,,0,,1,25일 급여일·회생신청,27,12,12,0.3333,0.0833,0.6667,6.333,76,15,4.0,0.333,12.0,,1,0,2019,상환중,진행중,204,896,150만원,12개월,0.24,여자,40세,기타,2290000.0,1950000.0,,,,,,,1,,,,340000.0,1500000.0,12.0,155000.0,141250.0,-185000.0,0.4558823529411764,0.0,-198750.0,5,5.318119993844216,B190103-5,income,False,25.0,False,0,1,0,0,0,14.22097566607244,0.0,0.0,0.0,0.0,1,0,1,2,,,,27,1,0,1,1,0.9803921568627452,0.0,
B190113-1,2,3,1,2,1,3,,0,,1,고정월급 생길 기대,27,12,12,0.5833,0.0,0.4167,1.083,13,6,2.0,0.167,3.0,5.0,1,0,2019,상환중,진행중,98,790,100만원,12개월,0.24,남자,42세,운전직,2000000.0,1900000.0,,13.0,0.0,10.0,0.0,0.0,1,,,,100000.0,1000000.0,12.0,103333.33333333331,94166.66666666666,3333.333333333314,1.0333333333333332,1.0,-5833.333333333343,1,4.584967478670572,B160201-2,,,,,0,0,0,0,0,13.815510557964274,13.0,10.0,0.0,0.0,0,1,3,2,,,,27,0,0,0,0,0.0,0.0,
B190115-2,2,5,2,1,0,5,,0,,3,"재직 236만원, 무연체 이력",28,14,13,1.0,1.0,0.0,0.0,0,0,,,,,0,1,2019,상환중,진행중,337,317,200만원,24개월,0.24,남자,36세,기술직,2560000.0,1600000.0,,53.0,46.0,0.0,0.0,0.0,1,,,,960000.0,2000000.0,24.0,123333.33333333331,104166.66666666666,-836666.6666666667,0.1284722222222222,0.0,-855833.3333333334,2,5.820082930352362,B151110-3,,,,,0,0,0,0,0,14.50865773852422,53.0,0.0,0.0,0.0,0,1,2,1,,,,28,0,0,0,0,0.0,6.024096385542169,
B190211-2,3,3,2,1,0,4,,0,월,2,연금·봉급 수령중,28,12,12,1.0,0.5833,0.0,0.0,0,0,,,,,0,0,2019,상환중,진행중,112,108,200만원,24개월,0.24,남자,58세,사무직,4070000.0,3980000.0,,30.0,11.0,20.0,0.0,0.0,1,,,,90000.0,2000000.0,24.0,123333.33333333331,104166.66666666666,33333.333333333314,1.3703703703703702,1.0,14166.666666666655,2,4.718498871295094,B100312-8,,,,,0,0,0,0,0,14.50865773852422,30.0,20.0,0.0,0.0,0,1,3,2,,,,28,0,0,0,0,0.0,0.0,
B190221-20,1,1,1,1,0,2,,0,,0,택배 전직 기대뿐,28,11,11,0.8182,0.4545,0.1818,0.182,2,1,5.0,0.455,7.0,,1,0,2019,상환중,진행중,662,902,300만원,24개월,0.24,남자,42세,운전직,4800000.0,3710000.0,,62.0,26.0,8.0,0.0,0.0,1,,,,1090000.0,3000000.0,24.0,185000.0,156250.0,-905000.0,0.1697247706422018,0.0,-933750.0,20,6.495265555937008,B120328-15,,,,,0,0,0,0,0,14.914122846632385,62.0,8.0,0.0,0.0,0,1,1,1,,,,28,0,0,0,0,0.0,12.084592145015106,
B190224-2,3,4,4,1,0,4,,0,월,1,매월 급여 210만원,28,11,11,1.0,0.2727,0.0,0.0,0,0,,,,,0,0,2019,상환중,진행중,170,594,200만원,12개월,0.24,남자,56세,사무직,2100000.0,1650000.0,,19.0,3.0,17.0,0.0,0.0,1,,,,450000.0,2000000.0,12.0,206666.66666666663,188333.3333333333,-243333.33333333337,0.4592592592592592,0.0,-261666.6666666667,2,5.135798437050262,B081231-6,income,False,10.0,False,0,1,0,0,0,14.50865773852422,19.0,17.0,0.0,0.0,0,1,2,1,,,,28,1,0,1,0,0.0,0.0,
B190225-2,5,4,5,1,0,4,147000.0,1,월,1,실수령 370만 급여,28,11,11,0.2727,0.2727,0.7273,7.0,77,18,2.0,0.182,10.0,,1,0,2019,상환중,진행중,351,1341,200만원,18개월,0.24,남자,50세,사무직,3800000.0,3120000.0,,23.0,8.0,8.0,0.0,0.0,1,,,,680000.0,2000000.0,18.0,151111.11111111112,132222.22222222222,-528888.8888888889,0.2222222222222222,0.0,-547777.7777777778,2,5.860786223465865,B151204-1,income,False,,False,0,1,0,0,0,14.50865773852422,23.0,8.0,0.0,0.0,0,1,3,1,,,,28,1,0,1,0,0.0,2.857142857142857,
B190304-4,2,5,1,1,0,4,,0,,2,부부 월 750만 소득,28,11,11,0.9091,0.8182,0.0909,0.818,9,9,11.0,1.0,,,1,0,2019,상환중,진행중,393,1532,600만원,24개월,0.24,여자,43세,보험설계사,7500000.0,5670000.0,,125.0,120.0,0.0,0.0,0.0,1,,,,1830000.0,6000000.0,24.0,370000.0,312500.0,-1460000.0,0.2021857923497267,0.0,-1517500.0,4,5.973809611869261,B090406-6,,,,,0,0,0,0,0,15.60727002719233,125.0,0.0,0.0,0.0,0,0,1,1,,,,28,0,0,0,0,0.0,0.0,
B190311-2,5,5,1,1,0,5,300000.0,1,월,2,급여320만·11회 상환이력,28,11,11,1.0,1.0,0.0,0.0,0,0,,,,,0,0,2019,상환중,진행중,614,568,300만원,15개월,0.24,남자,54세,운전직,3600000.0,1740000.0,,114.0,90.0,4.0,0.0,0.0,1,,,,1860000.0,3000000.0,15.0,260000.0,232000.0,-1600000.0,0.1397849462365591,0.0,-1628000.0,2,6.419994928147142,B100222-15,,,,,0,0,0,0,0,14.914122846632385,114.0,4.0,0.0,0.0,0,1,1,1,,,,28,0,0,0,0,0.0,0.0,
B190324-1,3,4,4,1,0,4,,0,월,1,매월5일 급여 130~140,28,6,6,1.0,0.8333,0.0,0.0,0,0,,,,,0,0,2019,정상종료,완납,230,195,100만원,12개월,0.24,여자,26세,사무직,1300000.0,460000.0,,,,,,,1,,,,840000.0,1000000.0,12.0,103333.33333333331,94166.66666666666,-736666.6666666667,0.123015873015873,0.0,-745833.3333333334,1,5.438079308923196,B190324-1,income,False,5.0,False,0,1,0,0,0,13.815510557964274,0.0,0.0,0.0,0.0,1,0,3,1,,,,28,1,0,1,0,0.4424778761061947,4.424778761061947,
B190326-1,2,5,2,1,0,4,,0,,2,월170만 수령+알바,28,7,7,1.0,1.0,0.0,0.0,0,0,,,,,0,0,2019,정상종료,완납,162,268,200만원,24개월,0.24,여자,47세,기타,2100000.0,2010000.0,,25.0,18.0,0.0,0.0,0.0,1,,,,90000.0,2000000.0,24.0,123333.33333333331,104166.66666666666,33333.333333333314,1.3703703703703702,1.0,14166.666666666655,1,5.087596335232384,B160602-2,,,,,0,0,0,0,0,14.50865773852422,25.0,0.0,0.0,0.0,0,0,2,1,,,,28,0,0,0,0,3.1055900621118013,6.211180124223602,
B190329-3,2,4,2,1,0,4,,0,,1,과외 월400만 수입,28,10,9,0.0,0.0,1.0,8.7,87,14,1.0,0.1,,,1,1,2019,상환중,진행중,297,635,100만원,12개월,0.24,여자,39세,서비스업,4000000.0,3320000.0,,,,,,,1,,,,680000.0,1000000.0,12.0,103333.33333333331,94166.66666666666,-576666.6666666667,0.1519607843137254,0.0,-585833.3333333334,3,5.6937321388027,B190329-3,,,,,0,0,0,0,0,13.815510557964274,0.0,0.0,0.0,0.0,1,0,1,1,,,,28,0,0,0,0,0.0,13.468013468013469,
B190420-2,3,1,2,1,0,4,,0,월,0,과거 성실상환 이력,28,6,6,1.0,0.3333,0.0,0.0,0,0,,,,,0,0,2019,정상종료,완납,92,471,300만원,24개월,0.24,남자,50세,기타,4500000.0,3950000.0,,97.0,55.0,3.0,0.0,0.0,1,,,,550000.0,3000000.0,24.0,185000.0,156250.0,-365000.0,0.3363636363636363,0.0,-393750.0,2,4.5217885770490405,B120621-9,,,,,0,0,0,0,0,14.914122846632385,97.0,3.0,0.0,0.0,0,1,3,1,,,,28,0,0,0,0,0.0,0.0,
B190501-2,2,3,5,1,0,2,,0,일시,1,향후 사업자대출 기대,28,9,9,1.0,1.0,0.0,0.0,0,0,,,,,0,0,2019,상환중,진행중,64,349,300만원,24개월,0.24,여자,44세,서비스업,2600000.0,2160000.0,,48.0,41.0,10.0,1.0,0.0,1,,,,440000.0,3000000.0,24.0,185000.0,156250.0,-255000.0,0.4204545454545454,0.0,-283750.0,2,4.158883083359672,B131103-11,event,False,,True,0,0,0,1,0,14.914122846632385,48.0,10.0,1.0,0.0,0,0,3,1,,,,28,1,0,1,0,0.0,0.0,
B190508-5,1,3,1,1,0,4,,0,,1,음식배달업 근무중,28,9,9,1.0,0.8889,0.0,0.0,0,0,,,,,0,0,2019,상환중,진행중,212,350,500만원,24개월,0.24,남자,47세,운전직,2800000.0,2330000.0,,96.0,76.0,3.0,0.0,0.0,1,,,,470000.0,5000000.0,24.0,308333.3333333334,260416.6666666667,-161666.66666666663,0.6560283687943264,0.0,-209583.3333333333,5,5.356586274672012,B110709-5,,,,,0,0,0,0,0,15.424948470398377,96.0,3.0,0.0,0.0,0,1,1,1,,,,28,0,0,0,0,0.0,0.0,
B190515-2,1,1,1,1,0,1,,0,,0,근거 없음,28,8,8,1.0,0.5,0.0,0.0,0,0,,,,,0,0,2019,상환중,진행중,48,549,100만원,12개월,0.24,남자,29세,기타,1400000.0,1030000.0,,,,,,,1,,,,370000.0,1000000.0,12.0,103333.33333333331,94166.66666666666,-266666.6666666667,0.2792792792792792,0.0,-275833.3333333334,2,3.871201010907891,B190515-2,,,,,0,0,0,0,0,13.815510557964274,0.0,0.0,0.0,0.0,1,1,1,1,,,,28,0,0,0,0,0.0,0.0,
B190523-3,2,5,3,1,0,3,,0,,2,호프집 오픈 후 수입기대,28,7,7,1.0,0.5714,0.0,0.0,0,0,,,,,0,0,2019,정상종료,완납,73,742,300만원,15개월,0.23,여자,38세,기타,4000000.0,3450000.0,,75.0,54.0,7.0,0.0,0.0,1,,,,550000.0,3000000.0,15.0,257500.0,230666.66666666663,-292500.0,0.4681818181818182,0.0,-319333.3333333334,3,4.290459441148391,B140711-2,,,,,0,0,0,0,0,14.914122846632385,75.0,7.0,0.0,0.0,0,0,1,1,,,,28,0,0,0,0,0.0,0.0,
B190529-5,1,1,1,1,0,4,,0,,0,과거 조기상환 이력,28,8,8,0.75,0.125,0.25,0.5,4,3,5.0,0.625,6.0,7.0,1,0,2019,상환중,진행중,291,651,200만원,24개월,0.24,남자,43세,기타,4000000.0,3350000.0,,92.0,45.0,3.0,0.0,0.0,1,,,,650000.0,2000000.0,24.0,123333.33333333331,104166.66666666666,-526666.6666666667,0.1897435897435897,0.0,-545833.3333333334,5,5.673323267171493,A071005-1,,,,,0,0,0,0,0,14.50865773852422,92.0,3.0,0.0,0.0,0,1,1,1,,,,28,0,0,0,0,0.3496503496503496,10.48951048951049,
B190607-1,2,2,1,1,0,4,,0,,1,무연체·매일 근로중,28,8,8,1.0,1.0,0.0,0.0,0,0,,,,,0,0,2019,상환중,진행중,764,878,300만원,24개월,0.24,남자,44세,기술직,5000000.0,4810000.0,,57.0,44.0,1.0,0.0,0.0,1,,,,190000.0,3000000.0,24.0,185000.0,156250.0,-5000.0,0.9736842105263158,0.0,-33750.0,1,6.638567789166521,B110523-11,,,,,0,0,0,0,0,14.914122846632385,57.0,1.0,0.0,0.0,0,1,1,1,,,,28,0,0,0,0,0.2621231979030144,2.6212319790301444,
B190701-3,1,3,4,1,0,5,,0,,1,2년째 재직중,28,7,7,1.0,0.4286,0.0,0.0,0,0,,,,,0,0,2019,상환중,진행중,40,434,100만원,12개월,0.24,여자,43세,사무직,2200000.0,1280000.0,,,,,,,1,,,,920000.0,1000000.0,12.0,103333.33333333331,94166.66666666666,-816666.6666666667,0.1123188405797101,0.0,-825833.3333333334,3,3.688879454113936,B190701-3,income,False,5.0,False,0,1,0,0,0,13.815510557964274,0.0,0.0,0.0,0.0,1,0,1,1,,,,28,1,0,1,0,0.0,0.0,
B190718-2,2,3,1,1,0,4,,0,,2,아내 재직·생활비 담당,28,6,6,1.0,0.1667,0.0,0.0,0,0,,,,,0,0,2019,상환중,진행중,102,682,300만원,24개월,0.24,남자,49세,공공기관,5100000.0,4100000.0,,44.0,3.0,1.0,0.0,0.0,1,,,,1000000.0,3000000.0,24.0,185000.0,156250.0,-815000.0,0.185,0.0,-843750.0,2,4.624972813284271,B151116-5,,,,,0,0,0,0,0,14.914122846632385,44.0,1.0,0.0,0.0,0,1,1,1,,,,28,0,0,0,0,0.0,9.803921568627452,
B190719-4,3,5,3,1,0,4,,0,월,2,급여190·남편150 수입,28,7,7,1.0,1.0,0.0,0.0,0,0,,,,,0,0,2019,상환중,진행중,259,325,150만원,12개월,0.24,여자,50세,기타,3400000.0,2200000.0,,51.0,51.0,0.0,0.0,0.0,1,,,,1200000.0,1500000.0,12.0,155000.0,141250.0,-1045000.0,0.1291666666666666,0.0,-1058750.0,4,5.556828061699537,B120116-5,,,,,1,0,0,0,0,14.22097566607244,51.0,0.0,0.0,0.0,0,0,4,1,event,,False,28,0,1,0,0,0.0,0.0,
B190725-1,5,5,5,1,0,5,210000.0,1,월,2,실수령166.8만 재직,28,6,6,1.0,1.0,0.0,0.0,0,0,,,,,0,0,2019,상환중,진행중,803,331,200만원,12개월,0.24,남자,42세,사무직,1670000.0,1010000.0,,61.0,60.0,4.0,0.0,0.0,1,,,,660000.0,2000000.0,12.0,206666.66666666663,188333.3333333333,-453333.3333333334,0.3131313131313131,0.0,-471666.6666666667,1,6.688354713946762,B081208-5,income,True,15.0,True,1,1,0,0,1,14.50865773852422,61.0,4.0,0.0,0.0,0,1,5,1,income,15.0,True,28,1,1,0,1,0.0,0.0,
B190826-1,2,3,4,1,0,4,,0,월,1,매월10일 급여일,28,5,5,1.0,0.6,0.0,0.0,0,0,,,,,0,0,2019,상환중,진행중,37,553,200만원,12개월,0.24,남자,45세,사무직,4000000.0,3210000.0,,,,,,,1,,,,790000.0,2000000.0,12.0,206666.66666666663,188333.3333333333,-583333.3333333334,0.2616033755274261,0.0,-601666.6666666667,1,3.610917912644224,B190826-1,income,False,10.0,False,0,1,0,0,0,14.50865773852422,0.0,0.0,0.0,0.0,1,1,1,1,,,,28,1,0,1,1,0.0,0.0,10.0
B190830-7,2,5,4,1,0,3,,0,,2,월200 예정·장려금 예정,28,5,5,0.2,0.2,0.8,5.0,25,10,2.0,0.4,,,1,0,2019,상환중,진행중,136,1034,100만원,12개월,0.24,여자,25세,서비스업,1800000.0,1050000.0,,,,,,,1,,,,750000.0,1000000.0,12.0,103333.33333333331,94166.66666666666,-646666.6666666667,0.1377777777777777,0.0,-655833.3333333334,7,4.912654885736052,B190830-7,event,False,,False,0,0,0,1,0,13.815510557964274,0.0,0.0,0.0,0.0,1,0,3,1,,,,28,1,0,1,0,0.0,0.0,
B190903-3,5,5,5,1,0,5,120000.0,1,월,2,부부 실수령 480만,28,5,5,1.0,1.0,0.0,0.0,0,0,,,,,0,0,2019,상환중,진행중,698,674,200만원,24개월,0.24,여자,38세,사무직,4800000.0,4280000.0,,28.0,16.0,1.0,0.0,0.0,1,,,,520000.0,2000000.0,24.0,123333.33333333331,104166.66666666666,-396666.6666666667,0.2371794871794871,0.0,-415833.3333333334,3,6.548219102762372,B140214-3,income,False,,False,0,1,0,0,0,14.50865773852422,28.0,1.0,0.0,0.0,0,0,1,2,,,,28,1,0,1,0,0.0,4.322766570605188,
B190905-6,2,1,4,1,0,4,,0,,0,미납없는 상환이력,28,5,5,1.0,1.0,0.0,0.0,0,0,,,,,0,0,2019,상환중,진행중,74,204,100만원,12개월,0.24,여자,37세,사무직,2300000.0,2110000.0,,16.0,7.0,0.0,0.0,0.0,1,,,,190000.0,1000000.0,12.0,103333.33333333331,94166.66666666666,-86666.66666666669,0.5438596491228069,0.0,-95833.33333333334,6,4.30406509320417,B170525-3,calendar,False,,False,1,0,1,0,0,13.815510557964274,16.0,0.0,0.0,0.0,0,0,4,1,calendar,,False,28,1,1,0,0,0.0,0.0,
B190909-12,1,3,3,1,0,3,,0,,2,강사 재직·과외 예정,28,4,4,1.0,0.0,0.0,0.0,0,0,,,,,0,0,2019,상환중,진행중,102,226,100만원,12개월,0.24,여자,31세,기타,1300000.0,700000.0,,15.0,0.0,0.0,0.0,0.0,1,,,,600000.0,1000000.0,12.0,103333.33333333331,94166.66666666666,-496666.6666666667,0.1722222222222222,0.0,-505833.3333333334,12,4.624972813284271,B151221-1,,,,,0,0,0,0,0,13.815510557964274,15.0,0.0,0.0,0.0,0,0,1,1,,,,28,0,0,0,0,0.0,0.0,
B190920-1,1,3,1,1,0,5,,0,,3,10년째 근무·알바중,28,4,4,1.0,0.75,0.0,0.0,0,0,,,,,0,0,2019,상환중,진행중,298,249,300만원,15개월,0.24,여자,47세,간호사,2650000.0,2130000.0,,60.0,39.0,21.0,0.0,0.0,1,,,,520000.0,3000000.0,15.0,260000.0,232000.0,-260000.0,0.5,0.0,-288000.0,1,5.697093486505405,B110110-1,,,,,0,0,0,0,0,14.914122846632385,60.0,21.0,0.0,0.0,0,0,1,2,,,,28,0,0,0,0,0.6711409395973155,13.422818791946307,
B191014-3,5,5,5,2,1,5,100000.0,1,월,3,5년재직 급여320만,28,3,3,1.0,1.0,0.0,0.0,0,0,,,,,0,0,2019,상환중,진행중,1069,994,100만원,12개월,0.24,남자,42세,사무직,5100000.0,4750000.0,,44.0,23.0,28.0,0.0,0.0,1,,,,350000.0,1000000.0,12.0,103333.33333333331,94166.66666666666,-246666.6666666667,0.2952380952380952,0.0,-255833.3333333333,3,6.974478911025045,B120402-12,event,False,,False,1,0,0,1,0,13.815510557964274,44.0,28.0,0.0,0.0,0,1,4,2,event,,False,28,1,1,0,0,0.0,0.9407337723424272,
B191015-3,2,5,1,1,0,5,,0,,2,2년재직·부부소득,28,4,4,1.0,0.75,0.0,0.0,0,0,,,,,0,0,2019,상환중,진행중,414,471,150만원,12개월,0.24,여자,38세,생산직,4500000.0,3970000.0,,97.0,69.0,20.0,0.0,0.0,1,,,,530000.0,1500000.0,12.0,155000.0,141250.0,-375000.0,0.2924528301886792,0.0,-388750.0,3,6.025865973825314,A080107-2,,,,,0,0,0,0,0,14.22097566607244,97.0,20.0,0.0,0.0,0,0,1,1,,,,28,0,0,0,0,0.0,4.830917874396135,
B191023-3,1,1,1,1,0,4,,0,,0,9회 상환이력,28,3,3,1.0,1.0,0.0,0.0,0,0,,,,,0,0,2019,상환중,진행중,254,645,300만원,24개월,0.24,여자,44세,기타,1680000.0,1440000.0,,125.0,109.0,1.0,0.0,0.0,1,,,,240000.0,3000000.0,24.0,185000.0,156250.0,-55000.0,0.7708333333333334,0.0,-83750.0,3,5.537334267018537,B090817-7,,,,,0,0,0,0,0,14.914122846632385,125.0,1.0,0.0,0.0,0,0,2,1,,,,28,0,0,0,0,0.0,7.874015748031496,
B191025-1,2,1,3,1,0,2,,0,,0,"회생 재신청중, 다짐뿐",28,3,3,0.3333,0.3333,0.6667,2.333,7,4,2.0,0.667,,,1,0,2019,상환지연중,진행중,192,428,150만원,12개월,0.24,여자,32세,사무직,1750000.0,1300000.0,,30.0,17.0,6.0,0.0,0.0,1,,,,450000.0,1500000.0,12.0,155000.0,141250.0,-295000.0,0.3444444444444444,0.0,-308750.0,1,5.2574953720277815,B151203-1,,,,,0,0,0,0,0,14.22097566607244,30.0,6.0,0.0,0.0,0,0,2,1,,,,28,0,0,0,0,0.0,5.208333333333333,
B191031-2,2,5,1,4,1,4,,0,,3,설계사+알바 현수입,28,3,3,0.0,0.0,1.0,10.667,32,27,1.0,0.333,,,1,0,2019,상환중,진행중,178,310,100만원,12개월,0.24,여자,46세,보험설계사,3200000.0,2850000.0,,54.0,45.0,31.0,5.0,0.0,1,,,,350000.0,1000000.0,12.0,103333.33333333331,94166.66666666666,-246666.6666666667,0.2952380952380952,0.0,-255833.3333333333,2,5.181783550292085,B110111-4,,,,,0,0,0,0,0,13.815510557964274,54.0,31.0,5.0,0.0,0,0,1,2,,,,28,0,0,0,0,2.272727272727273,0.0,
B191103-1,2,3,2,1,0,4,,0,,3,급여·상여 수령중,28,3,2,0.0,0.0,1.0,5.667,17,11,1.0,0.333,,,1,1,2019,상환중,진행중,52,290,100만원,12개월,0.24,남자,40세,기술직,3700000.0,2900000.0,,4.0,2.0,9.0,0.0,0.0,1,,,,800000.0,1000000.0,12.0,103333.33333333331,94166.66666666666,-696666.6666666667,0.1291666666666666,0.0,-705833.3333333334,1,3.951243718581428,B180920-4,,,,,0,0,0,0,0,13.815510557964274,4.0,9.0,0.0,0.0,0,1,1,1,,,,28,0,0,0,0,0.0,0.0,
B191114-2,2,2,3,2,1,4,,0,,0,기존대출 상환중,28,3,3,1.0,0.6667,0.0,0.0,0,0,,,,,0,0,2019,상환중,진행중,273,418,300만원,24개월,0.23,여자,48세,사무직,4600000.0,4410000.0,,86.0,34.0,5.0,0.0,0.0,1,,,,190000.0,3000000.0,24.0,182500.0,154947.91666666666,-7500.0,0.9605263157894736,0.0,-35052.08333333334,2,5.60947179518496,B110513-8,,,,,0,0,0,0,0,14.914122846632385,86.0,5.0,0.0,0.0,0,0,1,2,,,,28,0,0,0,0,0.3663003663003663,3.663003663003663,
B191118-3,5,5,3,3,1,5,170000.0,1,월,2,실수령215만+수당18만,28,2,2,0.5,0.5,0.5,0.5,1,1,2.0,1.0,,,1,0,2019,상환중,진행중,1081,803,300만원,24개월,0.22,남자,47세,기타,2530000.0,1270000.0,,69.0,24.0,0.0,0.0,0.0,1,,,,1260000.0,3000000.0,24.0,180000.0,153645.83333333334,-1080000.0,0.1428571428571428,0.0,-1106354.1666666667,3,6.985641817639208,B120227-8,,,,,1,0,0,0,0,14.914122846632385,69.0,0.0,0.0,0.0,0,1,4,1,income,,False,28,0,1,0,0,0.0927643784786642,1.855287569573284,
B191127-3,3,5,1,1,0,5,,0,,2,월급170만+딸지원60만,28,2,2,1.0,0.0,0.0,0.0,0,0,,,,,0,0,2019,상환중,진행중,418,408,350만원,24개월,0.24,여자,49세,사무직,2600000.0,1580000.0,,78.0,51.0,0.0,0.0,0.0,1,,,,1020000.0,3500000.0,24.0,215833.3333333333,182291.6666666667,-804166.6666666667,0.2116013071895424,0.0,-837708.3333333333,3,6.035481432524756,B101003-5,,,,,0,0,0,0,0,15.068273526459642,78.0,0.0,0.0,0.0,0,0,1,1,,,,28,0,0,0,0,0.0,0.0,
B191205-1,1,3,1,1,0,5,,0,,2,식당알바+새벽배송 중,28,1,1,0.0,0.0,1.0,3.0,3,3,1.0,1.0,,,1,0,2019,상환중,진행중,171,497,150만원,12개월,0.24,여자,42세,요식업,2300000.0,1710000.0,,11.0,10.0,1.0,0.0,0.0,1,,,,590000.0,1500000.0,12.0,155000.0,141250.0,-435000.0,0.2627118644067797,0.0,-448750.0,1,5.14166355650266,B181128-2,,,,,0,0,0,0,0,14.22097566607244,11.0,1.0,0.0,0.0,0,0,1,2,,,,28,0,0,0,0,0.0,0.0,
B191207-4,2,1,1,1,0,4,,0,,0,과거 연체없이 상환,28,2,2,0.5,0.5,0.5,0.5,1,1,2.0,1.0,,,1,0,2019,상환중,진행중,88,816,200만원,12개월,0.24,여자,51세,간호사,2420000.0,2320000.0,,12.0,9.0,0.0,0.0,0.0,1,,,,100000.0,2000000.0,12.0,206666.66666666663,188333.3333333333,106666.66666666664,2.0666666666666664,1.0,88333.33333333331,4,4.477336814478207,B181117-1,,,,,0,0,0,0,0,14.50865773852422,12.0,0.0,0.0,0.0,0,0,1,1,,,,28,0,0,0,0,0.0,11.363636363636363,
B191215-1,1,1,1,1,0,1,,0,,0,근거 없음,28,1,1,1.0,0.0,0.0,0.0,0,0,,,,,0,0,2019,상환중,진행중,144,371,300만원,24개월,0.24,여자,42세,기타,3000000.0,2780000.0,220000.0,49.0,19.0,5.0,0.0,0.0,1,,,,220000.0,3000000.0,24.0,185000.0,156250.0,-35000.0,0.8409090909090909,0.0,-63750.0,1,4.969813299576001,B140103-4,,,,,0,0,0,0,0,14.914122846632385,49.0,5.0,0.0,0.0,0,0,1,1,,,,28,0,0,0,0,0.0,6.944444444444444,
B191219-7,2,4,1,1,0,5,,0,,1,급여550만 현재수입,28,1,1,1.0,1.0,0.0,0.0,0,0,,,,,0,0,2019,상환중,진행중,147,253,300만원,15개월,0.24,남자,48세,사무직,5500000.0,4050000.0,1450000.0,56.0,32.0,6.0,0.0,0.0,1,,,,1450000.0,3000000.0,15.0,260000.0,232000.0,-1190000.0,0.1793103448275862,0.0,-1218000.0,7,4.990432586778736,A080603-7,,,,,0,0,0,0,0,14.914122846632385,56.0,6.0,0.0,0.0,0,1,1,1,,,,28,0,0,0,0,0.0,0.0,
B091222-5,5,5,5,1,0,2,300000.0,1,월,2,다음달부터 급여 예정,29,12,12,0.1667,0.1667,0.8333,3.0,36,15,3.0,0.25,,,1,0,2009,정상종료,완납,222,848,150만원,12개월,0.3,여자,세,기타,,,,25.0,19.0,10.0,0.0,0.0,1,,,,,1500000.0,12.0,162500.0,145312.5,,,,,5,5.402677381872279,B110429-12,income,False,,False,0,1,0,0,0,14.22097566607244,25.0,10.0,0.0,0.0,0,0,1,1,,,,4,1,0,1,0,0.9009009009009008,0.0,
B091225-5,5,4,5,1,0,3,480000.0,1,월,1,"현 알바, 정직원 전환기대",29,4,4,0.75,0.75,0.25,0.25,1,1,2.0,0.5,3.0,,1,0,2009,정상종료,완납,327,634,250만원,6개월,0.3,여자,세,기타,,,,90.0,74.0,1.0,0.0,0.0,1,,,,,2500000.0,6.0,479166.6666666667,453125.0,,,,,5,5.7899601708972535,B100505-17,income,False,,False,0,1,0,0,0,14.73180128983843,90.0,1.0,0.0,0.0,0,0,2,1,,,,4,1,0,1,0,0.0,3.08641975308642,
B100107-5,5,5,1,1,0,4,270000.0,1,월,2,"현 가게매출, 면책 무부채",29,1,1,0.0,0.0,1.0,61.0,61,61,1.0,1.0,,,1,0,2010,연체중,손실,1200,3837,200만원,9개월,0.3,남자,세,기타,,,,,,,,,1,,,,,2000000.0,9.0,272222.22222222225,250000.0,,,,,5,7.090076835776092,B100107-5,,,,,0,0,0,0,0,14.50865773852422,0.0,0.0,0.0,0.0,1,1,1,1,,,,4,0,0,0,0,0.0,0.0,
B100115-5,5,4,3,3,1,4,200000.0,1,월,1,현 사업 월매출 300만,29,2,2,0.0,0.0,1.0,36.0,72,61,1.0,0.5,,,1,0,2010,연체중,손실,389,643,150만원,9개월,0.3,여자,세,기타,,,,,,,,,1,,,,,1500000.0,9.0,204166.66666666663,187500.0,,,,,5,5.963579343618446,B100115-5,,,,,0,0,0,0,0,14.22097566607244,0.0,0.0,0.0,0.0,1,0,2,1,,,,4,0,0,0,0,0.0,0.0,
B100123-5,5,4,1,1,0,3,200000.0,1,월,1,월급 200만원 예상,29,6,6,0.6667,0.5,0.3333,1.0,6,3,1.0,0.167,2.0,5.0,1,0,2010,정상종료,완납,216,1105,100만원,6개월,0.3,여자,세,기타,,,,,,,,,1,,,,,1000000.0,6.0,191666.66666666663,181250.0,,,,,5,5.375278407684165,B100123-5,,,,,0,0,0,0,0,13.815510557964274,0.0,0.0,0.0,0.0,1,0,1,1,,,,4,0,0,0,0,0.0,0.0,
B100304-5,5,5,1,1,0,5,540000.0,1,월,2,부부 현재급여 330만,29,3,3,1.0,1.0,0.0,0.0,0,0,,,,,0,0,2010,정상종료,완납,455,500,50만원,3개월,0.3,여자,세,기타,,,,18.0,17.0,16.0,1.0,0.0,1,,,,,500000.0,3.0,179166.66666666666,175000.0,,,,,5,6.12029741895095,B100304-5,,,,,0,0,0,0,0,13.122363377404328,18.0,16.0,1.0,0.0,0,0,1,1,,,,4,0,0,0,0,0.0,0.0,
B100410-5,2,4,1,4,1,4,,0,,1,현 원생 38명 회비수입,29,21,21,1.0,1.0,0.0,0.0,0,0,,,,,0,0,2010,정상종료,완납,851,1313,300만원,24개월,0.3,남자,세,기타,,,,67.0,65.0,2.0,0.0,0.0,1,,,,,3000000.0,24.0,200000.0,164062.5,,,,,5,6.746412128573375,B091116-15,,,,,0,0,0,0,0,14.914122846632385,67.0,2.0,0.0,0.0,0,1,1,4,,,,4,0,0,0,0,0.0,0.0,
B100512-5,5,4,5,1,0,4,200000.0,1,월,1,현 식당 월매출 600만,29,24,24,1.0,1.0,0.0,0.0,0,0,,,,,0,0,2010,정상종료,완납,844,2007,300만원,24개월,0.3,여자,세,기타,,,,42.0,33.0,0.0,0.0,0.0,1,,,,,3000000.0,24.0,200000.0,164062.5,,,,,5,6.738152494595957,B120103-8,income,True,,False,0,1,0,0,1,14.914122846632385,42.0,0.0,0.0,0.0,0,0,3,1,,,,4,1,0,1,0,0.1193317422434367,2.386634844868736,
B100604-5,1,5,1,1,0,5,,0,,2,현 연봉3천만+남편급여,29,8,8,0.5,0.375,0.5,1.0,8,4,2.0,0.25,5.0,7.0,1,0,2010,정상종료,완납,203,1036,200만원,12개월,0.3,여자,세,기타,,,,23.0,7.0,12.0,0.0,0.0,1,,,,,2000000.0,12.0,216666.66666666663,193750.0,,,,,5,5.313205979041787,B100604-5,,,,,0,0,0,0,0,14.50865773852422,23.0,12.0,0.0,0.0,0,0,1,1,,,,4,0,0,0,0,0.0,0.0,
B100607-5,5,5,1,1,0,5,300000.0,1,월,2,부부 현재월급 299만,29,15,15,0.3333,0.0667,0.6667,5.8,87,29,1.0,0.067,2.0,7.0,1,0,2010,정상종료,완납,325,2284,300만원,15개월,0.3,여자,세,기타,,,,17.0,8.0,10.0,0.0,0.0,1,,,,,3000000.0,15.0,275000.0,240000.0,,,,,5,5.783825182329737,B100607-5,,,,,0,0,0,0,0,14.914122846632385,17.0,10.0,0.0,0.0,0,0,1,1,,,,4,0,0,0,0,0.0,0.0,
B100703-5,1,3,2,3,1,3,,0,,1,판매대기 오토바이 3대,29,12,12,0.9167,0.0833,0.0833,0.167,2,2,2.0,0.167,3.0,,1,0,2010,정상종료,완납,163,2552,200만원,12개월,0.3,남자,세,기타,,,,28.0,2.0,7.0,0.0,0.0,1,,,,,2000000.0,12.0,216666.66666666663,193750.0,,,,,5,5.093750200806762,B110727-12,,,,,0,0,0,0,0,14.50865773852422,28.0,7.0,0.0,0.0,0,1,1,1,,,,4,0,0,0,0,0.0,0.0,
B100902-5,5,4,3,3,1,5,160000.0,1,월,2,재직증명·급여내역 제출,29,1,1,0.0,0.0,1.0,61.0,61,61,1.0,1.0,,,1,0,2010,연체중,손실,949,653,150만원,12개월,0.3,남자,세,기타,,,,,,,,,1,,,,,1500000.0,12.0,162500.0,145312.5,,,,,5,6.855408798609928,B100902-5,,,,,0,0,0,0,0,14.22097566607244,0.0,0.0,0.0,0.0,1,1,1,1,,,,4,0,0,0,0,0.0,1.072961373390558,
