loan_id,n_inst,n_obs,on_time_rate,early_rate,late_rate,mean_delay,exposure,max_delay,first_delinq_k,first_delinq_frac,return_to_current_k,re_delinq_k,ever_delinq,n_unpaid,year,status,outcome,plan_len,purpose_len,amount,duration,rate,gender,age,job,income,expend,disposable,past_ordinary,past_early,past_late,past_overdue,past_loss,in_sample,inc17,exp17,disp17,capacity,amt_won,dur_m,req_pay,req_avg,pcg_abs,pcg_ratio,pcg_over,pcg_abs_avg
B081223-1,12,12,0.25,0.1667,0.75,8.0,96,27,1.0,0.083,5.0,8.0,1,0,2008,정상종료,완납,405,2094,100만원,12개월,0.3,남자,세,기타,,,,4.0,2.0,16.0,2.0,0.0,1,,,,,1000000.0,12.0,108333.33333333331,96875.0,,,,
B081230-1,6,6,0.1667,0.1667,0.8333,20.167,121,61,2.0,0.333,,,1,0,2008,연체중,손실,272,781,100만원,9개월,0.3,여자,세,기타,,,,2.0,1.0,6.0,2.0,0.0,1,,,,,1000000.0,9.0,136111.11111111112,125000.0,,,,
B090104-1,8,8,1.0,1.0,0.0,0.0,0,0,,,,,0,0,2009,정상종료,완납,576,360,100만원,9개월,0.3,남자,세,기타,,,,62.0,61.0,4.0,0.0,0.0,1,,,,,1000000.0,9.0,136111.11111111112,125000.0,,,,
B090117-1,12,12,0.5833,0.1667,0.4167,0.917,11,3,1.0,0.083,2.0,6.0,1,0,2009,정상종료,완납,215,324,200만원,12개월,0.3,여자,세,기타,,,,,,,,,1,,,,,2000000.0,12.0,216666.66666666663,193750.0,,,,
B090124-1,5,5,0.2,0.0,0.8,30.2,151,61,2.0,0.4,,,1,0,2009,연체중,손실,141,784,100만원,12개월,0.3,여자,세,기타,,,,,,,,,1,,,,,1000000.0,12.0,108333.33333333331,96875.0,,,,
B090127-1,5,5,0.0,0.0,1.0,24.0,120,61,1.0,0.2,,,1,0,2009,손실(상환완료),손실,436,517,100만원,12개월,0.3,남자,세,기타,,,,2.0,1.0,5.0,2.0,0.0,1,,,,,1000000.0,12.0,108333.33333333331,96875.0,,,,
B090128-1,7,7,0.4286,0.4286,0.5714,10.429,73,61,4.0,0.571,,,1,0,2009,연체중,손실,264,700,100만원,12개월,0.3,남자,세,기타,,,,13.0,13.0,9.0,1.0,0.0,1,,,,,1000000.0,12.0,108333.33333333331,96875.0,,,,
B090201-1,5,5,0.0,0.0,1.0,11.6,58,35,1.0,0.2,,,1,0,2009,정상종료,완납,198,1633,100만원,9개월,0.3,남자,세,기타,,,,,,,,,1,,,,,1000000.0,9.0,136111.11111111112,125000.0,,,,
B090214-1,3,3,1.0,0.6667,0.0,0.0,0,0,,,,,0,0,2009,정상종료,완납,255,1416,100만원,12개월,0.3,남자,세,기타,,,,48.0,36.0,0.0,0.0,0.0,1,,,,,1000000.0,12.0,108333.33333333331,96875.0,,,,
B090217-1,12,12,0.6667,0.4167,0.3333,0.583,7,3,3.0,0.25,5.0,7.0,1,0,2009,정상종료,완납,240,395,200만원,12개월,0.3,남자,세,기타,,,,22.0,9.0,5.0,0.0,0.0,1,,,,,2000000.0,12.0,216666.66666666663,193750.0,,,,
B090222-1,12,12,0.0,0.0,1.0,23.167,278,31,1.0,0.083,,,1,0,2009,정상종료,완납,101,440,100만원,12개월,0.3,여자,세,기타,,,,17.0,9.0,28.0,7.0,0.0,1,,,,,1000000.0,12.0,108333.33333333331,96875.0,,,,
B090302-1,11,11,0.8182,0.4545,0.1818,0.182,2,1,3.0,0.273,4.0,5.0,1,0,2009,정상종료,완납,3721,3061,200만원,12개월,0.3,여자,세,기타,,,,17.0,11.0,9.0,0.0,0.0,1,,,,,2000000.0,12.0,216666.66666666663,193750.0,,,,
B090311-1,8,8,1.0,1.0,0.0,0.0,0,0,,,,,0,0,2009,정상종료,완납,411,288,100만원,12개월,0.3,,세,기타,,,,,,,,,1,,,,,1000000.0,12.0,108333.33333333331,96875.0,,,,
B090331-1,9,9,1.0,1.0,0.0,0.0,0,0,,,,,0,0,2009,정상종료,완납,1054,2115,200만원,12개월,0.3,,세,기타,,,,,,,,,1,,,,,2000000.0,12.0,216666.66666666663,193750.0,,,,
B090404-1,12,12,0.9167,0.5833,0.0833,0.167,2,2,10.0,0.833,11.0,,1,0,2009,정상종료,완납,307,739,100만원,12개월,0.3,남자,세,기타,,,,,,,,,1,,,,,1000000.0,12.0,108333.33333333331,96875.0,,,,
B090412-1,9,9,0.7778,0.7778,0.2222,3.333,30,29,3.0,0.333,4.0,9.0,1,0,2009,정상종료,완납,843,1477,200만원,9개월,0.3,남자,세,기타,,,,16.0,11.0,15.0,1.0,0.0,1,,,,,2000000.0,9.0,272222.22222222225,250000.0,,,,
B090417-1,12,12,0.6667,0.4167,0.3333,3.167,38,24,8.0,0.667,9.0,10.0,1,0,2009,정상종료,완납,291,562,100만원,12개월,0.3,남자,세,기타,,,,21.0,12.0,6.0,0.0,0.0,1,,,,,1000000.0,12.0,108333.33333333331,96875.0,,,,
B090424-1,6,6,1.0,0.8333,0.0,0.0,0,0,,,,,0,0,2009,정상종료,완납,357,588,100만원,6개월,0.3,남자,세,기타,,,,19.0,10.0,1.0,0.0,0.0,1,,,,,1000000.0,6.0,191666.66666666663,181250.0,,,,
B090702-1,9,9,0.2222,0.1111,0.7778,1.111,10,3,1.0,0.111,4.0,5.0,1,0,2009,정상종료,완납,224,1228,100만원,9개월,0.3,남자,세,기타,,,,89.0,36.0,28.0,0.0,0.0,1,,,,,1000000.0,9.0,136111.11111111112,125000.0,,,,
B090703-1,5,5,0.0,0.0,1.0,21.4,107,61,1.0,0.2,,,1,0,2009,연체중,손실,261,1093,100만원,6개월,0.3,여자,세,기타,,,,,,,,,1,,,,,1000000.0,6.0,191666.66666666663,181250.0,,,,
B090723-1,11,11,1.0,1.0,0.0,0.0,0,0,,,,,0,0,2009,정상종료,완납,347,601,200만원,12개월,0.3,남자,세,기타,,,,37.0,31.0,0.0,0.0,0.0,1,,,,,2000000.0,12.0,216666.66666666663,193750.0,,,,
B090828-1,9,9,1.0,1.0,0.0,0.0,0,0,,,,,0,0,2009,정상종료,완납,140,2377,100만원,9개월,0.3,여자,세,기타,,,,32.0,32.0,0.0,0.0,0.0,1,,,,,1000000.0,9.0,136111.11111111112,125000.0,,,,
B090901-1,5,5,1.0,1.0,0.0,0.0,0,0,,,,,0,0,2009,정상종료,완납,245,1097,200만원,12개월,0.3,남자,세,기타,,,,37.0,36.0,0.0,0.0,0.0,1,,,,,2000000.0,12.0,216666.66666666663,193750.0,,,,
B090916-1,12,12,0.9167,0.8333,0.0833,0.25,3,3,1.0,0.083,2.0,,1,0,2009,정상종료,완납,775,867,200만원,12개월,0.3,,세,기타,,,,,,,,,1,,,,,2000000.0,12.0,216666.66666666663,193750.0,,,,
B091005-1,9,9,0.7778,0.6667,0.2222,0.333,3,2,4.0,0.444,5.0,9.0,1,0,2009,정상종료,완납,255,429,200만원,9개월,0.3,여자,세,기타,,,,20.0,16.0,16.0,0.0,0.0,1,,,,,2000000.0,9.0,272222.22222222225,250000.0,,,,
B091024-1,6,6,0.8333,0.1667,0.1667,0.167,1,1,5.0,0.833,6.0,,1,0,2009,정상종료,완납,482,1106,100만원,6개월,0.29,여자,세,기타,,,,,,,,,1,,,,,1000000.0,6.0,190833.3333333333,180763.88888888888,,,,
B091026-1,7,7,0.8571,0.8571,0.1429,3.0,21,21,5.0,0.714,6.0,,1,0,2009,정상종료,완납,248,774,200만원,12개월,0.3,남자,세,기타,,,,13.0,12.0,6.0,0.0,0.0,1,,,,,2000000.0,12.0,216666.66666666663,193750.0,,,,
B091104-1,13,13,1.0,0.9231,0.0,0.0,0,0,,,,,0,0,2009,정상종료,완납,189,1366,300만원,21개월,0.3,,세,기타,,,,,,,,,1,,,,,3000000.0,21.0,217857.14285714287,182142.8571428572,,,,
B091113-1,8,8,1.0,1.0,0.0,0.0,0,0,,,,,0,0,2009,정상종료,완납,407,577,150만원,12개월,0.3,여자,세,기타,,,,58.0,40.0,6.0,0.0,0.0,1,,,,,1500000.0,12.0,162500.0,145312.5,,,,
B091116-1,8,8,1.0,0.25,0.0,0.0,0,0,,,,,0,0,2009,정상종료,완납,311,1038,200만원,12개월,0.3,남자,세,기타,,,,20.0,6.0,0.0,0.0,0.0,1,,,,,2000000.0,12.0,216666.66666666663,193750.0,,,,
B091214-1,1,1,0.0,0.0,1.0,61.0,61,61,1.0,1.0,,,1,0,2009,연체중,손실,314,942,50만원,3개월,0.3,남자,세,기타,,,,,,,,,1,,,,,500000.0,3.0,179166.66666666666,175000.0,,,,
B091219-1,6,6,0.3333,0.1667,0.6667,12.833,77,61,2.0,0.333,3.0,4.0,1,0,2009,연체중,손실,476,848,150만원,12개월,0.3,여자,세,기타,,,,,,,,,1,,,,,1500000.0,12.0,162500.0,145312.5,,,,
B091223-1,5,5,1.0,1.0,0.0,0.0,0,0,,,,,0,0,2009,정상종료,완납,703,1967,400만원,24개월,0.3,남자,세,기타,,,,75.0,56.0,27.0,4.0,0.0,1,,,,,4000000.0,24.0,266666.6666666666,218750.0,,,,
B091226-1,9,9,1.0,0.8889,0.0,0.0,0,0,,,,,0,0,2009,정상종료,완납,557,2169,150만원,9개월,0.3,여자,세,기타,,,,,,,,,1,,,,,1500000.0,9.0,204166.66666666663,187500.0,,,,
B100129-1,7,7,0.4286,0.1429,0.5714,12.714,89,49,3.0,0.429,4.0,5.0,1,0,2010,정상종료,완납,510,537,100만원,9개월,0.3,남자,세,기타,,,,,,,,,1,,,,,1000000.0,9.0,136111.11111111112,125000.0,,,,
B100303-1,8,8,1.0,1.0,0.0,0.0,0,0,,,,,0,0,2010,정상종료,완납,276,415,100만원,12개월,0.3,여자,세,기타,,,,,,,,,1,,,,,1000000.0,12.0,108333.33333333331,96875.0,,,,
B100304-1,7,7,0.7143,0.7143,0.2857,2.429,17,11,5.0,0.714,6.0,7.0,1,0,2010,정상종료,완납,619,941,300만원,15개월,0.3,남자,세,기타,,,,7.0,7.0,3.0,0.0,0.0,1,,,,,3000000.0,15.0,275000.0,240000.0,,,,
B100306-1,6,6,0.5,0.5,0.5,5.333,32,21,2.0,0.333,3.0,4.0,1,0,2010,정상종료,완납,357,793,50만원,6개월,0.3,,세,기타,,,,,,,,,1,,,,,500000.0,6.0,95833.33333333331,90625.0,,,,
B100311-1,6,6,1.0,1.0,0.0,0.0,0,0,,,,,0,0,2010,정상종료,완납,1085,2979,100만원,6개월,0.3,남자,세,기타,,,,,,,,,1,,,,,1000000.0,6.0,191666.66666666663,181250.0,,,,
B100322-1,9,9,1.0,0.8889,0.0,0.0,0,0,,,,,0,0,2010,정상종료,완납,694,4931,100만원,9개월,0.3,남자,세,기타,,,,,,,,,1,,,,,1000000.0,9.0,136111.11111111112,125000.0,,,,
B100401-1,9,9,1.0,1.0,0.0,0.0,0,0,,,,,0,0,2010,정상종료,완납,1377,540,300만원,15개월,0.3,남자,세,기타,,,,,,,,,1,,,,,3000000.0,15.0,275000.0,240000.0,,,,
B100406-1,15,15,0.9333,0.2667,0.0667,0.067,1,1,13.0,0.867,14.0,,1,0,2010,정상종료,완납,109,1089,300만원,15개월,0.3,남자,세,기타,,,,22.0,9.0,5.0,0.0,0.0,1,,,,,3000000.0,15.0,275000.0,240000.0,,,,
B100428-1,12,12,0.9167,0.0,0.0833,0.083,1,1,5.0,0.417,6.0,,1,0,2010,정상종료,완납,124,673,100만원,12개월,0.3,남자,세,기타,,,,27.0,10.0,1.0,0.0,0.0,1,,,,,1000000.0,12.0,108333.33333333331,96875.0,,,,
B100501-1,24,24,1.0,0.7917,0.0,0.0,0,0,,,,,0,0,2010,정상종료,완납,862,1957,300만원,24개월,0.3,여자,세,기타,,,,,,,,,1,,,,,3000000.0,24.0,200000.0,164062.5,,,,
B100502-1,12,12,0.8333,0.5833,0.1667,0.25,3,2,11.0,0.917,,,1,0,2010,정상종료,완납,128,1361,150만원,12개월,0.3,남자,세,기타,,,,17.0,9.0,5.0,0.0,0.0,1,,,,,1500000.0,12.0,162500.0,145312.5,,,,
B100508-1,12,12,0.25,0.0833,0.75,0.833,10,2,1.0,0.083,2.0,3.0,1,0,2010,정상종료,완납,212,1115,200만원,12개월,0.3,남자,세,기타,,,,,,,,,1,,,,,2000000.0,12.0,216666.66666666663,193750.0,,,,
B100608-1,21,21,0.4286,0.1905,0.5714,1.571,33,6,4.0,0.19,5.0,10.0,1,0,2010,정상종료,완납,833,1970,300만원,21개월,0.3,여자,세,기타,,,,,,,,,1,,,,,3000000.0,21.0,217857.14285714287,182142.8571428572,,,,
B100707-1,12,12,1.0,1.0,0.0,0.0,0,0,,,,,0,0,2010,정상종료,완납,292,199,400만원,18개월,0.3,남자,세,기타,,,,24.0,22.0,0.0,0.0,0.0,1,,,,,4000000.0,18.0,322222.22222222225,275000.0,,,,
B100713-1,12,12,1.0,1.0,0.0,0.0,0,0,,,,,0,0,2010,정상종료,완납,509,644,150만원,12개월,0.3,여자,세,기타,,,,35.0,25.0,10.0,4.0,0.0,1,,,,,1500000.0,12.0,162500.0,145312.5,,,,
B100716-1,18,18,0.1667,0.0556,0.8333,22.944,413,30,3.0,0.167,4.0,5.0,1,0,2010,정상종료,완납,679,1370,400만원,18개월,0.3,남자,세,기타,,,,6.0,1.0,8.0,7.0,0.0,1,,,,,4000000.0,18.0,322222.22222222225,275000.0,,,,
B100721-1,15,15,0.4,0.2667,0.6,4.667,70,28,4.0,0.267,5.0,6.0,1,0,2010,정상종료,완납,249,1486,300만원,15개월,0.3,여자,세,기타,,,,,,,,,1,,,,,3000000.0,15.0,275000.0,240000.0,,,,
B100726-1,11,11,0.0909,0.0,0.9091,15.636,172,31,1.0,0.091,2.0,3.0,1,0,2010,손실(상환완료),손실,516,1325,250만원,12개월,0.3,남자,세,기타,,,,4.0,2.0,16.0,2.0,0.0,1,,,,,2500000.0,12.0,270833.3333333334,242187.5,,,,
B100728-1,12,12,1.0,1.0,0.0,0.0,0,0,,,,,0,0,2010,정상종료,완납,640,444,150만원,12개월,0.29,여자,세,기타,,,,41.0,41.0,0.0,0.0,0.0,1,,,,,1500000.0,12.0,161250.0,144635.41666666666,,,,
B100817-1,18,18,1.0,0.8889,0.0,0.0,0,0,,,,,0,0,2010,정상종료,완납,352,3784,300만원,18개월,0.3,남자,세,기타,,,,75.0,66.0,0.0,0.0,0.0,1,,,,,3000000.0,18.0,241666.66666666663,206250.0,,,,
B100826-1,9,9,1.0,0.4444,0.0,0.0,0,0,,,,,0,0,2010,정상종료,완납,422,1412,150만원,9개월,0.3,남자,세,기타,,,,,,,,,1,,,,,1500000.0,9.0,204166.66666666663,187500.0,,,,
B100923-1,8,8,0.5,0.375,0.5,9.5,76,31,3.0,0.375,4.0,6.0,1,0,2010,연체중,손실,304,2106,200만원,9개월,0.3,남자,세,기타,,,,,,,,,1,,,,,2000000.0,9.0,272222.22222222225,250000.0,,,,
B100928-1,9,9,0.5556,0.4444,0.4444,1.111,10,3,3.0,0.333,6.0,7.0,1,0,2010,정상종료,완납,411,1683,150만원,9개월,0.3,남자,세,기타,,,,,,,,,1,,,,,1500000.0,9.0,204166.66666666663,187500.0,,,,
B100930-1,12,12,1.0,0.3333,0.0,0.0,0,0,,,,,0,0,2010,정상종료,완납,325,674,200만원,12개월,0.3,남자,세,기타,,,,,,,,,1,,,,,2000000.0,12.0,216666.66666666663,193750.0,,,,
B101007-1,24,24,1.0,0.9583,0.0,0.0,0,0,,,,,0,0,2010,정상종료,완납,1003,915,300만원,24개월,0.3,남자,세,기타,,,,,,,,,1,,,,,3000000.0,24.0,200000.0,164062.5,,,,
B101008-1,12,12,0.8333,0.25,0.1667,0.167,2,1,6.0,0.5,7.0,8.0,1,0,2010,정상종료,완납,165,1505,100만원,12개월,0.3,남자,세,기타,,,,16.0,7.0,2.0,0.0,0.0,1,,,,,1000000.0,12.0,108333.33333333331,96875.0,,,,
B101013-1,7,7,0.5714,0.1429,0.4286,5.429,38,31,4.0,0.571,5.0,6.0,1,0,2010,연체중,손실,300,783,200만원,12개월,0.3,여자,세,기타,,,,,,,,,1,,,,,2000000.0,12.0,216666.66666666663,193750.0,,,,
B101028-1,2,2,0.0,0.0,1.0,31.5,63,61,1.0,0.5,,,1,0,2010,연체중,손실,337,2285,150만원,6개월,0.3,여자,세,기타,,,,,,,,,1,,,,,1500000.0,6.0,287500.0,271875.0,,,,
B101031-1,7,7,0.4286,0.1429,0.5714,1.143,8,3,3.0,0.429,7.0,,1,0,2010,정상종료,완납,778,887,200만원,12개월,0.3,여자,세,기타,,,,,,,,,1,,,,,2000000.0,12.0,216666.66666666663,193750.0,,,,
B101102-1,12,12,1.0,0.6667,0.0,0.0,0,0,,,,,0,0,2010,정상종료,완납,376,2168,250만원,12개월,0.3,남자,세,기타,,,,,,,,,1,,,,,2500000.0,12.0,270833.3333333334,242187.5,,,,
B101103-1,1,1,1.0,1.0,0.0,0.0,0,0,,,,,0,0,2010,정상종료,완납,686,3258,100만원,12개월,0.3,남자,세,기타,,,,9.0,5.0,2.0,0.0,0.0,1,,,,,1000000.0,12.0,108333.33333333331,96875.0,,,,
B101105-1,11,11,0.8182,0.5455,0.1818,0.818,9,7,5.0,0.455,6.0,7.0,1,0,2010,정상종료,완납,270,666,250만원,12개월,0.3,남자,세,기타,,,,11.0,7.0,5.0,0.0,0.0,1,,,,,2500000.0,12.0,270833.3333333334,242187.5,,,,
B101106-1,24,24,0.7083,0.3333,0.2917,0.792,19,6,6.0,0.25,7.0,9.0,1,0,2010,정상종료,완납,212,3807,300만원,24개월,0.3,여자,세,기타,,,,75.0,54.0,7.0,0.0,0.0,1,,,,,3000000.0,24.0,200000.0,164062.5,,,,
B101122-1,21,21,1.0,1.0,0.0,0.0,0,0,,,,,0,0,2010,정상종료,완납,1643,3462,300만원,21개월,0.3,남자,세,기타,,,,60.0,44.0,5.0,0.0,0.0,1,,,,,3000000.0,21.0,217857.14285714287,182142.8571428572,,,,
B101220-1,12,12,0.3333,0.1667,0.6667,8.417,101,26,2.0,0.167,3.0,4.0,1,0,2010,정상종료,완납,310,449,150만원,12개월,0.3,여자,세,기타,,,,,,,,,1,,,,,1500000.0,12.0,162500.0,145312.5,,,,
B081209-2,9,9,0.3333,0.1111,0.6667,18.778,169,68,4.0,0.444,,,1,0,2008,정상종료,완납,384,453,100만원,9개월,0.3,여자,세,기타,,,,7.0,2.0,8.0,2.0,0.0,1,,,,,1000000.0,9.0,136111.11111111112,125000.0,,,,
B081210-2,7,7,1.0,1.0,0.0,0.0,0,0,,,,,0,0,2008,정상종료,완납,286,408,100만원,12개월,0.3,남자,세,기타,,,,69.0,66.0,16.0,0.0,0.0,1,,,,,1000000.0,12.0,108333.33333333331,96875.0,,,,
B090103-2,12,12,0.8333,0.6667,0.1667,0.25,3,2,1.0,0.083,3.0,,1,0,2009,정상종료,완납,129,541,200만원,12개월,0.3,여자,세,기타,,,,17.0,8.0,7.0,0.0,0.0,1,,,,,2000000.0,12.0,216666.66666666663,193750.0,,,,
B090209-2,6,6,0.6667,0.0,0.3333,1.167,7,5,5.0,0.833,,,1,0,2009,정상종료,완납,236,722,200만원,6개월,0.3,남자,세,기타,,,,,,,,,1,,,,,2000000.0,6.0,383333.3333333333,362500.0,,,,
B090212-2,12,12,1.0,0.6667,0.0,0.0,0,0,,,,,0,0,2009,정상종료,완납,254,968,100만원,12개월,0.3,여자,세,기타,,,,54.0,30.0,5.0,0.0,0.0,1,,,,,1000000.0,12.0,108333.33333333331,96875.0,,,,
B090214-2,10,10,0.8,0.4,0.2,0.4,4,2,5.0,0.5,6.0,7.0,1,0,2009,정상종료,완납,145,336,100만원,12개월,0.3,남자,세,기타,,,,19.0,11.0,2.0,0.0,0.0,1,,,,,1000000.0,12.0,108333.33333333331,96875.0,,,,
B090227-2,8,8,0.25,0.0,0.75,19.125,153,61,3.0,0.375,,,1,0,2009,연체중,손실,262,1964,200만원,12개월,0.3,여자,세,기타,,,,,,,,,1,,,,,2000000.0,12.0,216666.66666666663,193750.0,,,,
B090315-2,10,10,0.8,0.3,0.2,0.3,3,2,4.0,0.4,5.0,6.0,1,0,2009,정상종료,완납,385,1256,100만원,12개월,0.3,여자,세,기타,,,,18.0,3.0,13.0,0.0,0.0,1,,,,,1000000.0,12.0,108333.33333333331,96875.0,,,,
B090401-2,11,11,0.8182,0.8182,0.1818,3.182,35,25,1.0,0.091,2.0,6.0,1,0,2009,정상종료,완납,166,373,200만원,12개월,0.3,남자,세,기타,,,,68.0,49.0,27.0,0.0,0.0,1,,,,,2000000.0,12.0,216666.66666666663,193750.0,,,,
B090416-2,6,6,0.6667,0.5,0.3333,1.167,7,4,2.0,0.333,3.0,4.0,1,0,2009,정상종료,완납,589,1105,200만원,12개월,0.3,남자,세,기타,,,,13.0,12.0,6.0,0.0,0.0,1,,,,,2000000.0,12.0,216666.66666666663,193750.0,,,,
B090420-2,12,12,0.75,0.0,0.25,0.333,4,2,7.0,0.583,8.0,9.0,1,0,2009,정상종료,완납,565,680,100만원,12개월,0.3,여자,세,기타,,,,,,,,,1,,,,,1000000.0,12.0,108333.33333333331,96875.0,,,,
B090423-2,3,3,0.3333,0.0,0.6667,11.333,34,27,2.0,0.667,,,1,0,2009,정상종료,완납,366,503,200만원,12개월,0.3,여자,세,기타,,,,5.0,1.0,5.0,0.0,0.0,1,,,,,2000000.0,12.0,216666.66666666663,193750.0,,,,
B090507-2,12,12,0.6667,0.1667,0.3333,0.417,5,2,1.0,0.083,2.0,6.0,1,0,2009,정상종료,완납,771,768,200만원,12개월,0.3,여자,세,기타,,,,,,,,,1,,,,,2000000.0,12.0,216666.66666666663,193750.0,,,,
B090514-2,8,8,0.875,0.875,0.125,0.125,1,1,7.0,0.875,8.0,,1,0,2009,정상종료,완납,125,896,300만원,15개월,0.3,여자,세,기타,,,,23.0,16.0,18.0,0.0,0.0,1,,,,,3000000.0,15.0,275000.0,240000.0,,,,
B090516-2,14,14,1.0,0.7143,0.0,0.0,0,0,,,,,0,0,2009,정상종료,완납,659,933,300만원,18개월,0.3,여자,세,기타,,,,67.0,38.0,14.0,0.0,0.0,1,,,,,3000000.0,18.0,241666.66666666663,206250.0,,,,
B090702-2,6,6,0.0,0.0,1.0,24.667,148,30,1.0,0.167,,,1,0,2009,정상종료,완납,454,1740,100만원,6개월,0.3,남자,세,기타,,,,,,,,,1,,,,,1000000.0,6.0,191666.66666666663,181250.0,,,,
B090709-2,9,9,0.7778,0.4444,0.2222,0.667,6,5,1.0,0.111,2.0,5.0,1,0,2009,정상종료,완납,167,733,100만원,12개월,0.3,,세,기타,,,,10.0,6.0,6.0,0.0,0.0,1,,,,,1000000.0,12.0,108333.33333333331,96875.0,,,,
B090803-2,15,15,0.2,0.1333,0.8,2.867,43,12,1.0,0.067,3.0,6.0,1,0,2009,정상종료,완납,347,525,300만원,15개월,0.3,여자,세,기타,,,,9.0,6.0,22.0,0.0,0.0,1,,,,,3000000.0,15.0,275000.0,240000.0,,,,
B090815-2,4,4,0.0,0.0,1.0,34.0,136,61,1.0,0.25,,,1,0,2009,연체중,손실,240,653,200만원,12개월,0.3,여자,세,기타,,,,,,,,,1,,,,,2000000.0,12.0,216666.66666666663,193750.0,,,,
B090907-2,11,11,0.0909,0.0,0.9091,11.455,126,30,2.0,0.182,,,1,0,2009,정상종료,완납,95,2283,100만원,12개월,0.3,남자,세,기타,,,,,,,,,1,,,,,1000000.0,12.0,108333.33333333331,96875.0,,,,
B091021-2,3,3,1.0,1.0,0.0,0.0,0,0,,,,,0,0,2009,정상종료,완납,617,478,200만원,3개월,0.3,남자,세,기타,,,,15.0,11.0,1.0,0.0,0.0,1,,,,,2000000.0,3.0,716666.6666666666,700000.0,,,,
B091027-2,9,9,1.0,0.5556,0.0,0.0,0,0,,,,,0,0,2009,정상종료,완납,396,821,200만원,9개월,0.3,여자,세,기타,,,,,,,,,1,,,,,2000000.0,9.0,272222.22222222225,250000.0,,,,
B091109-2,9,9,1.0,1.0,0.0,0.0,0,0,,,,,0,0,2009,정상종료,완납,738,1021,150만원,9개월,0.3,남자,세,기타,,,,49.0,43.0,0.0,0.0,0.0,1,,,,,1500000.0,9.0,204166.66666666663,187500.0,,,,
B091126-2,12,12,0.9167,0.4167,0.0833,0.083,1,1,5.0,0.417,6.0,,1,0,2009,정상종료,완납,1633,3310,200만원,12개월,0.3,남자,세,기타,,,,28.0,6.0,14.0,3.0,0.0,1,,,,,2000000.0,12.0,216666.66666666663,193750.0,,,,
B091127-2,21,21,0.7619,0.1905,0.2381,0.857,18,5,2.0,0.095,3.0,7.0,1,0,2009,정상종료,완납,173,475,300만원,21개월,0.3,여자,세,기타,,,,40.0,8.0,9.0,0.0,0.0,1,,,,,3000000.0,21.0,217857.14285714287,182142.8571428572,,,,
B091129-2,9,9,1.0,1.0,0.0,0.0,0,0,,,,,0,0,2009,정상종료,완납,961,1795,100만원,9개월,0.3,남자,세,기타,,,,16.0,12.0,2.0,0.0,0.0,1,,,,,1000000.0,9.0,136111.11111111112,125000.0,,,,
B091130-2,12,12,0.9167,0.5833,0.0833,0.083,1,1,3.0,0.25,4.0,,1,0,2009,정상종료,완납,157,1299,100만원,12개월,0.3,남자,세,기타,,,,,,,,,1,,,,,1000000.0,12.0,108333.33333333331,96875.0,,,,
B091230-2,3,3,0.3333,0.3333,0.6667,21.333,64,61,2.0,0.667,,,1,0,2009,연체중,손실,697,828,200만원,12개월,0.3,여자,세,기타,,,,13.0,9.0,13.0,0.0,0.0,1,,,,,2000000.0,12.0,216666.66666666663,193750.0,,,,
B091231-2,5,5,0.2,0.2,0.8,17.4,87,61,2.0,0.4,,,1,0,2009,연체중,손실,707,845,200만원,12개월,0.3,여자,세,기타,,,,,,,,,1,,,,,2000000.0,12.0,216666.66666666663,193750.0,,,,
B100102-2,4,4,1.0,0.25,0.0,0.0,0,0,,,,,0,0,2010,정상종료,완납,131,461,50만원,6개월,0.3,남자,세,기타,,,,17.0,9.0,5.0,0.0,0.0,1,,,,,500000.0,6.0,95833.33333333331,90625.0,,,,
B100212-2,5,5,1.0,1.0,0.0,0.0,0,0,,,,,0,0,2010,정상종료,완납,832,2704,150만원,6개월,0.3,남자,세,기타,,,,11.0,11.0,0.0,0.0,0.0,1,,,,,1500000.0,6.0,287500.0,271875.0,,,,
B100227-2,3,3,0.0,0.0,1.0,24.667,74,61,1.0,0.333,,,1,0,2010,연체중,손실,382,792,150만원,12개월,0.3,여자,세,기타,,,,,,,,,1,,,,,1500000.0,12.0,162500.0,145312.5,,,,
B100302-2,12,12,0.0,0.0,1.0,6.417,77,12,1.0,0.083,,,1,0,2010,정상종료,완납,372,2389,150만원,12개월,0.3,남자,세,기타,,,,0.0,0.0,15.0,0.0,0.0,1,,,,,1500000.0,12.0,162500.0,145312.5,,,,
B100405-2,3,3,0.6667,0.0,0.3333,0.333,1,1,2.0,0.667,3.0,,1,0,2010,정상종료,완납,284,762,50만원,3개월,0.3,남자,세,기타,,,,3.0,0.0,14.0,0.0,0.0,1,,,,,500000.0,3.0,179166.66666666666,175000.0,,,,
B100412-2,12,12,0.9167,0.5833,0.0833,0.083,1,1,8.0,0.667,9.0,,1,0,2010,정상종료,완납,782,2738,200만원,12개월,0.3,남자,세,기타,,,,17.0,11.0,2.0,0.0,0.0,1,,,,,2000000.0,12.0,216666.66666666663,193750.0,,,,
B100424-2,18,18,0.9444,0.6667,0.0556,0.111,2,2,18.0,1.0,,,1,0,2010,정상종료,완납,374,720,300만원,18개월,0.3,남자,세,기타,,,,24.0,14.0,7.0,0.0,0.0,1,,,,,3000000.0,18.0,241666.66666666663,206250.0,,,,
B100430-2,1,1,0.0,0.0,1.0,61.0,61,61,1.0,1.0,,,1,0,2010,연체중,손실,2097,2416,150만원,9개월,0.3,남자,세,기타,,,,,,,,,1,,,,,1500000.0,9.0,204166.66666666663,187500.0,,,,
B100507-2,24,24,0.7083,0.1667,0.2917,0.542,13,3,5.0,0.208,6.0,12.0,1,0,2010,정상종료,완납,827,1164,300만원,24개월,0.3,여자,세,기타,,,,,,,,,1,,,,,3000000.0,24.0,200000.0,164062.5,,,,
B100601-2,6,6,1.0,1.0,0.0,0.0,0,0,,,,,0,0,2010,정상종료,완납,478,952,50만원,6개월,0.3,남자,세,기타,,,,75.0,56.0,27.0,4.0,0.0,1,,,,,500000.0,6.0,95833.33333333331,90625.0,,,,
B100603-2,6,6,0.6667,0.6667,0.3333,0.667,4,3,4.0,0.667,6.0,,1,0,2010,정상종료,완납,272,1329,100만원,12개월,0.3,남자,세,기타,,,,9.0,9.0,3.0,0.0,0.0,1,,,,,1000000.0,12.0,108333.33333333331,96875.0,,,,
B100612-2,17,17,1.0,1.0,0.0,0.0,0,0,,,,,0,0,2010,정상종료,완납,212,545,300만원,18개월,0.3,남자,세,기타,,,,40.0,39.0,1.0,0.0,0.0,1,,,,,3000000.0,18.0,241666.66666666663,206250.0,,,,
B100616-2,4,4,1.0,1.0,0.0,0.0,0,0,,,,,0,0,2010,정상종료,완납,884,2132,150만원,6개월,0.3,여자,세,기타,,,,12.0,9.0,4.0,0.0,0.0,1,,,,,1500000.0,6.0,287500.0,271875.0,,,,
B100621-2,12,12,1.0,0.8333,0.0,0.0,0,0,,,,,0,0,2010,정상종료,완납,452,1295,100만원,12개월,0.3,여자,세,기타,,,,21.0,14.0,8.0,0.0,0.0,1,,,,,1000000.0,12.0,108333.33333333331,96875.0,,,,
B100711-2,9,9,0.7778,0.7778,0.2222,1.111,10,7,3.0,0.333,4.0,5.0,1,0,2010,정상종료,완납,677,983,250만원,9개월,0.3,남자,세,기타,,,,36.0,30.0,6.0,0.0,0.0,1,,,,,2500000.0,9.0,340277.7777777777,312500.0,,,,
B100717-2,10,10,1.0,0.8,0.0,0.0,0,0,,,,,0,0,2010,정상종료,완납,514,1682,200만원,12개월,0.3,남자,세,기타,,,,29.0,22.0,0.0,0.0,0.0,1,,,,,2000000.0,12.0,216666.66666666663,193750.0,,,,
B100720-2,12,12,0.9167,0.8333,0.0833,0.083,1,1,8.0,0.667,9.0,,1,0,2010,정상종료,완납,312,2467,200만원,12개월,0.3,남자,세,기타,,,,,,,,,1,,,,,2000000.0,12.0,216666.66666666663,193750.0,,,,
B100824-2,12,12,0.1667,0.0833,0.8333,11.833,142,30,1.0,0.083,2.0,4.0,1,0,2010,정상종료,완납,229,748,200만원,12개월,0.3,남자,세,기타,,,,,,,,,1,,,,,2000000.0,12.0,216666.66666666663,193750.0,,,,
B100830-2,23,23,0.913,0.2609,0.087,0.087,2,1,9.0,0.391,10.0,14.0,1,0,2010,정상종료,완납,457,1162,300만원,24개월,0.3,여자,세,기타,,,,29.0,11.0,5.0,0.0,0.0,1,,,,,3000000.0,24.0,200000.0,164062.5,,,,
B100912-2,12,12,1.0,0.8333,0.0,0.0,0,0,,,,,0,0,2010,정상종료,완납,423,1164,100만원,12개월,0.3,남자,세,기타,,,,,,,,,1,,,,,1000000.0,12.0,108333.33333333331,96875.0,,,,
B101002-2,6,6,0.8333,0.3333,0.1667,1.0,6,6,3.0,0.5,4.0,,1,0,2010,정상종료,완납,604,589,200만원,6개월,0.3,남자,세,기타,,,,115.0,91.0,4.0,0.0,0.0,1,,,,,2000000.0,6.0,383333.3333333333,362500.0,,,,
B101010-2,1,1,0.0,0.0,1.0,61.0,61,61,1.0,1.0,,,1,0,2010,연체중,손실,272,624,150만원,9개월,0.3,남자,세,기타,,,,,,,,,1,,,,,1500000.0,9.0,204166.66666666663,187500.0,,,,
B101016-2,12,12,0.5,0.4167,0.5,4.667,56,13,2.0,0.167,3.0,5.0,1,0,2010,정상종료,완납,163,253,150만원,12개월,0.3,남자,세,기타,,,,7.0,6.0,6.0,0.0,0.0,1,,,,,1500000.0,12.0,162500.0,145312.5,,,,
B101027-2,3,3,0.0,0.0,1.0,19.0,57,31,1.0,0.333,,,1,0,2010,연체중,손실,469,861,200만원,9개월,0.3,남자,세,기타,,,,,,,,,1,,,,,2000000.0,9.0,272222.22222222225,250000.0,,,,
B101107-2,18,18,0.8889,0.7222,0.1111,1.0,18,11,10.0,0.556,11.0,12.0,1,0,2010,정상종료,완납,915,1953,300만원,18개월,0.3,여자,세,기타,,,,,,,,,1,,,,,3000000.0,18.0,241666.66666666663,206250.0,,,,
B101111-2,18,18,1.0,1.0,0.0,0.0,0,0,,,,,0,0,2010,정상종료,완납,413,1623,300만원,18개월,0.3,남자,세,기타,,,,,,,,,1,,,,,3000000.0,18.0,241666.66666666663,206250.0,,,,
B101121-2,4,4,0.25,0.25,0.75,8.5,34,31,1.0,0.25,2.0,3.0,1,0,2010,연체중,손실,757,1918,300만원,15개월,0.3,남자,세,기타,,,,6.0,6.0,5.0,0.0,0.0,1,,,,,3000000.0,15.0,275000.0,240000.0,,,,
B101218-2,10,10,0.7,0.1,0.3,4.3,43,31,2.0,0.2,3.0,9.0,1,0,2010,연체중,손실,296,2268,100만원,12개월,0.3,여자,세,기타,,,,,,,,,1,,,,,1000000.0,12.0,108333.33333333331,96875.0,,,,
B101220-2,11,11,0.9091,0.9091,0.0909,0.091,1,1,2.0,0.182,3.0,,1,0,2010,정상종료,완납,278,1939,250만원,12개월,0.3,남자,세,기타,,,,,,,,,1,,,,,2500000.0,12.0,270833.3333333334,242187.5,,,,
B081203-3,9,9,0.3333,0.3333,0.6667,6.222,56,25,1.0,0.111,4.0,5.0,1,0,2008,정상종료,완납,169,480,100만원,9개월,0.3,여자,세,기타,,,,14.0,9.0,26.0,2.0,0.0,1,,,,,1000000.0,9.0,136111.11111111112,125000.0,,,,
B081229-3,11,11,0.7273,0.4545,0.2727,0.273,3,1,3.0,0.273,5.0,6.0,1,0,2008,정상종료,완납,223,740,100만원,12개월,0.3,여자,세,기타,,,,25.0,15.0,10.0,0.0,0.0,1,,,,,1000000.0,12.0,108333.33333333331,96875.0,,,,
B081230-3,12,12,0.6667,0.3333,0.3333,2.083,25,12,6.0,0.5,9.0,11.0,1,0,2008,정상종료,완납,974,825,100만원,12개월,0.3,여자,세,기타,,,,46.0,17.0,10.0,0.0,0.0,1,,,,,1000000.0,12.0,108333.33333333331,96875.0,,,,
B090102-3,8,8,0.375,0.0,0.625,12.375,99,61,3.0,0.375,4.0,5.0,1,0,2009,연체중,손실,241,254,100만원,9개월,0.3,여자,세,기타,,,,3.0,0.0,8.0,2.0,0.0,1,,,,,1000000.0,9.0,136111.11111111112,125000.0,,,,
B090106-3,6,6,0.1667,0.0,0.8333,24.0,144,61,2.0,0.333,,,1,0,2009,연체중,손실,389,348,100만원,12개월,0.3,여자,세,기타,,,,2.0,1.0,6.0,2.0,0.0,1,,,,,1000000.0,12.0,108333.33333333331,96875.0,,,,
B090117-3,7,7,0.0,0.0,1.0,15.0,105,61,1.0,0.143,,,1,0,2009,연체중,손실,319,386,100만원,12개월,0.3,여자,세,기타,,,,3.0,0.0,8.0,2.0,0.0,1,,,,,1000000.0,12.0,108333.33333333331,96875.0,,,,
B090121-3,10,10,0.9,0.4,0.1,0.2,2,2,6.0,0.6,7.0,,1,0,2009,정상종료,완납,71,1382,100만원,12개월,0.3,남자,세,기타,,,,42.0,17.0,10.0,0.0,0.0,1,,,,,1000000.0,12.0,108333.33333333331,96875.0,,,,
B090123-3,12,12,1.0,0.5,0.0,0.0,0,0,,,,,0,0,2009,정상종료,완납,121,752,100만원,12개월,0.3,여자,세,기타,,,,,,,,,1,,,,,1000000.0,12.0,108333.33333333331,96875.0,,,,
B090203-3,12,12,0.0,0.0,1.0,15.083,181,43,1.0,0.083,,,1,0,2009,정상종료,완납,224,385,100만원,12개월,0.3,여자,세,기타,,,,,,,,,1,,,,,1000000.0,12.0,108333.33333333331,96875.0,,,,
B090205-3,5,5,0.4,0.2,0.6,16.2,81,61,3.0,0.6,,,1,0,2009,연체중,손실,319,1031,100만원,12개월,0.3,남자,세,기타,,,,3.0,1.0,4.0,1.0,0.0,1,,,,,1000000.0,12.0,108333.33333333331,96875.0,,,,
B090306-3,12,12,0.5,0.0833,0.5,1.833,22,6,2.0,0.167,3.0,6.0,1,0,2009,정상종료,완납,359,752,200만원,12개월,0.3,남자,세,기타,,,,48.0,12.0,29.0,0.0,0.0,1,,,,,2000000.0,12.0,216666.66666666663,193750.0,,,,
B090309-3,12,12,0.9167,0.5,0.0833,0.083,1,1,4.0,0.333,5.0,,1,0,2009,정상종료,완납,303,1157,100만원,12개월,0.3,여자,세,기타,,,,40.0,14.0,19.0,0.0,0.0,1,,,,,1000000.0,12.0,108333.33333333331,96875.0,,,,
B090312-3,10,10,0.9,0.4,0.1,0.1,1,1,4.0,0.4,5.0,,1,0,2009,정상종료,완납,363,1032,100만원,12개월,0.3,남자,세,기타,,,,125.0,86.0,2.0,0.0,0.0,1,,,,,1000000.0,12.0,108333.33333333331,96875.0,,,,
B090407-3,11,11,0.0,0.0,1.0,15.909,175,44,1.0,0.091,,,1,0,2009,정상종료,완납,686,1851,200만원,12개월,0.3,남자,세,기타,,,,,,,,,1,,,,,2000000.0,12.0,216666.66666666663,193750.0,,,,
B090408-3,12,12,1.0,0.75,0.0,0.0,0,0,,,,,0,0,2009,정상종료,완납,917,751,200만원,12개월,0.3,남자,세,기타,,,,72.0,58.0,0.0,0.0,0.0,1,,,,,2000000.0,12.0,216666.66666666663,193750.0,,,,
B090416-3,12,12,1.0,0.8333,0.0,0.0,0,0,,,,,0,0,2009,정상종료,완납,287,498,200만원,12개월,0.3,남자,세,기타,,,,24.0,22.0,0.0,0.0,0.0,1,,,,,2000000.0,12.0,216666.66666666663,193750.0,,,,
B090427-3,12,12,1.0,0.8333,0.0,0.0,0,0,,,,,0,0,2009,정상종료,완납,1500,2250,200만원,12개월,0.3,여자,세,기타,,,,58.0,42.0,1.0,0.0,0.0,1,,,,,2000000.0,12.0,216666.66666666663,193750.0,,,,
B090428-3,8,8,0.125,0.125,0.875,23.5,188,61,2.0,0.25,,,1,0,2009,연체중,손실,366,788,200만원,12개월,0.3,여자,세,기타,,,,,,,,,1,,,,,2000000.0,12.0,216666.66666666663,193750.0,,,,
B090504-3,6,6,0.8333,0.6667,0.1667,1.5,9,9,4.0,0.667,5.0,,1,0,2009,정상종료,완납,305,922,200만원,12개월,0.3,남자,세,기타,,,,,,,,,1,,,,,2000000.0,12.0,216666.66666666663,193750.0,,,,
B090515-3,19,19,0.9474,0.6316,0.0526,0.368,7,7,8.0,0.421,9.0,,1,0,2009,정상종료,완납,312,1242,300만원,21개월,0.3,여자,세,기타,,,,39.0,14.0,15.0,0.0,0.0,1,,,,,3000000.0,21.0,217857.14285714287,182142.8571428572,,,,
B090608-3,8,8,0.875,0.25,0.125,0.125,1,1,5.0,0.625,6.0,,1,0,2009,정상종료,완납,179,1430,200만원,9개월,0.3,여자,세,기타,,,,,,,,,1,,,,,2000000.0,9.0,272222.22222222225,250000.0,,,,
B090614-3,6,6,0.5,0.1667,0.5,5.0,30,13,2.0,0.333,3.0,4.0,1,0,2009,정상종료,완납,564,2154,100만원,6개월,0.3,여자,세,기타,,,,22.0,7.0,14.0,0.0,0.0,1,,,,,1000000.0,6.0,191666.66666666663,181250.0,,,,
B090720-3,6,6,0.6667,0.0,0.3333,0.333,2,1,1.0,0.167,3.0,,1,0,2009,정상종료,완납,306,575,100만원,6개월,0.3,남자,세,기타,,,,,,,,,1,,,,,1000000.0,6.0,191666.66666666663,181250.0,,,,
B090725-3,6,6,1.0,0.6667,0.0,0.0,0,0,,,,,0,0,2009,정상종료,완납,285,553,100만원,6개월,0.3,남자,세,기타,,,,,,,,,1,,,,,1000000.0,6.0,191666.66666666663,181250.0,,,,
B090805-3,12,12,0.9167,0.1667,0.0833,0.167,2,2,8.0,0.667,9.0,,1,0,2009,정상종료,완납,356,1714,100만원,12개월,0.3,남자,세,기타,,,,57.0,6.0,5.0,0.0,0.0,1,,,,,1000000.0,12.0,108333.33333333331,96875.0,,,,
B090811-3,24,24,1.0,1.0,0.0,0.0,0,0,,,,,0,0,2009,정상종료,완납,465,2695,300만원,24개월,0.3,여자,세,기타,,,,48.0,35.0,0.0,0.0,0.0,1,,,,,3000000.0,24.0,200000.0,164062.5,,,,
B090815-3,5,5,0.8,0.8,0.2,1.0,5,5,1.0,0.2,2.0,,1,0,2009,정상종료,완납,419,704,200만원,6개월,0.3,여자,세,기타,,,,95.0,76.0,2.0,0.0,0.0,1,,,,,2000000.0,6.0,383333.3333333333,362500.0,,,,
B090925-3,5,5,1.0,1.0,0.0,0.0,0,0,,,,,0,0,2009,정상종료,완납,314,1109,200만원,9개월,0.3,남자,세,기타,,,,89.0,37.0,22.0,4.0,0.0,1,,,,,2000000.0,9.0,272222.22222222225,250000.0,,,,
B090926-3,6,6,0.6667,0.3333,0.3333,0.333,2,1,4.0,0.667,6.0,,1,0,2009,정상종료,완납,213,982,100만원,6개월,0.3,여자,세,기타,,,,,,,,,1,,,,,1000000.0,6.0,191666.66666666663,181250.0,,,,
B091028-3,12,12,1.0,0.1667,0.0,0.0,0,0,,,,,0,0,2009,정상종료,완납,739,1083,100만원,12개월,0.3,여자,세,기타,,,,,,,,,1,,,,,1000000.0,12.0,108333.33333333331,96875.0,,,,
B091104-3,1,1,0.0,0.0,1.0,32.0,32,32,1.0,1.0,,,1,0,2009,정상종료,완납,239,1061,50만원,3개월,0.3,,세,기타,,,,,,,,,1,,,,,500000.0,3.0,179166.66666666666,175000.0,,,,
B091107-3,5,5,1.0,1.0,0.0,0.0,0,0,,,,,0,0,2009,정상종료,완납,169,1034,150만원,6개월,0.3,남자,세,기타,,,,20.0,19.0,0.0,0.0,0.0,1,,,,,1500000.0,6.0,287500.0,271875.0,,,,
B091220-3,7,7,0.7143,0.2857,0.2857,1.286,9,8,4.0,0.571,6.0,,1,0,2009,정상종료,완납,127,707,150만원,12개월,0.3,남자,세,기타,,,,60.0,22.0,15.0,0.0,0.0,1,,,,,1500000.0,12.0,162500.0,145312.5,,,,
B100105-3,12,12,1.0,1.0,0.0,0.0,0,0,,,,,0,0,2010,정상종료,완납,608,2983,250만원,12개월,0.3,여자,세,기타,,,,,,,,,1,,,,,2500000.0,12.0,270833.3333333334,242187.5,,,,
B100121-3,6,6,0.8333,0.6667,0.1667,2.333,14,14,6.0,1.0,,,1,0,2010,정상종료,완납,375,1410,250만원,6개월,0.3,남자,세,기타,,,,20.0,7.0,1.0,0.0,0.0,1,,,,,2500000.0,6.0,479166.6666666667,453125.0,,,,
B100122-3,7,7,0.8571,0.7143,0.1429,1.857,13,13,1.0,0.143,2.0,,1,0,2010,정상종료,완납,177,1112,250만원,9개월,0.3,여자,세,기타,,,,95.0,76.0,2.0,0.0,0.0,1,,,,,2500000.0,9.0,340277.7777777777,312500.0,,,,
B100305-3,9,9,1.0,1.0,0.0,0.0,0,0,,,,,0,0,2010,정상종료,완납,591,1641,150만원,12개월,0.3,여자,세,기타,,,,16.0,16.0,0.0,0.0,0.0,1,,,,,1500000.0,12.0,162500.0,145312.5,,,,
B100311-3,12,12,0.75,0.6667,0.25,0.917,11,8,7.0,0.583,9.0,12.0,1,0,2010,정상종료,완납,567,1492,150만원,12개월,0.3,여자,세,기타,,,,,,,,,1,,,,,1500000.0,12.0,162500.0,145312.5,,,,
B100317-3,18,18,1.0,0.9444,0.0,0.0,0,0,,,,,0,0,2010,정상종료,완납,1027,797,300만원,18개월,0.3,여자,세,기타,,,,47.0,32.0,3.0,0.0,0.0,1,,,,,3000000.0,18.0,241666.66666666663,206250.0,,,,
B100322-3,24,24,0.0417,0.0,0.9583,8.458,203,11,1.0,0.042,14.0,15.0,1,0,2010,정상종료,완납,1433,1455,300만원,24개월,0.3,남자,세,기타,,,,,,,,,1,,,,,3000000.0,24.0,200000.0,164062.5,,,,
B100507-3,24,24,1.0,0.875,0.0,0.0,0,0,,,,,0,0,2010,정상종료,완납,277,718,300만원,24개월,0.3,여자,세,기타,,,,,,,,,1,,,,,3000000.0,24.0,200000.0,164062.5,,,,
B100512-3,15,15,1.0,1.0,0.0,0.0,0,0,,,,,0,0,2010,정상종료,완납,242,868,300만원,21개월,0.3,여자,세,기타,,,,51.0,40.0,9.0,0.0,0.0,1,,,,,3000000.0,21.0,217857.14285714287,182142.8571428572,,,,
B100518-3,9,9,0.4444,0.0,0.5556,4.111,37,27,2.0,0.222,3.0,4.0,1,0,2010,정상종료,완납,289,1764,100만원,9개월,0.3,여자,세,기타,,,,,,,,,1,,,,,1000000.0,9.0,136111.11111111112,125000.0,,,,
B100524-3,7,7,0.4286,0.4286,0.5714,13.0,91,61,3.0,0.429,4.0,5.0,1,0,2010,연체중,손실,152,867,500만원,24개월,0.3,남자,세,기타,,,,13.0,12.0,6.0,0.0,0.0,1,,,,,5000000.0,24.0,333333.3333333334,273437.5,,,,
B100528-3,18,18,0.4444,0.4444,0.5556,2.0,36,8,6.0,0.333,10.0,11.0,1,0,2010,정상종료,완납,583,202,300만원,18개월,0.3,여자,세,기타,,,,,,,,,1,,,,,3000000.0,18.0,241666.66666666663,206250.0,,,,
B100617-3,8,8,1.0,1.0,0.0,0.0,0,0,,,,,0,0,2010,정상종료,완납,1099,3640,200만원,12개월,0.3,여자,세,기타,,,,73.0,48.0,0.0,0.0,0.0,1,,,,,2000000.0,12.0,216666.66666666663,193750.0,,,,
B100701-3,9,9,0.6667,0.4444,0.3333,3.667,33,22,4.0,0.444,5.0,7.0,1,0,2010,정상종료,완납,275,2357,150만원,9개월,0.299,남자,세,기타,,,,,,,,,1,,,,,1500000.0,9.0,204041.66666666663,187430.5555555556,,,,
B100908-3,22,22,1.0,0.9545,0.0,0.0,0,0,,,,,0,0,2010,정상종료,완납,952,1768,300만원,24개월,0.3,남자,세,기타,,,,97.0,55.0,3.0,0.0,0.0,1,,,,,3000000.0,24.0,200000.0,164062.5,,,,
B100913-3,9,9,0.8889,0.7778,0.1111,0.333,3,3,1.0,0.111,2.0,,1,0,2010,정상종료,완납,511,1286,100만원,9개월,0.3,남자,세,기타,,,,22.0,12.0,5.0,0.0,0.0,1,,,,,1000000.0,9.0,136111.11111111112,125000.0,,,,
B100919-3,12,12,1.0,0.8333,0.0,0.0,0,0,,,,,0,0,2010,정상종료,완납,273,1459,250만원,12개월,0.3,남자,세,기타,,,,,,,,,1,,,,,2500000.0,12.0,270833.3333333334,242187.5,,,,
B100922-3,6,6,1.0,0.6667,0.0,0.0,0,0,,,,,0,0,2010,정상종료,완납,750,2723,200만원,12개월,0.3,남자,세,기타,,,,31.0,25.0,18.0,0.0,0.0,1,,,,,2000000.0,12.0,216666.66666666663,193750.0,,,,
B100930-3,12,12,1.0,0.75,0.0,0.0,0,0,,,,,0,0,2010,정상종료,완납,193,820,200만원,12개월,0.3,남자,세,기타,,,,,,,,,1,,,,,2000000.0,12.0,216666.66666666663,193750.0,,,,
B101006-3,12,12,0.75,0.4167,0.25,0.333,4,2,9.0,0.75,10.0,11.0,1,0,2010,정상종료,완납,270,1408,200만원,12개월,0.3,여자,세,기타,,,,,,,,,1,,,,,2000000.0,12.0,216666.66666666663,193750.0,,,,
B101008-3,12,12,0.4167,0.1667,0.5833,8.333,100,30,6.0,0.5,,,1,0,2010,정상종료,완납,255,3666,200만원,12개월,0.3,여자,세,기타,,,,7.0,3.0,11.0,6.0,0.0,1,,,,,2000000.0,12.0,216666.66666666663,193750.0,,,,
B101025-3,5,5,0.2,0.0,0.8,10.0,50,31,2.0,0.4,,,1,0,2010,연체중,손실,510,1002,150만원,12개월,0.3,여자,세,기타,,,,,,,,,1,,,,,1500000.0,12.0,162500.0,145312.5,,,,
B101109-3,12,12,0.25,0.0833,0.75,4.417,53,11,3.0,0.25,12.0,,1,0,2010,정상종료,완납,596,593,200만원,12개월,0.3,남자,세,기타,,,,,,,,,1,,,,,2000000.0,12.0,216666.66666666663,193750.0,,,,
B101125-3,12,12,0.9167,0.5,0.0833,0.083,1,1,10.0,0.833,11.0,,1,0,2010,정상종료,완납,249,680,150만원,12개월,0.3,여자,세,기타,,,,,,,,,1,,,,,1500000.0,12.0,162500.0,145312.5,,,,
B101130-3,12,12,0.4167,0.0833,0.5833,1.917,23,10,5.0,0.417,7.0,8.0,1,0,2010,정상종료,완납,833,1529,250만원,12개월,0.3,여자,세,기타,,,,18.0,4.0,9.0,0.0,0.0,1,,,,,2500000.0,12.0,270833.3333333334,242187.5,,,,
B101201-3,24,24,1.0,0.9583,0.0,0.0,0,0,,,,,0,0,2010,정상종료,완납,1326,507,500만원,24개월,0.3,여자,세,기타,,,,125.0,120.0,0.0,0.0,0.0,1,,,,,5000000.0,24.0,333333.3333333334,273437.5,,,,
B101203-3,12,12,0.4167,0.0833,0.5833,3.75,45,20,1.0,0.083,3.0,4.0,1,0,2010,정상종료,완납,652,2332,200만원,12개월,0.3,여자,세,기타,,,,28.0,12.0,42.0,5.0,0.0,1,,,,,2000000.0,12.0,216666.66666666663,193750.0,,,,
B101211-3,2,2,0.5,0.0,0.5,15.5,31,31,2.0,1.0,,,1,0,2010,연체중,손실,697,2442,200만원,12개월,0.3,남자,세,기타,,,,,,,,,1,,,,,2000000.0,12.0,216666.66666666663,193750.0,,,,
B081209-4,5,5,0.8,0.6,0.2,1.4,7,7,2.0,0.4,3.0,,1,0,2008,정상종료,완납,331,462,100만원,6개월,0.29,남자,세,기타,,,,,,,,,1,,,,,1000000.0,6.0,190833.3333333333,180763.88888888888,,,,
B081223-4,7,7,1.0,1.0,0.0,0.0,0,0,,,,,0,0,2008,정상종료,완납,286,475,100만원,12개월,0.3,남자,세,기타,,,,69.0,66.0,16.0,0.0,0.0,1,,,,,1000000.0,12.0,108333.33333333331,96875.0,,,,
B090114-4,9,9,0.7778,0.2222,0.2222,0.444,4,3,6.0,0.667,7.0,8.0,1,0,2009,정상종료,완납,159,594,200만원,9개월,0.3,여자,세,기타,,,,8.0,2.0,10.0,0.0,0.0,1,,,,,2000000.0,9.0,272222.22222222225,250000.0,,,,
B090121-4,12,12,1.0,0.9167,0.0,0.0,0,0,,,,,0,0,2009,정상종료,완납,209,471,100만원,12개월,0.3,남자,세,기타,,,,,,,,,1,,,,,1000000.0,12.0,108333.33333333331,96875.0,,,,
B090223-4,6,6,1.0,1.0,0.0,0.0,0,0,,,,,0,0,2009,정상종료,완납,335,1518,200만원,12개월,0.3,여자,세,기타,,,,125.0,109.0,1.0,0.0,0.0,1,,,,,2000000.0,12.0,216666.66666666663,193750.0,,,,
B090309-4,12,12,0.9167,0.3333,0.0833,0.083,1,1,5.0,0.417,6.0,,1,0,2009,정상종료,완납,256,1410,100만원,12개월,0.3,남자,세,기타,,,,,,,,,1,,,,,1000000.0,12.0,108333.33333333331,96875.0,,,,
B090416-4,8,8,1.0,0.875,0.0,0.0,0,0,,,,,0,0,2009,정상종료,완납,165,546,200만원,12개월,0.3,여자,세,기타,,,,28.0,18.0,4.0,0.0,0.0,1,,,,,2000000.0,12.0,216666.66666666663,193750.0,,,,
B090504-4,9,9,0.6667,0.6667,0.3333,2.333,21,10,1.0,0.111,4.0,,1,0,2009,정상종료,완납,326,809,100만원,12개월,0.3,여자,세,기타,,,,9.0,9.0,3.0,0.0,0.0,1,,,,,1000000.0,12.0,108333.33333333331,96875.0,,,,
B090508-4,6,6,0.8333,0.6667,0.1667,6.5,39,39,6.0,1.0,,,1,0,2009,정상종료,완납,479,1194,100만원,6개월,0.3,여자,세,기타,,,,,,,,,1,,,,,1000000.0,6.0,191666.66666666663,181250.0,,,,
B090526-4,6,6,1.0,1.0,0.0,0.0,0,0,,,,,0,0,2009,정상종료,완납,168,1129,200만원,12개월,0.3,여자,세,기타,,,,12.0,11.0,29.0,1.0,0.0,1,,,,,2000000.0,12.0,216666.66666666663,193750.0,,,,
B090606-4,2,2,0.5,0.5,0.5,1.0,2,2,1.0,0.5,2.0,,1,0,2009,정상종료,완납,772,921,300만원,18개월,0.3,여자,세,기타,,,,62.0,13.0,24.0,1.0,0.0,1,,,,,3000000.0,18.0,241666.66666666663,206250.0,,,,
B090618-4,1,1,0.0,0.0,1.0,61.0,61,61,1.0,1.0,,,1,0,2009,손실(상환완료),손실,606,1085,100만원,3개월,0.3,여자,세,기타,,,,,,,,,1,,,,,1000000.0,3.0,358333.3333333333,350000.0,,,,
B090623-4,9,9,0.3333,0.0,0.6667,14.111,127,61,1.0,0.111,2.0,4.0,1,0,2009,연체중,손실,247,573,200만원,12개월,0.3,남자,세,기타,,,,,,,,,1,,,,,2000000.0,12.0,216666.66666666663,193750.0,,,,
B090801-4,12,12,0.9167,0.5833,0.0833,0.083,1,1,8.0,0.667,9.0,,1,0,2009,정상종료,완납,268,1691,200만원,12개월,0.3,여자,세,기타,,,,48.0,38.0,1.0,0.0,0.0,1,,,,,2000000.0,12.0,216666.66666666663,193750.0,,,,
B090807-4,10,10,0.7,0.1,0.3,0.7,7,3,1.0,0.1,2.0,8.0,1,0,2009,정상종료,완납,325,1620,200만원,12개월,0.3,남자,세,기타,,,,11.0,1.0,7.0,0.0,0.0,1,,,,,2000000.0,12.0,216666.66666666663,193750.0,,,,
B090930-4,21,21,0.7619,0.1429,0.2381,5.81,122,30,15.0,0.714,16.0,17.0,1,0,2009,정상종료,완납,511,487,300만원,21개월,0.3,여자,세,기타,,,,62.0,13.0,24.0,1.0,0.0,1,,,,,3000000.0,21.0,217857.14285714287,182142.8571428572,,,,
B091022-4,6,6,0.8333,0.0,0.1667,0.167,1,1,1.0,0.167,2.0,,1,0,2009,정상종료,완납,463,947,200만원,6개월,0.3,여자,세,기타,,,,9.0,0.0,12.0,0.0,0.0,1,,,,,2000000.0,6.0,383333.3333333333,362500.0,,,,
B091024-4,6,6,1.0,0.5,0.0,0.0,0,0,,,,,0,0,2009,정상종료,완납,581,869,100만원,6개월,0.3,남자,세,기타,,,,70.0,51.0,8.0,0.0,0.0,1,,,,,1000000.0,6.0,191666.66666666663,181250.0,,,,
B091113-4,15,15,0.9333,0.8667,0.0667,0.067,1,1,11.0,0.733,12.0,,1,0,2009,정상종료,완납,619,904,500만원,15개월,0.3,남자,세,기타,,,,,,,,,1,,,,,5000000.0,15.0,458333.3333333333,400000.0,,,,
B091115-4,8,8,1.0,0.625,0.0,0.0,0,0,,,,,0,0,2009,정상종료,완납,353,1039,100만원,9개월,0.3,남자,세,기타,,,,43.0,32.0,11.0,0.0,0.0,1,,,,,1000000.0,9.0,136111.11111111112,125000.0,,,,
B091122-4,24,24,0.9583,0.4167,0.0417,0.042,1,1,20.0,0.833,21.0,,1,0,2009,정상종료,완납,354,657,300만원,24개월,0.3,여자,세,기타,,,,35.0,14.0,10.0,0.0,0.0,1,,,,,3000000.0,24.0,200000.0,164062.5,,,,
B091218-4,12,12,1.0,0.6667,0.0,0.0,0,0,,,,,0,0,2009,정상종료,완납,1564,793,200만원,12개월,0.3,남자,세,기타,,,,,,,,,1,,,,,2000000.0,12.0,216666.66666666663,193750.0,,,,
B091231-4,12,12,0.0833,0.0,0.9167,6.917,83,27,1.0,0.083,12.0,,1,0,2009,정상종료,완납,348,1533,200만원,12개월,0.3,남자,세,기타,,,,,,,,,1,,,,,2000000.0,12.0,216666.66666666663,193750.0,,,,
B100117-4,4,4,0.5,0.5,0.5,15.75,63,61,3.0,0.75,,,1,0,2010,연체중,손실,172,608,100만원,12개월,0.3,여자,세,기타,,,,,,,,,1,,,,,1000000.0,12.0,108333.33333333331,96875.0,,,,
B100206-4,15,15,0.5333,0.4,0.4667,1.267,19,8,3.0,0.2,4.0,6.0,1,0,2010,정상종료,완납,781,1252,300만원,15개월,0.3,여자,세,기타,,,,17.0,11.0,9.0,0.0,0.0,1,,,,,3000000.0,15.0,275000.0,240000.0,,,,
B100211-4,13,13,0.9231,0.6154,0.0769,0.231,3,3,12.0,0.923,13.0,,1,0,2010,정상종료,완납,502,401,300만원,15개월,0.3,남자,세,기타,,,,15.0,11.0,1.0,0.0,0.0,1,,,,,3000000.0,15.0,275000.0,240000.0,,,,
B100217-4,24,24,0.75,0.125,0.25,0.708,17,6,11.0,0.458,12.0,17.0,1,0,2010,정상종료,완납,358,1439,300만원,24개월,0.3,여자,세,기타,,,,40.0,14.0,19.0,0.0,0.0,1,,,,,3000000.0,24.0,200000.0,164062.5,,,,
B100221-4,3,3,1.0,0.0,0.0,0.0,0,0,,,,,0,0,2010,정상종료,완납,342,1294,50만원,3개월,0.3,여자,세,기타,,,,,,,,,1,,,,,500000.0,3.0,179166.66666666666,175000.0,,,,
B100223-4,3,3,0.3333,0.3333,0.6667,0.667,2,1,2.0,0.667,,,1,0,2010,정상종료,완납,431,941,50만원,3개월,0.3,남자,세,기타,,,,,,,,,1,,,,,500000.0,3.0,179166.66666666666,175000.0,,,,
B100303-4,9,9,0.2222,0.0,0.7778,6.556,59,11,1.0,0.111,3.0,5.0,1,0,2010,정상종료,완납,220,1149,50만원,9개월,0.3,여자,세,기타,,,,,,,,,1,,,,,500000.0,9.0,68055.55555555556,62500.0,,,,
B100315-4,21,21,1.0,1.0,0.0,0.0,0,0,,,,,0,0,2010,정상종료,완납,968,2267,300만원,24개월,0.3,여자,세,기타,,,,,,,,,1,,,,,3000000.0,24.0,200000.0,164062.5,,,,
B100323-4,5,5,1.0,1.0,0.0,0.0,0,0,,,,,0,0,2010,정상종료,완납,180,412,200만원,12개월,0.3,남자,세,기타,,,,88.0,82.0,0.0,0.0,0.0,1,,,,,2000000.0,12.0,216666.66666666663,193750.0,,,,
B100402-4,12,12,0.9167,0.8333,0.0833,0.417,5,5,12.0,1.0,,,1,0,2010,정상종료,완납,454,940,250만원,12개월,0.3,여자,세,기타,,,,,,,,,1,,,,,2500000.0,12.0,270833.3333333334,242187.5,,,,
B100406-4,12,12,1.0,0.8333,0.0,0.0,0,0,,,,,0,0,2010,정상종료,완납,347,1625,150만원,12개월,0.3,여자,세,기타,,,,102.0,96.0,0.0,0.0,0.0,1,,,,,1500000.0,12.0,162500.0,145312.5,,,,
B100415-4,12,12,0.9167,0.6667,0.0833,0.083,1,1,11.0,0.917,12.0,,1,0,2010,정상종료,완납,275,1383,250만원,12개월,0.3,여자,세,기타,,,,25.0,15.0,10.0,0.0,0.0,1,,,,,2500000.0,12.0,270833.3333333334,242187.5,,,,
B100416-4,12,12,1.0,1.0,0.0,0.0,0,0,,,,,0,0,2010,정상종료,완납,315,2442,250만원,12개월,0.3,여자,세,기타,,,,51.0,51.0,0.0,0.0,0.0,1,,,,,2500000.0,12.0,270833.3333333334,242187.5,,,,
B100504-4,12,12,0.9167,0.6667,0.0833,0.083,1,1,2.0,0.167,3.0,,1,0,2010,정상종료,완납,158,1655,200만원,12개월,0.3,여자,세,기타,,,,26.0,12.0,14.0,0.0,0.0,1,,,,,2000000.0,12.0,216666.66666666663,193750.0,,,,
B100515-4,15,15,0.7333,0.2667,0.2667,0.333,5,2,2.0,0.133,5.0,15.0,1,0,2010,정상종료,완납,726,1564,300만원,15개월,0.3,여자,세,기타,,,,26.0,16.0,4.0,0.0,0.0,1,,,,,3000000.0,15.0,275000.0,240000.0,,,,
B100602-4,2,2,1.0,1.0,0.0,0.0,0,0,,,,,0,0,2010,정상종료,완납,456,1060,250만원,9개월,0.3,,세,기타,,,,,,,,,1,,,,,2500000.0,9.0,340277.7777777777,312500.0,,,,
B100618-4,12,12,0.9167,0.75,0.0833,0.167,2,2,7.0,0.583,8.0,,1,0,2010,정상종료,완납,488,1604,200만원,12개월,0.3,남자,세,기타,,,,,,,,,1,,,,,2000000.0,12.0,216666.66666666663,193750.0,,,,
B100714-4,9,9,1.0,0.3333,0.0,0.0,0,0,,,,,0,0,2010,정상종료,완납,332,1333,200만원,9개월,0.3,남자,세,기타,,,,48.0,12.0,29.0,0.0,0.0,1,,,,,2000000.0,9.0,272222.22222222225,250000.0,,,,
B100827-4,7,7,0.8571,0.5714,0.1429,0.143,1,1,5.0,0.714,6.0,,1,0,2010,정상종료,완납,232,1500,150만원,12개월,0.3,남자,세,기타,,,,,,,,,1,,,,,1500000.0,12.0,162500.0,145312.5,,,,
B101101-4,12,12,1.0,0.5,0.0,0.0,0,0,,,,,0,0,2010,정상종료,완납,627,551,200만원,12개월,0.3,남자,세,기타,,,,30.0,8.0,15.0,0.0,0.0,1,,,,,2000000.0,12.0,216666.66666666663,193750.0,,,,
B101105-4,12,12,0.5833,0.25,0.4167,4.083,49,31,7.0,0.583,10.0,11.0,1,0,2010,연체중,손실,286,1379,200만원,12개월,0.3,여자,세,기타,,,,,,,,,1,,,,,2000000.0,12.0,216666.66666666663,193750.0,,,,
B101114-4,18,18,0.0556,0.0,0.9444,9.167,165,26,1.0,0.056,18.0,,1,0,2010,정상종료,완납,611,2321,300만원,18개월,0.3,여자,세,기타,,,,,,,,,1,,,,,3000000.0,18.0,241666.66666666663,206250.0,,,,
B101115-4,15,15,0.8,0.7333,0.2,0.4,6,4,4.0,0.267,5.0,8.0,1,0,2010,정상종료,완납,1021,1329,300만원,15개월,0.3,남자,세,기타,,,,,,,,,1,,,,,3000000.0,15.0,275000.0,240000.0,,,,
B101116-4,9,9,1.0,0.4444,0.0,0.0,0,0,,,,,0,0,2010,정상종료,완납,245,728,150만원,9개월,0.3,여자,세,기타,,,,32.0,14.0,14.0,1.0,0.0,1,,,,,1500000.0,9.0,204166.66666666663,187500.0,,,,
B101203-4,16,16,0.875,0.375,0.125,0.25,4,3,13.0,0.812,15.0,,1,0,2010,정상종료,완납,1089,1568,300만원,18개월,0.3,여자,세,기타,,,,30.0,14.0,9.0,1.0,0.0,1,,,,,3000000.0,18.0,241666.66666666663,206250.0,,,,
B101205-4,12,12,0.4167,0.1667,0.5833,4.75,57,10,6.0,0.5,,,1,0,2010,정상종료,완납,605,737,250만원,12개월,0.3,여자,세,기타,,,,10.0,4.0,8.0,0.0,0.0,1,,,,,2500000.0,12.0,270833.3333333334,242187.5,,,,
B101209-4,10,10,0.9,0.7,0.1,0.2,2,2,8.0,0.8,9.0,,1,0,2010,정상종료,완납,307,998,100만원,12개월,0.3,남자,세,기타,,,,24.0,17.0,11.0,0.0,0.0,1,,,,,1000000.0,12.0,108333.33333333331,96875.0,,,,
B101216-4,12,12,0.4167,0.25,0.5833,1.417,17,6,2.0,0.167,3.0,5.0,1,0,2010,정상종료,완납,457,1173,200만원,12개월,0.3,남자,세,기타,,,,9.0,7.0,14.0,0.0,0.0,1,,,,,2000000.0,12.0,216666.66666666663,193750.0,,,,
B081208-5,8,8,1.0,0.875,0.0,0.0,0,0,,,,,0,0,2008,정상종료,완납,906,572,100만원,9개월,0.3,남자,세,기타,,,,62.0,61.0,4.0,0.0,0.0,1,,,,,1000000.0,9.0,136111.11111111112,125000.0,,,,
B090117-5,12,12,0.5,0.5,0.5,10.75,129,30,7.0,0.583,,,1,0,2009,정상종료,완납,264,882,100만원,12개월,0.3,남자,세,기타,,,,13.0,13.0,9.0,1.0,0.0,1,,,,,1000000.0,12.0,108333.33333333331,96875.0,,,,
B090118-5,9,9,0.7778,0.5556,0.2222,0.556,5,4,2.0,0.222,3.0,5.0,1,0,2009,정상종료,완납,266,735,100만원,9개월,0.3,여자,세,기타,,,,39.0,22.0,11.0,0.0,0.0,1,,,,,1000000.0,9.0,136111.11111111112,125000.0,,,,
B090129-5,4,4,0.75,0.25,0.25,0.5,2,2,3.0,0.75,4.0,,1,0,2009,정상종료,완납,269,467,100만원,12개월,0.3,남자,세,기타,,,,,,,,,1,,,,,1000000.0,12.0,108333.33333333331,96875.0,,,,
B090203-5,12,12,1.0,0.8333,0.0,0.0,0,0,,,,,0,0,2009,정상종료,완납,339,335,100만원,12개월,0.25,남자,세,기타,,,,92.0,45.0,4.0,0.0,0.0,1,,,,,1000000.0,12.0,104166.66666666666,94618.05555555556,,,,
B090218-5,12,12,1.0,0.5833,0.0,0.0,0,0,,,,,0,0,2009,정상종료,완납,609,1761,200만원,12개월,0.3,여자,세,기타,,,,17.0,8.0,10.0,0.0,0.0,1,,,,,2000000.0,12.0,216666.66666666663,193750.0,,,,
B090317-5,10,10,0.3,0.3,0.7,10.0,100,29,1.0,0.1,4.0,5.0,1,0,2009,정상종료,완납,497,670,300만원,12개월,0.3,여자,세,기타,,,,,,,,,1,,,,,3000000.0,12.0,325000.0,290625.0,,,,
B090318-5,8,8,0.125,0.0,0.875,12.75,102,61,1.0,0.125,3.0,4.0,1,0,2009,손실(상환완료),손실,528,676,200만원,9개월,0.3,여자,세,기타,,,,8.0,3.0,21.0,0.0,0.0,1,,,,,2000000.0,9.0,272222.22222222225,250000.0,,,,
B090409-5,9,9,0.0,0.0,1.0,21.556,194,61,1.0,0.111,,,1,0,2009,연체중,손실,282,924,200만원,12개월,0.3,여자,세,기타,,,,,,,,,1,,,,,2000000.0,12.0,216666.66666666663,193750.0,,,,
B090414-5,8,8,0.125,0.0,0.875,18.375,147,61,1.0,0.125,3.0,4.0,1,0,2009,연체중,손실,1454,2722,100만원,12개월,0.3,남자,세,기타,,,,,,,,,1,,,,,1000000.0,12.0,108333.33333333331,96875.0,,,,
B090415-5,5,5,0.6,0.6,0.4,0.8,4,2,2.0,0.4,4.0,,1,0,2009,정상종료,완납,168,2460,200만원,9개월,0.3,여자,세,기타,,,,16.0,12.0,10.0,1.0,0.0,1,,,,,2000000.0,9.0,272222.22222222225,250000.0,,,,
B090424-5,16,16,1.0,0.8125,0.0,0.0,0,0,,,,,0,0,2009,정상종료,완납,234,807,300만원,24개월,0.3,남자,세,기타,,,,48.0,36.0,0.0,0.0,0.0,1,,,,,3000000.0,24.0,200000.0,164062.5,,,,
B090508-5,10,10,0.9,0.9,0.1,0.8,8,8,4.0,0.4,5.0,,1,0,2009,정상종료,완납,470,444,300만원,15개월,0.3,남자,세,기타,,,,37.0,27.0,27.0,2.0,0.0,1,,,,,3000000.0,15.0,275000.0,240000.0,,,,
B090614-5,3,3,0.6667,0.3333,0.3333,20.333,61,61,3.0,1.0,,,1,0,2009,연체중,손실,331,253,300만원,18개월,0.3,남자,세,기타,,,,23.0,19.0,1.0,0.0,0.0,1,,,,,3000000.0,18.0,241666.66666666663,206250.0,,,,
B090622-5,8,8,1.0,1.0,0.0,0.0,0,0,,,,,0,0,2009,정상종료,완납,207,2086,200만원,9개월,0.3,여자,세,기타,,,,47.0,32.0,3.0,0.0,0.0,1,,,,,2000000.0,9.0,272222.22222222225,250000.0,,,,
B090702-5,12,12,0.4167,0.0,0.5833,1.167,14,3,2.0,0.167,3.0,5.0,1,0,2009,정상종료,완납,723,1901,200만원,12개월,0.3,여자,세,기타,,,,,,,,,1,,,,,2000000.0,12.0,216666.66666666663,193750.0,,,,
B090708-5,5,5,1.0,1.0,0.0,0.0,0,0,,,,,0,0,2009,정상종료,완납,649,1067,200만원,9개월,0.3,남자,세,기타,,,,31.0,24.0,2.0,0.0,0.0,1,,,,,2000000.0,9.0,272222.22222222225,250000.0,,,,
B090810-5,12,12,1.0,0.8333,0.0,0.0,0,0,,,,,0,0,2009,정상종료,완납,2012,2694,200만원,12개월,0.3,남자,세,기타,,,,21.0,19.0,0.0,0.0,0.0,1,,,,,2000000.0,12.0,216666.66666666663,193750.0,,,,
B090902-5,4,4,0.0,0.0,1.0,16.0,64,61,1.0,0.25,,,1,0,2009,연체중,손실,173,2349,100만원,9개월,0.3,여자,세,기타,,,,,,,,,1,,,,,1000000.0,9.0,136111.11111111112,125000.0,,,,
B090911-5,8,8,1.0,0.625,0.0,0.0,0,0,,,,,0,0,2009,정상종료,완납,618,728,200만원,12개월,0.3,여자,세,기타,,,,22.0,17.0,0.0,0.0,0.0,1,,,,,2000000.0,12.0,216666.66666666663,193750.0,,,,
B090917-5,8,8,1.0,1.0,0.0,0.0,0,0,,,,,0,0,2009,정상종료,완납,893,195,200만원,12개월,0.3,남자,세,기타,,,,30.0,14.0,6.0,1.0,0.0,1,,,,,2000000.0,12.0,216666.66666666663,193750.0,,,,
B090923-5,9,9,1.0,1.0,0.0,0.0,0,0,,,,,0,0,2009,정상종료,완납,591,1011,100만원,9개월,0.3,여자,세,기타,,,,42.0,42.0,0.0,0.0,0.0,1,,,,,1000000.0,9.0,136111.11111111112,125000.0,,,,
B090930-5,8,8,0.75,0.25,0.25,0.5,4,3,4.0,0.5,5.0,7.0,1,0,2009,정상종료,완납,493,773,100만원,9개월,0.3,여자,세,기타,,,,23.0,7.0,12.0,0.0,0.0,1,,,,,1000000.0,9.0,136111.11111111112,125000.0,,,,
B091019-5,9,9,0.8889,0.8889,0.1111,2.889,26,26,7.0,0.778,8.0,,1,0,2009,정상종료,완납,641,3103,100만원,9개월,0.3,여자,세,기타,,,,11.0,9.0,5.0,0.0,0.0,1,,,,,1000000.0,9.0,136111.11111111112,125000.0,,,,
B091022-5,13,13,0.6923,0.4615,0.3077,2.846,37,10,3.0,0.231,4.0,6.0,1,0,2009,정상종료,완납,828,436,300만원,15개월,0.3,여자,세,기타,,,,73.0,53.0,6.0,0.0,0.0,1,,,,,3000000.0,15.0,275000.0,240000.0,,,,
B091031-5,10,10,1.0,0.9,0.0,0.0,0,0,,,,,0,0,2009,정상종료,완납,160,769,200만원,12개월,0.3,남자,세,기타,,,,34.0,13.0,5.0,0.0,0.0,1,,,,,2000000.0,12.0,216666.66666666663,193750.0,,,,
B091114-5,9,9,1.0,1.0,0.0,0.0,0,0,,,,,0,0,2009,정상종료,완납,378,1216,200만원,9개월,0.3,여자,세,기타,,,,30.0,28.0,0.0,0.0,0.0,1,,,,,2000000.0,9.0,272222.22222222225,250000.0,,,,
B091204-5,9,9,0.2222,0.2222,0.7778,8.444,76,28,1.0,0.111,2.0,4.0,1,0,2009,정상종료,완납,176,1581,50만원,9개월,0.3,여자,세,기타,,,,,,,,,1,,,,,500000.0,9.0,68055.55555555556,62500.0,,,,
B091207-5,12,12,0.5833,0.0833,0.4167,1.083,13,8,5.0,0.417,6.0,8.0,1,0,2009,정상종료,완납,180,362,150만원,12개월,0.3,여자,세,기타,,,,14.0,5.0,12.0,0.0,0.0,1,,,,,1500000.0,12.0,162500.0,145312.5,,,,
B091222-5,12,12,0.1667,0.1667,0.8333,3.0,36,15,3.0,0.25,,,1,0,2009,정상종료,완납,222,848,150만원,12개월,0.3,여자,세,기타,,,,25.0,19.0,10.0,0.0,0.0,1,,,,,1500000.0,12.0,162500.0,145312.5,,,,
B091225-5,4,4,0.75,0.75,0.25,0.25,1,1,2.0,0.5,3.0,,1,0,2009,정상종료,완납,327,634,250만원,6개월,0.3,여자,세,기타,,,,90.0,74.0,1.0,0.0,0.0,1,,,,,2500000.0,6.0,479166.6666666667,453125.0,,,,
B100107-5,1,1,0.0,0.0,1.0,61.0,61,61,1.0,1.0,,,1,0,2010,연체중,손실,1200,3837,200만원,9개월,0.3,남자,세,기타,,,,,,,,,1,,,,,2000000.0,9.0,272222.22222222225,250000.0,,,,
B100115-5,2,2,0.0,0.0,1.0,36.0,72,61,1.0,0.5,,,1,0,2010,연체중,손실,389,643,150만원,9개월,0.3,여자,세,기타,,,,,,,,,1,,,,,1500000.0,9.0,204166.66666666663,187500.0,,,,
B100123-5,6,6,0.6667,0.5,0.3333,1.0,6,3,1.0,0.167,2.0,5.0,1,0,2010,정상종료,완납,216,1105,100만원,6개월,0.3,여자,세,기타,,,,,,,,,1,,,,,1000000.0,6.0,191666.66666666663,181250.0,,,,
B100304-5,3,3,1.0,1.0,0.0,0.0,0,0,,,,,0,0,2010,정상종료,완납,455,500,50만원,3개월,0.3,여자,세,기타,,,,18.0,17.0,16.0,1.0,0.0,1,,,,,500000.0,3.0,179166.66666666666,175000.0,,,,
B100410-5,21,21,1.0,1.0,0.0,0.0,0,0,,,,,0,0,2010,정상종료,완납,851,1313,300만원,24개월,0.3,남자,세,기타,,,,67.0,65.0,2.0,0.0,0.0,1,,,,,3000000.0,24.0,200000.0,164062.5,,,,
B100512-5,24,24,1.0,1.0,0.0,0.0,0,0,,,,,0,0,2010,정상종료,완납,844,2007,300만원,24개월,0.3,여자,세,기타,,,,42.0,33.0,0.0,0.0,0.0,1,,,,,3000000.0,24.0,200000.0,164062.5,,,,
B100604-5,8,8,0.5,0.375,0.5,1.0,8,4,2.0,0.25,5.0,7.0,1,0,2010,정상종료,완납,203,1036,200만원,12개월,0.3,여자,세,기타,,,,23.0,7.0,12.0,0.0,0.0,1,,,,,2000000.0,12.0,216666.66666666663,193750.0,,,,
B100607-5,15,15,0.3333,0.0667,0.6667,5.8,87,29,1.0,0.067,2.0,7.0,1,0,2010,정상종료,완납,325,2284,300만원,15개월,0.3,여자,세,기타,,,,17.0,8.0,10.0,0.0,0.0,1,,,,,3000000.0,15.0,275000.0,240000.0,,,,
B100703-5,12,12,0.9167,0.0833,0.0833,0.167,2,2,2.0,0.167,3.0,,1,0,2010,정상종료,완납,163,2552,200만원,12개월,0.3,남자,세,기타,,,,28.0,2.0,7.0,0.0,0.0,1,,,,,2000000.0,12.0,216666.66666666663,193750.0,,,,
B100902-5,1,1,0.0,0.0,1.0,61.0,61,61,1.0,1.0,,,1,0,2010,연체중,손실,949,653,150만원,12개월,0.3,남자,세,기타,,,,,,,,,1,,,,,1500000.0,12.0,162500.0,145312.5,,,,
B100904-5,6,6,1.0,0.6667,0.0,0.0,0,0,,,,,0,0,2010,정상종료,완납,274,396,500만원,24개월,0.3,남자,세,기타,,,,48.0,36.0,0.0,0.0,0.0,1,,,,,5000000.0,24.0,333333.3333333334,273437.5,,,,
B100908-5,1,1,0.0,0.0,1.0,61.0,61,61,1.0,1.0,,,1,0,2010,연체중,손실,255,893,100만원,6개월,0.3,남자,세,기타,,,,,,,,,1,,,,,1000000.0,6.0,191666.66666666663,181250.0,,,,
B100918-5,9,9,0.2222,0.2222,0.7778,12.222,110,31,3.0,0.333,,,1,0,2010,연체중,손실,133,985,150만원,12개월,0.3,남자,세,기타,,,,,,,,,1,,,,,1500000.0,12.0,162500.0,145312.5,,,,
B100930-5,7,7,0.8571,0.4286,0.1429,0.571,4,4,4.0,0.571,5.0,,1,0,2010,정상종료,완납,213,781,100만원,12개월,0.3,남자,세,기타,,,,10.0,4.0,8.0,0.0,0.0,1,,,,,1000000.0,12.0,108333.33333333331,96875.0,,,,
B101003-5,9,9,1.0,0.6667,0.0,0.0,0,0,,,,,0,0,2010,정상종료,완납,598,402,100만원,9개월,0.3,여자,세,기타,,,,78.0,51.0,0.0,0.0,0.0,1,,,,,1000000.0,9.0,136111.11111111112,125000.0,,,,
B101006-5,11,11,1.0,1.0,0.0,0.0,0,0,,,,,0,0,2010,정상종료,완납,335,1471,200만원,12개월,0.3,여자,세,기타,,,,23.0,23.0,0.0,0.0,0.0,1,,,,,2000000.0,12.0,216666.66666666663,193750.0,,,,
B101011-5,11,11,0.0,0.0,1.0,13.091,144,31,1.0,0.091,,,1,0,2010,연체중,손실,580,1900,150만원,12개월,0.3,남자,세,기타,,,,,,,,,1,,,,,1500000.0,12.0,162500.0,145312.5,,,,
B101024-5,5,5,1.0,0.8,0.0,0.0,0,0,,,,,0,0,2010,정상종료,완납,229,823,150만원,6개월,0.3,여자,세,기타,,,,84.0,58.0,16.0,0.0,0.0,1,,,,,1500000.0,6.0,287500.0,271875.0,,,,
B101029-5,3,3,1.0,0.3333,0.0,0.0,0,0,,,,,0,0,2010,정상종료,완납,255,928,400만원,15개월,0.3,여자,세,기타,,,,9.0,5.0,3.0,0.0,0.0,1,,,,,4000000.0,15.0,366666.6666666667,320000.0,,,,
B101031-5,7,7,0.8571,0.8571,0.1429,0.429,3,3,6.0,0.857,7.0,,1,0,2010,정상종료,완납,1043,643,200만원,12개월,0.3,남자,세,기타,,,,,,,,,1,,,,,2000000.0,12.0,216666.66666666663,193750.0,,,,
B101129-5,1,1,0.0,0.0,1.0,61.0,61,61,1.0,1.0,,,1,0,2010,연체중,손실,1686,3198,150만원,12개월,0.3,여자,세,기타,,,,,,,,,1,,,,,1500000.0,12.0,162500.0,145312.5,,,,
B101204-5,9,9,0.4444,0.2222,0.5556,8.222,74,31,5.0,0.556,,,1,0,2010,연체중,손실,1119,1855,200만원,9개월,0.3,남자,세,기타,,,,,,,,,1,,,,,2000000.0,9.0,272222.22222222225,250000.0,,,,
B101211-5,15,15,0.0667,0.0,0.9333,16.133,242,28,1.0,0.067,5.0,6.0,1,0,2010,정상종료,완납,645,2936,300만원,15개월,0.3,여자,세,기타,,,,,,,,,1,,,,,3000000.0,15.0,275000.0,240000.0,,,,
B101212-5,2,2,1.0,1.0,0.0,0.0,0,0,,,,,0,0,2010,정상종료,완납,255,255,300만원,15개월,0.3,여자,세,기타,,,,,,,,,1,,,,,3000000.0,15.0,275000.0,240000.0,,,,
B101215-5,14,14,0.1429,0.0714,0.8571,6.857,96,31,2.0,0.143,5.0,6.0,1,0,2010,연체중,손실,342,1603,300만원,24개월,0.3,남자,세,기타,,,,,,,,,1,,,,,3000000.0,24.0,200000.0,164062.5,,,,
B101220-5,5,5,0.6,0.6,0.4,6.8,34,31,2.0,0.4,3.0,5.0,1,0,2010,연체중,손실,601,1169,200만원,6개월,0.3,남자,세,기타,,,,,,,,,1,,,,,2000000.0,6.0,383333.3333333333,362500.0,,,,
B081212-6,12,12,0.5,0.5,0.5,2.667,32,11,7.0,0.583,,,1,0,2008,정상종료,완납,459,305,100만원,12개월,0.3,여자,세,기타,,,,,,,,,1,,,,,1000000.0,12.0,108333.33333333331,96875.0,,,,
B081231-6,12,12,0.5,0.0833,0.5,2.167,26,13,3.0,0.25,5.0,7.0,1,0,2008,정상종료,완납,125,293,200만원,12개월,0.3,남자,세,기타,,,,20.0,4.0,17.0,0.0,0.0,1,,,,,2000000.0,12.0,216666.66666666663,193750.0,,,,
B090106-6,6,6,0.8333,0.1667,0.1667,0.667,4,4,5.0,0.833,6.0,,1,0,2009,정상종료,완납,180,846,200만원,12개월,0.3,여자,세,기타,,,,6.0,1.0,7.0,3.0,0.0,1,,,,,2000000.0,12.0,216666.66666666663,193750.0,,,,
B090117-6,10,10,0.6,0.1,0.4,1.4,14,7,5.0,0.5,7.0,8.0,1,0,2009,정상종료,완납,162,294,200만원,12개월,0.3,여자,세,기타,,,,40.0,8.0,9.0,0.0,0.0,1,,,,,2000000.0,12.0,216666.66666666663,193750.0,,,,
B090121-6,8,8,0.0,0.0,1.0,26.875,215,61,1.0,0.125,,,1,0,2009,연체중,손실,312,798,100만원,12개월,0.3,여자,세,기타,,,,,,,,,1,,,,,1000000.0,12.0,108333.33333333331,96875.0,,,,
B090222-6,6,6,0.6667,0.6667,0.3333,11.833,71,61,5.0,0.833,,,1,0,2009,연체중,손실,351,1329,100만원,12개월,0.3,남자,세,기타,,,,13.0,13.0,9.0,1.0,0.0,1,,,,,1000000.0,12.0,108333.33333333331,96875.0,,,,
B090225-6,6,6,0.1667,0.0,0.8333,23.167,139,61,2.0,0.333,,,1,0,2009,연체중,손실,239,1477,100만원,12개월,0.3,여자,세,기타,,,,,,,,,1,,,,,1000000.0,12.0,108333.33333333331,96875.0,,,,
B090313-6,12,12,0.1667,0.0833,0.8333,2.417,29,4,1.0,0.083,2.0,3.0,1,0,2009,정상종료,완납,229,1390,200만원,12개월,0.3,남자,세,기타,,,,,,,,,1,,,,,2000000.0,12.0,216666.66666666663,193750.0,,,,
B090317-6,9,9,0.8889,0.1111,0.1111,0.222,2,2,2.0,0.222,3.0,,1,0,2009,정상종료,완납,132,1204,100만원,12개월,0.3,남자,세,기타,,,,,,,,,1,,,,,1000000.0,12.0,108333.33333333331,96875.0,,,,
B090402-6,6,6,0.6667,0.6667,0.3333,1.167,7,5,3.0,0.5,4.0,5.0,1,0,2009,정상종료,완납,515,328,200만원,6개월,0.3,여자,세,기타,,,,98.0,84.0,3.0,0.0,0.0,1,,,,,2000000.0,6.0,383333.3333333333,362500.0,,,,
B090406-6,8,8,1.0,1.0,0.0,0.0,0,0,,,,,0,0,2009,정상종료,완납,222,1019,100만원,9개월,0.3,여자,세,기타,,,,125.0,120.0,0.0,0.0,0.0,1,,,,,1000000.0,9.0,136111.11111111112,125000.0,,,,
B090427-6,10,10,0.2,0.2,0.8,19.3,193,61,3.0,0.3,,,1,0,2009,연체중,손실,1009,1288,100만원,12개월,0.3,여자,세,기타,,,,,,,,,1,,,,,1000000.0,12.0,108333.33333333331,96875.0,,,,
B090428-6,11,11,0.8182,0.7273,0.1818,1.0,11,10,3.0,0.273,5.0,,1,0,2009,정상종료,완납,863,719,200만원,12개월,0.3,여자,세,기타,,,,18.0,16.0,3.0,0.0,0.0,1,,,,,2000000.0,12.0,216666.66666666663,193750.0,,,,
B090429-6,12,12,0.9167,0.1667,0.0833,0.083,1,1,10.0,0.833,11.0,,1,0,2009,정상종료,완납,517,1478,100만원,12개월,0.3,여자,세,기타,,,,,,,,,1,,,,,1000000.0,12.0,108333.33333333331,96875.0,,,,
B090511-6,11,11,0.8182,0.7273,0.1818,0.636,7,4,8.0,0.727,9.0,11.0,1,0,2009,정상종료,완납,1149,1079,100만원,12개월,0.3,남자,세,기타,,,,39.0,28.0,6.0,0.0,0.0,1,,,,,1000000.0,12.0,108333.33333333331,96875.0,,,,
B090609-6,1,1,0.0,0.0,1.0,61.0,61,61,1.0,1.0,,,1,0,2009,연체중,손실,522,997,100만원,6개월,0.3,남자,세,기타,,,,,,,,,1,,,,,1000000.0,6.0,191666.66666666663,181250.0,,,,
B090615-6,5,5,1.0,1.0,0.0,0.0,0,0,,,,,0,0,2009,정상종료,완납,227,334,100만원,12개월,0.3,여자,세,기타,,,,13.0,10.0,4.0,2.0,0.0,1,,,,,1000000.0,12.0,108333.33333333331,96875.0,,,,
B090707-6,12,12,1.0,1.0,0.0,0.0,0,0,,,,,0,0,2009,정상종료,완납,202,506,100만원,12개월,0.3,남자,세,기타,,,,28.0,25.0,0.0,0.0,0.0,1,,,,,1000000.0,12.0,108333.33333333331,96875.0,,,,
B090709-6,6,6,0.0,0.0,1.0,8.333,50,16,1.0,0.167,,,1,0,2009,정상종료,완납,1237,2227,100만원,6개월,0.3,여자,세,기타,,,,18.0,14.0,18.0,0.0,0.0,1,,,,,1000000.0,6.0,191666.66666666663,181250.0,,,,
B090723-6,9,9,0.5556,0.4444,0.4444,1.778,16,5,5.0,0.556,6.0,7.0,1,0,2009,정상종료,완납,399,1232,100만원,9개월,0.3,여자,세,기타,,,,,,,,,1,,,,,1000000.0,9.0,136111.11111111112,125000.0,,,,
B090725-6,8,8,1.0,1.0,0.0,0.0,0,0,,,,,0,0,2009,정상종료,완납,447,1220,200만원,12개월,0.3,여자,세,기타,,,,,,,,,1,,,,,2000000.0,12.0,216666.66666666663,193750.0,,,,
B090914-6,3,3,0.0,0.0,1.0,33.0,99,61,1.0,0.333,,,1,0,2009,연체중,손실,1235,1763,100만원,9개월,0.3,남자,세,기타,,,,,,,,,1,,,,,1000000.0,9.0,136111.11111111112,125000.0,,,,
B090921-6,12,12,0.8333,0.0833,0.1667,0.25,3,2,7.0,0.583,8.0,11.0,1,0,2009,정상종료,완납,696,2098,200만원,12개월,0.3,여자,세,기타,,,,,,,,,1,,,,,2000000.0,12.0,216666.66666666663,193750.0,,,,
B091007-6,6,6,1.0,1.0,0.0,0.0,0,0,,,,,0,0,2009,정상종료,완납,851,2376,100만원,9개월,0.3,여자,세,기타,,,,103.0,49.0,3.0,0.0,0.0,1,,,,,1000000.0,9.0,136111.11111111112,125000.0,,,,
B091008-6,2,2,1.0,1.0,0.0,0.0,0,0,,,,,0,0,2009,정상종료,완납,684,1933,100만원,9개월,0.3,남자,세,기타,,,,9.0,9.0,2.0,0.0,0.0,1,,,,,1000000.0,9.0,136111.11111111112,125000.0,,,,
B091027-6,3,3,0.3333,0.3333,0.6667,23.0,69,61,2.0,0.667,,,1,0,2009,연체중,손실,476,1501,200만원,6개월,0.3,남자,세,기타,,,,5.0,4.0,1.0,0.0,0.0,1,,,,,2000000.0,6.0,383333.3333333333,362500.0,,,,
B091101-6,11,11,0.1818,0.0909,0.8182,23.818,262,61,3.0,0.273,,,1,0,2009,연체중,손실,296,784,200만원,12개월,0.3,여자,세,기타,,,,4.0,3.0,21.0,9.0,0.0,1,,,,,2000000.0,12.0,216666.66666666663,193750.0,,,,
B091112-6,3,3,0.6667,0.3333,0.3333,20.333,61,61,3.0,1.0,,,1,0,2009,연체중,손실,239,714,50만원,6개월,0.3,여자,세,기타,,,,,,,,,1,,,,,500000.0,6.0,95833.33333333331,90625.0,,,,
B091117-6,11,11,0.5455,0.2727,0.4545,9.0,99,67,1.0,0.091,2.0,8.0,1,0,2009,정상종료,완납,142,1323,200만원,12개월,0.3,남자,세,기타,,,,,,,,,1,,,,,2000000.0,12.0,216666.66666666663,193750.0,,,,
B091122-6,5,5,0.8,0.8,0.2,0.8,4,4,3.0,0.6,4.0,,1,0,2009,정상종료,완납,1856,1699,200만원,12개월,0.3,남자,세,기타,,,,9.0,9.0,2.0,0.0,0.0,1,,,,,2000000.0,12.0,216666.66666666663,193750.0,,,,
B091125-6,4,4,1.0,1.0,0.0,0.0,0,0,,,,,0,0,2009,정상종료,완납,255,1240,50만원,12개월,0.3,남자,세,기타,,,,4.0,4.0,0.0,2.0,0.0,1,,,,,500000.0,12.0,54166.66666666666,48437.5,,,,
B091126-6,5,5,0.4,0.4,0.6,17.6,88,61,3.0,0.6,,,1,0,2009,연체중,손실,213,1332,100만원,12개월,0.3,여자,세,기타,,,,,,,,,1,,,,,1000000.0,12.0,108333.33333333331,96875.0,,,,
B091214-6,24,24,0.8333,0.4583,0.1667,1.167,28,13,3.0,0.125,4.0,11.0,1,0,2009,정상종료,완납,171,816,300만원,24개월,0.3,여자,세,기타,,,,28.0,18.0,4.0,0.0,0.0,1,,,,,3000000.0,24.0,200000.0,164062.5,,,,
B100126-6,12,12,1.0,0.3333,0.0,0.0,0,0,,,,,0,0,2010,정상종료,완납,437,1397,150만원,12개월,0.3,여자,세,기타,,,,27.0,15.0,13.0,0.0,0.0,1,,,,,1500000.0,12.0,162500.0,145312.5,,,,
B100204-6,1,1,0.0,0.0,1.0,61.0,61,61,1.0,1.0,,,1,0,2010,연체중,손실,141,296,50만원,3개월,0.3,여자,세,기타,,,,,,,,,1,,,,,500000.0,3.0,179166.66666666666,175000.0,,,,
B100210-6,3,3,1.0,0.6667,0.0,0.0,0,0,,,,,0,0,2010,정상종료,완납,212,483,50만원,3개월,0.3,여자,세,기타,,,,39.0,22.0,11.0,0.0,0.0,1,,,,,500000.0,3.0,179166.66666666666,175000.0,,,,
B100218-6,12,12,0.6667,0.3333,0.3333,0.5,6,3,4.0,0.333,5.0,7.0,1,0,2010,정상종료,완납,140,659,200만원,12개월,0.3,여자,세,기타,,,,17.0,4.0,19.0,0.0,0.0,1,,,,,2000000.0,12.0,216666.66666666663,193750.0,,,,
B100221-6,6,6,1.0,0.6667,0.0,0.0,0,0,,,,,0,0,2010,정상종료,완납,1113,603,100만원,6개월,0.3,여자,세,기타,,,,,,,,,1,,,,,1000000.0,6.0,191666.66666666663,181250.0,,,,
B100222-6,3,3,1.0,0.0,0.0,0.0,0,0,,,,,0,0,2010,정상종료,완납,274,1189,100만원,3개월,0.3,남자,세,기타,,,,6.0,1.0,8.0,7.0,0.0,1,,,,,1000000.0,3.0,358333.3333333333,350000.0,,,,
B100302-6,15,15,0.0,0.0,1.0,19.6,294,30,1.0,0.067,,,1,0,2010,정상종료,완납,289,1492,300만원,15개월,0.3,여자,세,기타,,,,,,,,,1,,,,,3000000.0,15.0,275000.0,240000.0,,,,
B100310-6,4,4,0.75,0.0,0.25,0.25,1,1,4.0,1.0,,,1,0,2010,정상종료,완납,224,511,50만원,6개월,0.3,남자,세,기타,,,,5.0,1.0,2.0,0.0,0.0,1,,,,,500000.0,6.0,95833.33333333331,90625.0,,,,
B100315-6,17,17,0.5294,0.5294,0.4706,1.471,25,4,9.0,0.529,17.0,,1,0,2010,정상종료,완납,360,235,300만원,18개월,0.3,남자,세,기타,,,,24.0,24.0,8.0,0.0,0.0,1,,,,,3000000.0,18.0,241666.66666666663,206250.0,,,,
B100417-6,11,11,0.7273,0.5455,0.2727,6.091,67,31,9.0,0.818,,,1,0,2010,연체중,손실,780,1991,300만원,15개월,0.3,여자,세,기타,,,,,,,,,1,,,,,3000000.0,15.0,275000.0,240000.0,,,,
B100428-6,23,23,1.0,1.0,0.0,0.0,0,0,,,,,0,0,2010,정상종료,완납,349,929,300만원,24개월,0.3,여자,세,기타,,,,32.0,32.0,0.0,0.0,0.0,1,,,,,3000000.0,24.0,200000.0,164062.5,,,,
B100510-6,9,9,0.7778,0.1111,0.2222,0.222,2,1,2.0,0.222,3.0,4.0,1,0,2010,정상종료,완납,514,1316,100만원,9개월,0.3,여자,세,기타,,,,18.0,11.0,12.0,3.0,0.0,1,,,,,1000000.0,9.0,136111.11111111112,125000.0,,,,
B100517-6,12,12,0.8333,0.5,0.1667,0.167,2,1,9.0,0.75,10.0,11.0,1,0,2010,정상종료,완납,128,740,150만원,12개월,0.3,여자,세,기타,,,,39.0,22.0,11.0,0.0,0.0,1,,,,,1500000.0,12.0,162500.0,145312.5,,,,
B100525-6,12,12,0.8333,0.5,0.1667,0.167,2,1,2.0,0.167,3.0,8.0,1,0,2010,정상종료,완납,455,2401,200만원,12개월,0.3,남자,세,기타,,,,39.0,19.0,3.0,0.0,0.0,1,,,,,2000000.0,12.0,216666.66666666663,193750.0,,,,
B100611-6,12,12,0.9167,0.6667,0.0833,1.083,13,13,9.0,0.75,10.0,,1,0,2010,정상종료,완납,486,827,200만원,12개월,0.3,여자,세,기타,,,,18.0,9.0,18.0,0.0,0.0,1,,,,,2000000.0,12.0,216666.66666666663,193750.0,,,,
B100713-6,7,7,0.0,0.0,1.0,23.143,162,31,1.0,0.143,,,1,0,2010,손실(상환완료),손실,108,1268,200만원,12개월,0.3,여자,세,기타,,,,,,,,,1,,,,,2000000.0,12.0,216666.66666666663,193750.0,,,,
B100903-6,12,12,0.8333,0.0,0.1667,0.25,3,2,8.0,0.667,9.0,12.0,1,0,2010,정상종료,완납,534,5256,200만원,12개월,0.3,여자,세,기타,,,,31.0,4.0,16.0,1.0,0.0,1,,,,,2000000.0,12.0,216666.66666666663,193750.0,,,,
B100908-6,5,5,0.6,0.4,0.4,8.6,43,31,3.0,0.6,4.0,5.0,1,0,2010,연체중,손실,216,1544,100만원,12개월,0.3,여자,세,기타,,,,,,,,,1,,,,,1000000.0,12.0,108333.33333333331,96875.0,,,,
B100924-6,6,6,0.8333,0.0,0.1667,0.333,2,2,3.0,0.5,4.0,,1,0,2010,정상종료,완납,290,1165,100만원,6개월,0.3,여자,세,기타,,,,,,,,,1,,,,,1000000.0,6.0,191666.66666666663,181250.0,,,,
B101004-6,15,15,0.6667,0.3333,0.3333,2.933,44,31,2.0,0.133,3.0,7.0,1,0,2010,연체중,손실,535,1392,300만원,24개월,0.3,남자,세,기타,,,,,,,,,1,,,,,3000000.0,24.0,200000.0,164062.5,,,,
B101014-6,12,12,1.0,1.0,0.0,0.0,0,0,,,,,0,0,2010,정상종료,완납,204,1928,200만원,12개월,0.3,남자,세,기타,,,,19.0,18.0,1.0,0.0,0.0,1,,,,,2000000.0,12.0,216666.66666666663,193750.0,,,,
B101018-6,12,12,1.0,0.25,0.0,0.0,0,0,,,,,0,0,2010,정상종료,완납,119,112,200만원,12개월,0.3,남자,세,기타,,,,46.0,16.0,2.0,0.0,0.0,1,,,,,2000000.0,12.0,216666.66666666663,193750.0,,,,
B101105-6,4,4,1.0,1.0,0.0,0.0,0,0,,,,,0,0,2010,정상종료,완납,483,1431,150만원,12개월,0.3,여자,세,기타,,,,15.0,9.0,48.0,0.0,0.0,1,,,,,1500000.0,12.0,162500.0,145312.5,,,,
B101109-6,12,12,0.25,0.0,0.75,1.917,23,7,3.0,0.25,4.0,5.0,1,0,2010,정상종료,완납,120,673,200만원,12개월,0.3,남자,세,기타,,,,,,,,,1,,,,,2000000.0,12.0,216666.66666666663,193750.0,,,,
B101116-6,12,12,0.5833,0.5,0.4167,1.0,12,3,3.0,0.25,7.0,8.0,1,0,2010,정상종료,완납,1196,844,100만원,12개월,0.3,여자,세,기타,,,,18.0,11.0,18.0,0.0,0.0,1,,,,,1000000.0,12.0,108333.33333333331,96875.0,,,,
B081205-7,10,10,1.0,0.5,0.0,0.0,0,0,,,,,0,0,2008,정상종료,완납,479,710,100만원,12개월,0.3,여자,세,기타,,,,,,,,,1,,,,,1000000.0,12.0,108333.33333333331,96875.0,,,,
B090128-7,12,12,0.75,0.0833,0.25,0.5,6,3,2.0,0.167,4.0,8.0,1,0,2009,정상종료,완납,39,290,100만원,12개월,0.3,남자,세,기타,,,,,,,,,1,,,,,1000000.0,12.0,108333.33333333331,96875.0,,,,
B090218-7,9,9,0.3333,0.1111,0.6667,20.889,188,61,4.0,0.444,,,1,0,2009,연체중,손실,342,983,100만원,12개월,0.3,여자,세,기타,,,,14.0,2.0,9.0,6.0,0.0,1,,,,,1000000.0,12.0,108333.33333333331,96875.0,,,,
B090220-7,3,3,1.0,1.0,0.0,0.0,0,0,,,,,0,0,2009,정상종료,완납,479,564,100만원,12개월,0.29,남자,세,기타,,,,37.0,27.0,27.0,2.0,0.0,1,,,,,1000000.0,12.0,107500.0,96423.61111111112,,,,
B090319-7,2,2,0.0,0.0,1.0,32.0,64,61,1.0,0.5,,,1,0,2009,연체중,손실,234,832,100만원,12개월,0.3,남자,세,기타,,,,,,,,,1,,,,,1000000.0,12.0,108333.33333333331,96875.0,,,,
B090331-7,12,12,1.0,0.1667,0.0,0.0,0,0,,,,,0,0,2009,정상종료,완납,238,660,200만원,12개월,0.3,남자,세,기타,,,,,,,,,1,,,,,2000000.0,12.0,216666.66666666663,193750.0,,,,
B090415-7,11,11,1.0,1.0,0.0,0.0,0,0,,,,,0,0,2009,정상종료,완납,735,932,200만원,12개월,0.3,여자,세,기타,,,,52.0,46.0,2.0,0.0,0.0,1,,,,,2000000.0,12.0,216666.66666666663,193750.0,,,,
B090416-7,3,3,0.6667,0.0,0.3333,20.333,61,61,3.0,1.0,,,1,0,2009,손실(상환완료),손실,255,918,100만원,12개월,0.3,여자,세,기타,,,,,,,,,1,,,,,1000000.0,12.0,108333.33333333331,96875.0,,,,
B090422-7,2,2,0.0,0.0,1.0,32.5,65,61,1.0,0.5,,,1,0,2009,연체중,손실,446,1037,200만원,12개월,0.3,남자,세,기타,,,,,,,,,1,,,,,2000000.0,12.0,216666.66666666663,193750.0,,,,
B090424-7,8,8,0.25,0.125,0.75,2.0,16,4,1.0,0.125,2.0,3.0,1,0,2009,정상종료,완납,98,604,100만원,9개월,0.3,남자,세,기타,,,,60.0,22.0,15.0,0.0,0.0,1,,,,,1000000.0,9.0,136111.11111111112,125000.0,,,,
B090528-7,9,9,1.0,1.0,0.0,0.0,0,0,,,,,0,0,2009,정상종료,완납,515,430,200만원,9개월,0.3,남자,세,기타,,,,24.0,24.0,8.0,0.0,0.0,1,,,,,2000000.0,9.0,272222.22222222225,250000.0,,,,
B090628-7,5,5,0.6,0.6,0.4,1.2,6,3,1.0,0.2,2.0,4.0,1,0,2009,정상종료,완납,753,2860,100만원,6개월,0.3,남자,세,기타,,,,3.0,3.0,7.0,1.0,0.0,1,,,,,1000000.0,6.0,191666.66666666663,181250.0,,,,
B090719-7,4,4,1.0,1.0,0.0,0.0,0,0,,,,,0,0,2009,정상종료,완납,586,1138,200만원,12개월,0.3,여자,세,기타,,,,50.0,42.0,0.0,0.0,0.0,1,,,,,2000000.0,12.0,216666.66666666663,193750.0,,,,
B090727-7,9,9,0.0,0.0,1.0,28.333,255,30,1.0,0.111,,,1,0,2009,정상종료,완납,469,2142,200만원,9개월,0.3,여자,세,기타,,,,,,,,,1,,,,,2000000.0,9.0,272222.22222222225,250000.0,,,,
B090801-7,5,5,0.4,0.4,0.6,2.4,12,6,2.0,0.4,4.0,5.0,1,0,2009,정상종료,완납,696,0,100만원,6개월,0.3,남자,세,기타,,,,,,,,,1,,,,,1000000.0,6.0,191666.66666666663,181250.0,,,,
B090817-7,14,14,1.0,1.0,0.0,0.0,0,0,,,,,0,0,2009,정상종료,완납,211,372,300만원,21개월,0.3,여자,세,기타,,,,125.0,109.0,1.0,0.0,0.0,1,,,,,3000000.0,21.0,217857.14285714287,182142.8571428572,,,,
B090922-7,9,9,1.0,0.8889,0.0,0.0,0,0,,,,,0,0,2009,정상종료,완납,519,980,100만원,9개월,0.3,여자,세,기타,,,,20.0,18.0,1.0,0.0,0.0,1,,,,,1000000.0,9.0,136111.11111111112,125000.0,,,,
B090929-7,12,12,0.75,0.25,0.25,0.333,4,2,6.0,0.5,8.0,10.0,1,0,2009,정상종료,완납,254,1611,200만원,12개월,0.3,여자,세,기타,,,,11.0,3.0,4.0,4.0,0.0,1,,,,,2000000.0,12.0,216666.66666666663,193750.0,,,,
B091005-7,7,7,0.8571,0.2857,0.1429,0.143,1,1,1.0,0.143,2.0,,1,0,2009,정상종료,완납,583,399,100만원,9개월,0.3,남자,세,기타,,,,29.0,6.0,2.0,0.0,0.0,1,,,,,1000000.0,9.0,136111.11111111112,125000.0,,,,
B091006-7,12,12,0.5833,0.25,0.4167,3.0,36,27,1.0,0.083,2.0,4.0,1,0,2009,정상종료,완납,898,1660,200만원,12개월,0.3,여자,세,기타,,,,,,,,,1,,,,,2000000.0,12.0,216666.66666666663,193750.0,,,,
B091012-7,2,2,0.0,0.0,1.0,32.0,64,61,1.0,0.5,,,1,0,2009,연체중,손실,292,1238,100만원,12개월,0.3,남자,세,기타,,,,13.0,5.0,11.0,1.0,0.0,1,,,,,1000000.0,12.0,108333.33333333331,96875.0,,,,
B091014-7,3,3,1.0,0.3333,0.0,0.0,0,0,,,,,0,0,2009,정상종료,완납,683,991,100만원,3개월,0.3,남자,세,기타,,,,11.0,4.0,4.0,0.0,0.0,1,,,,,1000000.0,3.0,358333.3333333333,350000.0,,,,
B091110-7,5,5,0.6,0.2,0.4,13.0,65,61,2.0,0.4,3.0,5.0,1,0,2009,연체중,손실,176,443,100만원,6개월,0.3,여자,세,기타,,,,,,,,,1,,,,,1000000.0,6.0,191666.66666666663,181250.0,,,,
B091115-7,7,7,0.0,0.0,1.0,22.0,154,61,1.0,0.143,,,1,0,2009,연체중,손실,651,2029,200만원,12개월,0.3,남자,세,기타,,,,3.0,3.0,7.0,1.0,0.0,1,,,,,2000000.0,12.0,216666.66666666663,193750.0,,,,
B091126-7,3,3,1.0,1.0,0.0,0.0,0,0,,,,,0,0,2009,정상종료,완납,177,859,200만원,12개월,0.3,여자,세,기타,,,,,,,,,1,,,,,2000000.0,12.0,216666.66666666663,193750.0,,,,
B091210-7,5,5,1.0,1.0,0.0,0.0,0,0,,,,,0,0,2009,정상종료,완납,565,841,100만원,9개월,0.3,여자,세,기타,,,,,,,,,1,,,,,1000000.0,9.0,136111.11111111112,125000.0,,,,
B091229-7,11,11,1.0,0.6364,0.0,0.0,0,0,,,,,0,0,2009,정상종료,완납,254,1217,300만원,24개월,0.3,남자,세,기타,,,,19.0,11.0,2.0,0.0,0.0,1,,,,,3000000.0,24.0,200000.0,164062.5,,,,
B091231-7,12,12,0.8333,0.5,0.1667,2.75,33,28,11.0,0.917,,,1,0,2009,정상종료,완납,516,428,200만원,12개월,0.3,남자,세,기타,,,,18.0,13.0,3.0,0.0,0.0,1,,,,,2000000.0,12.0,216666.66666666663,193750.0,,,,
B100112-7,12,12,0.5833,0.0,0.4167,1.083,13,7,3.0,0.25,4.0,6.0,1,0,2010,정상종료,완납,768,2327,250만원,12개월,0.3,여자,세,기타,,,,,,,,,1,,,,,2500000.0,12.0,270833.3333333334,242187.5,,,,
B100113-7,5,5,1.0,1.0,0.0,0.0,0,0,,,,,0,0,2010,정상종료,완납,1190,1665,250만원,6개월,0.3,,세,기타,,,,,,,,,1,,,,,2500000.0,6.0,479166.6666666667,453125.0,,,,
B100222-7,7,7,0.8571,0.2857,0.1429,8.714,61,61,7.0,1.0,,,1,0,2010,연체중,손실,203,434,100만원,9개월,0.3,남자,세,기타,,,,,,,,,1,,,,,1000000.0,9.0,136111.11111111112,125000.0,,,,
B100225-7,21,21,0.1905,0.0476,0.8095,10.19,214,31,3.0,0.143,5.0,7.0,1,0,2010,연체중,손실,131,1077,500만원,24개월,0.3,여자,세,기타,,,,23.0,16.0,18.0,0.0,0.0,1,,,,,5000000.0,24.0,333333.3333333334,273437.5,,,,
B100303-7,6,6,1.0,1.0,0.0,0.0,0,0,,,,,0,0,2010,정상종료,완납,1212,415,300만원,15개월,0.29,남자,세,기타,,,,39.0,33.0,0.0,0.0,0.0,1,,,,,3000000.0,15.0,272500.0,238666.66666666663,,,,
B100311-7,4,4,0.0,0.0,1.0,24.25,97,61,1.0,0.25,,,1,0,2010,연체중,손실,275,877,50만원,6개월,0.3,여자,세,기타,,,,,,,,,1,,,,,500000.0,6.0,95833.33333333331,90625.0,,,,
B100330-7,9,9,1.0,1.0,0.0,0.0,0,0,,,,,0,0,2010,정상종료,완납,232,556,150만원,9개월,0.3,여자,세,기타,,,,59.0,40.0,10.0,0.0,0.0,1,,,,,1500000.0,9.0,204166.66666666663,187500.0,,,,
B100331-7,16,16,0.1875,0.0625,0.8125,11.0,176,31,1.0,0.062,7.0,9.0,1,0,2010,연체중,손실,560,1852,300만원,18개월,0.3,남자,세,기타,,,,,,,,,1,,,,,3000000.0,18.0,241666.66666666663,206250.0,,,,
B100408-7,12,12,0.25,0.1667,0.75,9.833,118,27,3.0,0.25,12.0,,1,0,2010,정상종료,완납,770,1758,200만원,12개월,0.3,남자,세,기타,,,,,,,,,1,,,,,2000000.0,12.0,216666.66666666663,193750.0,,,,
B100414-7,24,24,0.9167,0.8333,0.0833,0.167,4,2,3.0,0.125,4.0,7.0,1,0,2010,정상종료,완납,1703,1827,300만원,24개월,0.3,남자,세,기타,,,,100.0,82.0,21.0,0.0,0.0,1,,,,,3000000.0,24.0,200000.0,164062.5,,,,
B100416-7,2,2,0.0,0.0,1.0,30.0,60,30,1.0,0.5,,,1,0,2010,정상종료,완납,724,3430,300만원,24개월,0.3,남자,세,기타,,,,4.0,4.0,0.0,2.0,0.0,1,,,,,3000000.0,24.0,200000.0,164062.5,,,,
B100603-7,5,5,0.0,0.0,1.0,20.2,101,61,1.0,0.2,,,1,0,2010,연체중,손실,841,1838,200만원,9개월,0.3,여자,세,기타,,,,,,,,,1,,,,,2000000.0,9.0,272222.22222222225,250000.0,,,,
B100604-7,10,10,1.0,1.0,0.0,0.0,0,0,,,,,0,0,2010,정상종료,완납,311,2013,100만원,12개월,0.3,여자,세,기타,,,,,,,,,1,,,,,1000000.0,12.0,108333.33333333331,96875.0,,,,
B100727-7,14,14,0.4286,0.2143,0.5714,0.571,8,1,1.0,0.071,2.0,3.0,1,0,2010,정상종료,완납,555,889,300만원,15개월,0.3,남자,세,기타,,,,43.0,32.0,11.0,0.0,0.0,1,,,,,3000000.0,15.0,275000.0,240000.0,,,,
B100808-7,24,24,1.0,1.0,0.0,0.0,0,0,,,,,0,0,2010,정상종료,완납,283,448,300만원,24개월,0.3,여자,세,기타,,,,42.0,42.0,0.0,0.0,0.0,1,,,,,3000000.0,24.0,200000.0,164062.5,,,,
B100812-7,12,12,0.75,0.4167,0.25,1.25,15,7,5.0,0.417,6.0,8.0,1,0,2010,정상종료,완납,330,1674,100만원,12개월,0.3,여자,세,기타,,,,91.0,71.0,15.0,1.0,0.0,1,,,,,1000000.0,12.0,108333.33333333331,96875.0,,,,
B100930-7,18,18,0.7778,0.0556,0.2222,0.333,6,2,10.0,0.556,11.0,12.0,1,0,2010,정상종료,완납,351,703,300만원,18개월,0.3,남자,세,기타,,,,34.0,13.0,5.0,0.0,0.0,1,,,,,3000000.0,18.0,241666.66666666663,206250.0,,,,
B101012-7,12,12,1.0,0.9167,0.0,0.0,0,0,,,,,0,0,2010,정상종료,완납,838,954,250만원,12개월,0.3,여자,세,기타,,,,,,,,,1,,,,,2500000.0,12.0,270833.3333333334,242187.5,,,,
B101014-7,7,7,1.0,0.8571,0.0,0.0,0,0,,,,,0,0,2010,정상종료,완납,453,1741,200만원,9개월,0.3,남자,세,기타,,,,23.0,13.0,6.0,0.0,0.0,1,,,,,2000000.0,9.0,272222.22222222225,250000.0,,,,
B101027-7,12,12,0.5,0.3333,0.5,9.083,109,31,4.0,0.333,5.0,6.0,1,0,2010,손실(상환완료),손실,774,2419,250만원,12개월,0.3,여자,세,기타,,,,16.0,12.0,10.0,1.0,0.0,1,,,,,2500000.0,12.0,270833.3333333334,242187.5,,,,
B101028-7,18,18,0.7222,0.5556,0.2778,4.889,88,30,14.0,0.778,,,1,0,2010,정상종료,완납,901,804,300만원,18개월,0.3,여자,세,기타,,,,25.0,22.0,4.0,1.0,0.0,1,,,,,3000000.0,18.0,241666.66666666663,206250.0,,,,
B101221-7,16,16,0.375,0.25,0.625,8.688,139,20,4.0,0.25,6.0,9.0,1,0,2010,정상종료,완납,607,364,300만원,18개월,0.3,여자,세,기타,,,,9.0,6.0,22.0,0.0,0.0,1,,,,,3000000.0,18.0,241666.66666666663,206250.0,,,,
B081201-8,6,6,1.0,0.6667,0.0,0.0,0,0,,,,,0,0,2008,정상종료,완납,299,160,100만원,6개월,0.29,남자,세,기타,,,,25.0,18.0,4.0,0.0,0.0,1,,,,,1000000.0,6.0,190833.3333333333,180763.88888888888,,,,
B081226-8,9,9,0.4444,0.1111,0.5556,12.333,111,61,4.0,0.444,7.0,8.0,1,0,2008,연체중,손실,596,620,100만원,12개월,0.3,여자,세,기타,,,,7.0,2.0,8.0,2.0,0.0,1,,,,,1000000.0,12.0,108333.33333333331,96875.0,,,,
B081229-8,6,6,0.0,0.0,1.0,7.333,44,15,1.0,0.167,,,1,0,2008,정상종료,완납,221,205,200만원,6개월,0.29,여자,세,기타,,,,14.0,2.0,28.0,1.0,0.0,1,,,,,2000000.0,6.0,381666.6666666666,361527.77777777775,,,,
B081230-8,11,11,0.8182,0.6364,0.1818,0.455,5,3,3.0,0.273,4.0,9.0,1,0,2008,정상종료,완납,255,439,100만원,12개월,0.29,여자,세,기타,,,,58.0,40.0,6.0,0.0,0.0,1,,,,,1000000.0,12.0,107500.0,96423.61111111112,,,,
B090119-8,9,9,0.3333,0.0,0.6667,5.333,48,32,3.0,0.333,8.0,9.0,1,0,2009,정상종료,완납,797,294,100만원,9개월,0.3,남자,세,기타,,,,3.0,0.0,7.0,1.0,0.0,1,,,,,1000000.0,9.0,136111.11111111112,125000.0,,,,
B090122-8,9,9,0.7778,0.7778,0.2222,1.0,9,7,2.0,0.222,3.0,5.0,1,0,2009,정상종료,완납,274,674,100만원,9개월,0.3,남자,세,기타,,,,24.0,22.0,4.0,0.0,0.0,1,,,,,1000000.0,9.0,136111.11111111112,125000.0,,,,
B090203-8,9,9,0.8889,0.3333,0.1111,0.222,2,2,4.0,0.444,5.0,,1,0,2009,정상종료,완납,71,1607,100만원,12개월,0.3,남자,세,기타,,,,42.0,17.0,10.0,0.0,0.0,1,,,,,1000000.0,12.0,108333.33333333331,96875.0,,,,
B090211-8,9,9,1.0,0.8889,0.0,0.0,0,0,,,,,0,0,2009,정상종료,완납,579,2469,100만원,9개월,0.3,남자,세,기타,,,,24.0,22.0,4.0,0.0,0.0,1,,,,,1000000.0,9.0,136111.11111111112,125000.0,,,,
B090213-8,7,7,0.0,0.0,1.0,33.143,232,61,1.0,0.143,,,1,0,2009,연체중,손실,131,805,200만원,12개월,0.3,여자,세,기타,,,,2.0,0.0,19.0,6.0,0.0,1,,,,,2000000.0,12.0,216666.66666666663,193750.0,,,,
B090407-8,9,9,0.3333,0.1111,0.6667,14.333,129,37,4.0,0.444,,,1,0,2009,정상종료,완납,278,450,100만원,9개월,0.3,여자,세,기타,,,,6.0,4.0,8.0,1.0,0.0,1,,,,,1000000.0,9.0,136111.11111111112,125000.0,,,,
B090508-8,8,8,1.0,1.0,0.0,0.0,0,0,,,,,0,0,2009,정상종료,완납,93,350,100만원,9개월,0.3,남자,세,기타,,,,33.0,24.0,5.0,0.0,0.0,1,,,,,1000000.0,9.0,136111.11111111112,125000.0,,,,
B090514-8,3,3,0.3333,0.3333,0.6667,30.333,91,61,2.0,0.667,,,1,0,2009,연체중,손실,711,1674,200만원,9개월,0.3,여자,세,기타,,,,,,,,,1,,,,,2000000.0,9.0,272222.22222222225,250000.0,,,,
B090528-8,11,11,0.0909,0.0909,0.9091,15.455,170,54,1.0,0.091,2.0,3.0,1,0,2009,정상종료,완납,630,415,200만원,12개월,0.3,여자,세,기타,,,,2.0,1.0,17.0,1.0,0.0,1,,,,,2000000.0,12.0,216666.66666666663,193750.0,,,,
B090622-8,6,6,1.0,1.0,0.0,0.0,0,0,,,,,0,0,2009,정상종료,완납,949,1927,200만원,6개월,0.3,남자,세,기타,,,,16.0,14.0,1.0,1.0,0.0,1,,,,,2000000.0,6.0,383333.3333333333,362500.0,,,,
B090626-8,6,6,1.0,0.0,0.0,0.0,0,0,,,,,0,0,2009,정상종료,완납,618,5472,200만원,6개월,0.3,남자,세,기타,,,,,,,,,1,,,,,2000000.0,6.0,383333.3333333333,362500.0,,,,
B090819-8,12,12,0.0833,0.0833,0.9167,20.583,247,30,2.0,0.167,,,1,0,2009,정상종료,완납,116,945,200만원,12개월,0.3,여자,세,기타,,,,14.0,9.0,26.0,2.0,0.0,1,,,,,2000000.0,12.0,216666.66666666663,193750.0,,,,
B090910-8,6,6,0.8333,0.6667,0.1667,0.167,1,1,5.0,0.833,6.0,,1,0,2009,정상종료,완납,874,1748,100만원,6개월,0.3,남자,세,기타,,,,41.0,36.0,4.0,0.0,0.0,1,,,,,1000000.0,6.0,191666.66666666663,181250.0,,,,
B091023-8,5,5,0.4,0.4,0.6,22.0,110,61,2.0,0.4,4.0,5.0,1,0,2009,연체중,손실,626,2024,200만원,12개월,0.3,남자,세,기타,,,,,,,,,1,,,,,2000000.0,12.0,216666.66666666663,193750.0,,,,
B091118-8,11,11,0.2727,0.0,0.7273,14.455,159,31,3.0,0.273,6.0,7.0,1,0,2009,정상종료,완납,482,2812,200만원,12개월,0.3,여자,세,기타,,,,28.0,12.0,42.0,5.0,0.0,1,,,,,2000000.0,12.0,216666.66666666663,193750.0,,,,
B091124-8,6,6,0.6667,0.5,0.3333,1.667,10,8,3.0,0.5,4.0,6.0,1,0,2009,정상종료,완납,307,1650,100만원,6개월,0.3,남자,세,기타,,,,4.0,3.0,3.0,1.0,0.0,1,,,,,1000000.0,6.0,191666.66666666663,181250.0,,,,
B091228-8,9,9,0.8889,0.7778,0.1111,0.111,1,1,6.0,0.667,7.0,,1,0,2009,정상종료,완납,436,1426,200만원,9개월,0.3,여자,세,기타,,,,19.0,16.0,7.0,0.0,0.0,1,,,,,2000000.0,9.0,272222.22222222225,250000.0,,,,
B100108-8,3,3,0.0,0.0,1.0,30.333,91,61,1.0,0.333,,,1,0,2010,연체중,손실,313,381,150만원,6개월,0.3,남자,세,기타,,,,,,,,,1,,,,,1500000.0,6.0,287500.0,271875.0,,,,
B100115-8,11,11,1.0,0.8182,0.0,0.0,0,0,,,,,0,0,2010,정상종료,완납,503,754,200만원,12개월,0.3,여자,세,기타,,,,,,,,,1,,,,,2000000.0,12.0,216666.66666666663,193750.0,,,,
B100209-8,1,1,1.0,1.0,0.0,0.0,0,0,,,,,0,0,2010,정상종료,완납,177,269,50만원,3개월,0.3,남자,세,기타,,,,4.0,4.0,6.0,0.0,0.0,1,,,,,500000.0,3.0,179166.66666666666,175000.0,,,,
B100309-8,17,17,1.0,0.7647,0.0,0.0,0,0,,,,,0,0,2010,정상종료,완납,551,2229,300만원,24개월,0.3,여자,세,기타,,,,53.0,38.0,18.0,0.0,0.0,1,,,,,3000000.0,24.0,200000.0,164062.5,,,,
B100312-8,19,19,0.0,0.0,1.0,6.632,126,13,1.0,0.053,,,1,0,2010,정상종료,완납,437,255,300만원,24개월,0.3,남자,세,기타,,,,31.0,12.0,20.0,0.0,0.0,1,,,,,3000000.0,24.0,200000.0,164062.5,,,,
B100403-8,22,22,0.4545,0.1818,0.5455,7.318,161,30,7.0,0.318,9.0,11.0,1,0,2010,정상종료,완납,409,2708,300만원,24개월,0.3,여자,세,기타,,,,,,,,,1,,,,,3000000.0,24.0,200000.0,164062.5,,,,
B100422-8,2,2,1.0,1.0,0.0,0.0,0,0,,,,,0,0,2010,정상종료,완납,507,765,300만원,24개월,0.3,여자,세,기타,,,,,,,,,1,,,,,3000000.0,24.0,200000.0,164062.5,,,,
B100426-8,12,12,0.4167,0.4167,0.5833,5.75,69,21,5.0,0.417,12.0,,1,0,2010,정상종료,완납,413,1168,250만원,12개월,0.3,여자,세,기타,,,,,,,,,1,,,,,2500000.0,12.0,270833.3333333334,242187.5,,,,
B100505-8,21,21,1.0,1.0,0.0,0.0,0,0,,,,,0,0,2010,정상종료,완납,258,1241,300만원,24개월,0.3,남자,세,기타,,,,70.0,51.0,8.0,0.0,0.0,1,,,,,3000000.0,24.0,200000.0,164062.5,,,,
B100614-8,10,10,0.9,0.9,0.1,0.1,1,1,6.0,0.6,7.0,,1,0,2010,정상종료,완납,372,1362,300만원,15개월,0.3,여자,세,기타,,,,,,,,,1,,,,,3000000.0,15.0,275000.0,240000.0,,,,
B100717-8,20,20,0.75,0.1,0.25,1.0,20,10,4.0,0.2,5.0,12.0,1,0,2010,정상종료,완납,183,1020,300만원,24개월,0.3,남자,세,기타,,,,60.0,22.0,15.0,0.0,0.0,1,,,,,3000000.0,24.0,200000.0,164062.5,,,,
B100722-8,11,11,1.0,0.9091,0.0,0.0,0,0,,,,,0,0,2010,정상종료,완납,696,948,200만원,12개월,0.3,여자,세,기타,,,,18.0,17.0,16.0,1.0,0.0,1,,,,,2000000.0,12.0,216666.66666666663,193750.0,,,,
B100908-8,12,12,0.6667,0.1667,0.3333,0.917,11,4,3.0,0.25,5.0,8.0,1,0,2010,정상종료,완납,786,1005,100만원,12개월,0.3,여자,세,기타,,,,11.0,4.0,9.0,1.0,0.0,1,,,,,1000000.0,12.0,108333.33333333331,96875.0,,,,
B101001-8,9,9,0.6667,0.4444,0.3333,0.778,7,3,2.0,0.222,3.0,4.0,1,0,2010,정상종료,완납,658,1559,150만원,9개월,0.3,남자,세,기타,,,,8.0,5.0,8.0,1.0,0.0,1,,,,,1500000.0,9.0,204166.66666666663,187500.0,,,,
B101014-8,12,12,0.75,0.5833,0.25,1.583,19,9,8.0,0.667,10.0,11.0,1,0,2010,정상종료,완납,156,1513,200만원,12개월,0.3,남자,세,기타,,,,,,,,,1,,,,,2000000.0,12.0,216666.66666666663,193750.0,,,,
B101015-8,8,8,1.0,1.0,0.0,0.0,0,0,,,,,0,0,2010,정상종료,완납,172,933,200만원,12개월,0.3,여자,세,기타,,,,,,,,,1,,,,,2000000.0,12.0,216666.66666666663,193750.0,,,,
B101101-8,3,3,1.0,1.0,0.0,0.0,0,0,,,,,0,0,2010,정상종료,완납,268,2511,200만원,12개월,0.3,여자,세,기타,,,,,,,,,1,,,,,2000000.0,12.0,216666.66666666663,193750.0,,,,
B101125-8,4,4,0.75,0.5,0.25,0.25,1,1,1.0,0.25,2.0,,1,0,2010,정상종료,완납,255,515,100만원,9개월,0.3,남자,세,기타,,,,,,,,,1,,,,,1000000.0,9.0,136111.11111111112,125000.0,,,,
B101216-8,15,15,0.8667,0.2,0.1333,0.133,2,1,12.0,0.8,13.0,14.0,1,0,2010,정상종료,완납,1633,2321,300만원,15개월,0.3,남자,세,기타,,,,31.0,11.0,2.0,0.0,0.0,1,,,,,3000000.0,15.0,275000.0,240000.0,,,,
B101221-8,12,12,1.0,0.8333,0.0,0.0,0,0,,,,,0,0,2010,정상종료,완납,202,1101,200만원,12개월,0.3,여자,세,기타,,,,32.0,27.0,4.0,0.0,0.0,1,,,,,2000000.0,12.0,216666.66666666663,193750.0,,,,
B101223-8,4,4,1.0,0.75,0.0,0.0,0,0,,,,,0,0,2010,정상종료,완납,33,956,200만원,9개월,0.3,남자,세,기타,,,,7.0,5.0,0.0,0.0,0.0,1,,,,,2000000.0,9.0,272222.22222222225,250000.0,,,,
B081201-9,9,9,0.6667,0.5556,0.3333,0.444,4,2,4.0,0.444,7.0,,1,0,2008,정상종료,완납,227,697,100만원,9개월,0.3,남자,세,기타,,,,32.0,25.0,4.0,0.0,0.0,1,,,,,1000000.0,9.0,136111.11111111112,125000.0,,,,
B081215-9,12,12,0.6667,0.5,0.3333,0.583,7,3,4.0,0.333,5.0,8.0,1,0,2008,정상종료,완납,483,1221,100만원,12개월,0.3,여자,세,기타,,,,13.0,9.0,13.0,0.0,0.0,1,,,,,1000000.0,12.0,108333.33333333331,96875.0,,,,
B090129-9,5,5,0.2,0.0,0.8,24.6,123,61,2.0,0.4,,,1,0,2009,손실(상환완료),손실,125,182,100만원,12개월,0.3,남자,세,기타,,,,,,,,,1,,,,,1000000.0,12.0,108333.33333333331,96875.0,,,,
B090204-9,11,11,0.9091,0.6364,0.0909,0.091,1,1,3.0,0.273,4.0,,1,0,2009,정상종료,완납,623,768,100만원,12개월,0.3,여자,세,기타,,,,73.0,53.0,6.0,0.0,0.0,1,,,,,1000000.0,12.0,108333.33333333331,96875.0,,,,
B090217-9,11,11,0.1818,0.0,0.8182,22.364,246,59,3.0,0.273,,,1,0,2009,정상종료,완납,584,1883,100만원,12개월,0.3,남자,세,기타,,,,33.0,8.0,18.0,3.0,0.0,1,,,,,1000000.0,12.0,108333.33333333331,96875.0,,,,
B090313-9,12,12,0.5833,0.3333,0.4167,0.917,11,7,4.0,0.333,8.0,9.0,1,0,2009,정상종료,완납,825,1106,200만원,12개월,0.3,여자,세,기타,,,,39.0,18.0,17.0,0.0,0.0,1,,,,,2000000.0,12.0,216666.66666666663,193750.0,,,,
B090327-9,8,8,0.5,0.125,0.5,15.5,124,61,5.0,0.625,,,1,0,2009,연체중,손실,1598,2469,100만원,12개월,0.3,남자,세,기타,,,,,,,,,1,,,,,1000000.0,12.0,108333.33333333331,96875.0,,,,
B090410-9,10,10,0.8,0.3,0.2,0.4,4,2,4.0,0.4,5.0,8.0,1,0,2009,정상종료,완납,368,768,100만원,12개월,0.3,여자,세,기타,,,,,,,,,1,,,,,1000000.0,12.0,108333.33333333331,96875.0,,,,
B090601-9,5,5,0.4,0.4,0.6,13.4,67,31,3.0,0.6,,,1,0,2009,정상종료,완납,294,995,200만원,6개월,0.3,여자,세,기타,,,,,,,,,1,,,,,2000000.0,6.0,383333.3333333333,362500.0,,,,
B090626-9,12,12,0.75,0.0,0.25,0.75,9,5,1.0,0.083,2.0,3.0,1,0,2009,정상종료,완납,886,1492,200만원,12개월,0.3,여자,세,기타,,,,20.0,8.0,4.0,0.0,0.0,1,,,,,2000000.0,12.0,216666.66666666663,193750.0,,,,
B090629-9,11,11,1.0,0.8182,0.0,0.0,0,0,,,,,0,0,2009,정상종료,완납,682,2569,200만원,12개월,0.3,여자,세,기타,,,,35.0,25.0,10.0,4.0,0.0,1,,,,,2000000.0,12.0,216666.66666666663,193750.0,,,,
B090630-9,11,11,0.2727,0.0,0.7273,14.727,162,61,1.0,0.091,2.0,4.0,1,0,2009,연체중,손실,519,1219,100만원,12개월,0.3,여자,세,기타,,,,,,,,,1,,,,,1000000.0,12.0,108333.33333333331,96875.0,,,,
B091027-9,2,2,0.5,0.0,0.5,30.5,61,61,2.0,1.0,,,1,0,2009,연체중,손실,538,2185,200만원,6개월,0.3,여자,세,기타,,,,,,,,,1,,,,,2000000.0,6.0,383333.3333333333,362500.0,,,,
B091029-9,11,11,1.0,0.8182,0.0,0.0,0,0,,,,,0,0,2009,정상종료,완납,138,1471,200만원,12개월,0.3,여자,세,기타,,,,13.0,10.0,1.0,1.0,0.0,1,,,,,2000000.0,12.0,216666.66666666663,193750.0,,,,
B091120-9,16,16,0.9375,0.9375,0.0625,0.062,1,1,8.0,0.5,9.0,,1,0,2009,정상종료,완납,229,836,300만원,18개월,0.3,남자,세,기타,,,,46.0,44.0,19.0,2.0,0.0,1,,,,,3000000.0,18.0,241666.66666666663,206250.0,,,,
B100107-9,8,8,1.0,1.0,0.0,0.0,0,0,,,,,0,0,2010,정상종료,완납,961,1491,250만원,12개월,0.3,남자,세,기타,,,,19.0,15.0,3.0,0.0,0.0,1,,,,,2500000.0,12.0,270833.3333333334,242187.5,,,,
B100118-9,1,1,0.0,0.0,1.0,61.0,61,61,1.0,1.0,,,1,0,2010,연체중,손실,880,448,200만원,12개월,0.3,남자,세,기타,,,,,,,,,1,,,,,2000000.0,12.0,216666.66666666663,193750.0,,,,
B100119-9,9,9,0.8889,0.3333,0.1111,0.111,1,1,5.0,0.556,6.0,,1,0,2010,정상종료,완납,336,988,150만원,12개월,0.3,남자,세,기타,,,,19.0,8.0,12.0,0.0,0.0,1,,,,,1500000.0,12.0,162500.0,145312.5,,,,
B100121-9,21,21,0.4762,0.0,0.5238,2.571,54,18,7.0,0.333,8.0,10.0,1,0,2010,정상종료,완납,341,672,300만원,21개월,0.3,여자,세,기타,,,,18.0,3.0,13.0,0.0,0.0,1,,,,,3000000.0,21.0,217857.14285714287,182142.8571428572,,,,
B100127-9,9,9,0.1111,0.1111,0.8889,3.333,30,8,1.0,0.111,9.0,,1,0,2010,정상종료,완납,410,937,150만원,9개월,0.3,남자,세,기타,,,,,,,,,1,,,,,1500000.0,9.0,204166.66666666663,187500.0,,,,
B100202-9,3,3,0.0,0.0,1.0,24.333,73,61,1.0,0.333,,,1,0,2010,연체중,손실,807,859,200만원,12개월,0.3,여자,세,기타,,,,,,,,,1,,,,,2000000.0,12.0,216666.66666666663,193750.0,,,,
B100222-9,22,22,0.8182,0.2727,0.1818,0.318,7,4,1.0,0.045,2.0,10.0,1,0,2010,정상종료,완납,499,1805,300만원,24개월,0.3,여자,세,기타,,,,54.0,30.0,5.0,0.0,0.0,1,,,,,3000000.0,24.0,200000.0,164062.5,,,,
B100308-9,1,1,0.0,0.0,1.0,61.0,61,61,1.0,1.0,,,1,0,2010,연체중,손실,424,2344,50만원,3개월,0.3,남자,세,기타,,,,,,,,,1,,,,,500000.0,3.0,179166.66666666666,175000.0,,,,
B100310-9,12,12,0.9167,0.75,0.0833,0.167,2,2,2.0,0.167,3.0,,1,0,2010,정상종료,완납,439,1383,150만원,12개월,0.3,여자,세,기타,,,,,,,,,1,,,,,1500000.0,12.0,162500.0,145312.5,,,,
B100317-9,5,5,0.6,0.6,0.4,16.4,82,61,4.0,0.8,,,1,0,2010,연체중,손실,932,1114,300만원,24개월,0.3,남자,세,기타,,,,9.0,9.0,2.0,0.0,0.0,1,,,,,3000000.0,24.0,200000.0,164062.5,,,,
B100410-9,12,12,1.0,0.6667,0.0,0.0,0,0,,,,,0,0,2010,정상종료,완납,195,778,200만원,12개월,0.3,남자,세,기타,,,,89.0,36.0,28.0,0.0,0.0,1,,,,,2000000.0,12.0,216666.66666666663,193750.0,,,,
B100416-9,12,12,1.0,0.5833,0.0,0.0,0,0,,,,,0,0,2010,정상종료,완납,607,707,400만원,24개월,0.3,여자,세,기타,,,,36.0,31.0,0.0,0.0,0.0,1,,,,,4000000.0,24.0,266666.6666666666,218750.0,,,,
B100420-9,7,7,1.0,1.0,0.0,0.0,0,0,,,,,0,0,2010,정상종료,완납,749,1812,300만원,24개월,0.3,여자,세,기타,,,,9.0,9.0,0.0,0.0,0.0,1,,,,,3000000.0,24.0,200000.0,164062.5,,,,
B100517-9,15,15,0.2667,0.0,0.7333,10.267,154,26,3.0,0.2,4.0,6.0,1,0,2010,정상종료,완납,364,602,300만원,15개월,0.3,여자,세,기타,,,,9.0,0.0,12.0,0.0,0.0,1,,,,,3000000.0,15.0,275000.0,240000.0,,,,
B100628-9,18,18,1.0,0.9444,0.0,0.0,0,0,,,,,0,0,2010,정상종료,완납,271,2058,300만원,18개월,0.3,여자,세,기타,,,,51.0,31.0,7.0,3.0,0.0,1,,,,,3000000.0,18.0,241666.66666666663,206250.0,,,,
B101012-9,21,21,0.381,0.381,0.619,9.095,191,26,1.0,0.048,2.0,5.0,1,0,2010,정상종료,완납,140,1006,300만원,24개월,0.3,남자,세,기타,,,,,,,,,1,,,,,3000000.0,24.0,200000.0,164062.5,,,,
B101117-9,24,24,1.0,0.8333,0.0,0.0,0,0,,,,,0,0,2010,정상종료,완납,1371,569,300만원,24개월,0.3,여자,세,기타,,,,73.0,53.0,6.0,0.0,0.0,1,,,,,3000000.0,24.0,200000.0,164062.5,,,,
B101118-9,9,9,0.2222,0.1111,0.7778,13.778,124,31,1.0,0.111,2.0,3.0,1,0,2010,연체중,손실,55,328,100만원,12개월,0.3,남자,세,기타,,,,,,,,,1,,,,,1000000.0,12.0,108333.33333333331,96875.0,,,,
B101125-9,10,10,0.9,0.5,0.1,1.8,18,18,7.0,0.7,8.0,,1,0,2010,정상종료,완납,460,1093,300만원,24개월,0.3,여자,세,기타,,,,11.0,5.0,5.0,0.0,0.0,1,,,,,3000000.0,24.0,200000.0,164062.5,,,,
B090112-10,1,1,0.0,0.0,1.0,61.0,61,61,1.0,1.0,,,1,0,2009,연체중,손실,427,342,200만원,12개월,0.29,남자,세,기타,,,,,,,,,1,,,,,2000000.0,12.0,215000.0,192847.22222222225,,,,
B090129-10,8,8,0.375,0.0,0.625,3.5,28,12,1.0,0.125,2.0,5.0,1,0,2009,정상종료,완납,146,197,100만원,12개월,0.28,여자,세,기타,,,,14.0,5.0,12.0,0.0,0.0,1,,,,,1000000.0,12.0,106666.66666666666,95972.22222222222,,,,
B090518-10,13,13,0.6154,0.3846,0.3846,8.077,105,61,9.0,0.692,,,1,0,2009,연체중,손실,203,514,300만원,15개월,0.3,남자,세,기타,,,,,,,,,1,,,,,3000000.0,15.0,275000.0,240000.0,,,,
B090528-10,15,15,0.8,0.2,0.2,0.2,3,1,10.0,0.667,12.0,13.0,1,0,2009,정상종료,완납,180,784,300만원,15개월,0.3,여자,세,기타,,,,19.0,3.0,11.0,0.0,0.0,1,,,,,3000000.0,15.0,275000.0,240000.0,,,,
B090731-10,9,9,0.7778,0.7778,0.2222,4.111,37,27,8.0,0.889,,,1,0,2009,정상종료,완납,1000,1183,200만원,9개월,0.3,남자,세,기타,,,,62.0,61.0,4.0,0.0,0.0,1,,,,,2000000.0,9.0,272222.22222222225,250000.0,,,,
B090805-10,13,13,0.3846,0.0,0.6154,5.769,75,31,3.0,0.231,4.0,6.0,1,0,2009,정상종료,완납,229,558,300만원,15개월,0.3,여자,세,기타,,,,14.0,2.0,28.0,1.0,0.0,1,,,,,3000000.0,15.0,275000.0,240000.0,,,,
B090819-10,8,8,1.0,0.875,0.0,0.0,0,0,,,,,0,0,2009,정상종료,완납,191,1282,100만원,9개월,0.3,여자,세,기타,,,,,,,,,1,,,,,1000000.0,9.0,136111.11111111112,125000.0,,,,
B090908-10,24,24,1.0,1.0,0.0,0.0,0,0,,,,,0,0,2009,정상종료,완납,137,396,300만원,24개월,0.3,남자,세,기타,,,,,,,,,1,,,,,3000000.0,24.0,200000.0,164062.5,,,,
B090915-10,7,7,0.5714,0.1429,0.4286,7.857,55,30,3.0,0.429,6.0,,1,0,2009,정상종료,완납,255,1157,200만원,12개월,0.3,남자,세,기타,,,,5.0,1.0,3.0,1.0,0.0,1,,,,,2000000.0,12.0,216666.66666666663,193750.0,,,,
B090922-10,10,10,0.5,0.1,0.5,1.6,16,9,4.0,0.4,6.0,7.0,1,0,2009,정상종료,완납,194,565,200만원,12개월,0.3,남자,세,기타,,,,8.0,2.0,5.0,0.0,0.0,1,,,,,2000000.0,12.0,216666.66666666663,193750.0,,,,
B090924-10,7,7,1.0,1.0,0.0,0.0,0,0,,,,,0,0,2009,정상종료,완납,819,3859,100만원,9개월,0.3,여자,세,기타,,,,75.0,68.0,34.0,0.0,0.0,1,,,,,1000000.0,9.0,136111.11111111112,125000.0,,,,
B091006-10,6,6,1.0,1.0,0.0,0.0,0,0,,,,,0,0,2009,정상종료,완납,342,523,100만원,6개월,0.3,여자,세,기타,,,,,,,,,1,,,,,1000000.0,6.0,191666.66666666663,181250.0,,,,
B091007-10,9,9,0.1111,0.0,0.8889,6.0,54,9,2.0,0.222,,,1,0,2009,정상종료,완납,74,545,200만원,9개월,0.3,여자,세,기타,,,,8.0,2.0,10.0,0.0,0.0,1,,,,,2000000.0,9.0,272222.22222222225,250000.0,,,,
B091013-10,10,10,1.0,0.8,0.0,0.0,0,0,,,,,0,0,2009,정상종료,완납,827,2893,200만원,12개월,0.3,여자,세,기타,,,,60.0,44.0,0.0,0.0,0.0,1,,,,,2000000.0,12.0,216666.66666666663,193750.0,,,,
B091015-10,9,9,0.8889,0.8889,0.1111,0.333,3,3,6.0,0.667,7.0,,1,0,2009,정상종료,완납,539,618,200만원,9개월,0.3,남자,세,기타,,,,,,,,,1,,,,,2000000.0,9.0,272222.22222222225,250000.0,,,,
B091016-10,12,12,0.9167,0.75,0.0833,0.583,7,7,7.0,0.583,8.0,,1,0,2009,정상종료,완납,415,1119,100만원,12개월,0.3,여자,세,기타,,,,25.0,18.0,1.0,0.0,0.0,1,,,,,1000000.0,12.0,108333.33333333331,96875.0,,,,
B091214-10,8,8,0.625,0.5,0.375,11.625,93,61,5.0,0.625,7.0,8.0,1,0,2009,손실(상환완료),손실,426,848,100만원,9개월,0.3,남자,세,기타,,,,,,,,,1,,,,,1000000.0,9.0,136111.11111111112,125000.0,,,,
B091229-10,12,12,0.75,0.6667,0.25,0.75,9,4,7.0,0.583,8.0,11.0,1,0,2009,정상종료,완납,861,2082,250만원,12개월,0.3,남자,세,기타,,,,,,,,,1,,,,,2500000.0,12.0,270833.3333333334,242187.5,,,,
B091230-10,13,13,0.7692,0.6154,0.2308,6.538,85,31,10.0,0.769,12.0,13.0,1,0,2009,연체중,손실,714,1426,300만원,15개월,0.3,남자,세,기타,,,,16.0,14.0,1.0,1.0,0.0,1,,,,,3000000.0,15.0,275000.0,240000.0,,,,
B100107-10,6,6,1.0,1.0,0.0,0.0,0,0,,,,,0,0,2010,정상종료,완납,712,708,300만원,18개월,0.3,여자,세,기타,,,,18.0,16.0,3.0,0.0,0.0,1,,,,,3000000.0,18.0,241666.66666666663,206250.0,,,,
B100120-10,9,9,1.0,1.0,0.0,0.0,0,0,,,,,0,0,2010,정상종료,완납,351,1007,100만원,9개월,0.3,여자,세,기타,,,,30.0,30.0,0.0,0.0,0.0,1,,,,,1000000.0,9.0,136111.11111111112,125000.0,,,,
B100126-10,10,10,0.6,0.4,0.4,3.7,37,29,1.0,0.1,4.0,7.0,1,0,2010,정상종료,완납,340,1806,150만원,12개월,0.3,남자,세,기타,,,,,,,,,1,,,,,1500000.0,12.0,162500.0,145312.5,,,,
B100201-10,12,12,0.5,0.0,0.5,1.75,21,4,6.0,0.5,12.0,,1,0,2010,정상종료,완납,648,1023,200만원,12개월,0.3,남자,세,기타,,,,,,,,,1,,,,,2000000.0,12.0,216666.66666666663,193750.0,,,,
B100211-10,11,11,1.0,1.0,0.0,0.0,0,0,,,,,0,0,2010,정상종료,완납,271,738,150만원,12개월,0.3,남자,세,기타,,,,,,,,,1,,,,,1500000.0,12.0,162500.0,145312.5,,,,
B100303-10,6,6,1.0,0.6667,0.0,0.0,0,0,,,,,0,0,2010,정상종료,완납,363,1268,50만원,6개월,0.3,남자,세,기타,,,,16.0,7.0,2.0,0.0,0.0,1,,,,,500000.0,6.0,95833.33333333331,90625.0,,,,
B100330-10,12,12,1.0,1.0,0.0,0.0,0,0,,,,,0,0,2010,정상종료,완납,364,942,200만원,12개월,0.3,남자,세,기타,,,,,,,,,1,,,,,2000000.0,12.0,216666.66666666663,193750.0,,,,
B100423-10,8,8,1.0,1.0,0.0,0.0,0,0,,,,,0,0,2010,정상종료,완납,480,1824,150만원,9개월,0.3,여자,세,기타,,,,10.0,10.0,0.0,0.0,0.0,1,,,,,1500000.0,9.0,204166.66666666663,187500.0,,,,
B100429-10,16,16,1.0,0.5625,0.0,0.0,0,0,,,,,0,0,2010,정상종료,완납,266,400,300만원,21개월,0.3,,세,기타,,,,,,,,,1,,,,,3000000.0,21.0,217857.14285714287,182142.8571428572,,,,
B100506-10,7,7,0.8571,0.7143,0.1429,0.571,4,4,3.0,0.429,4.0,,1,0,2010,정상종료,완납,471,982,200만원,12개월,0.3,여자,세,기타,,,,,,,,,1,,,,,2000000.0,12.0,216666.66666666663,193750.0,,,,
B100512-10,14,14,0.7857,0.1429,0.2143,2.714,38,31,7.0,0.5,8.0,11.0,1,0,2010,연체중,손실,513,1162,300만원,18개월,0.3,여자,세,기타,,,,,,,,,1,,,,,3000000.0,18.0,241666.66666666663,206250.0,,,,
B100524-10,3,3,1.0,0.0,0.0,0.0,0,0,,,,,0,0,2010,정상종료,완납,147,1553,50만원,3개월,0.3,남자,세,기타,,,,5.0,1.0,16.0,0.0,0.0,1,,,,,500000.0,3.0,179166.66666666666,175000.0,,,,
B100531-10,4,4,1.0,0.75,0.0,0.0,0,0,,,,,0,0,2010,정상종료,완납,274,718,300만원,15개월,0.3,여자,세,기타,,,,98.0,84.0,3.0,0.0,0.0,1,,,,,3000000.0,15.0,275000.0,240000.0,,,,
B100624-10,9,9,0.3333,0.0,0.6667,10.444,94,31,4.0,0.444,,,1,0,2010,연체중,손실,755,881,150만원,12개월,0.3,남자,세,기타,,,,,,,,,1,,,,,1500000.0,12.0,162500.0,145312.5,,,,
B100717-10,24,24,1.0,0.9167,0.0,0.0,0,0,,,,,0,0,2010,정상종료,완납,429,2413,300만원,24개월,0.3,남자,세,기타,,,,,,,,,1,,,,,3000000.0,24.0,200000.0,164062.5,,,,
B100727-10,9,9,1.0,0.6667,0.0,0.0,0,0,,,,,0,0,2010,정상종료,완납,222,470,200만원,12개월,0.3,여자,세,기타,,,,17.0,9.0,28.0,7.0,0.0,1,,,,,2000000.0,12.0,216666.66666666663,193750.0,,,,
B100820-10,7,7,0.5714,0.1429,0.4286,10.857,76,31,5.0,0.714,,,1,0,2010,연체중,손실,575,975,300만원,15개월,0.3,남자,세,기타,,,,11.0,4.0,4.0,0.0,0.0,1,,,,,3000000.0,15.0,275000.0,240000.0,,,,
B100906-10,12,12,1.0,1.0,0.0,0.0,0,0,,,,,0,0,2010,정상종료,완납,3239,2209,150만원,12개월,0.3,남자,세,기타,,,,,,,,,1,,,,,1500000.0,12.0,162500.0,145312.5,,,,
B100924-10,12,12,1.0,1.0,0.0,0.0,0,0,,,,,0,0,2010,정상종료,완납,299,1550,150만원,12개월,0.3,남자,세,기타,,,,,,,,,1,,,,,1500000.0,12.0,162500.0,145312.5,,,,
B101006-10,5,5,0.6,0.2,0.4,2.4,12,7,1.0,0.2,2.0,3.0,1,0,2010,정상종료,완납,211,226,100만원,6개월,0.3,남자,세,기타,,,,,,,,,1,,,,,1000000.0,6.0,191666.66666666663,181250.0,,,,
B101215-10,12,12,0.8333,0.0833,0.1667,0.167,2,1,3.0,0.25,4.0,5.0,1,0,2010,정상종료,완납,733,2158,300만원,15개월,0.3,남자,세,기타,,,,28.0,6.0,14.0,3.0,0.0,1,,,,,3000000.0,15.0,275000.0,240000.0,,,,
B101227-10,20,20,1.0,0.45,0.0,0.0,0,0,,,,,0,0,2010,정상종료,완납,442,672,300만원,24개월,0.3,남자,세,기타,,,,,,,,,1,,,,,3000000.0,24.0,200000.0,164062.5,,,,
B090122-11,12,12,1.0,0.75,0.0,0.0,0,0,,,,,0,0,2009,정상종료,완납,596,907,100만원,12개월,0.29,남자,세,기타,,,,75.0,56.0,27.0,4.0,0.0,1,,,,,1000000.0,12.0,107500.0,96423.61111111112,,,,
B090129-11,9,9,0.1111,0.0,0.8889,20.111,181,61,1.0,0.111,3.0,4.0,1,0,2009,손실(상환완료),손실,158,611,200만원,12개월,0.3,여자,세,기타,,,,,,,,,1,,,,,2000000.0,12.0,216666.66666666663,193750.0,,,,
B090216-11,3,3,1.0,0.3333,0.0,0.0,0,0,,,,,0,0,2009,정상종료,완납,88,660,100만원,12개월,0.3,여자,세,기타,,,,23.0,16.0,18.0,0.0,0.0,1,,,,,1000000.0,12.0,108333.33333333331,96875.0,,,,
B090406-11,8,8,0.375,0.0,0.625,11.875,95,61,2.0,0.25,3.0,5.0,1,0,2009,연체중,손실,579,1725,200만원,9개월,0.3,여자,세,기타,,,,,,,,,1,,,,,2000000.0,9.0,272222.22222222225,250000.0,,,,
B090618-11,18,18,0.9444,0.7222,0.0556,0.111,2,2,6.0,0.333,7.0,,1,0,2009,정상종료,완납,255,307,300만원,18개월,0.3,남자,세,기타,,,,57.0,33.0,6.0,0.0,0.0,1,,,,,3000000.0,18.0,241666.66666666663,206250.0,,,,
B090629-11,21,21,0.2857,0.1905,0.7143,7.905,166,28,5.0,0.238,12.0,13.0,1,0,2009,정상종료,완납,180,399,300만원,21개월,0.29,남자,세,기타,,,,24.0,16.0,21.0,2.0,0.0,1,,,,,3000000.0,21.0,215357.14285714284,180833.3333333333,,,,
B090701-11,8,8,0.375,0.25,0.625,13.0,104,27,2.0,0.25,4.0,5.0,1,0,2009,정상종료,완납,143,677,100만원,9개월,0.29,여자,세,기타,,,,,,,,,1,,,,,1000000.0,9.0,135277.77777777778,124537.03703703704,,,,
B090713-11,6,6,1.0,1.0,0.0,0.0,0,0,,,,,0,0,2009,정상종료,완납,353,800,200만원,6개월,0.3,남자,세,기타,,,,,,,,,1,,,,,2000000.0,6.0,383333.3333333333,362500.0,,,,
B090820-11,12,12,0.8333,0.75,0.1667,5.583,67,61,11.0,0.917,,,1,0,2009,손실(상환완료),손실,1071,3641,300만원,15개월,0.3,여자,세,기타,,,,,,,,,1,,,,,3000000.0,15.0,275000.0,240000.0,,,,
B091104-11,9,9,0.2222,0.0,0.7778,11.222,101,61,1.0,0.111,2.0,4.0,1,0,2009,연체중,손실,892,4402,300만원,21개월,0.3,남자,세,기타,,,,,,,,,1,,,,,3000000.0,21.0,217857.14285714287,182142.8571428572,,,,
B091210-11,12,12,0.5833,0.25,0.4167,11.417,137,54,8.0,0.667,,,1,0,2009,정상종료,완납,497,484,200만원,12개월,0.3,남자,세,기타,,,,30.0,15.0,37.0,5.0,0.0,1,,,,,2000000.0,12.0,216666.66666666663,193750.0,,,,
B100204-11,12,12,1.0,0.5,0.0,0.0,0,0,,,,,0,0,2010,정상종료,완납,211,1216,200만원,12개월,0.3,남자,세,기타,,,,,,,,,1,,,,,2000000.0,12.0,216666.66666666663,193750.0,,,,
B100225-11,13,13,0.8462,0.6154,0.1538,0.308,4,2,7.0,0.538,8.0,11.0,1,0,2010,정상종료,완납,672,604,300만원,15개월,0.3,남자,세,기타,,,,89.0,37.0,22.0,4.0,0.0,1,,,,,3000000.0,15.0,275000.0,240000.0,,,,
B100317-11,1,1,1.0,1.0,0.0,0.0,0,0,,,,,0,0,2010,정상종료,완납,156,375,50만원,6개월,0.3,남자,세,기타,,,,7.0,6.0,6.0,0.0,0.0,1,,,,,500000.0,6.0,95833.33333333331,90625.0,,,,
B100319-11,12,12,0.0,0.0,1.0,22.75,273,29,1.0,0.083,,,1,0,2010,정상종료,완납,1499,1226,200만원,12개월,0.3,남자,세,기타,,,,,,,,,1,,,,,2000000.0,12.0,216666.66666666663,193750.0,,,,
B100324-11,2,2,0.0,0.0,1.0,37.0,74,61,1.0,0.5,,,1,0,2010,연체중,손실,572,661,200만원,12개월,0.3,여자,세,기타,,,,,,,,,1,,,,,2000000.0,12.0,216666.66666666663,193750.0,,,,
B100331-11,8,8,0.625,0.625,0.375,0.875,7,5,3.0,0.375,4.0,5.0,1,0,2010,정상종료,완납,750,274,250만원,12개월,0.3,남자,세,기타,,,,6.0,6.0,5.0,0.0,0.0,1,,,,,2500000.0,12.0,270833.3333333334,242187.5,,,,
B100413-11,8,8,1.0,0.875,0.0,0.0,0,0,,,,,0,0,2010,정상종료,완납,878,947,150만원,12개월,0.3,여자,세,기타,,,,30.0,14.0,9.0,1.0,0.0,1,,,,,1500000.0,12.0,162500.0,145312.5,,,,
B100419-11,12,12,0.0833,0.0833,0.9167,18.25,219,29,2.0,0.167,,,1,0,2010,정상종료,완납,507,1356,200만원,12개월,0.3,여자,세,기타,,,,,,,,,1,,,,,2000000.0,12.0,216666.66666666663,193750.0,,,,
B100513-11,12,12,0.8333,0.5833,0.1667,0.25,3,2,6.0,0.5,7.0,12.0,1,0,2010,정상종료,완납,304,1454,150만원,12개월,0.3,여자,세,기타,,,,19.0,14.0,5.0,0.0,0.0,1,,,,,1500000.0,12.0,162500.0,145312.5,,,,
B100526-11,6,6,0.1667,0.1667,0.8333,29.333,176,61,2.0,0.333,,,1,0,2010,연체중,손실,1056,479,500만원,24개월,0.3,남자,세,기타,,,,30.0,14.0,6.0,1.0,0.0,1,,,,,5000000.0,24.0,333333.3333333334,273437.5,,,,
B100607-11,4,4,1.0,1.0,0.0,0.0,0,0,,,,,0,0,2010,정상종료,완납,125,753,300만원,15개월,0.3,남자,세,기타,,,,53.0,32.0,6.0,0.0,0.0,1,,,,,3000000.0,15.0,275000.0,240000.0,,,,
B100610-11,2,2,0.5,0.5,0.5,30.5,61,61,2.0,1.0,,,1,0,2010,연체중,손실,840,1301,250만원,12개월,0.3,여자,세,기타,,,,6.0,4.0,1.0,0.0,0.0,1,,,,,2500000.0,12.0,270833.3333333334,242187.5,,,,
B100616-11,12,12,0.9167,0.8333,0.0833,1.25,15,15,4.0,0.333,5.0,,1,0,2010,정상종료,완납,299,462,200만원,12개월,0.3,여자,세,기타,,,,20.0,18.0,1.0,0.0,0.0,1,,,,,2000000.0,12.0,216666.66666666663,193750.0,,,,
B100708-11,9,9,0.4444,0.2222,0.5556,1.111,10,3,3.0,0.333,6.0,8.0,1,0,2010,정상종료,완납,643,515,150만원,9개월,0.3,여자,세,기타,,,,,,,,,1,,,,,1500000.0,9.0,204166.66666666663,187500.0,,,,
B100709-11,11,11,1.0,0.9091,0.0,0.0,0,0,,,,,0,0,2010,정상종료,완납,428,1344,200만원,12개월,0.3,남자,세,기타,,,,20.0,19.0,0.0,0.0,0.0,1,,,,,2000000.0,12.0,216666.66666666663,193750.0,,,,
B100727-11,9,9,1.0,0.4444,0.0,0.0,0,0,,,,,0,0,2010,정상종료,완납,557,1091,200만원,9개월,0.3,남자,세,기타,,,,26.0,5.0,3.0,0.0,0.0,1,,,,,2000000.0,9.0,272222.22222222225,250000.0,,,,
B100906-11,7,7,0.4286,0.1429,0.5714,7.714,54,31,3.0,0.429,4.0,5.0,1,0,2010,손실(상환완료),손실,480,952,100만원,12개월,0.3,남자,세,기타,,,,,,,,,1,,,,,1000000.0,12.0,108333.33333333331,96875.0,,,,
B101123-11,12,12,1.0,0.3333,0.0,0.0,0,0,,,,,0,0,2010,정상종료,완납,154,885,100만원,12개월,0.3,여자,세,기타,,,,98.0,70.0,20.0,0.0,0.0,1,,,,,1000000.0,12.0,108333.33333333331,96875.0,,,,
B101202-11,15,15,0.9333,0.2667,0.0667,0.133,2,2,6.0,0.4,7.0,,1,0,2010,정상종료,완납,583,204,300만원,15개월,0.3,남자,세,기타,,,,29.0,11.0,4.0,2.0,0.0,1,,,,,3000000.0,15.0,275000.0,240000.0,,,,
B090123-12,9,9,0.8889,0.2222,0.1111,0.444,4,4,3.0,0.333,4.0,,1,0,2009,정상종료,완납,71,2108,100만원,12개월,0.3,남자,세,기타,,,,42.0,17.0,10.0,0.0,0.0,1,,,,,1000000.0,12.0,108333.33333333331,96875.0,,,,
B090220-12,6,6,0.8333,0.6667,0.1667,0.333,2,2,3.0,0.5,4.0,,1,0,2009,정상종료,완납,138,812,100만원,6개월,0.3,여자,세,기타,,,,,,,,,1,,,,,1000000.0,6.0,191666.66666666663,181250.0,,,,
B090428-12,7,7,1.0,1.0,0.0,0.0,0,0,,,,,0,0,2009,정상종료,완납,407,815,100만원,9개월,0.3,남자,세,기타,,,,31.0,28.0,15.0,2.0,0.0,1,,,,,1000000.0,9.0,136111.11111111112,125000.0,,,,
B090715-12,21,21,1.0,1.0,0.0,0.0,0,0,,,,,0,0,2009,정상종료,완납,417,775,300만원,24개월,0.3,남자,세,기타,,,,69.0,66.0,16.0,0.0,0.0,1,,,,,3000000.0,24.0,200000.0,164062.5,,,,
B090722-12,4,4,1.0,0.75,0.0,0.0,0,0,,,,,0,0,2009,정상종료,완납,539,0,200만원,12개월,0.3,남자,세,기타,,,,31.0,10.0,5.0,0.0,0.0,1,,,,,2000000.0,12.0,216666.66666666663,193750.0,,,,
B090729-12,12,12,0.0833,0.0,0.9167,11.5,138,61,2.0,0.167,,,1,0,2009,연체중,손실,368,1320,200만원,12개월,0.3,남자,세,기타,,,,,,,,,1,,,,,2000000.0,12.0,216666.66666666663,193750.0,,,,
B090804-12,12,12,0.5,0.4167,0.5,2.167,26,5,1.0,0.083,2.0,4.0,1,0,2009,정상종료,완납,254,919,200만원,12개월,0.3,남자,세,기타,,,,48.0,14.0,7.0,0.0,0.0,1,,,,,2000000.0,12.0,216666.66666666663,193750.0,,,,
B090806-12,15,15,1.0,1.0,0.0,0.0,0,0,,,,,0,0,2009,정상종료,완납,394,1623,300만원,21개월,0.3,여자,세,기타,,,,,,,,,1,,,,,3000000.0,21.0,217857.14285714287,182142.8571428572,,,,
B090826-12,6,6,0.5,0.1667,0.5,3.5,21,11,1.0,0.167,3.0,5.0,1,0,2009,정상종료,완납,100,978,100만원,6개월,0.3,남자,세,기타,,,,15.0,7.0,24.0,0.0,0.0,1,,,,,1000000.0,6.0,191666.66666666663,181250.0,,,,
B090827-12,12,12,0.75,0.5,0.25,0.667,8,4,4.0,0.333,6.0,7.0,1,0,2009,정상종료,완납,130,319,200만원,12개월,0.3,여자,세,기타,,,,24.0,16.0,12.0,0.0,0.0,1,,,,,2000000.0,12.0,216666.66666666663,193750.0,,,,
B091028-12,12,12,1.0,0.75,0.0,0.0,0,0,,,,,0,0,2009,정상종료,완납,121,67,100만원,12개월,0.3,남자,세,기타,,,,46.0,16.0,2.0,0.0,0.0,1,,,,,1000000.0,12.0,108333.33333333331,96875.0,,,,
B091029-12,15,15,0.5333,0.3333,0.4667,10.133,152,31,5.0,0.333,6.0,8.0,1,0,2009,연체중,손실,564,1631,300만원,24개월,0.3,여자,세,기타,,,,13.0,10.0,4.0,2.0,0.0,1,,,,,3000000.0,24.0,200000.0,164062.5,,,,
B091126-12,9,9,1.0,1.0,0.0,0.0,0,0,,,,,0,0,2009,정상종료,완납,293,581,100만원,9개월,0.3,여자,세,기타,,,,70.0,66.0,0.0,0.0,0.0,1,,,,,1000000.0,9.0,136111.11111111112,125000.0,,,,
B091201-12,14,14,1.0,0.7143,0.0,0.0,0,0,,,,,0,0,2009,정상종료,완납,327,255,500만원,15개월,0.3,남자,세,기타,,,,31.0,24.0,2.0,0.0,0.0,1,,,,,5000000.0,15.0,458333.3333333333,400000.0,,,,
B091209-12,12,12,0.1667,0.0833,0.8333,7.583,91,12,2.0,0.167,12.0,,1,0,2009,정상종료,완납,1252,3320,200만원,12개월,0.3,남자,세,기타,,,,20.0,6.0,16.0,0.0,0.0,1,,,,,2000000.0,12.0,216666.66666666663,193750.0,,,,
B091221-12,7,7,1.0,0.8571,0.0,0.0,0,0,,,,,0,0,2009,정상종료,완납,88,971,100만원,9개월,0.3,남자,세,기타,,,,52.0,47.0,0.0,0.0,0.0,1,,,,,1000000.0,9.0,136111.11111111112,125000.0,,,,
B100126-12,10,10,0.8,0.5,0.2,0.3,3,2,3.0,0.3,4.0,8.0,1,0,2010,정상종료,완납,255,1002,200만원,12개월,0.3,남자,세,기타,,,,,,,,,1,,,,,2000000.0,12.0,216666.66666666663,193750.0,,,,
B100316-12,19,19,1.0,1.0,0.0,0.0,0,0,,,,,0,0,2010,정상종료,완납,406,812,300만원,24개월,0.3,여자,세,기타,,,,52.0,46.0,2.0,0.0,0.0,1,,,,,3000000.0,24.0,200000.0,164062.5,,,,
B100504-12,12,12,0.25,0.0,0.75,4.833,58,27,1.0,0.083,3.0,4.0,1,0,2010,정상종료,완납,945,1648,250만원,12개월,0.3,남자,세,기타,,,,,,,,,1,,,,,2500000.0,12.0,270833.3333333334,242187.5,,,,
B100506-12,10,10,0.4,0.4,0.6,8.3,83,31,3.0,0.3,5.0,7.0,1,0,2010,연체중,손실,377,3203,200만원,12개월,0.3,남자,세,기타,,,,,,,,,1,,,,,2000000.0,12.0,216666.66666666663,193750.0,,,,
B100510-12,12,12,0.0833,0.0833,0.9167,21.083,253,29,2.0,0.167,,,1,0,2010,정상종료,완납,943,572,200만원,12개월,0.3,남자,세,기타,,,,,,,,,1,,,,,2000000.0,12.0,216666.66666666663,193750.0,,,,
B100709-12,5,5,1.0,1.0,0.0,0.0,0,0,,,,,0,0,2010,정상종료,완납,201,1781,150만원,9개월,0.3,남자,세,기타,,,,11.0,11.0,0.0,0.0,0.0,1,,,,,1500000.0,9.0,204166.66666666663,187500.0,,,,
B100714-12,3,3,0.0,0.0,1.0,32.0,96,61,1.0,0.333,,,1,0,2010,손실(상환완료),손실,315,1150,300만원,18개월,0.3,남자,세,기타,,,,4.0,3.0,3.0,1.0,0.0,1,,,,,3000000.0,18.0,241666.66666666663,206250.0,,,,
B100805-12,11,11,1.0,0.9091,0.0,0.0,0,0,,,,,0,0,2010,정상종료,완납,92,389,100만원,12개월,0.3,남자,세,기타,,,,,,,,,1,,,,,1000000.0,12.0,108333.33333333331,96875.0,,,,
B100907-12,12,12,0.5,0.0833,0.5,0.5,6,1,1.0,0.083,3.0,6.0,1,0,2010,정상종료,완납,502,343,200만원,12개월,0.3,남자,세,기타,,,,,,,,,1,,,,,2000000.0,12.0,216666.66666666663,193750.0,,,,
B101013-12,1,1,1.0,1.0,0.0,0.0,0,0,,,,,0,0,2010,정상종료,완납,699,1265,100만원,6개월,0.3,남자,세,기타,,,,16.0,12.0,2.0,0.0,0.0,1,,,,,1000000.0,6.0,191666.66666666663,181250.0,,,,
B101116-12,9,9,1.0,1.0,0.0,0.0,0,0,,,,,0,0,2010,정상종료,완납,1548,4172,300만원,15개월,0.3,남자,세,기타,,,,,,,,,1,,,,,3000000.0,15.0,275000.0,240000.0,,,,
B101210-12,22,22,1.0,0.9545,0.0,0.0,0,0,,,,,0,0,2010,정상종료,완납,365,1606,300만원,24개월,0.3,여자,세,기타,,,,48.0,38.0,1.0,0.0,0.0,1,,,,,3000000.0,24.0,200000.0,164062.5,,,,
B090413-13,9,9,0.7778,0.4444,0.2222,0.222,2,1,1.0,0.111,2.0,5.0,1,0,2009,정상종료,완납,250,515,100만원,12개월,0.3,여자,세,기타,,,,,,,,,1,,,,,1000000.0,12.0,108333.33333333331,96875.0,,,,
B090803-13,11,11,0.0909,0.0,0.9091,20.364,224,61,2.0,0.182,,,1,0,2009,연체중,손실,99,633,300만원,21개월,0.3,여자,세,기타,,,,6.0,1.0,7.0,3.0,0.0,1,,,,,3000000.0,21.0,217857.14285714287,182142.8571428572,,,,
B090824-13,7,7,0.7143,0.5714,0.2857,9.857,69,61,6.0,0.857,,,1,0,2009,연체중,손실,627,1818,200만원,12개월,0.3,남자,세,기타,,,,,,,,,1,,,,,2000000.0,12.0,216666.66666666663,193750.0,,,,
B090911-13,3,3,0.0,0.0,1.0,22.667,68,61,1.0,0.333,,,1,0,2009,연체중,손실,397,2649,100만원,9개월,0.3,여자,세,기타,,,,,,,,,1,,,,,1000000.0,9.0,136111.11111111112,125000.0,,,,
B090914-13,6,6,0.0,0.0,1.0,3.5,21,4,1.0,0.167,,,1,0,2009,정상종료,완납,182,1176,100만원,6개월,0.3,여자,세,기타,,,,2.0,1.0,10.0,0.0,0.0,1,,,,,1000000.0,6.0,191666.66666666663,181250.0,,,,
B090918-13,11,11,0.7273,0.4545,0.2727,0.273,3,1,2.0,0.182,3.0,5.0,1,0,2009,정상종료,완납,622,1387,200만원,12개월,0.3,여자,세,기타,,,,29.0,11.0,5.0,0.0,0.0,1,,,,,2000000.0,12.0,216666.66666666663,193750.0,,,,
B091020-13,9,9,0.8889,0.4444,0.1111,6.778,61,61,9.0,1.0,,,1,0,2009,연체중,손실,216,4602,300만원,18개월,0.3,여자,세,기타,,,,,,,,,1,,,,,3000000.0,18.0,241666.66666666663,206250.0,,,,
B091028-13,10,10,0.8,0.7,0.2,0.5,5,3,2.0,0.2,4.0,,1,0,2009,정상종료,완납,272,622,200만원,12개월,0.3,남자,세,기타,,,,24.0,22.0,4.0,0.0,0.0,1,,,,,2000000.0,12.0,216666.66666666663,193750.0,,,,
B091113-13,24,24,0.0833,0.0833,0.9167,8.375,201,30,2.0,0.083,10.0,11.0,1,0,2009,정상종료,완납,131,468,300만원,24개월,0.3,여자,세,기타,,,,12.0,11.0,29.0,1.0,0.0,1,,,,,3000000.0,24.0,200000.0,164062.5,,,,
B091125-13,18,18,1.0,1.0,0.0,0.0,0,0,,,,,0,0,2009,정상종료,완납,588,1146,300만원,24개월,0.3,남자,세,기타,,,,31.0,28.0,15.0,2.0,0.0,1,,,,,3000000.0,24.0,200000.0,164062.5,,,,
B091130-13,12,12,1.0,0.5833,0.0,0.0,0,0,,,,,0,0,2009,정상종료,완납,988,1616,150만원,12개월,0.3,여자,세,기타,,,,33.0,23.0,0.0,0.0,0.0,1,,,,,1500000.0,12.0,162500.0,145312.5,,,,
B100226-13,15,15,1.0,1.0,0.0,0.0,0,0,,,,,0,0,2010,정상종료,완납,701,1360,300만원,15개월,0.3,여자,세,기타,,,,76.0,48.0,1.0,0.0,0.0,1,,,,,3000000.0,15.0,275000.0,240000.0,,,,
B100309-13,12,12,1.0,1.0,0.0,0.0,0,0,,,,,0,0,2010,정상종료,완납,488,1634,100만원,12개월,0.3,남자,세,기타,,,,,,,,,1,,,,,1000000.0,12.0,108333.33333333331,96875.0,,,,
B100324-13,6,6,0.8333,0.3333,0.1667,0.167,1,1,5.0,0.833,6.0,,1,0,2010,정상종료,완납,903,2319,100만원,6개월,0.3,여자,세,기타,,,,10.0,4.0,8.0,0.0,0.0,1,,,,,1000000.0,6.0,191666.66666666663,181250.0,,,,
B100401-13,9,9,1.0,0.4444,0.0,0.0,0,0,,,,,0,0,2010,정상종료,완납,873,1760,300만원,21개월,0.3,여자,세,기타,,,,18.0,7.0,19.0,7.0,0.0,1,,,,,3000000.0,21.0,217857.14285714287,182142.8571428572,,,,
B100416-13,3,3,0.3333,0.0,0.6667,20.667,62,61,1.0,0.333,2.0,3.0,1,0,2010,연체중,손실,561,1527,500만원,24개월,0.3,남자,세,기타,,,,5.0,1.0,3.0,1.0,0.0,1,,,,,5000000.0,24.0,333333.3333333334,273437.5,,,,
B100607-13,8,8,1.0,0.625,0.0,0.0,0,0,,,,,0,0,2010,정상종료,완납,445,1015,150만원,9개월,0.3,여자,세,기타,,,,8.0,5.0,2.0,0.0,0.0,1,,,,,1500000.0,9.0,204166.66666666663,187500.0,,,,
B100618-13,12,12,0.3333,0.3333,0.6667,6.5,78,18,3.0,0.25,5.0,6.0,1,0,2010,정상종료,완납,391,558,150만원,12개월,0.3,여자,세,기타,,,,,,,,,1,,,,,1500000.0,12.0,162500.0,145312.5,,,,
B100621-13,15,15,0.2667,0.0667,0.7333,2.067,31,6,4.0,0.267,14.0,15.0,1,0,2010,정상종료,완납,197,379,300만원,15개월,0.3,남자,세,기타,,,,20.0,4.0,17.0,0.0,0.0,1,,,,,3000000.0,15.0,275000.0,240000.0,,,,
B100720-13,4,4,0.5,0.25,0.5,17.25,69,61,3.0,0.75,,,1,0,2010,연체중,손실,297,566,300만원,18개월,0.3,남자,세,기타,,,,5.0,1.0,2.0,0.0,0.0,1,,,,,3000000.0,18.0,241666.66666666663,206250.0,,,,
B100907-13,6,6,1.0,0.8333,0.0,0.0,0,0,,,,,0,0,2010,정상종료,완납,1471,695,100만원,6개월,0.3,남자,세,기타,,,,71.0,56.0,14.0,0.0,0.0,1,,,,,1000000.0,6.0,191666.66666666663,181250.0,,,,
B101118-13,12,12,0.5833,0.5833,0.4167,4.25,51,24,7.0,0.583,9.0,10.0,1,0,2010,정상종료,완납,370,571,200만원,12개월,0.3,남자,세,기타,,,,,,,,,1,,,,,2000000.0,12.0,216666.66666666663,193750.0,,,,
B101201-13,9,9,1.0,0.8889,0.0,0.0,0,0,,,,,0,0,2010,정상종료,완납,226,1202,100만원,9개월,0.3,,세,기타,,,,,,,,,1,,,,,1000000.0,9.0,136111.11111111112,125000.0,,,,
B101213-13,7,7,1.0,1.0,0.0,0.0,0,0,,,,,0,0,2010,정상종료,완납,645,2049,300만원,18개월,0.3,여자,세,기타,,,,16.0,16.0,0.0,0.0,0.0,1,,,,,3000000.0,18.0,241666.66666666663,206250.0,,,,
B090226-14,9,9,0.2222,0.0,0.7778,2.444,22,9,2.0,0.222,6.0,7.0,1,0,2009,정상종료,완납,228,371,100만원,9개월,0.3,여자,세,기타,,,,4.0,1.0,17.0,0.0,0.0,1,,,,,1000000.0,9.0,136111.11111111112,125000.0,,,,
B090713-14,4,4,1.0,0.75,0.0,0.0,0,0,,,,,0,0,2009,정상종료,완납,264,699,100만원,6개월,0.3,남자,세,기타,,,,5.0,4.0,1.0,0.0,0.0,1,,,,,1000000.0,6.0,191666.66666666663,181250.0,,,,
B090730-14,1,1,0.0,0.0,1.0,61.0,61,61,1.0,1.0,,,1,0,2009,연체중,손실,1260,2032,200만원,9개월,0.3,남자,세,기타,,,,,,,,,1,,,,,2000000.0,9.0,272222.22222222225,250000.0,,,,
B090804-14,10,10,1.0,0.8,0.0,0.0,0,0,,,,,0,0,2009,정상종료,완납,238,336,200만원,12개월,0.3,,세,기타,,,,,,,,,1,,,,,2000000.0,12.0,216666.66666666663,193750.0,,,,
B090930-14,12,12,1.0,1.0,0.0,0.0,0,0,,,,,0,0,2009,정상종료,완납,750,759,300만원,15개월,0.3,여자,세,기타,,,,25.0,22.0,4.0,1.0,0.0,1,,,,,3000000.0,15.0,275000.0,240000.0,,,,
B091028-14,7,7,0.5714,0.4286,0.4286,0.857,6,3,1.0,0.143,3.0,6.0,1,0,2009,정상종료,완납,461,1344,100만원,12개월,0.3,여자,세,기타,,,,,,,,,1,,,,,1000000.0,12.0,108333.33333333331,96875.0,,,,
B091118-14,12,12,1.0,0.4167,0.0,0.0,0,0,,,,,0,0,2009,정상종료,완납,564,299,150만원,12개월,0.3,남자,세,기타,,,,29.0,11.0,4.0,2.0,0.0,1,,,,,1500000.0,12.0,162500.0,145312.5,,,,
B091125-14,12,12,0.8333,0.1667,0.1667,0.167,2,1,1.0,0.083,2.0,9.0,1,0,2009,정상종료,완납,319,1391,200만원,12개월,0.3,여자,세,기타,,,,21.0,11.0,16.0,0.0,0.0,1,,,,,2000000.0,12.0,216666.66666666663,193750.0,,,,
B100115-14,19,19,0.8421,0.5789,0.1579,0.158,3,1,6.0,0.316,7.0,15.0,1,0,2010,정상종료,완납,338,1125,300만원,24개월,0.3,여자,세,기타,,,,,,,,,1,,,,,3000000.0,24.0,200000.0,164062.5,,,,
B100126-14,6,6,1.0,1.0,0.0,0.0,0,0,,,,,0,0,2010,정상종료,완납,1069,3220,150만원,6개월,0.3,남자,세,기타,,,,,,,,,1,,,,,1500000.0,6.0,287500.0,271875.0,,,,
B100127-14,7,7,1.0,0.8571,0.0,0.0,0,0,,,,,0,0,2010,정상종료,완납,543,1005,100만원,9개월,0.3,남자,세,기타,,,,,,,,,1,,,,,1000000.0,9.0,136111.11111111112,125000.0,,,,
B100201-14,7,7,0.7143,0.2857,0.2857,0.429,3,2,4.0,0.571,5.0,6.0,1,0,2010,정상종료,완납,205,699,100만원,12개월,0.28,여자,세,기타,,,,20.0,11.0,22.0,3.0,0.0,1,,,,,1000000.0,12.0,106666.66666666666,95972.22222222222,,,,
B100210-14,19,19,0.7895,0.3158,0.2105,0.632,12,7,1.0,0.053,2.0,8.0,1,0,2010,정상종료,완납,570,1453,350만원,24개월,0.3,여자,세,기타,,,,46.0,17.0,10.0,0.0,0.0,1,,,,,3500000.0,24.0,233333.3333333333,191406.25,,,,
B100217-14,7,7,1.0,0.8571,0.0,0.0,0,0,,,,,0,0,2010,정상종료,완납,273,1291,500만원,18개월,0.3,남자,세,기타,,,,37.0,36.0,0.0,0.0,0.0,1,,,,,5000000.0,18.0,402777.77777777775,343750.0,,,,
B100224-14,3,3,0.0,0.0,1.0,34.0,102,61,1.0,0.333,,,1,0,2010,연체중,손실,379,927,200만원,9개월,0.3,남자,세,기타,,,,3.0,0.0,7.0,1.0,0.0,1,,,,,2000000.0,9.0,272222.22222222225,250000.0,,,,
B100316-14,4,4,1.0,1.0,0.0,0.0,0,0,,,,,0,0,2010,정상종료,완납,564,3012,300만원,15개월,0.3,남자,세,기타,,,,36.0,30.0,6.0,0.0,0.0,1,,,,,3000000.0,15.0,275000.0,240000.0,,,,
B100505-14,7,7,0.4286,0.2857,0.5714,10.571,74,29,4.0,0.571,,,1,0,2010,정상종료,완납,243,342,200만원,12개월,0.3,,세,기타,,,,10.0,6.0,6.0,0.0,0.0,1,,,,,2000000.0,12.0,216666.66666666663,193750.0,,,,
B100715-14,3,3,0.6667,0.6667,0.3333,20.333,61,61,3.0,1.0,,,1,0,2010,연체중,손실,1004,1022,50만원,6개월,0.3,남자,세,기타,,,,,,,,,1,,,,,500000.0,6.0,95833.33333333331,90625.0,,,,
B101011-14,4,4,0.5,0.25,0.5,14.25,57,30,3.0,0.75,,,1,0,2010,정상종료,완납,650,1674,300만원,18개월,0.3,여자,세,기타,,,,13.0,10.0,1.0,1.0,0.0,1,,,,,3000000.0,18.0,241666.66666666663,206250.0,,,,
B101021-14,12,12,0.9167,0.8333,0.0833,0.833,10,10,10.0,0.833,11.0,,1,0,2010,정상종료,완납,163,588,200만원,12개월,0.3,여자,세,기타,,,,,,,,,1,,,,,2000000.0,12.0,216666.66666666663,193750.0,,,,
B101104-14,9,9,0.7778,0.1111,0.2222,1.0,9,8,4.0,0.444,5.0,6.0,1,0,2010,정상종료,완납,564,916,100만원,9개월,0.3,남자,세,기타,,,,7.0,1.0,12.0,2.0,0.0,1,,,,,1000000.0,9.0,136111.11111111112,125000.0,,,,
B090114-15,11,11,1.0,0.9091,0.0,0.0,0,0,,,,,0,0,2009,정상종료,완납,307,899,100만원,12개월,0.3,남자,세,기타,,,,46.0,44.0,19.0,2.0,0.0,1,,,,,1000000.0,12.0,108333.33333333331,96875.0,,,,
B090203-15,6,6,1.0,1.0,0.0,0.0,0,0,,,,,0,0,2009,정상종료,완납,657,254,100만원,6개월,0.29,여자,세,기타,,,,41.0,41.0,0.0,0.0,0.0,1,,,,,1000000.0,6.0,190833.3333333333,180763.88888888888,,,,
B090210-15,5,5,0.2,0.0,0.8,21.2,106,61,2.0,0.4,,,1,0,2009,연체중,손실,397,1003,100만원,12개월,0.3,남자,세,기타,,,,3.0,1.0,4.0,1.0,0.0,1,,,,,1000000.0,12.0,108333.33333333331,96875.0,,,,
B090806-15,9,9,1.0,0.7778,0.0,0.0,0,0,,,,,0,0,2009,정상종료,완납,132,565,100만원,12개월,0.3,여자,세,기타,,,,51.0,40.0,9.0,0.0,0.0,1,,,,,1000000.0,12.0,108333.33333333331,96875.0,,,,
B090903-15,11,11,0.6364,0.4545,0.3636,3.182,35,10,2.0,0.182,3.0,4.0,1,0,2009,정상종료,완납,481,3134,300만원,15개월,0.3,여자,세,기타,,,,16.0,12.0,10.0,1.0,0.0,1,,,,,3000000.0,15.0,275000.0,240000.0,,,,
B091028-15,12,12,1.0,0.6667,0.0,0.0,0,0,,,,,0,0,2009,정상종료,완납,219,740,200만원,12개월,0.3,남자,세,기타,,,,33.0,18.0,0.0,0.0,0.0,1,,,,,2000000.0,12.0,216666.66666666663,193750.0,,,,
B091106-15,18,18,1.0,1.0,0.0,0.0,0,0,,,,,0,0,2009,정상종료,완납,792,763,300만원,24개월,0.3,여자,세,기타,,,,125.0,120.0,0.0,0.0,0.0,1,,,,,3000000.0,24.0,200000.0,164062.5,,,,
B091116-15,5,5,1.0,1.0,0.0,0.0,0,0,,,,,0,0,2009,정상종료,완납,335,1494,150만원,6개월,0.3,남자,세,기타,,,,67.0,65.0,2.0,0.0,0.0,1,,,,,1500000.0,6.0,287500.0,271875.0,,,,
B091118-15,6,6,0.3333,0.0,0.6667,6.5,39,17,2.0,0.333,3.0,4.0,1,0,2009,정상종료,완납,179,961,50만원,6개월,0.3,여자,세,기타,,,,,,,,,1,,,,,500000.0,6.0,95833.33333333331,90625.0,,,,
B091123-15,5,5,0.0,0.0,1.0,13.2,66,61,1.0,0.2,,,1,0,2009,연체중,손실,148,400,50만원,6개월,0.3,여자,세,기타,,,,,,,,,1,,,,,500000.0,6.0,95833.33333333331,90625.0,,,,
B100111-15,17,17,1.0,1.0,0.0,0.0,0,0,,,,,0,0,2010,정상종료,완납,671,1132,300만원,18개월,0.3,남자,세,기타,,,,125.0,86.0,2.0,0.0,0.0,1,,,,,3000000.0,18.0,241666.66666666663,206250.0,,,,
B100126-15,6,6,0.8333,0.8333,0.1667,0.167,1,1,1.0,0.167,2.0,,1,0,2010,정상종료,완납,100,630,50만원,6개월,0.3,남자,세,기타,,,,9.0,9.0,3.0,0.0,0.0,1,,,,,500000.0,6.0,95833.33333333331,90625.0,,,,
B100201-15,1,1,1.0,1.0,0.0,0.0,0,0,,,,,0,0,2010,정상종료,완납,727,2269,50만원,3개월,0.3,남자,세,기타,,,,11.0,11.0,0.0,0.0,0.0,1,,,,,500000.0,3.0,179166.66666666666,175000.0,,,,
B100202-15,12,12,0.8333,0.5,0.1667,0.417,5,4,1.0,0.083,2.0,6.0,1,0,2010,정상종료,완납,600,1537,150만원,12개월,0.3,남자,세,기타,,,,20.0,10.0,11.0,0.0,0.0,1,,,,,1500000.0,12.0,162500.0,145312.5,,,,
B100217-15,11,11,0.9091,0.8182,0.0909,0.091,1,1,10.0,0.909,11.0,,1,0,2010,정상종료,완납,497,982,150만원,12개월,0.3,남자,세,기타,,,,,,,,,1,,,,,1500000.0,12.0,162500.0,145312.5,,,,
B100222-15,6,6,1.0,0.8333,0.0,0.0,0,0,,,,,0,0,2010,정상종료,완납,549,1116,100만원,6개월,0.3,남자,세,기타,,,,115.0,91.0,4.0,0.0,0.0,1,,,,,1000000.0,6.0,191666.66666666663,181250.0,,,,
B100311-15,24,24,0.7083,0.3333,0.2917,0.542,13,5,5.0,0.208,6.0,9.0,1,0,2010,정상종료,완납,336,2156,350만원,24개월,0.3,남자,세,기타,,,,42.0,17.0,10.0,0.0,0.0,1,,,,,3500000.0,24.0,233333.3333333333,191406.25,,,,
B100315-15,12,12,0.1667,0.0,0.8333,1.583,19,5,2.0,0.167,12.0,,1,0,2010,정상종료,완납,184,665,200만원,12개월,0.3,남자,세,기타,,,,15.0,7.0,24.0,0.0,0.0,1,,,,,2000000.0,12.0,216666.66666666663,193750.0,,,,
B100329-15,6,6,0.3333,0.3333,0.6667,21.667,130,61,3.0,0.5,,,1,0,2010,연체중,손실,859,247,300만원,24개월,0.3,남자,세,기타,,,,,,,,,1,,,,,3000000.0,24.0,200000.0,164062.5,,,,
B100419-15,4,4,1.0,0.75,0.0,0.0,0,0,,,,,0,0,2010,정상종료,완납,152,434,200만원,12개월,0.3,남자,세,기타,,,,,,,,,1,,,,,2000000.0,12.0,216666.66666666663,193750.0,,,,
B100519-15,2,2,0.5,0.5,0.5,0.5,1,1,1.0,0.5,2.0,,1,0,2010,정상종료,완납,271,803,200만원,12개월,0.3,여자,세,기타,,,,,,,,,1,,,,,2000000.0,12.0,216666.66666666663,193750.0,,,,
B100707-15,14,14,1.0,0.7143,0.0,0.0,0,0,,,,,0,0,2010,정상종료,완납,367,815,300만원,15개월,0.3,남자,세,기타,,,,52.0,47.0,0.0,0.0,0.0,1,,,,,3000000.0,15.0,275000.0,240000.0,,,,
B100831-15,24,24,1.0,1.0,0.0,0.0,0,0,,,,,0,0,2010,정상종료,완납,1412,1382,300만원,24개월,0.3,남자,세,기타,,,,72.0,58.0,0.0,0.0,0.0,1,,,,,3000000.0,24.0,200000.0,164062.5,,,,
B100924-15,9,9,0.8889,0.7778,0.1111,0.222,2,2,3.0,0.333,4.0,,1,0,2010,정상종료,완납,367,832,100만원,9개월,0.3,남자,세,기타,,,,31.0,20.0,12.0,0.0,0.0,1,,,,,1000000.0,9.0,136111.11111111112,125000.0,,,,
B101011-15,9,9,1.0,0.8889,0.0,0.0,0,0,,,,,0,0,2010,정상종료,완납,479,530,100만원,12개월,0.3,남자,세,기타,,,,,,,,,1,,,,,1000000.0,12.0,108333.33333333331,96875.0,,,,
B101012-15,23,23,0.4783,0.2174,0.5217,6.696,154,31,10.0,0.435,12.0,13.0,1,0,2010,연체중,손실,475,1739,300만원,24개월,0.3,남자,세,기타,,,,19.0,8.0,12.0,0.0,0.0,1,,,,,3000000.0,24.0,200000.0,164062.5,,,,
B101013-15,3,3,1.0,1.0,0.0,0.0,0,0,,,,,0,0,2010,정상종료,완납,1650,1429,150만원,12개월,0.3,여자,세,기타,,,,9.0,9.0,3.0,0.0,0.0,1,,,,,1500000.0,12.0,162500.0,145312.5,,,,
B101021-15,15,15,0.8667,0.5333,0.1333,1.133,17,15,9.0,0.6,10.0,11.0,1,0,2010,정상종료,완납,485,995,300만원,15개월,0.3,남자,세,기타,,,,33.0,15.0,5.0,0.0,0.0,1,,,,,3000000.0,15.0,275000.0,240000.0,,,,
B101227-15,24,24,0.9167,0.4583,0.0833,0.125,3,2,11.0,0.458,12.0,22.0,1,0,2010,정상종료,완납,264,268,500만원,24개월,0.3,남자,세,기타,,,,57.0,33.0,6.0,0.0,0.0,1,,,,,5000000.0,24.0,333333.3333333334,273437.5,,,,
B090128-16,9,9,0.8889,0.7778,0.1111,0.111,1,1,5.0,0.556,6.0,,1,0,2009,정상종료,완납,448,1012,100만원,9개월,0.3,남자,세,기타,,,,18.0,13.0,3.0,0.0,0.0,1,,,,,1000000.0,9.0,136111.11111111112,125000.0,,,,
B090625-16,12,12,0.5,0.0833,0.5,3.25,39,12,7.0,0.583,,,1,0,2009,정상종료,완납,184,653,100만원,12개월,0.3,여자,세,기타,,,,,,,,,1,,,,,1000000.0,12.0,108333.33333333331,96875.0,,,,
B090818-16,12,12,0.9167,0.25,0.0833,0.083,1,1,3.0,0.25,4.0,,1,0,2009,정상종료,완납,833,4635,100만원,12개월,0.3,여자,세,기타,,,,31.0,4.0,16.0,1.0,0.0,1,,,,,1000000.0,12.0,108333.33333333331,96875.0,,,,
B090924-16,12,12,1.0,1.0,0.0,0.0,0,0,,,,,0,0,2009,정상종료,완납,251,536,200만원,12개월,0.3,남자,세,기타,,,,22.0,20.0,0.0,0.0,0.0,1,,,,,2000000.0,12.0,216666.66666666663,193750.0,,,,
B091103-16,1,1,0.0,0.0,1.0,61.0,61,61,1.0,1.0,,,1,0,2009,연체중,손실,1596,2490,200만원,12개월,0.3,여자,세,기타,,,,,,,,,1,,,,,2000000.0,12.0,216666.66666666663,193750.0,,,,
B091105-16,8,8,0.875,0.75,0.125,0.125,1,1,3.0,0.375,4.0,,1,0,2009,정상종료,완납,254,643,300만원,15개월,0.3,여자,세,기타,,,,98.0,84.0,3.0,0.0,0.0,1,,,,,3000000.0,15.0,275000.0,240000.0,,,,
B091106-16,3,3,0.6667,0.0,0.3333,20.333,61,61,3.0,1.0,,,1,0,2009,연체중,손실,208,1352,50만원,6개월,0.3,여자,세,기타,,,,,,,,,1,,,,,500000.0,6.0,95833.33333333331,90625.0,,,,
B091229-16,4,4,0.0,0.0,1.0,29.25,117,61,1.0,0.25,,,1,0,2009,연체중,손실,1186,5246,50만원,9개월,0.3,남자,세,기타,,,,,,,,,1,,,,,500000.0,9.0,68055.55555555556,62500.0,,,,
B100108-16,5,5,0.8,0.8,0.2,11.6,58,58,5.0,1.0,,,1,0,2010,정상종료,완납,408,751,150만원,12개월,0.3,여자,세,기타,,,,,,,,,1,,,,,1500000.0,12.0,162500.0,145312.5,,,,
B100211-16,14,14,0.6429,0.0714,0.3571,5.357,75,28,2.0,0.143,3.0,8.0,1,0,2010,정상종료,완납,516,967,300만원,15개월,0.3,여자,세,기타,,,,,,,,,1,,,,,3000000.0,15.0,275000.0,240000.0,,,,
B100528-16,12,12,0.5,0.1667,0.5,6.417,77,23,2.0,0.167,3.0,5.0,1,0,2010,정상종료,완납,1023,1234,200만원,12개월,0.3,여자,세,기타,,,,9.0,2.0,15.0,0.0,0.0,1,,,,,2000000.0,12.0,216666.66666666663,193750.0,,,,
B100531-16,6,6,0.0,0.0,1.0,21.667,130,26,1.0,0.167,,,1,0,2010,정상종료,완납,141,936,250만원,12개월,0.3,남자,세,기타,,,,,,,,,1,,,,,2500000.0,12.0,270833.3333333334,242187.5,,,,
B100630-16,10,10,1.0,1.0,0.0,0.0,0,0,,,,,0,0,2010,정상종료,완납,334,860,200만원,12개월,0.3,여자,세,기타,,,,54.0,47.0,0.0,0.0,0.0,1,,,,,2000000.0,12.0,216666.66666666663,193750.0,,,,
B100715-16,10,10,0.3,0.3,0.7,13.6,136,31,4.0,0.4,,,1,0,2010,연체중,손실,422,218,350만원,18개월,0.3,남자,세,기타,,,,4.0,4.0,6.0,0.0,0.0,1,,,,,3500000.0,18.0,281944.44444444444,240625.0,,,,
B100819-16,1,1,1.0,1.0,0.0,0.0,0,0,,,,,0,0,2010,정상종료,완납,497,1129,200만원,12개월,0.3,여자,세,기타,,,,19.0,3.0,2.0,0.0,0.0,1,,,,,2000000.0,12.0,216666.66666666663,193750.0,,,,
B100918-16,24,24,1.0,0.7917,0.0,0.0,0,0,,,,,0,0,2010,정상종료,완납,615,907,300만원,24개월,0.3,여자,세,기타,,,,,,,,,1,,,,,3000000.0,24.0,200000.0,164062.5,,,,
B100924-16,12,12,1.0,0.9167,0.0,0.0,0,0,,,,,0,0,2010,정상종료,완납,1388,2100,200만원,12개월,0.3,여자,세,기타,,,,67.0,51.0,3.0,0.0,0.0,1,,,,,2000000.0,12.0,216666.66666666663,193750.0,,,,
B101011-16,12,12,0.8333,0.6667,0.1667,1.833,22,21,9.0,0.75,11.0,,1,0,2010,정상종료,완납,338,1876,100만원,12개월,0.3,남자,세,기타,,,,19.0,13.0,5.0,0.0,0.0,1,,,,,1000000.0,12.0,108333.33333333331,96875.0,,,,
B101103-16,12,12,0.6667,0.5,0.3333,0.667,8,4,5.0,0.417,7.0,9.0,1,0,2010,정상종료,완납,275,1710,150만원,12개월,0.3,여자,세,기타,,,,,,,,,1,,,,,1500000.0,12.0,162500.0,145312.5,,,,
B101208-16,24,24,0.7917,0.0833,0.2083,0.458,11,5,3.0,0.125,6.0,22.0,1,0,2010,정상종료,완납,351,517,300만원,24개월,0.3,여자,세,기타,,,,26.0,3.0,21.0,0.0,0.0,1,,,,,3000000.0,24.0,200000.0,164062.5,,,,
B090128-17,12,12,1.0,0.8333,0.0,0.0,0,0,,,,,0,0,2009,정상종료,완납,254,477,100만원,12개월,0.3,여자,세,기타,,,,54.0,30.0,5.0,0.0,0.0,1,,,,,1000000.0,12.0,108333.33333333331,96875.0,,,,
B090625-17,12,12,0.0,0.0,1.0,5.0,60,6,1.0,0.083,,,1,0,2009,정상종료,완납,1033,3111,200만원,12개월,0.3,여자,세,기타,,,,22.0,12.0,26.0,0.0,0.0,1,,,,,2000000.0,12.0,216666.66666666663,193750.0,,,,
B091202-17,3,3,1.0,1.0,0.0,0.0,0,0,,,,,0,0,2009,정상종료,완납,357,988,50만원,6개월,0.3,남자,세,기타,,,,,,,,,1,,,,,500000.0,6.0,95833.33333333331,90625.0,,,,
B091208-17,12,12,0.25,0.0,0.75,2.833,34,18,1.0,0.083,5.0,7.0,1,0,2009,정상종료,완납,339,3452,100만원,12개월,0.3,남자,세,기타,,,,,,,,,1,,,,,1000000.0,12.0,108333.33333333331,96875.0,,,,
B100104-17,6,6,0.8333,0.6667,0.1667,0.167,1,1,5.0,0.833,6.0,,1,0,2010,정상종료,완납,163,648,150만원,6개월,0.3,여자,세,기타,,,,14.0,7.0,1.0,0.0,0.0,1,,,,,1500000.0,6.0,287500.0,271875.0,,,,
B100210-17,9,9,0.6667,0.4444,0.3333,0.444,4,2,4.0,0.444,6.0,8.0,1,0,2010,정상종료,완납,1378,2313,150만원,9개월,0.3,여자,세,기타,,,,9.0,5.0,3.0,0.0,0.0,1,,,,,1500000.0,9.0,204166.66666666663,187500.0,,,,
B100329-17,5,5,0.6,0.4,0.4,18.0,90,61,4.0,0.8,,,1,0,2010,연체중,손실,862,669,500만원,24개월,0.3,여자,세,기타,,,,18.0,16.0,3.0,0.0,0.0,1,,,,,5000000.0,24.0,333333.3333333334,273437.5,,,,
B100401-17,9,9,0.3333,0.1111,0.6667,2.556,23,5,3.0,0.333,4.0,5.0,1,0,2010,정상종료,완납,370,1214,150만원,9개월,0.3,여자,세,기타,,,,6.0,3.0,12.0,0.0,0.0,1,,,,,1500000.0,9.0,204166.66666666663,187500.0,,,,
B100505-17,9,9,1.0,1.0,0.0,0.0,0,0,,,,,0,0,2010,정상종료,완납,263,1148,300만원,15개월,0.3,여자,세,기타,,,,90.0,74.0,1.0,0.0,0.0,1,,,,,3000000.0,15.0,275000.0,240000.0,,,,
B100617-17,6,6,0.1667,0.1667,0.8333,3.5,21,6,2.0,0.333,,,1,0,2010,정상종료,완납,529,1654,100만원,6개월,0.3,여자,세,기타,,,,18.0,14.0,18.0,0.0,0.0,1,,,,,1000000.0,6.0,191666.66666666663,181250.0,,,,
B100622-17,8,8,0.375,0.125,0.625,15.25,122,31,2.0,0.25,4.0,6.0,1,0,2010,연체중,손실,578,827,300만원,18개월,0.3,여자,세,기타,,,,11.0,9.0,5.0,0.0,0.0,1,,,,,3000000.0,18.0,241666.66666666663,206250.0,,,,
B100827-17,15,15,0.4667,0.0,0.5333,2.933,44,14,5.0,0.333,6.0,8.0,1,0,2010,정상종료,완납,262,1302,300만원,15개월,0.3,여자,세,기타,,,,19.0,3.0,11.0,0.0,0.0,1,,,,,3000000.0,15.0,275000.0,240000.0,,,,
B100831-17,4,4,0.25,0.0,0.75,15.75,63,61,2.0,0.5,,,1,0,2010,연체중,손실,166,2740,200만원,12개월,0.3,남자,세,기타,,,,,,,,,1,,,,,2000000.0,12.0,216666.66666666663,193750.0,,,,
B100909-17,6,6,1.0,0.5,0.0,0.0,0,0,,,,,0,0,2010,정상종료,완납,258,1477,100만원,6개월,0.3,남자,세,기타,,,,8.0,3.0,3.0,0.0,0.0,1,,,,,1000000.0,6.0,191666.66666666663,181250.0,,,,
B101012-17,2,2,0.0,0.0,1.0,32.0,64,61,1.0,0.5,,,1,0,2010,연체중,손실,307,628,100만원,12개월,0.3,남자,세,기타,,,,,,,,,1,,,,,1000000.0,12.0,108333.33333333331,96875.0,,,,
B101021-17,23,23,1.0,0.5652,0.0,0.0,0,0,,,,,0,0,2010,정상종료,완납,469,1210,300만원,24개월,0.3,남자,세,기타,,,,,,,,,1,,,,,3000000.0,24.0,200000.0,164062.5,,,,
B101027-17,15,15,0.9333,0.6,0.0667,0.067,1,1,14.0,0.933,15.0,,1,0,2010,정상종료,완납,407,640,300만원,24개월,0.3,여자,세,기타,,,,125.0,109.0,1.0,0.0,0.0,1,,,,,3000000.0,24.0,200000.0,164062.5,,,,
B090119-18,6,6,0.3333,0.1667,0.6667,24.833,149,61,3.0,0.5,,,1,0,2009,손실(상환완료),손실,331,578,100만원,12개월,0.3,남자,세,기타,,,,2.0,1.0,5.0,2.0,0.0,1,,,,,1000000.0,12.0,108333.33333333331,96875.0,,,,
B090121-18,8,8,0.0,0.0,1.0,14.75,118,61,1.0,0.125,,,1,0,2009,연체중,손실,198,1227,100만원,12개월,0.3,남자,세,기타,,,,,,,,,1,,,,,1000000.0,12.0,108333.33333333331,96875.0,,,,
B090211-18,10,10,1.0,0.8,0.0,0.0,0,0,,,,,0,0,2009,정상종료,완납,220,0,100만원,12개월,0.3,여자,세,기타,,,,63.0,34.0,5.0,0.0,0.0,1,,,,,1000000.0,12.0,108333.33333333331,96875.0,,,,
B090907-18,6,6,0.0,0.0,1.0,33.167,199,61,1.0,0.167,,,1,0,2009,연체중,손실,482,1494,200만원,12개월,0.3,여자,세,기타,,,,,,,,,1,,,,,2000000.0,12.0,216666.66666666663,193750.0,,,,
B091117-18,6,6,1.0,1.0,0.0,0.0,0,0,,,,,0,0,2009,정상종료,완납,295,419,100만원,6개월,0.3,남자,세,기타,,,,,,,,,1,,,,,1000000.0,6.0,191666.66666666663,181250.0,,,,
B091223-18,12,12,0.9167,0.4167,0.0833,0.083,1,1,5.0,0.417,6.0,,1,0,2009,정상종료,완납,593,1939,150만원,12개월,0.3,여자,세,기타,,,,22.0,7.0,14.0,0.0,0.0,1,,,,,1500000.0,12.0,162500.0,145312.5,,,,
B100118-18,12,12,0.9167,0.4167,0.0833,0.083,1,1,10.0,0.833,11.0,,1,0,2010,정상종료,완납,661,232,150만원,12개월,0.3,여자,세,기타,,,,55.0,29.0,4.0,0.0,0.0,1,,,,,1500000.0,12.0,162500.0,145312.5,,,,
B100219-18,24,24,0.6667,0.375,0.3333,1.292,31,9,5.0,0.208,7.0,15.0,1,0,2010,정상종료,완납,372,585,500만원,24개월,0.3,남자,세,기타,,,,37.0,27.0,27.0,2.0,0.0,1,,,,,5000000.0,24.0,333333.3333333334,273437.5,,,,
B100222-18,6,6,0.5,0.1667,0.5,13.0,78,61,1.0,0.167,2.0,3.0,1,0,2010,연체중,손실,211,669,100만원,9개월,0.3,남자,세,기타,,,,,,,,,1,,,,,1000000.0,9.0,136111.11111111112,125000.0,,,,
B100302-18,23,23,0.8261,0.3913,0.1739,0.348,8,4,2.0,0.087,3.0,14.0,1,0,2010,정상종료,완납,283,640,300만원,24개월,0.3,여자,세,기타,,,,39.0,18.0,17.0,0.0,0.0,1,,,,,3000000.0,24.0,200000.0,164062.5,,,,
B100419-18,12,12,1.0,0.8333,0.0,0.0,0,0,,,,,0,0,2010,정상종료,완납,222,1127,200만원,12개월,0.3,여자,세,기타,,,,,,,,,1,,,,,2000000.0,12.0,216666.66666666663,193750.0,,,,
B100719-18,15,15,1.0,1.0,0.0,0.0,0,0,,,,,0,0,2010,정상종료,완납,268,736,300만원,18개월,0.3,여자,세,기타,,,,70.0,66.0,0.0,0.0,0.0,1,,,,,3000000.0,18.0,241666.66666666663,206250.0,,,,
B100731-18,22,22,0.8636,0.4545,0.1364,0.409,9,6,3.0,0.136,4.0,14.0,1,0,2010,정상종료,완납,648,806,400만원,24개월,0.3,여자,세,기타,,,,67.0,38.0,14.0,0.0,0.0,1,,,,,4000000.0,24.0,266666.6666666666,218750.0,,,,
B100906-18,5,5,0.0,0.0,1.0,12.4,62,31,1.0,0.2,,,1,0,2010,연체중,손실,689,610,200만원,12개월,0.3,남자,세,기타,,,,,,,,,1,,,,,2000000.0,12.0,216666.66666666663,193750.0,,,,
B101201-18,12,12,0.8333,0.5833,0.1667,0.833,10,5,2.0,0.167,4.0,,1,0,2010,정상종료,완납,141,431,100만원,12개월,0.3,남자,세,기타,,,,,,,,,1,,,,,1000000.0,12.0,108333.33333333331,96875.0,,,,
B101221-18,9,9,0.6667,0.5556,0.3333,0.778,7,3,4.0,0.444,5.0,8.0,1,0,2010,정상종료,완납,1172,685,250만원,9개월,0.3,남자,세,기타,,,,,,,,,1,,,,,2500000.0,9.0,340277.7777777777,312500.0,,,,
B101230-18,21,21,0.3333,0.2857,0.6667,2.238,47,5,6.0,0.286,8.0,9.0,1,0,2010,정상종료,완납,1673,2621,300만원,21개월,0.3,여자,세,기타,,,,36.0,31.0,18.0,0.0,0.0,1,,,,,3000000.0,21.0,217857.14285714287,182142.8571428572,,,,
B090806-19,2,2,0.5,0.5,0.5,30.5,61,61,2.0,1.0,,,1,0,2009,연체중,손실,692,1279,100만원,6개월,0.3,남자,세,기타,,,,,,,,,1,,,,,1000000.0,6.0,191666.66666666663,181250.0,,,,
B090825-19,5,5,0.4,0.2,0.6,14.2,71,61,3.0,0.6,,,1,0,2009,연체중,손실,405,1041,100만원,6개월,0.3,여자,세,기타,,,,,,,,,1,,,,,1000000.0,6.0,191666.66666666663,181250.0,,,,
B090914-19,9,9,1.0,1.0,0.0,0.0,0,0,,,,,0,0,2009,정상종료,완납,200,1276,100만원,9개월,0.3,남자,세,기타,,,,40.0,39.0,1.0,0.0,0.0,1,,,,,1000000.0,9.0,136111.11111111112,125000.0,,,,
B100205-19,6,6,0.6667,0.3333,0.3333,2.667,16,8,3.0,0.5,5.0,,1,0,2010,정상종료,완납,868,681,200만원,6개월,0.3,남자,세,기타,,,,11.0,4.0,4.0,0.0,0.0,1,,,,,2000000.0,6.0,383333.3333333333,362500.0,,,,
B100308-19,18,18,1.0,1.0,0.0,0.0,0,0,,,,,0,0,2010,정상종료,완납,728,5162,300만원,18개월,0.3,여자,세,기타,,,,75.0,68.0,34.0,0.0,0.0,1,,,,,3000000.0,18.0,241666.66666666663,206250.0,,,,
B100401-19,24,24,1.0,0.3333,0.0,0.0,0,0,,,,,0,0,2010,정상종료,완납,1514,3548,1000만원,24개월,0.05,남자,세,기타,,,,,,,,,1,,,,,10000000.0,24.0,458333.3333333334,438368.0555555556,,,,
B100419-19,11,11,0.9091,0.8182,0.0909,0.273,3,3,7.0,0.636,8.0,,1,0,2010,정상종료,완납,501,663,150만원,12개월,0.3,여자,세,기타,,,,16.0,9.0,3.0,0.0,0.0,1,,,,,1500000.0,12.0,162500.0,145312.5,,,,
B100422-19,9,9,0.8889,0.8889,0.1111,1.111,10,10,4.0,0.444,5.0,,1,0,2010,정상종료,완납,718,2997,100만원,9개월,0.3,여자,세,기타,,,,52.0,42.0,20.0,5.0,0.0,1,,,,,1000000.0,9.0,136111.11111111112,125000.0,,,,
B100811-19,3,3,0.0,0.0,1.0,22.667,68,61,1.0,0.333,,,1,0,2010,연체중,손실,458,610,100만원,12개월,0.3,여자,세,기타,,,,,,,,,1,,,,,1000000.0,12.0,108333.33333333331,96875.0,,,,
B100820-19,14,14,1.0,0.9286,0.0,0.0,0,0,,,,,0,0,2010,정상종료,완납,1944,1064,1000만원,24개월,0.3,남자,세,기타,,,,39.0,33.0,0.0,0.0,0.0,1,,,,,10000000.0,24.0,666666.6666666667,546875.0,,,,
B100924-19,7,7,0.2857,0.1429,0.7143,13.286,93,31,1.0,0.143,2.0,3.0,1,0,2010,연체중,손실,525,783,100만원,12개월,0.3,여자,세,기타,,,,,,,,,1,,,,,1000000.0,12.0,108333.33333333331,96875.0,,,,
B101201-19,9,9,0.3333,0.2222,0.6667,1.556,14,4,2.0,0.222,4.0,5.0,1,0,2010,정상종료,완납,1084,289,200만원,9개월,0.3,여자,세,기타,,,,20.0,16.0,16.0,0.0,0.0,1,,,,,2000000.0,9.0,272222.22222222225,250000.0,,,,
B101227-19,17,17,0.2353,0.2353,0.7647,7.118,121,17,1.0,0.059,2.0,4.0,1,0,2010,정상종료,완납,192,1620,300만원,18개월,0.3,여자,세,기타,,,,21.0,11.0,16.0,0.0,0.0,1,,,,,3000000.0,18.0,241666.66666666663,206250.0,,,,
B090210-20,10,10,1.0,0.8,0.0,0.0,0,0,,,,,0,0,2009,정상종료,완납,194,1303,100만원,12개월,0.3,여자,세,기타,,,,63.0,34.0,5.0,0.0,0.0,1,,,,,1000000.0,12.0,108333.33333333331,96875.0,,,,
B090814-20,9,9,1.0,0.8889,0.0,0.0,0,0,,,,,0,0,2009,정상종료,완납,1282,6566,200만원,9개월,0.3,여자,세,기타,,,,,,,,,1,,,,,2000000.0,9.0,272222.22222222225,250000.0,,,,
B090825-20,12,12,0.25,0.0833,0.75,5.417,65,27,4.0,0.333,,,1,0,2009,정상종료,완납,450,317,200만원,12개월,0.3,남자,세,기타,,,,22.0,12.0,14.0,0.0,0.0,1,,,,,2000000.0,12.0,216666.66666666663,193750.0,,,,
B091116-20,4,4,0.5,0.5,0.5,17.5,70,53,3.0,0.75,,,1,0,2009,정상종료,완납,637,1101,200만원,12개월,0.3,여자,세,기타,,,,,,,,,1,,,,,2000000.0,12.0,216666.66666666663,193750.0,,,,
B091211-20,6,6,0.8333,0.5,0.1667,1.333,8,8,4.0,0.667,5.0,,1,0,2009,정상종료,완납,532,1925,100만원,6개월,0.3,여자,세,기타,,,,6.0,4.0,1.0,0.0,0.0,1,,,,,1000000.0,6.0,191666.66666666663,181250.0,,,,
B091224-20,1,1,0.0,0.0,1.0,61.0,61,61,1.0,1.0,,,1,0,2009,연체중,손실,385,1040,50만원,3개월,0.3,남자,세,기타,,,,,,,,,1,,,,,500000.0,3.0,179166.66666666666,175000.0,,,,
B100108-20,15,15,0.9333,0.6,0.0667,0.067,1,1,2.0,0.133,3.0,,1,0,2010,정상종료,완납,364,831,400만원,15개월,0.3,여자,세,기타,,,,,,,,,1,,,,,4000000.0,15.0,366666.6666666667,320000.0,,,,
B100112-20,12,12,0.1667,0.0833,0.8333,6.583,79,11,2.0,0.167,4.0,5.0,1,0,2010,정상종료,완납,475,750,250만원,12개월,0.3,여자,세,기타,,,,4.0,1.0,17.0,0.0,0.0,1,,,,,2500000.0,12.0,270833.3333333334,242187.5,,,,
B100811-20,8,8,1.0,1.0,0.0,0.0,0,0,,,,,0,0,2010,정상종료,완납,413,1485,300만원,15개월,0.3,여자,세,기타,,,,60.0,44.0,0.0,0.0,0.0,1,,,,,3000000.0,15.0,275000.0,240000.0,,,,
B100825-20,12,12,0.6667,0.4167,0.3333,3.75,45,21,8.0,0.667,12.0,,1,0,2010,정상종료,완납,370,866,250만원,12개월,0.3,여자,세,기타,,,,,,,,,1,,,,,2500000.0,12.0,270833.3333333334,242187.5,,,,
B100927-20,12,12,0.75,0.6667,0.25,2.5,30,25,3.0,0.25,5.0,7.0,1,0,2010,정상종료,완납,1376,1663,150만원,12개월,0.3,남자,세,기타,,,,39.0,28.0,6.0,0.0,0.0,1,,,,,1500000.0,12.0,162500.0,145312.5,,,,
B100928-20,24,24,1.0,0.75,0.0,0.0,0,0,,,,,0,0,2010,정상종료,완납,1515,2673,300만원,24개월,0.3,여자,세,기타,,,,58.0,42.0,1.0,0.0,0.0,1,,,,,3000000.0,24.0,200000.0,164062.5,,,,
B090824-21,12,12,1.0,0.6667,0.0,0.0,0,0,,,,,0,0,2009,정상종료,완납,183,541,200만원,12개월,0.3,남자,세,기타,,,,,,,,,1,,,,,2000000.0,12.0,216666.66666666663,193750.0,,,,
B091123-21,6,6,0.6667,0.5,0.3333,0.333,2,1,5.0,0.833,,,1,0,2009,정상종료,완납,241,1335,50만원,6개월,0.3,여자,세,기타,,,,,,,,,1,,,,,500000.0,6.0,95833.33333333331,90625.0,,,,
B100115-21,12,12,0.5,0.0,0.5,1.5,18,6,1.0,0.083,4.0,6.0,1,0,2010,정상종료,완납,550,665,50만원,12개월,0.3,여자,세,기타,,,,,,,,,1,,,,,500000.0,12.0,54166.66666666666,48437.5,,,,
B100615-21,12,12,0.3333,0.25,0.6667,16.667,200,30,4.0,0.333,5.0,6.0,1,0,2010,정상종료,완납,226,1658,150만원,12개월,0.3,남자,세,기타,,,,,,,,,1,,,,,1500000.0,12.0,162500.0,145312.5,,,,
B090730-22,9,9,0.0,0.0,1.0,15.333,138,24,1.0,0.111,,,1,0,2009,정상종료,완납,327,810,100만원,9개월,0.3,남자,세,기타,,,,,,,,,1,,,,,1000000.0,9.0,136111.11111111112,125000.0,,,,
B091207-22,5,5,1.0,1.0,0.0,0.0,0,0,,,,,0,0,2009,정상종료,완납,1805,3742,200만원,12개월,0.3,남자,세,기타,,,,100.0,82.0,21.0,0.0,0.0,1,,,,,2000000.0,12.0,216666.66666666663,193750.0,,,,
B100201-22,12,12,0.9167,0.5,0.0833,0.083,1,1,6.0,0.5,7.0,,1,0,2010,정상종료,완납,174,404,150만원,12개월,0.3,여자,세,기타,,,,33.0,11.0,6.0,0.0,0.0,1,,,,,1500000.0,12.0,162500.0,145312.5,,,,
B100820-22,10,10,1.0,0.5,0.0,0.0,0,0,,,,,0,0,2010,정상종료,완납,736,2017,100만원,12개월,0.3,여자,세,기타,,,,,,,,,1,,,,,1000000.0,12.0,108333.33333333331,96875.0,,,,
B090112-23,12,12,1.0,0.5833,0.0,0.0,0,0,,,,,0,0,2009,정상종료,완납,174,421,100만원,12개월,0.3,남자,세,기타,,,,,,,,,1,,,,,1000000.0,12.0,108333.33333333331,96875.0,,,,
B090730-23,12,12,1.0,1.0,0.0,0.0,0,0,,,,,0,0,2009,정상종료,완납,287,1833,200만원,12개월,0.3,여자,세,기타,,,,38.0,25.0,8.0,2.0,0.0,1,,,,,2000000.0,12.0,216666.66666666663,193750.0,,,,
B100218-23,12,12,1.0,1.0,0.0,0.0,0,0,,,,,0,0,2010,정상종료,완납,477,299,150만원,12개월,0.3,여자,세,기타,,,,51.0,45.0,0.0,0.0,0.0,1,,,,,1500000.0,12.0,162500.0,145312.5,,,,
B100225-23,3,3,0.0,0.0,1.0,23.667,71,61,1.0,0.333,,,1,0,2010,연체중,손실,430,3001,300만원,24개월,0.3,여자,세,기타,,,,,,,,,1,,,,,3000000.0,24.0,200000.0,164062.5,,,,
B100315-23,24,24,1.0,1.0,0.0,0.0,0,0,,,,,0,0,2010,정상종료,완납,327,637,500만원,24개월,0.3,,세,기타,,,,,,,,,1,,,,,5000000.0,24.0,333333.3333333334,273437.5,,,,
B100805-23,7,7,0.1429,0.0,0.8571,7.714,54,31,2.0,0.286,,,1,0,2010,연체중,손실,206,735,250만원,9개월,0.3,남자,세,기타,,,,,,,,,1,,,,,2500000.0,9.0,340277.7777777777,312500.0,,,,
B101208-23,8,8,1.0,1.0,0.0,0.0,0,0,,,,,0,0,2010,정상종료,완납,485,401,300만원,15개월,0.3,남자,세,기타,,,,53.0,32.0,6.0,0.0,0.0,1,,,,,3000000.0,15.0,275000.0,240000.0,,,,
B100924-24,10,10,1.0,0.9,0.0,0.0,0,0,,,,,0,0,2010,정상종료,완납,467,1346,400만원,15개월,0.3,여자,세,기타,,,,98.0,84.0,3.0,0.0,0.0,1,,,,,4000000.0,15.0,366666.6666666667,320000.0,,,,
B100928-24,7,7,0.7143,0.5714,0.2857,4.571,32,31,6.0,0.857,,,1,0,2010,연체중,손실,1413,1630,200만원,12개월,0.3,여자,세,기타,,,,,,,,,1,,,,,2000000.0,12.0,216666.66666666663,193750.0,,,,
B100729-25,6,6,0.0,0.0,1.0,7.167,43,9,1.0,0.167,,,1,0,2010,정상종료,완납,495,1006,100만원,6개월,0.3,남자,세,기타,,,,3.0,0.0,14.0,0.0,0.0,1,,,,,1000000.0,6.0,191666.66666666663,181250.0,,,,
B100928-25,6,6,0.6667,0.6667,0.3333,1.667,10,8,4.0,0.667,6.0,,1,0,2010,정상종료,완납,305,2416,300만원,15개월,0.3,남자,세,기타,,,,,,,,,1,,,,,3000000.0,15.0,275000.0,240000.0,,,,
B101202-25,7,7,1.0,1.0,0.0,0.0,0,0,,,,,0,0,2010,정상종료,완납,1869,4324,250만원,12개월,0.3,남자,세,기타,,,,,,,,,1,,,,,2500000.0,12.0,270833.3333333334,242187.5,,,,
B090811-26,12,12,1.0,1.0,0.0,0.0,0,0,,,,,0,0,2009,정상종료,완납,475,220,200만원,12개월,0.27,여자,세,기타,,,,41.0,41.0,0.0,0.0,0.0,1,,,,,2000000.0,12.0,211666.66666666663,191041.66666666663,,,,
B100414-26,12,12,1.0,1.0,0.0,0.0,0,0,,,,,0,0,2010,정상종료,완납,947,503,200만원,12개월,0.3,남자,세,기타,,,,50.0,31.0,10.0,0.0,0.0,1,,,,,2000000.0,12.0,216666.66666666663,193750.0,,,,
B100826-27,7,7,1.0,1.0,0.0,0.0,0,0,,,,,0,0,2010,정상종료,완납,1108,2131,150만원,12개월,0.3,남자,세,기타,,,,,,,,,1,,,,,1500000.0,12.0,162500.0,145312.5,,,,
B091207-28,23,23,0.913,0.3478,0.087,0.087,2,1,17.0,0.739,18.0,23.0,1,0,2009,정상종료,완납,1052,2028,300만원,24개월,0.3,여자,세,기타,,,,,,,,,1,,,,,3000000.0,24.0,200000.0,164062.5,,,,
B100218-30,4,4,1.0,0.25,0.0,0.0,0,0,,,,,0,0,2010,정상종료,완납,505,678,200만원,12개월,0.3,여자,세,기타,,,,52.0,17.0,21.0,0.0,0.0,1,,,,,2000000.0,12.0,216666.66666666663,193750.0,,,,
B100818-30,5,5,1.0,1.0,0.0,0.0,0,0,,,,,0,0,2010,정상종료,완납,564,550,300만원,24개월,0.3,남자,세,기타,,,,75.0,56.0,27.0,4.0,0.0,1,,,,,3000000.0,24.0,200000.0,164062.5,,,,
B100730-32,12,12,0.0833,0.0,0.9167,23.167,278,30,2.0,0.167,,,1,0,2010,정상종료,완납,968,900,150만원,12개월,0.3,여자,세,기타,,,,,,,,,1,,,,,1500000.0,12.0,162500.0,145312.5,,,,
B100811-32,24,24,0.7917,0.5,0.2083,1.208,29,22,6.0,0.25,8.0,18.0,1,0,2010,정상종료,완납,175,800,300만원,24개월,0.3,여자,세,기타,,,,38.0,25.0,8.0,2.0,0.0,1,,,,,3000000.0,24.0,200000.0,164062.5,,,,
B100813-32,24,24,0.7917,0.4583,0.2083,0.375,9,3,5.0,0.208,6.0,7.0,1,0,2010,정상종료,완납,887,1213,300만원,24개월,0.3,여자,세,기타,,,,22.0,12.0,26.0,0.0,0.0,1,,,,,3000000.0,24.0,200000.0,164062.5,,,,
B100810-33,12,12,0.4167,0.25,0.5833,4.25,51,13,6.0,0.5,,,1,0,2010,정상종료,완납,494,1523,200만원,12개월,0.3,여자,세,기타,,,,,,,,,1,,,,,2000000.0,12.0,216666.66666666663,193750.0,,,,
B100818-35,15,15,0.7333,0.4667,0.2667,3.933,59,31,7.0,0.467,8.0,12.0,1,0,2010,연체중,손실,594,1477,500만원,24개월,0.3,남자,세,기타,,,,19.0,15.0,3.0,0.0,0.0,1,,,,,5000000.0,24.0,333333.3333333334,273437.5,,,,
B100812-36,9,9,1.0,1.0,0.0,0.0,0,0,,,,,0,0,2010,정상종료,완납,77,446,400만원,24개월,0.3,남자,세,기타,,,,88.0,82.0,0.0,0.0,0.0,1,,,,,4000000.0,24.0,266666.6666666666,218750.0,,,,
B100906-37,22,22,0.6364,0.5,0.3636,6.136,135,29,12.0,0.545,13.0,14.0,1,0,2010,정상종료,완납,231,1491,300만원,24개월,0.3,,세,기타,,,,,,,,,1,,,,,3000000.0,24.0,200000.0,164062.5,,,,
B100809-40,12,12,0.9167,0.5,0.0833,0.167,2,2,3.0,0.25,4.0,,1,0,2010,정상종료,완납,624,1194,200만원,12개월,0.3,여자,세,기타,,,,,,,,,1,,,,,2000000.0,12.0,216666.66666666663,193750.0,,,,
B100721-41,12,12,0.8333,0.3333,0.1667,0.333,4,2,6.0,0.5,8.0,,1,0,2010,정상종료,완납,129,1312,150만원,12개월,0.3,여자,세,기타,,,,25.0,9.0,11.0,0.0,0.0,1,,,,,1500000.0,12.0,162500.0,145312.5,,,,
B100806-42,21,21,0.9524,0.8095,0.0476,0.048,1,1,7.0,0.333,8.0,,1,0,2010,정상종료,완납,375,383,300만원,24개월,0.3,남자,세,기타,,,,41.0,36.0,4.0,0.0,0.0,1,,,,,3000000.0,24.0,200000.0,164062.5,,,,
B100818-48,24,24,1.0,0.9167,0.0,0.0,0,0,,,,,0,0,2010,정상종료,완납,4674,3081,300만원,24개월,0.3,남자,세,기타,,,,34.0,31.0,0.0,0.0,0.0,1,,,,,3000000.0,24.0,200000.0,164062.5,,,,
B100729-50,4,4,1.0,1.0,0.0,0.0,0,0,,,,,0,0,2010,정상종료,완납,263,790,150만원,12개월,0.3,여자,세,기타,,,,58.0,40.0,6.0,0.0,0.0,1,,,,,1500000.0,12.0,162500.0,145312.5,,,,
B100806-50,12,12,0.9167,0.75,0.0833,0.333,4,4,4.0,0.333,5.0,,1,0,2010,정상종료,완납,731,1470,150만원,12개월,0.3,여자,세,기타,,,,39.0,12.0,8.0,0.0,0.0,1,,,,,1500000.0,12.0,162500.0,145312.5,,,,
B100727-51,9,9,1.0,1.0,0.0,0.0,0,0,,,,,0,0,2010,정상종료,완납,114,485,200만원,9개월,0.3,남자,세,기타,,,,49.0,43.0,0.0,0.0,0.0,1,,,,,2000000.0,9.0,272222.22222222225,250000.0,,,,
B100803-51,12,12,0.3333,0.0,0.6667,5.083,61,22,3.0,0.25,5.0,6.0,1,0,2010,정상종료,완납,550,1520,100만원,12개월,0.3,남자,세,기타,,,,,,,,,1,,,,,1000000.0,12.0,108333.33333333331,96875.0,,,,
B100819-52,3,3,0.0,0.0,1.0,21.667,65,61,1.0,0.333,,,1,0,2010,연체중,손실,1060,1616,250만원,12개월,0.3,여자,세,기타,,,,,,,,,1,,,,,2500000.0,12.0,270833.3333333334,242187.5,,,,
B100806-60,2,2,0.0,0.0,1.0,5.5,11,8,1.0,0.5,,,1,0,2010,정상종료,완납,585,1539,100만원,12개월,0.3,여자,세,기타,,,,,,,,,1,,,,,1000000.0,12.0,108333.33333333331,96875.0,,,,
B100817-68,12,12,1.0,0.8333,0.0,0.0,0,0,,,,,0,0,2010,정상종료,완납,266,1548,200만원,12개월,0.3,여자,세,기타,,,,30.0,28.0,0.0,0.0,0.0,1,,,,,2000000.0,12.0,216666.66666666663,193750.0,,,,
B100817-69,23,23,0.8696,0.087,0.1304,0.217,5,3,6.0,0.261,7.0,10.0,1,0,2010,정상종료,완납,473,1025,300만원,24개월,0.3,남자,세,기타,,,,57.0,6.0,5.0,0.0,0.0,1,,,,,3000000.0,24.0,200000.0,164062.5,,,,
B100819-71,12,12,1.0,0.8333,0.0,0.0,0,0,,,,,0,0,2010,정상종료,완납,487,874,300만원,15개월,0.3,여자,세,기타,,,,95.0,76.0,2.0,0.0,0.0,1,,,,,3000000.0,15.0,275000.0,240000.0,,,,
B100816-85,1,1,0.0,0.0,1.0,61.0,61,61,1.0,1.0,,,1,0,2010,연체중,손실,253,771,100만원,6개월,0.3,남자,세,기타,,,,,,,,,1,,,,,1000000.0,6.0,191666.66666666663,181250.0,,,,
B110104-6,6,6,0.8333,0.1667,0.1667,0.167,1,1,3.0,0.5,4.0,,1,0,2011,정상종료,완납,206,1193,100만원,6개월,0.3,남자,세,기타,,,,15.0,7.0,7.0,0.0,0.0,1,,,,,1000000.0,6.0,191666.66666666663,181250.0,,,,
B110104-9,12,12,0.9167,0.5,0.0833,0.25,3,3,11.0,0.917,12.0,,1,0,2011,정상종료,완납,673,823,250만원,12개월,0.3,남자,세,기타,,,,,,,,,1,,,,,2500000.0,12.0,270833.3333333334,242187.5,,,,
B110105-13,2,2,1.0,1.0,0.0,0.0,0,0,,,,,0,0,2011,정상종료,완납,319,511,300만원,24개월,0.05,여자,세,기타,,,,9.0,9.0,0.0,0.0,0.0,1,,,,,3000000.0,24.0,137500.0,131510.41666666666,,,,
B110105-4,1,1,0.0,0.0,1.0,31.0,31,31,1.0,1.0,,,1,0,2011,연체중,손실,656,1326,150만원,12개월,0.3,남자,세,기타,,,,,,,,,1,,,,,1500000.0,12.0,162500.0,145312.5,,,,
B110106-4,21,21,0.9524,0.7143,0.0476,0.048,1,1,14.0,0.667,15.0,,1,0,2011,정상종료,완납,409,770,300만원,24개월,0.3,여자,세,기타,,,,,,,,,1,,,,,3000000.0,24.0,200000.0,164062.5,,,,
B110107-2,21,21,1.0,0.7619,0.0,0.0,0,0,,,,,0,0,2011,정상종료,완납,2395,1807,300만원,21개월,0.3,여자,세,기타,,,,33.0,23.0,0.0,0.0,0.0,1,,,,,3000000.0,21.0,217857.14285714287,182142.8571428572,,,,
B110107-9,11,11,0.8182,0.4545,0.1818,5.091,56,29,10.0,0.909,,,1,0,2011,정상종료,완납,335,2357,150만원,12개월,0.3,여자,58세,기타,,,,,,,,,1,,,,,1500000.0,12.0,162500.0,145312.5,,,,
B110109-2,12,12,0.3333,0.25,0.6667,4.0,48,8,2.0,0.167,3.0,6.0,1,0,2011,정상종료,완납,277,352,200만원,12개월,0.3,남자,세,기타,,,,,,,,,1,,,,,2000000.0,12.0,216666.66666666663,193750.0,,,,
B110110-1,12,12,0.9167,0.9167,0.0833,0.333,4,4,9.0,0.75,10.0,,1,0,2011,정상종료,완납,292,813,200만원,12개월,0.3,여자,세,기타,,,,60.0,39.0,21.0,0.0,0.0,1,,,,,2000000.0,12.0,216666.66666666663,193750.0,,,,
B110111-1,15,15,1.0,0.7333,0.0,0.0,0,0,,,,,0,0,2011,정상종료,완납,446,278,300만원,15개월,0.3,여자,35세,기타,,,,43.0,19.0,2.0,0.0,0.0,1,,,,,3000000.0,15.0,275000.0,240000.0,,,,
B110111-3,1,1,0.0,0.0,1.0,31.0,31,31,1.0,1.0,,,1,0,2011,연체중,손실,1329,5637,250만원,12개월,0.3,여자,27세,기타,,,,,,,,,1,,,,,2500000.0,12.0,270833.3333333334,242187.5,,,,
B110111-4,9,9,0.5556,0.4444,0.4444,2.556,23,12,2.0,0.222,5.0,8.0,1,0,2011,정상종료,완납,437,570,150만원,9개월,0.3,여자,세,기타,,,,54.0,45.0,31.0,5.0,0.0,1,,,,,1500000.0,9.0,204166.66666666663,187500.0,,,,
B110112-10,9,9,1.0,1.0,0.0,0.0,0,0,,,,,0,0,2011,정상종료,완납,1521,2570,100만원,9개월,0.3,여자,세,기타,,,,,,,,,1,,,,,1000000.0,9.0,136111.11111111112,125000.0,,,,
B110112-14,6,6,0.5,0.0,0.5,15.0,90,31,4.0,0.667,,,1,0,2011,연체중,손실,400,823,150만원,12개월,0.3,여자,29세,기타,,,,,,,,,1,,,,,1500000.0,12.0,162500.0,145312.5,,,,
B110112-6,12,12,0.75,0.75,0.25,2.5,30,19,7.0,0.583,10.0,,1,0,2011,정상종료,완납,370,2334,200만원,12개월,0.3,남자,35세,기타,,,,,,,,,1,,,,,2000000.0,12.0,216666.66666666663,193750.0,,,,
B110113-1,12,12,1.0,0.75,0.0,0.0,0,0,,,,,0,0,2011,정상종료,완납,424,1698,200만원,12개월,0.3,남자,세,기타,,,,,,,,,1,,,,,2000000.0,12.0,216666.66666666663,193750.0,,,,
B110113-11,5,5,0.0,0.0,1.0,16.8,84,31,1.0,0.2,,,1,0,2011,연체중,손실,150,928,200만원,12개월,0.3,여자,35세,기타,,,,,,,,,1,,,,,2000000.0,12.0,216666.66666666663,193750.0,,,,
B110113-17,10,10,0.9,0.4,0.1,0.1,1,1,8.0,0.8,9.0,,1,0,2011,정상종료,완납,348,1550,200만원,12개월,0.3,남자,44세,기타,,,,9.0,4.0,3.0,1.0,0.0,1,,,,,2000000.0,12.0,216666.66666666663,193750.0,,,,
B110115-4,22,22,1.0,0.9091,0.0,0.0,0,0,,,,,0,0,2011,정상종료,완납,609,825,300만원,24개월,0.3,여자,29세,기타,,,,40.0,29.0,7.0,3.0,0.0,1,,,,,3000000.0,24.0,200000.0,164062.5,,,,
B110318-11,12,12,0.25,0.0833,0.75,16.583,199,29,3.0,0.25,6.0,7.0,1,0,2011,정상종료,완납,217,373,250만원,12개월,0.3,여자,31세,기타,2700000.0,2020000.0,,14.0,9.0,26.0,2.0,0.0,1,2700000.0,2020000.0,680000.0,680000.0,2500000.0,12.0,270833.3333333334,242187.5,-409166.6666666666,0.3982843137254903,0.0,-437812.5
B110318-18,24,24,0.1667,0.125,0.8333,19.625,471,30,5.0,0.208,,,1,0,2011,정상종료,완납,593,1651,450만원,24개월,0.3,남자,39세,기타,3500000.0,3460000.0,,46.0,44.0,19.0,2.0,0.0,1,3500000.0,3460000.0,40000.0,40000.0,4500000.0,24.0,300000.0,246093.75,260000.0,7.5,1.0,206093.75
B110320-1,24,24,0.5833,0.125,0.4167,2.167,52,24,1.0,0.042,2.0,5.0,1,0,2011,정상종료,완납,158,254,300만원,24개월,0.3,여자,29세,기타,1300000.0,1030000.0,,52.0,17.0,21.0,0.0,0.0,1,1300000.0,1030000.0,270000.0,270000.0,3000000.0,24.0,200000.0,164062.5,-70000.0,0.7407407407407407,0.0,-105937.5
B110321-10,24,24,1.0,0.875,0.0,0.0,0,0,,,,,0,0,2011,정상종료,완납,798,723,1000만원,24개월,0.3,여자,43세,기타,2160000.0,1990000.0,,60.0,44.0,0.0,0.0,0.0,1,2160000.0,1990000.0,170000.0,170000.0,10000000.0,24.0,666666.6666666667,546875.0,496666.66666666674,3.9215686274509807,1.0,376875.0
B110321-16,9,9,0.8889,0.4444,0.1111,3.111,28,28,6.0,0.667,7.0,,1,0,2011,정상종료,완납,371,1985,150만원,9개월,0.3,여자,41세,기타,1200000.0,620000.0,,52.0,42.0,20.0,5.0,0.0,1,1200000.0,620000.0,580000.0,580000.0,1500000.0,9.0,204166.66666666663,187500.0,-375833.3333333334,0.3520114942528735,0.0,-392500.0
B110323-14,15,15,0.8667,0.6667,0.1333,0.133,2,1,1.0,0.067,2.0,11.0,1,0,2011,정상종료,완납,111,546,300만원,15개월,0.3,여자,35세,기타,7100000.0,240000.0,,84.0,58.0,16.0,0.0,0.0,1,7100000.0,240000.0,6860000.0,6860000.0,3000000.0,15.0,275000.0,240000.0,-6585000.0,0.04008746355685131,0.0,-6620000.0
B110323-16,12,12,1.0,1.0,0.0,0.0,0,0,,,,,0,0,2011,정상종료,완납,99,701,150만원,12개월,0.3,여자,28세,기타,2800000.0,2360000.0,,15.0,13.0,3.0,0.0,0.0,1,2800000.0,2360000.0,440000.0,440000.0,1500000.0,12.0,162500.0,145312.5,-277500.0,0.3693181818181818,0.0,-294687.5
B110323-19,6,6,0.3333,0.0,0.6667,8.0,48,31,3.0,0.5,,,1,0,2011,연체중,손실,88,963,300만원,18개월,0.3,남자,38세,기타,1400000.0,1300000.0,,8.0,3.0,3.0,0.0,0.0,1,1400000.0,1300000.0,100000.0,100000.0,3000000.0,18.0,241666.66666666663,206250.0,141666.66666666663,2.416666666666666,1.0,106250.0
B110328-25,15,15,0.8667,0.4,0.1333,0.2,3,2,5.0,0.333,7.0,,1,0,2011,정상종료,완납,220,509,300만원,15개월,0.3,남자,38세,기타,4100000.0,3210000.0,,39.0,29.0,3.0,0.0,0.0,1,4100000.0,3210000.0,890000.0,890000.0,3000000.0,15.0,275000.0,240000.0,-615000.0,0.3089887640449438,0.0,-650000.0
B110328-8,6,6,0.0,0.0,1.0,21.5,129,31,1.0,0.167,,,1,0,2011,연체중,손실,98,30,150만원,12개월,0.3,남자,41세,기타,3300000.0,2340000.0,,,,,,,1,3300000.0,2340000.0,960000.0,960000.0,1500000.0,12.0,162500.0,145312.5,-797500.0,0.16927083333333334,0.0,-814687.5
B110329-14,11,11,1.0,0.4545,0.0,0.0,0,0,,,,,0,0,2011,정상종료,완납,110,949,300만원,15개월,0.3,남자,39세,기타,3300000.0,2840000.0,,90.0,38.0,21.0,4.0,0.0,1,3300000.0,2840000.0,460000.0,460000.0,3000000.0,15.0,275000.0,240000.0,-185000.0,0.5978260869565217,0.0,-220000.0
B110331-13,24,24,0.9583,0.1667,0.0417,0.042,1,1,21.0,0.875,22.0,,1,0,2011,정상종료,완납,404,383,300만원,24개월,0.29,남자,37세,기타,2000000.0,1700000.0,,,,,,,1,2000000.0,1700000.0,300000.0,300000.0,3000000.0,24.0,197500.0,162760.41666666666,-102500.0,0.6583333333333333,0.0,-137239.58333333334
B110401-6,12,12,0.9167,0.5,0.0833,0.083,1,1,11.0,0.917,12.0,,1,0,2011,정상종료,완납,202,352,200만원,12개월,0.3,여자,44세,기타,2560000.0,2100000.0,,77.0,35.0,7.0,0.0,0.0,1,2560000.0,2100000.0,460000.0,460000.0,2000000.0,12.0,216666.66666666663,193750.0,-243333.33333333337,0.4710144927536231,0.0,-266250.0
B110403-4,3,3,1.0,0.6667,0.0,0.0,0,0,,,,,0,0,2011,정상종료,완납,101,1084,250만원,9개월,0.3,남자,59세,기타,1350000.0,1220000.0,,16.0,11.0,15.0,1.0,0.0,1,1350000.0,1220000.0,130000.0,130000.0,2500000.0,9.0,340277.7777777777,312500.0,210277.7777777777,2.6175213675213667,1.0,182500.0
B110404-13,11,11,0.8182,0.1818,0.1818,0.182,2,1,2.0,0.182,3.0,4.0,1,0,2011,정상종료,완납,210,709,150만원,12개월,0.3,여자,39세,기타,3200000.0,1830000.0,,39.0,14.0,15.0,0.0,0.0,1,3200000.0,1830000.0,1370000.0,1370000.0,1500000.0,12.0,162500.0,145312.5,-1207500.0,0.11861313868613138,0.0,-1224687.5
B110404-14,23,23,0.6957,0.6957,0.3043,2.348,54,9,4.0,0.174,5.0,9.0,1,0,2011,정상종료,완납,87,418,500만원,24개월,0.3,남자,36세,기타,2400000.0,1780000.0,,69.0,66.0,16.0,0.0,0.0,1,2400000.0,1780000.0,620000.0,620000.0,5000000.0,24.0,333333.3333333334,273437.5,-286666.6666666666,0.5376344086021506,0.0,-346562.5
B110404-17,5,5,0.6,0.0,0.4,6.6,33,31,1.0,0.2,2.0,5.0,1,0,2011,연체중,손실,158,742,150만원,6개월,0.3,남자,38세,기타,3300000.0,2340000.0,,,,,,,1,3300000.0,2340000.0,960000.0,960000.0,1500000.0,6.0,287500.0,271875.0,-672500.0,0.2994791666666667,0.0,-688125.0
B110404-2,18,18,1.0,0.6111,0.0,0.0,0,0,,,,,0,0,2011,정상종료,완납,485,271,300만원,21개월,0.3,남자,37세,기타,4500000.0,2380000.0,,71.0,56.0,14.0,0.0,0.0,1,4500000.0,2380000.0,2120000.0,2120000.0,3000000.0,21.0,217857.14285714287,182142.8571428572,-1902142.857142857,0.10276280323450135,0.0,-1937857.1428571427
B110405-5,4,4,0.0,0.0,1.0,10.75,43,31,1.0,0.25,,,1,0,2011,연체중,손실,33,538,150만원,12개월,0.3,여자,23세,기타,1950000.0,1400000.0,,,,,,,1,1950000.0,1400000.0,550000.0,550000.0,1500000.0,12.0,162500.0,145312.5,-387500.0,0.29545454545454547,0.0,-404687.5
B110407-10,12,12,0.75,0.5,0.25,0.333,4,2,1.0,0.083,2.0,3.0,1,0,2011,정상종료,완납,264,450,200만원,12개월,0.3,남자,34세,기타,1900000.0,1620000.0,,15.0,7.0,24.0,0.0,0.0,1,1900000.0,1620000.0,280000.0,280000.0,2000000.0,12.0,216666.66666666663,193750.0,-63333.33333333337,0.7738095238095237,0.0,-86250.0
B110407-13,4,4,1.0,0.75,0.0,0.0,0,0,,,,,0,0,2011,정상종료,완납,347,906,300만원,15개월,0.3,남자,37세,기타,2500000.0,2100000.0,,,,,,,1,2500000.0,2100000.0,400000.0,400000.0,3000000.0,15.0,275000.0,240000.0,-125000.0,0.6875,0.0,-160000.0
B110407-19,12,12,0.3333,0.0833,0.6667,8.833,106,31,4.0,0.333,5.0,6.0,1,0,2011,연체중,손실,377,553,300만원,15개월,0.3,여자,43세,기타,2800000.0,2540000.0,,,,,,,1,2800000.0,2540000.0,260000.0,260000.0,3000000.0,15.0,275000.0,240000.0,15000.0,1.0576923076923077,1.0,-20000.0
B110409-14,12,12,1.0,0.75,0.0,0.0,0,0,,,,,0,0,2011,정상종료,완납,436,522,200만원,12개월,0.3,여자,34세,기타,1090000.0,750000.0,,51.0,45.0,0.0,0.0,0.0,1,1090000.0,750000.0,340000.0,340000.0,2000000.0,12.0,216666.66666666663,193750.0,-123333.33333333337,0.6372549019607842,0.0,-146250.0
B110409-4,3,3,0.0,0.0,1.0,13.0,39,31,1.0,0.333,,,1,0,2011,연체중,손실,115,484,300만원,15개월,0.3,여자,44세,기타,4500000.0,3540000.0,,8.0,5.0,2.0,0.0,0.0,1,4500000.0,3540000.0,960000.0,960000.0,3000000.0,15.0,275000.0,240000.0,-685000.0,0.2864583333333333,0.0,-720000.0
B110410-1,9,9,1.0,0.7778,0.0,0.0,0,0,,,,,0,0,2011,정상종료,완납,903,455,150만원,9개월,0.3,여자,29세,기타,1150000.0,1020000.0,,40.0,38.0,0.0,0.0,0.0,1,1150000.0,1020000.0,130000.0,130000.0,1500000.0,9.0,204166.66666666663,187500.0,74166.66666666663,1.5705128205128203,1.0,57500.0
B110411-4,6,6,0.8333,0.0,0.1667,0.167,1,1,2.0,0.333,3.0,,1,0,2011,정상종료,완납,87,461,100만원,6개월,0.3,여자,32세,기타,1530000.0,1090000.0,,12.0,3.0,14.0,1.0,0.0,1,1530000.0,1090000.0,440000.0,440000.0,1000000.0,6.0,191666.66666666663,181250.0,-248333.33333333337,0.4356060606060605,0.0,-258750.0
B110413-2,12,12,1.0,1.0,0.0,0.0,0,0,,,,,0,0,2011,정상종료,완납,455,646,100만원,12개월,0.3,여자,29세,기타,1500000.0,1180000.0,,12.0,12.0,1.0,0.0,0.0,1,1500000.0,1180000.0,320000.0,320000.0,1000000.0,12.0,108333.33333333331,96875.0,-211666.6666666667,0.33854166666666663,0.0,-223125.0
B110413-20,13,13,1.0,1.0,0.0,0.0,0,0,,,,,0,0,2011,정상종료,완납,126,394,300만원,15개월,0.3,남자,48세,기타,4500000.0,4310000.0,,49.0,43.0,0.0,0.0,0.0,1,4500000.0,4310000.0,190000.0,190000.0,3000000.0,15.0,275000.0,240000.0,85000.0,1.4473684210526316,1.0,50000.0
B110413-8,9,9,0.1111,0.0,0.8889,13.333,120,31,1.0,0.111,8.0,9.0,1,0,2011,연체중,손실,305,398,200만원,12개월,0.3,남자,34세,기타,1860000.0,1660000.0,,,,,,,1,1860000.0,1660000.0,200000.0,200000.0,2000000.0,12.0,216666.66666666663,193750.0,16666.666666666628,1.083333333333333,1.0,-6250.0
B110414-13,7,7,0.7143,0.4286,0.2857,2.429,17,9,5.0,0.714,7.0,,1,0,2011,정상종료,완납,308,436,300만원,15개월,0.3,여자,34세,기타,1800000.0,1420000.0,,17.0,9.0,28.0,7.0,0.0,1,1800000.0,1420000.0,380000.0,380000.0,3000000.0,15.0,275000.0,240000.0,-105000.0,0.7236842105263158,0.0,-140000.0
B110417-1,3,3,1.0,1.0,0.0,0.0,0,0,,,,,0,0,2011,정상종료,완납,133,638,100만원,9개월,0.3,남자,37세,기타,1500000.0,1450000.0,,89.0,36.0,28.0,0.0,0.0,1,1500000.0,1450000.0,50000.0,50000.0,1000000.0,9.0,136111.11111111112,125000.0,86111.11111111112,2.7222222222222223,1.0,75000.0
B110418-14,6,6,1.0,1.0,0.0,0.0,0,0,,,,,0,0,2011,정상종료,완납,224,761,150만원,6개월,0.3,남자,37세,기타,4000000.0,2330000.0,,67.0,62.0,4.0,0.0,0.0,1,4000000.0,2330000.0,1670000.0,1670000.0,1500000.0,6.0,287500.0,271875.0,-1382500.0,0.1721556886227545,0.0,-1398125.0
B110418-7,20,20,0.5,0.2,0.5,6.4,128,31,6.0,0.3,7.0,10.0,1,0,2011,연체중,손실,875,787,300만원,24개월,0.3,남자,29세,기타,1600000.0,950000.0,,20.0,10.0,11.0,0.0,0.0,1,1600000.0,950000.0,650000.0,650000.0,3000000.0,24.0,200000.0,164062.5,-450000.0,0.3076923076923077,0.0,-485937.5
B110420-17,14,14,0.5,0.4286,0.5,0.929,13,2,2.0,0.143,3.0,4.0,1,0,2011,정상종료,완납,265,509,300만원,15개월,0.3,남자,39세,기타,2050000.0,1590000.0,,31.0,25.0,18.0,0.0,0.0,1,2050000.0,1590000.0,460000.0,460000.0,3000000.0,15.0,275000.0,240000.0,-185000.0,0.5978260869565217,0.0,-220000.0
B110422-19,6,6,1.0,1.0,0.0,0.0,0,0,,,,,0,0,2011,정상종료,완납,491,600,100만원,9개월,0.3,남자,39세,기타,1820000.0,1540000.0,,11.0,9.0,2.0,0.0,0.0,1,1820000.0,1540000.0,280000.0,280000.0,1000000.0,9.0,136111.11111111112,125000.0,-143888.88888888888,0.48611111111111116,0.0,-155000.0
B110424-4,12,12,0.9167,0.8333,0.0833,0.25,3,3,9.0,0.75,10.0,,1,0,2011,정상종료,완납,90,189,150만원,12개월,0.3,남자,44세,기타,4500000.0,4380000.0,,16.0,12.0,3.0,0.0,0.0,1,4500000.0,4380000.0,120000.0,120000.0,1500000.0,12.0,162500.0,145312.5,42500.0,1.3541666666666667,1.0,25312.5
B110425-14,10,10,0.3,0.3,0.7,11.3,113,31,3.0,0.3,5.0,6.0,1,0,2011,연체중,손실,235,797,300만원,24개월,0.3,여자,53세,기타,1770000.0,1090000.0,,,,,,,1,1770000.0,1090000.0,680000.0,680000.0,3000000.0,24.0,200000.0,164062.5,-480000.0,0.29411764705882354,0.0,-515937.5
B110425-5,12,12,1.0,0.3333,0.0,0.0,0,0,,,,,0,0,2011,정상종료,완납,97,765,100만원,12개월,0.3,여자,29세,기타,2000000.0,1580000.0,,52.0,15.0,24.0,0.0,0.0,1,2000000.0,1580000.0,420000.0,420000.0,1000000.0,12.0,108333.33333333331,96875.0,-311666.6666666667,0.2579365079365079,0.0,-323125.0
B110426-10,24,24,0.2083,0.125,0.7917,4.25,102,20,4.0,0.167,10.0,12.0,1,0,2011,정상종료,완납,54,2092,300만원,24개월,0.3,여자,36세,기타,1350000.0,1070000.0,,,,,,,1,1350000.0,1070000.0,280000.0,280000.0,3000000.0,24.0,200000.0,164062.5,-80000.0,0.7142857142857143,0.0,-115937.5
B110426-17,8,8,0.75,0.5,0.25,5.125,41,31,1.0,0.125,2.0,8.0,1,0,2011,연체중,손실,703,605,300만원,24개월,0.3,남자,40세,기타,1800000.0,1450000.0,,17.0,11.0,2.0,0.0,0.0,1,1800000.0,1450000.0,350000.0,350000.0,3000000.0,24.0,200000.0,164062.5,-150000.0,0.5714285714285714,0.0,-185937.5
B110427-17,20,20,0.9,0.8,0.1,0.1,2,1,4.0,0.2,6.0,,1,0,2011,정상종료,완납,2081,1081,500만원,24개월,0.3,남자,41세,기타,3100000.0,2300000.0,,100.0,82.0,21.0,0.0,0.0,1,3100000.0,2300000.0,800000.0,800000.0,5000000.0,24.0,333333.3333333334,273437.5,-466666.6666666666,0.41666666666666674,0.0,-526562.5
B110427-27,15,15,0.7333,0.2667,0.2667,1.6,24,13,5.0,0.333,6.0,10.0,1,0,2011,정상종료,완납,499,482,300만원,24개월,0.3,여자,49세,기타,2600000.0,2470000.0,,39.0,22.0,11.0,0.0,0.0,1,2600000.0,2470000.0,130000.0,130000.0,3000000.0,24.0,200000.0,164062.5,70000.0,1.5384615384615385,1.0,34062.5
B110427-33,11,11,1.0,1.0,0.0,0.0,0,0,,,,,0,0,2011,정상종료,완납,304,914,100만원,12개월,0.3,남자,32세,기타,1700000.0,1300000.0,,35.0,33.0,0.0,0.0,0.0,1,1700000.0,1300000.0,400000.0,400000.0,1000000.0,12.0,108333.33333333331,96875.0,-291666.6666666667,0.27083333333333326,0.0,-303125.0
B110429-12,6,6,1.0,0.6667,0.0,0.0,0,0,,,,,0,0,2011,정상종료,완납,76,196,150만원,6개월,0.3,여자,33세,기타,1750000.0,950000.0,,25.0,19.0,10.0,0.0,0.0,1,1750000.0,950000.0,800000.0,800000.0,1500000.0,6.0,287500.0,271875.0,-512500.0,0.359375,0.0,-528125.0
B110429-16,15,15,0.2,0.0667,0.8,2.6,39,4,1.0,0.067,3.0,4.0,1,0,2011,정상종료,완납,532,201,300만원,15개월,0.3,남자,41세,기타,3000000.0,2690000.0,,48.0,12.0,29.0,0.0,0.0,1,3000000.0,2690000.0,310000.0,310000.0,3000000.0,15.0,275000.0,240000.0,-35000.0,0.8870967741935484,0.0,-70000.0
B110502-12,9,9,1.0,1.0,0.0,0.0,0,0,,,,,0,0,2011,정상종료,완납,181,975,150만원,9개월,0.3,여자,42세,기타,1500000.0,1100000.0,,30.0,30.0,0.0,0.0,0.0,1,1500000.0,1100000.0,400000.0,400000.0,1500000.0,9.0,204166.66666666663,187500.0,-195833.33333333337,0.5104166666666665,0.0,-212500.0
B110502-20,4,4,1.0,0.75,0.0,0.0,0,0,,,,,0,0,2011,정상종료,완납,377,1831,150만원,6개월,0.3,여자,38세,기타,1600000.0,1080000.0,,,,,,,1,1600000.0,1080000.0,520000.0,520000.0,1500000.0,6.0,287500.0,271875.0,-232500.0,0.5528846153846154,0.0,-248125.0
B110502-5,23,23,0.2609,0.1304,0.7391,15.478,356,30,2.0,0.087,5.0,6.0,1,0,2011,정상종료,완납,477,2192,500만원,24개월,0.3,남자,43세,기타,5000000.0,4380000.0,,31.0,28.0,15.0,2.0,0.0,1,5000000.0,4380000.0,620000.0,620000.0,5000000.0,24.0,333333.3333333334,273437.5,-286666.6666666666,0.5376344086021506,0.0,-346562.5
B110502-8,9,9,0.4444,0.2222,0.5556,1.889,17,5,1.0,0.111,2.0,3.0,1,0,2011,정상종료,완납,515,705,200만원,9개월,0.3,여자,44세,기타,2700000.0,2360000.0,,,,,,,1,2700000.0,2360000.0,340000.0,340000.0,2000000.0,9.0,272222.22222222225,250000.0,-67777.77777777775,0.8006535947712419,0.0,-90000.0
B110504-9,2,2,1.0,1.0,0.0,0.0,0,0,,,,,0,0,2011,정상종료,완납,339,561,100만원,12개월,0.3,여자,46세,기타,1200000.0,2330000.0,,,,,,,1,1200000.0,2330000.0,-1130000.0,-1130000.0,1000000.0,12.0,108333.33333333331,96875.0,1238333.3333333333,,1.0,1226875.0
B110506-21,10,10,1.0,1.0,0.0,0.0,0,0,,,,,0,0,2011,정상종료,완납,103,131,300만원,15개월,0.3,여자,45세,기타,2500000.0,1960000.0,,54.0,47.0,0.0,0.0,0.0,1,2500000.0,1960000.0,540000.0,540000.0,3000000.0,15.0,275000.0,240000.0,-265000.0,0.5092592592592593,0.0,-300000.0
B110507-1,5,5,0.4,0.2,0.6,8.0,40,31,2.0,0.4,3.0,4.0,1,0,2011,연체중,손실,186,507,300만원,24개월,0.3,여자,38세,기타,1650000.0,1310000.0,,,,,,,1,1650000.0,1310000.0,340000.0,340000.0,3000000.0,24.0,200000.0,164062.5,-140000.0,0.5882352941176471,0.0,-175937.5
B110511-12,5,5,0.4,0.2,0.6,6.8,34,31,2.0,0.4,3.0,4.0,1,0,2011,손실(상환완료),손실,119,282,100만원,6개월,0.3,남자,35세,기타,1740000.0,1510000.0,,,,,,,1,1740000.0,1510000.0,230000.0,230000.0,1000000.0,6.0,191666.66666666663,181250.0,-38333.33333333337,0.8333333333333331,0.0,-48750.0
B110511-16,17,17,0.5294,0.2353,0.4706,0.765,13,2,6.0,0.353,7.0,8.0,1,0,2011,정상종료,완납,222,414,300만원,24개월,0.3,여자,31세,기타,2070000.0,1360000.0,,21.0,14.0,8.0,0.0,0.0,1,2070000.0,1360000.0,710000.0,710000.0,3000000.0,24.0,200000.0,164062.5,-510000.0,0.28169014084507044,0.0,-545937.5
B110512-8,15,15,0.9333,0.0667,0.0667,0.067,1,1,2.0,0.133,3.0,,1,0,2011,정상종료,완납,257,2886,300만원,15개월,0.3,남자,40세,기타,4900000.0,4420000.0,,26.0,5.0,3.0,0.0,0.0,1,4900000.0,4420000.0,480000.0,480000.0,3000000.0,15.0,275000.0,240000.0,-205000.0,0.5729166666666666,0.0,-240000.0
B110513-11,14,14,0.3571,0.2143,0.6429,10.571,148,22,5.0,0.357,14.0,,1,0,2011,정상종료,완납,53,1069,300만원,18개월,0.3,여자,35세,기타,,,,26.0,12.0,14.0,0.0,0.0,1,,,,,3000000.0,18.0,241666.66666666663,206250.0,,,,
B110513-13,5,5,1.0,1.0,0.0,0.0,0,0,,,,,0,0,2011,정상종료,완납,291,629,500만원,24개월,0.3,남자,44세,기타,3800000.0,3580000.0,,37.0,31.0,0.0,0.0,0.0,1,3800000.0,3580000.0,220000.0,220000.0,5000000.0,24.0,333333.3333333334,273437.5,113333.33333333337,1.5151515151515154,1.0,53437.5
B110513-5,4,4,0.75,0.5,0.25,7.75,31,31,4.0,1.0,,,1,0,2011,연체중,손실,136,884,250만원,12개월,0.3,남자,33세,기타,3000000.0,2450000.0,,7.0,5.0,0.0,0.0,0.0,1,3000000.0,2450000.0,550000.0,550000.0,2500000.0,12.0,270833.3333333334,242187.5,-279166.6666666666,0.4924242424242425,0.0,-307812.5
B110513-8,8,8,0.875,0.5,0.125,0.125,1,1,5.0,0.625,6.0,,1,0,2011,정상종료,완납,395,748,150만원,12개월,0.3,여자,39세,기타,1050000.0,830000.0,,86.0,34.0,5.0,0.0,0.0,1,1050000.0,830000.0,220000.0,220000.0,1500000.0,12.0,162500.0,145312.5,-57500.0,0.7386363636363636,0.0,-74687.5
B110518-1,11,11,0.3636,0.2727,0.6364,10.364,114,31,4.0,0.364,5.0,6.0,1,0,2011,연체중,손실,136,205,200만원,12개월,0.3,남자,35세,기타,2100000.0,1500000.0,,,,,,,1,2100000.0,1500000.0,600000.0,600000.0,2000000.0,12.0,216666.66666666663,193750.0,-383333.3333333334,0.36111111111111105,0.0,-406250.0
B110519-28,12,12,0.9167,0.5833,0.0833,0.083,1,1,3.0,0.25,4.0,,1,0,2011,정상종료,완납,342,493,100만원,12개월,0.3,남자,27세,기타,1600000.0,580000.0,,,,,,,1,1600000.0,580000.0,1020000.0,1020000.0,1000000.0,12.0,108333.33333333331,96875.0,-911666.6666666667,0.10620915032679737,0.0,-923125.0
B110522-5,6,6,0.1667,0.0,0.8333,12.5,75,31,2.0,0.333,,,1,0,2011,연체중,손실,1657,503,200만원,12개월,0.3,여자,39세,기타,3150000.0,2750000.0,,,,,,,1,3150000.0,2750000.0,400000.0,400000.0,2000000.0,12.0,216666.66666666663,193750.0,-183333.33333333337,0.5416666666666665,0.0,-206250.0
B110523-11,8,8,1.0,0.25,0.0,0.0,0,0,,,,,0,0,2011,정상종료,완납,514,1367,100만원,12개월,0.3,남자,35세,기타,2300000.0,2050000.0,,57.0,44.0,1.0,0.0,0.0,1,2300000.0,2050000.0,250000.0,250000.0,1000000.0,12.0,108333.33333333331,96875.0,-141666.6666666667,0.43333333333333324,0.0,-153125.0
B110523-5,12,12,1.0,0.9167,0.0,0.0,0,0,,,,,0,0,2011,정상종료,완납,150,453,100만원,12개월,0.3,남자,36세,기타,2200000.0,2000000.0,,26.0,11.0,8.0,0.0,1.0,1,2200000.0,2000000.0,200000.0,200000.0,1000000.0,12.0,108333.33333333331,96875.0,-91666.66666666669,0.5416666666666665,0.0,-103125.0
B110524-19,23,23,1.0,1.0,0.0,0.0,0,0,,,,,0,0,2011,정상종료,완납,350,805,400만원,24개월,0.3,남자,43세,기타,2740000.0,2270000.0,,125.0,86.0,2.0,0.0,0.0,1,2740000.0,2270000.0,470000.0,470000.0,4000000.0,24.0,266666.6666666666,218750.0,-203333.33333333337,0.5673758865248226,0.0,-251250.0
B110524-5,15,15,0.8667,0.6,0.1333,0.4,6,4,9.0,0.6,10.0,15.0,1,0,2011,정상종료,완납,272,747,300만원,15개월,0.3,남자,33세,기타,2700000.0,1840000.0,,,,,,,1,2700000.0,1840000.0,860000.0,860000.0,3000000.0,15.0,275000.0,240000.0,-585000.0,0.31976744186046513,0.0,-620000.0
B110524-7,5,5,1.0,0.6,0.0,0.0,0,0,,,,,0,0,2011,정상종료,완납,235,295,150만원,6개월,0.3,남자,45세,기타,1850000.0,1250000.0,,114.0,90.0,4.0,0.0,0.0,1,1850000.0,1250000.0,600000.0,600000.0,1500000.0,6.0,287500.0,271875.0,-312500.0,0.4791666666666667,0.0,-328125.0
B110526-1,7,7,1.0,0.5714,0.0,0.0,0,0,,,,,0,0,2011,정상종료,완납,722,2249,150만원,12개월,0.3,여자,25세,기타,1900000.0,1500000.0,,20.0,17.0,0.0,0.0,0.0,1,1900000.0,1500000.0,400000.0,400000.0,1500000.0,12.0,162500.0,145312.5,-237500.0,0.40625,0.0,-254687.5
B110527-22,11,11,0.6364,0.3636,0.3636,2.091,23,10,4.0,0.364,5.0,6.0,1,0,2011,정상종료,완납,136,476,150만원,12개월,0.3,남자,43세,기타,3000000.0,2780000.0,,10.0,6.0,6.0,1.0,0.0,1,3000000.0,2780000.0,220000.0,220000.0,1500000.0,12.0,162500.0,145312.5,-57500.0,0.7386363636363636,0.0,-74687.5
B110527-6,18,18,0.9444,0.7222,0.0556,0.056,1,1,12.0,0.667,13.0,,1,0,2011,정상종료,완납,100,221,300만원,24개월,0.25,남자,31세,기타,2000000.0,1110000.0,,50.0,31.0,10.0,0.0,0.0,1,2000000.0,1110000.0,890000.0,890000.0,3000000.0,24.0,187500.0,157552.08333333334,-702500.0,0.21067415730337077,0.0,-732447.9166666666
B110531-10,9,9,0.6667,0.3333,0.3333,0.444,4,2,4.0,0.444,6.0,7.0,1,0,2011,정상종료,완납,362,427,150만원,9개월,0.3,남자,42세,기타,2100000.0,1480000.0,,,,,,,1,2100000.0,1480000.0,620000.0,620000.0,1500000.0,9.0,204166.66666666663,187500.0,-415833.3333333334,0.32930107526881713,0.0,-432500.0
B110531-15,1,1,0.0,0.0,1.0,31.0,31,31,1.0,1.0,,,1,0,2011,연체중,손실,183,273,200만원,12개월,0.3,여자,31세,기타,1360000.0,900000.0,,,,,,,1,1360000.0,900000.0,460000.0,460000.0,2000000.0,12.0,216666.66666666663,193750.0,-243333.33333333337,0.4710144927536231,0.0,-266250.0
B110602-17,6,6,0.0,0.0,1.0,7.333,44,8,1.0,0.167,,,1,0,2011,정상종료,완납,157,469,150만원,6개월,0.3,남자,35세,기타,2500000.0,2410000.0,,,,,,,1,2500000.0,2410000.0,90000.0,90000.0,1500000.0,6.0,287500.0,271875.0,197500.0,3.1944444444444446,1.0,181875.0
B110605-5,9,9,1.0,0.1111,0.0,0.0,0,0,,,,,0,0,2011,정상종료,완납,96,271,100만원,9개월,0.3,남자,44세,기타,2350000.0,1590000.0,,53.0,25.0,13.0,0.0,0.0,1,2350000.0,1590000.0,760000.0,760000.0,1000000.0,9.0,136111.11111111112,125000.0,-623888.8888888889,0.179093567251462,0.0,-635000.0
B110608-4,18,18,1.0,0.9444,0.0,0.0,0,0,,,,,0,0,2011,정상종료,완납,150,877,300만원,18개월,0.3,여자,40세,기타,2900000.0,2160000.0,,76.0,48.0,1.0,0.0,0.0,1,2900000.0,2160000.0,740000.0,740000.0,3000000.0,18.0,241666.66666666663,206250.0,-498333.3333333334,0.3265765765765765,0.0,-533750.0
B110608-7,9,9,1.0,0.3333,0.0,0.0,0,0,,,,,0,0,2011,정상종료,완납,1533,475,100만원,9개월,0.3,남자,26세,기타,1520000.0,1160000.0,,,,,,,1,1520000.0,1160000.0,360000.0,360000.0,1000000.0,9.0,136111.11111111112,125000.0,-223888.88888888888,0.37808641975308643,0.0,-235000.0
B110610-5,22,22,0.1818,0.1818,0.8182,18.591,409,31,5.0,0.227,,,1,0,2011,연체중,손실,523,553,300만원,24개월,0.3,여자,31세,기타,,,,18.0,17.0,16.0,1.0,0.0,1,,,,,3000000.0,24.0,200000.0,164062.5,,,,
B110610-7,4,4,1.0,1.0,0.0,0.0,0,0,,,,,0,0,2011,정상종료,완납,503,1103,300만원,24개월,0.3,남자,33세,기타,2780000.0,2220000.0,,20.0,19.0,0.0,0.0,0.0,1,2780000.0,2220000.0,560000.0,560000.0,3000000.0,24.0,200000.0,164062.5,-360000.0,0.35714285714285715,0.0,-395937.5
B110611-4,6,6,0.3333,0.3333,0.6667,9.833,59,31,1.0,0.167,2.0,4.0,1,0,2011,연체중,손실,272,912,250만원,12개월,0.3,여자,30세,기타,1600000.0,1170000.0,,,,,,,1,1600000.0,1170000.0,430000.0,430000.0,2500000.0,12.0,270833.3333333334,242187.5,-159166.66666666663,0.6298449612403102,0.0,-187812.5
B110612-1,6,6,0.6667,0.0,0.3333,0.333,2,1,4.0,0.667,5.0,6.0,1,0,2011,정상종료,완납,41,132,150만원,6개월,0.3,남자,36세,기타,2000000.0,1030000.0,,7.0,0.0,5.0,0.0,0.0,1,2000000.0,1030000.0,970000.0,970000.0,1500000.0,6.0,287500.0,271875.0,-682500.0,0.2963917525773196,0.0,-698125.0
B110613-2,6,6,0.1667,0.0,0.8333,11.333,68,31,2.0,0.333,,,1,0,2011,연체중,손실,171,1129,200만원,12개월,0.3,여자,36세,기타,1410000.0,1240000.0,,,,,,,1,1410000.0,1240000.0,170000.0,170000.0,2000000.0,12.0,216666.66666666663,193750.0,46666.66666666663,1.2745098039215683,1.0,23750.0
B110614-2,12,12,0.9167,0.5,0.0833,0.083,1,1,9.0,0.75,10.0,,1,0,2011,정상종료,완납,338,2088,250만원,12개월,0.3,남자,48세,기타,2800000.0,2410000.0,,23.0,13.0,6.0,0.0,0.0,1,2800000.0,2410000.0,390000.0,390000.0,2500000.0,12.0,270833.3333333334,242187.5,-119166.66666666663,0.6944444444444445,0.0,-147812.5
B110614-4,5,5,0.2,0.0,0.8,8.8,44,31,1.0,0.2,2.0,3.0,1,0,2011,연체중,손실,622,191,550만원,24개월,0.3,여자,32세,기타,7500000.0,5820000.0,,55.0,29.0,4.0,0.0,0.0,1,7500000.0,5820000.0,1680000.0,1680000.0,5500000.0,24.0,366666.6666666666,300781.25,-1313333.3333333335,0.21825396825396823,0.0,-1379218.75
B110615-17,12,12,0.0,0.0,1.0,12.167,146,29,1.0,0.083,,,1,0,2011,정상종료,완납,195,421,100만원,12개월,0.3,남자,30세,기타,1800000.0,1350000.0,,,,,,,1,1800000.0,1350000.0,450000.0,450000.0,1000000.0,12.0,108333.33333333331,96875.0,-341666.6666666667,0.2407407407407407,0.0,-353125.0
B110617-3,4,4,0.75,0.25,0.25,7.75,31,31,4.0,1.0,,,1,0,2011,연체중,손실,83,676,200만원,12개월,0.3,남자,47세,기타,2400000.0,2230000.0,,,,,,,1,2400000.0,2230000.0,170000.0,170000.0,2000000.0,12.0,216666.66666666663,193750.0,46666.66666666663,1.2745098039215683,1.0,23750.0
B110620-2,9,9,0.2222,0.1111,0.7778,15.889,143,31,3.0,0.333,,,1,0,2011,연체중,손실,344,727,300만원,18개월,0.3,남자,36세,기타,2460000.0,2270000.0,,8.0,5.0,8.0,1.0,0.0,1,2460000.0,2270000.0,190000.0,190000.0,3000000.0,18.0,241666.66666666663,206250.0,51666.66666666663,1.2719298245614032,1.0,16250.0
B110620-4,4,4,0.25,0.25,0.75,3.25,13,5,1.0,0.25,4.0,,1,0,2011,정상종료,완납,290,755,300만원,24개월,0.3,여자,47세,기타,1750000.0,1250000.0,,,,,,,1,1750000.0,1250000.0,500000.0,500000.0,3000000.0,24.0,200000.0,164062.5,-300000.0,0.4,0.0,-335937.5
B110621-14,6,6,1.0,0.8333,0.0,0.0,0,0,,,,,0,0,2011,정상종료,완납,326,881,450만원,24개월,0.3,남자,37세,기타,3500000.0,2630000.0,,88.0,82.0,0.0,0.0,0.0,1,3500000.0,2630000.0,870000.0,870000.0,4500000.0,24.0,300000.0,246093.75,-570000.0,0.3448275862068966,0.0,-623906.25
B110622-18,7,7,0.5714,0.1429,0.4286,5.0,35,31,5.0,0.714,,,1,0,2011,연체중,손실,179,821,300만원,21개월,0.3,남자,39세,기타,2240000.0,1990000.0,,,,,,,1,2240000.0,1990000.0,250000.0,250000.0,3000000.0,21.0,217857.14285714287,182142.8571428572,-32142.85714285713,0.8714285714285714,0.0,-67857.14285714281
B110622-7,20,20,1.0,0.9,0.0,0.0,0,0,,,,,0,0,2011,정상종료,완납,311,1084,300만원,24개월,0.3,여자,33세,기타,2650000.0,2350000.0,,59.0,40.0,10.0,0.0,0.0,1,2650000.0,2350000.0,300000.0,300000.0,3000000.0,24.0,200000.0,164062.5,-100000.0,0.6666666666666666,0.0,-135937.5
B110623-2,6,6,0.8333,0.1667,0.1667,0.167,1,1,1.0,0.167,2.0,,1,0,2011,정상종료,완납,64,432,300만원,15개월,0.3,여자,38세,기타,4500000.0,2870000.0,,63.0,34.0,5.0,0.0,0.0,1,4500000.0,2870000.0,1630000.0,1630000.0,3000000.0,15.0,275000.0,240000.0,-1355000.0,0.1687116564417178,0.0,-1390000.0
B110625-3,9,9,0.1111,0.0,0.8889,13.556,122,31,2.0,0.222,,,1,0,2011,손실(상환완료),손실,140,1242,200만원,9개월,0.3,남자,40세,기타,1020000.0,680000.0,,3.0,0.0,14.0,0.0,0.0,1,1020000.0,680000.0,340000.0,340000.0,2000000.0,9.0,272222.22222222225,250000.0,-67777.77777777775,0.8006535947712419,0.0,-90000.0
B110628-1,24,24,1.0,1.0,0.0,0.0,0,0,,,,,0,0,2011,정상종료,완납,1412,744,500만원,24개월,0.3,여자,39세,기타,2800000.0,2160000.0,,36.0,31.0,0.0,0.0,0.0,1,2800000.0,2160000.0,640000.0,640000.0,5000000.0,24.0,333333.3333333334,273437.5,-306666.6666666666,0.5208333333333334,0.0,-366562.5
B110628-15,8,8,1.0,0.625,0.0,0.0,0,0,,,,,0,0,2011,정상종료,완납,46,95,100만원,12개월,0.3,남자,43세,기타,2000000.0,1520000.0,,,,,,,1,2000000.0,1520000.0,480000.0,480000.0,1000000.0,12.0,108333.33333333331,96875.0,-371666.6666666667,0.2256944444444444,0.0,-383125.0
B110629-2,12,12,0.75,0.3333,0.25,0.417,5,3,9.0,0.75,12.0,,1,0,2011,정상종료,완납,203,939,250만원,12개월,0.3,남자,29세,기타,1700000.0,1060000.0,,22.0,12.0,5.0,0.0,0.0,1,1700000.0,1060000.0,640000.0,640000.0,2500000.0,12.0,270833.3333333334,242187.5,-369166.6666666666,0.42317708333333337,0.0,-397812.5
B110630-2,12,12,1.0,1.0,0.0,0.0,0,0,,,,,0,0,2011,정상종료,완납,202,423,150만원,12개월,0.3,남자,46세,기타,2700000.0,2340000.0,,66.0,56.0,5.0,5.0,0.0,1,2700000.0,2340000.0,360000.0,360000.0,1500000.0,12.0,162500.0,145312.5,-197500.0,0.4513888888888889,0.0,-214687.5
B110706-17,5,5,0.8,0.4,0.2,0.6,3,3,4.0,0.8,5.0,,1,0,2011,정상종료,완납,279,1049,100만원,6개월,0.3,여자,29세,기타,2060000.0,1730000.0,,18.0,14.0,18.0,0.0,0.0,1,2060000.0,1730000.0,330000.0,330000.0,1000000.0,6.0,191666.66666666663,181250.0,-138333.33333333337,0.5808080808080807,0.0,-148750.0
B110706-18,8,8,1.0,1.0,0.0,0.0,0,0,,,,,0,0,2011,정상종료,완납,257,466,200만원,12개월,0.3,여자,40세,기타,1700000.0,1210000.0,,78.0,51.0,0.0,0.0,0.0,1,1700000.0,1210000.0,490000.0,490000.0,2000000.0,12.0,216666.66666666663,193750.0,-273333.3333333334,0.44217687074829926,0.0,-296250.0
B110706-5,4,4,1.0,0.75,0.0,0.0,0,0,,,,,0,0,2011,정상종료,완납,499,1068,200만원,12개월,0.3,여자,33세,기타,3400000.0,3150000.0,,62.0,13.0,24.0,1.0,0.0,1,3400000.0,3150000.0,250000.0,250000.0,2000000.0,12.0,216666.66666666663,193750.0,-33333.33333333337,0.8666666666666665,0.0,-56250.0
B110707-3,3,3,1.0,1.0,0.0,0.0,0,0,,,,,0,0,2011,정상종료,완납,303,436,300만원,18개월,0.3,남자,45세,기타,6160000.0,5080000.0,,67.0,65.0,2.0,0.0,0.0,1,6160000.0,5080000.0,1080000.0,1080000.0,3000000.0,18.0,241666.66666666663,206250.0,-838333.3333333334,0.2237654320987654,0.0,-873750.0
B110708-9,21,21,0.9524,0.3333,0.0476,0.048,1,1,4.0,0.19,5.0,,1,0,2011,정상종료,완납,95,634,300만원,24개월,0.3,남자,31세,기타,1700000.0,1650000.0,,39.0,19.0,3.0,0.0,0.0,1,1700000.0,1650000.0,50000.0,50000.0,3000000.0,24.0,200000.0,164062.5,150000.0,4.0,1.0,114062.5
B110709-2,12,12,0.25,0.0,0.75,13.0,156,26,2.0,0.167,3.0,4.0,1,0,2011,정상종료,완납,637,1151,200만원,12개월,0.3,여자,31세,기타,2200000.0,1750000.0,,9.0,2.0,15.0,0.0,0.0,1,2200000.0,1750000.0,450000.0,450000.0,2000000.0,12.0,216666.66666666663,193750.0,-233333.33333333337,0.4814814814814814,0.0,-256250.0
B110709-5,12,12,0.9167,0.75,0.0833,0.25,3,3,7.0,0.583,8.0,,1,0,2011,정상종료,완납,434,1287,200만원,12개월,0.3,남자,38세,기타,2400000.0,1840000.0,,96.0,76.0,3.0,0.0,0.0,1,2400000.0,1840000.0,560000.0,560000.0,2000000.0,12.0,216666.66666666663,193750.0,-343333.3333333334,0.38690476190476186,0.0,-366250.0
B110711-4,12,12,0.9167,0.75,0.0833,0.417,5,5,2.0,0.167,3.0,,1,0,2011,정상종료,완납,1244,1173,250만원,12개월,0.3,남자,44세,기타,2700000.0,2460000.0,,29.0,26.0,1.0,0.0,0.0,1,2700000.0,2460000.0,240000.0,240000.0,2500000.0,12.0,270833.3333333334,242187.5,30833.333333333372,1.1284722222222223,1.0,2187.5
B110713-20,16,16,1.0,0.6875,0.0,0.0,0,0,,,,,0,0,2011,정상종료,완납,635,1278,500만원,24개월,0.3,남자,43세,기타,3000000.0,2580000.0,,60.0,44.0,5.0,0.0,0.0,1,3000000.0,2580000.0,420000.0,420000.0,5000000.0,24.0,333333.3333333334,273437.5,-86666.66666666663,0.7936507936507937,0.0,-146562.5
B110713-22,11,11,1.0,1.0,0.0,0.0,0,0,,,,,0,0,2011,정상종료,완납,317,576,500만원,15개월,0.3,여자,31세,기타,3000000.0,2220000.0,,98.0,84.0,3.0,0.0,0.0,1,3000000.0,2220000.0,780000.0,780000.0,5000000.0,15.0,458333.3333333333,400000.0,-321666.6666666667,0.5876068376068376,0.0,-380000.0
B110714-1,11,11,1.0,0.3636,0.0,0.0,0,0,,,,,0,0,2011,정상종료,완납,140,428,200만원,12개월,0.3,남자,37세,기타,2000000.0,1620000.0,,89.0,36.0,28.0,0.0,0.0,1,2000000.0,1620000.0,380000.0,380000.0,2000000.0,12.0,216666.66666666663,193750.0,-163333.33333333337,0.5701754385964911,0.0,-186250.0
B110715-1,12,12,1.0,0.0,0.0,0.0,0,0,,,,,0,0,2011,정상종료,완납,698,543,150만원,12개월,0.3,남자,48세,기술직,2500000.0,2170000.0,,46.0,16.0,4.0,0.0,0.0,1,2500000.0,2170000.0,330000.0,330000.0,1500000.0,12.0,162500.0,145312.5,-167500.0,0.49242424242424243,0.0,-184687.5
B110717-1,6,6,0.0,0.0,1.0,9.0,54,31,1.0,0.167,,,1,0,2011,연체중,손실,197,373,100만원,12개월,0.3,여자,30세,기타,1870000.0,1510000.0,,,,,,,1,1870000.0,1510000.0,360000.0,360000.0,1000000.0,12.0,108333.33333333331,96875.0,-251666.6666666667,0.3009259259259259,0.0,-263125.0
B110719-12,6,6,0.8333,0.3333,0.1667,0.167,1,1,3.0,0.5,4.0,,1,0,2011,정상종료,완납,514,841,150만원,6개월,0.3,남자,53세,학원,3500000.0,3060000.0,,,,,,,1,3500000.0,3060000.0,440000.0,440000.0,1500000.0,6.0,287500.0,271875.0,-152500.0,0.6534090909090909,0.0,-168125.0
B110719-15,8,8,1.0,0.75,0.0,0.0,0,0,,,,,0,0,2011,정상종료,완납,362,753,250만원,12개월,0.3,남자,39세,기타,1420000.0,1320000.0,,29.0,22.0,0.0,0.0,0.0,1,1420000.0,1320000.0,100000.0,100000.0,2500000.0,12.0,270833.3333333334,242187.5,170833.33333333337,2.708333333333334,1.0,142187.5
B110721-10,2,2,0.0,0.0,1.0,16.5,33,31,1.0,0.5,,,1,0,2011,연체중,손실,227,1273,300만원,18개월,0.3,여자,38세,사무직,1500000.0,810000.0,,12.0,12.0,1.0,0.0,0.0,1,1500000.0,810000.0,690000.0,690000.0,3000000.0,18.0,241666.66666666663,206250.0,-448333.3333333334,0.35024154589371975,0.0,-483750.0
B110721-2,12,12,1.0,0.75,0.0,0.0,0,0,,,,,0,0,2011,정상종료,완납,387,403,100만원,12개월,0.3,남자,32세,기타,1400000.0,1050000.0,,27.0,10.0,1.0,0.0,0.0,1,1400000.0,1050000.0,350000.0,350000.0,1000000.0,12.0,108333.33333333331,96875.0,-241666.6666666667,0.3095238095238095,0.0,-253125.0
B110726-13,4,4,0.0,0.0,1.0,15.5,62,31,1.0,0.25,,,1,0,2011,연체중,손실,285,1850,300만원,24개월,0.3,여자,45세,학원,1500000.0,1320000.0,,,,,,,1,1500000.0,1320000.0,180000.0,180000.0,3000000.0,24.0,200000.0,164062.5,20000.0,1.1111111111111112,1.0,-15937.5
B110726-16,11,11,0.1818,0.0909,0.8182,3.455,38,7,2.0,0.182,11.0,,1,0,2011,정상종료,완납,396,2604,100만원,12개월,0.3,여자,39세,기타,3510000.0,940000.0,,10.0,7.0,31.0,0.0,0.0,1,3510000.0,940000.0,2570000.0,2570000.0,1000000.0,12.0,108333.33333333331,96875.0,-2461666.6666666665,0.042153047989623854,0.0,-2473125.0
B110726-9,19,19,1.0,1.0,0.0,0.0,0,0,,,,,0,0,2011,정상종료,완납,404,1645,300만원,21개월,0.3,여자,42세,기타,1850000.0,1390000.0,,90.0,71.0,15.0,1.0,0.0,1,1850000.0,1390000.0,460000.0,460000.0,3000000.0,21.0,217857.14285714287,182142.8571428572,-242142.85714285713,0.4736024844720497,0.0,-277857.14285714284
B110727-12,18,18,0.8889,0.0556,0.1111,0.111,2,1,1.0,0.056,2.0,8.0,1,0,2011,정상종료,완납,230,3682,300만원,18개월,0.3,남자,41세,,,,,28.0,2.0,7.0,0.0,0.0,1,,,,,3000000.0,18.0,241666.66666666663,206250.0,,,,
B110727-23,18,18,0.6667,0.3333,0.3333,2.556,46,9,8.0,0.444,9.0,10.0,1,0,2011,정상종료,완납,491,1504,300만원,18개월,0.3,여자,57세,학원,5000000.0,4350000.0,,53.0,38.0,18.0,0.0,0.0,1,5000000.0,4350000.0,650000.0,650000.0,3000000.0,18.0,241666.66666666663,206250.0,-408333.3333333334,0.37179487179487175,0.0,-443750.0
B110727-24,15,15,1.0,1.0,0.0,0.0,0,0,,,,,0,0,2011,정상종료,완납,177,455,300만원,15개월,0.3,여자,44세,기타,1900000.0,1450000.0,,51.0,51.0,0.0,0.0,0.0,1,1900000.0,1450000.0,450000.0,450000.0,3000000.0,15.0,275000.0,240000.0,-175000.0,0.6111111111111112,0.0,-210000.0
B110727-9,8,8,1.0,0.875,0.0,0.0,0,0,,,,,0,0,2011,정상종료,완납,367,371,100만원,9개월,0.3,남자,43세,영업직,1800000.0,1600000.0,,9.0,8.0,1.0,0.0,0.0,1,1800000.0,1600000.0,200000.0,200000.0,1000000.0,9.0,136111.11111111112,125000.0,-63888.888888888876,0.6805555555555556,0.0,-75000.0
B110728-2,8,8,0.625,0.0,0.375,11.25,90,31,6.0,0.75,,,1,0,2011,연체중,손실,303,954,200만원,12개월,0.3,남자,56세,보험설계사,3500000.0,3010000.0,,,,,,,1,3500000.0,3010000.0,490000.0,490000.0,2000000.0,12.0,216666.66666666663,193750.0,-273333.3333333334,0.44217687074829926,0.0,-296250.0
B110728-5,11,11,0.2727,0.0909,0.7273,9.909,109,31,2.0,0.182,3.0,5.0,1,0,2011,연체중,손실,356,516,300만원,24개월,0.3,여자,39세,영업직,3550000.0,2800000.0,,,,,,,1,3550000.0,2800000.0,750000.0,750000.0,3000000.0,24.0,200000.0,164062.5,-550000.0,0.26666666666666666,0.0,-585937.5
B110803-10,6,6,0.5,0.0,0.5,6.0,36,31,1.0,0.167,3.0,6.0,1,0,2011,연체중,손실,388,830,300만원,24개월,0.3,여자,41세,사무직,2500000.0,1570000.0,,,,,,,1,2500000.0,1570000.0,930000.0,930000.0,3000000.0,24.0,200000.0,164062.5,-730000.0,0.21505376344086022,0.0,-765937.5
B110803-12,12,12,0.6667,0.3333,0.3333,1.583,19,13,4.0,0.333,5.0,7.0,1,0,2011,정상종료,완납,269,2914,150만원,12개월,0.3,남자,49세,기타,2100000.0,1900000.0,,16.0,11.0,5.0,0.0,0.0,1,2100000.0,1900000.0,200000.0,200000.0,1500000.0,12.0,162500.0,145312.5,-37500.0,0.8125,0.0,-54687.5
B110803-3,13,13,0.0,0.0,1.0,13.077,170,31,1.0,0.077,,,1,0,2011,연체중,손실,484,592,300만원,24개월,0.3,남자,54세,카드사,3800000.0,3440000.0,,7.0,1.0,12.0,2.0,0.0,1,3800000.0,3440000.0,360000.0,360000.0,3000000.0,24.0,200000.0,164062.5,-160000.0,0.5555555555555556,0.0,-195937.5
B110803-6,8,8,0.0,0.0,1.0,21.0,168,31,1.0,0.125,,,1,0,2011,연체중,손실,233,256,300만원,21개월,0.3,남자,49세,사무직,2800000.0,2540000.0,,24.0,16.0,21.0,2.0,0.0,1,2800000.0,2540000.0,260000.0,260000.0,3000000.0,21.0,217857.14285714287,182142.8571428572,-42142.85714285713,0.8379120879120879,0.0,-77857.14285714281
B110808-13,10,10,0.7,0.4,0.3,4.0,40,31,5.0,0.5,6.0,7.0,1,0,2011,연체중,손실,745,447,100만원,12개월,0.3,남자,34세,사무직,2200000.0,1380000.0,,,,,,,1,2200000.0,1380000.0,820000.0,820000.0,1000000.0,12.0,108333.33333333331,96875.0,-711666.6666666667,0.13211382113821135,0.0,-723125.0
B110808-6,6,6,1.0,0.5,0.0,0.0,0,0,,,,,0,0,2011,정상종료,완납,81,141,200만원,6개월,0.3,남자,51세,기술직,2700000.0,2140000.0,,27.0,17.0,34.0,2.0,8.0,1,2700000.0,2140000.0,560000.0,560000.0,2000000.0,6.0,383333.3333333333,362500.0,-176666.6666666667,0.6845238095238095,0.0,-197500.0
B110809-3,12,12,1.0,0.8333,0.0,0.0,0,0,,,,,0,0,2011,정상종료,완납,32,90,200만원,12개월,0.3,남자,44세,기술직,2850000.0,2500000.0,,,,,,,1,2850000.0,2500000.0,350000.0,350000.0,2000000.0,12.0,216666.66666666663,193750.0,-133333.33333333337,0.619047619047619,0.0,-156250.0
B110810-1,3,3,0.6667,0.6667,0.3333,10.333,31,31,3.0,1.0,,,1,0,2011,연체중,손실,299,1113,200만원,12개월,0.3,남자,53세,기술직,3200000.0,2630000.0,,,,,,,1,3200000.0,2630000.0,570000.0,570000.0,2000000.0,12.0,216666.66666666663,193750.0,-353333.3333333334,0.3801169590643274,0.0,-376250.0
B110810-8,10,10,0.0,0.0,1.0,23.0,230,30,1.0,0.1,,,1,0,2011,정상종료,완납,290,728,150만원,12개월,0.3,남자,48세,사무직,2530000.0,2280000.0,,30.0,15.0,37.0,5.0,0.0,1,2530000.0,2280000.0,250000.0,250000.0,1500000.0,12.0,162500.0,145312.5,-87500.0,0.65,0.0,-104687.5
B110811-11,2,2,0.0,0.0,1.0,21.0,42,31,1.0,0.5,,,1,0,2011,연체중,손실,81,795,150만원,12개월,0.3,여자,38세,기타,2700000.0,2350000.0,,,,,,,1,2700000.0,2350000.0,350000.0,350000.0,1500000.0,12.0,162500.0,145312.5,-187500.0,0.4642857142857143,0.0,-204687.5
B110811-13,15,15,1.0,0.4,0.0,0.0,0,0,,,,,0,0,2011,정상종료,완납,618,2498,300만원,15개월,0.3,남자,69세,사무직,2260000.0,1810000.0,,,,,,,1,2260000.0,1810000.0,450000.0,450000.0,3000000.0,15.0,275000.0,240000.0,-175000.0,0.6111111111111112,0.0,-210000.0
B110811-20,8,8,1.0,1.0,0.0,0.0,0,0,,,,,0,0,2011,정상종료,완납,276,435,300만원,15개월,0.3,여자,46세,콜센터,2000000.0,1330000.0,,95.0,76.0,2.0,0.0,0.0,1,2000000.0,1330000.0,670000.0,670000.0,3000000.0,15.0,275000.0,240000.0,-395000.0,0.41044776119402987,0.0,-430000.0
B110815-1,22,22,0.1818,0.1818,0.8182,20.0,440,31,1.0,0.045,3.0,5.0,1,0,2011,연체중,손실,303,479,300만원,24개월,0.3,남자,52세,사무직,2890000.0,2440000.0,,,,,,,1,2890000.0,2440000.0,450000.0,450000.0,3000000.0,24.0,200000.0,164062.5,-250000.0,0.4444444444444444,0.0,-285937.5
B110816-13,15,15,1.0,0.2,0.0,0.0,0,0,,,,,0,0,2011,정상종료,완납,197,622,300만원,15개월,0.3,남자,50세,기술직,2680000.0,2160000.0,,20.0,7.0,1.0,0.0,0.0,1,2680000.0,2160000.0,520000.0,520000.0,3000000.0,15.0,275000.0,240000.0,-245000.0,0.5288461538461539,0.0,-280000.0
B110818-3,10,10,1.0,0.8,0.0,0.0,0,0,,,,,0,0,2011,정상종료,완납,250,194,100만원,12개월,0.3,남자,34세,영업직,1350000.0,1130000.0,,10.0,8.0,1.0,0.0,0.0,1,1350000.0,1130000.0,220000.0,220000.0,1000000.0,12.0,108333.33333333331,96875.0,-111666.66666666669,0.4924242424242423,0.0,-123125.0
B110818-7,12,12,0.8333,0.6667,0.1667,2.833,34,31,5.0,0.417,6.0,12.0,1,0,2011,연체중,손실,660,611,500만원,24개월,0.3,여자,40세,기타,3300000.0,2110000.0,,58.0,40.0,6.0,0.0,0.0,1,3300000.0,2110000.0,1190000.0,1190000.0,5000000.0,24.0,333333.3333333334,273437.5,-856666.6666666666,0.28011204481792723,0.0,-916562.5
B110819-12,14,14,1.0,1.0,0.0,0.0,0,0,,,,,0,0,2011,정상종료,완납,338,336,300만원,15개월,0.3,남자,48세,영업직,2800000.0,2420000.0,,52.0,47.0,0.0,0.0,0.0,1,2800000.0,2420000.0,380000.0,380000.0,3000000.0,15.0,275000.0,240000.0,-105000.0,0.7236842105263158,0.0,-140000.0
B110819-5,24,24,0.5833,0.3333,0.4167,2.792,67,11,10.0,0.417,12.0,13.0,1,0,2011,정상종료,완납,650,623,300만원,24개월,0.3,여자,47세,사무직,2000000.0,1570000.0,,,,,,,1,2000000.0,1570000.0,430000.0,430000.0,3000000.0,24.0,200000.0,164062.5,-230000.0,0.46511627906976744,0.0,-265937.5
B110821-2,22,22,1.0,0.7727,0.0,0.0,0,0,,,,,0,0,2011,정상종료,완납,66,1079,300만원,24개월,0.3,남자,63세,기타,2500000.0,1800000.0,,69.0,56.0,5.0,0.0,0.0,1,2500000.0,1800000.0,700000.0,700000.0,3000000.0,24.0,200000.0,164062.5,-500000.0,0.2857142857142857,0.0,-535937.5
B110822-13,24,24,0.2083,0.0417,0.7917,17.125,411,30,5.0,0.208,7.0,8.0,1,0,2011,정상종료,완납,655,1012,300만원,24개월,0.3,여자,42세,기타,1200000.0,920000.0,,18.0,7.0,19.0,7.0,0.0,1,1200000.0,920000.0,280000.0,280000.0,3000000.0,24.0,200000.0,164062.5,-80000.0,0.7142857142857143,0.0,-115937.5
B110824-10,5,5,0.8,0.4,0.2,6.2,31,31,5.0,1.0,,,1,0,2011,연체중,손실,128,672,100만원,6개월,0.3,여자,50세,영업직,2800000.0,2410000.0,,,,,,,1,2800000.0,2410000.0,390000.0,390000.0,1000000.0,6.0,191666.66666666663,181250.0,-198333.33333333337,0.4914529914529914,0.0,-208750.0
B110824-7,10,10,1.0,0.8,0.0,0.0,0,0,,,,,0,0,2011,정상종료,완납,839,924,150만원,12개월,0.3,남자,47세,사무직,1780000.0,1350000.0,,31.0,20.0,12.0,0.0,0.0,1,1780000.0,1350000.0,430000.0,430000.0,1500000.0,12.0,162500.0,145312.5,-267500.0,0.37790697674418605,0.0,-284687.5
B110826-1,3,3,0.0,0.0,1.0,16.333,49,31,1.0,0.333,,,1,0,2011,연체중,손실,339,522,100만원,6개월,0.25,여자,34세,기타,1220000.0,890000.0,,,,,,,1,1220000.0,890000.0,330000.0,330000.0,1000000.0,6.0,187500.0,178819.44444444444,-142500.0,0.5681818181818182,0.0,-151180.55555555556
B110827-6,5,5,1.0,1.0,0.0,0.0,0,0,,,,,0,0,2011,정상종료,완납,811,422,200만원,6개월,0.3,여자,39세,요식업,9000000.0,8250000.0,,22.0,7.0,4.0,0.0,0.0,1,9000000.0,8250000.0,750000.0,750000.0,2000000.0,6.0,383333.3333333333,362500.0,-366666.6666666667,0.5111111111111111,0.0,-387500.0
B110828-3,4,4,0.0,0.0,1.0,19.75,79,31,1.0,0.25,,,1,0,2011,연체중,손실,605,691,150만원,6개월,0.3,여자,38세,기타,600000.0,1570000.0,,,,,,,1,600000.0,1570000.0,-970000.0,-970000.0,1500000.0,6.0,287500.0,271875.0,1257500.0,,1.0,1241875.0
B110829-7,12,12,0.5,0.0833,0.5,1.0,12,6,4.0,0.333,6.0,9.0,1,0,2011,정상종료,완납,95,646,200만원,12개월,0.3,여자,49세,사무직,3100000.0,2320000.0,,32.0,14.0,14.0,1.0,0.0,1,3100000.0,2320000.0,780000.0,780000.0,2000000.0,12.0,216666.66666666663,193750.0,-563333.3333333334,0.27777777777777773,0.0,-586250.0
B110830-14,11,11,0.2727,0.0,0.7273,7.091,78,18,1.0,0.091,3.0,5.0,1,0,2011,정상종료,완납,413,842,250만원,12개월,0.3,여자,47세,사무직,4200000.0,3300000.0,,5.0,0.0,13.0,1.0,0.0,1,4200000.0,3300000.0,900000.0,900000.0,2500000.0,12.0,270833.3333333334,242187.5,-629166.6666666666,0.300925925925926,0.0,-657812.5
B110901-10,6,6,0.3333,0.1667,0.6667,1.5,9,6,2.0,0.333,4.0,5.0,1,0,2011,정상종료,완납,234,174,100만원,6개월,0.3,남자,53세,증권사,2700000.0,2140000.0,,,,,,,1,2700000.0,2140000.0,560000.0,560000.0,1000000.0,6.0,191666.66666666663,181250.0,-368333.3333333334,0.3422619047619047,0.0,-378750.0
B110901-11,16,16,0.9375,0.0625,0.0625,0.062,1,1,15.0,0.938,16.0,,1,0,2011,정상종료,완납,78,288,400만원,24개월,0.3,,0세,사무직,2050000.0,1870000.0,,,,,,,1,2050000.0,1870000.0,180000.0,180000.0,4000000.0,24.0,266666.6666666666,218750.0,86666.66666666663,1.4814814814814812,1.0,38750.0
B110905-9,5,5,1.0,0.6,0.0,0.0,0,0,,,,,0,0,2011,정상종료,완납,395,298,200만원,6개월,0.3,여자,39세,사무직,2400000.0,1620000.0,,20.0,9.0,4.0,0.0,0.0,1,2400000.0,1620000.0,780000.0,780000.0,2000000.0,6.0,383333.3333333333,362500.0,-396666.6666666667,0.49145299145299143,0.0,-417500.0
B110906-11,7,7,0.8571,0.0,0.1429,4.429,31,31,7.0,1.0,,,1,0,2011,연체중,손실,593,1403,300만원,24개월,0.3,여자,32세,사무직,2100000.0,1670000.0,,7.0,1.0,1.0,0.0,0.0,1,2100000.0,1670000.0,430000.0,430000.0,3000000.0,24.0,200000.0,164062.5,-230000.0,0.46511627906976744,0.0,-265937.5
B110906-12,24,24,0.875,0.2917,0.125,0.417,10,6,5.0,0.208,6.0,7.0,1,0,2011,정상종료,완납,45,3284,350만원,24개월,0.3,여자,47세,기타,1800000.0,1380000.0,,47.0,32.0,3.0,0.0,0.0,1,1800000.0,1380000.0,420000.0,420000.0,3500000.0,24.0,233333.3333333333,191406.25,-186666.6666666667,0.5555555555555555,0.0,-228593.75
B110906-16,4,4,0.25,0.0,0.75,20.5,82,31,2.0,0.5,,,1,0,2011,연체중,손실,170,785,300만원,15개월,0.3,여자,52세,기타,4480000.0,3790000.0,,,,,,,1,4480000.0,3790000.0,690000.0,690000.0,3000000.0,15.0,275000.0,240000.0,-415000.0,0.39855072463768115,0.0,-450000.0
B110909-9,12,12,0.75,0.0,0.25,0.583,7,3,1.0,0.083,2.0,7.0,1,0,2011,정상종료,완납,170,2273,150만원,12개월,0.3,여자,47세,일용직,2300000.0,1830000.0,,19.0,3.0,5.0,0.0,0.0,1,2300000.0,1830000.0,470000.0,470000.0,1500000.0,12.0,162500.0,145312.5,-307500.0,0.34574468085106386,0.0,-324687.5
B110914-13,1,1,0.0,0.0,1.0,31.0,31,31,1.0,1.0,,,1,0,2011,연체중,손실,133,492,150만원,6개월,0.3,남자,46세,기술직,3950000.0,3280000.0,,,,,,,1,3950000.0,3280000.0,670000.0,670000.0,1500000.0,6.0,287500.0,271875.0,-382500.0,0.4291044776119403,0.0,-398125.0
B110914-5,9,9,0.8889,0.0,0.1111,0.444,4,4,4.0,0.444,5.0,,1,0,2011,정상종료,완납,690,425,100만원,9개월,0.3,남자,52세,시설관리업체,2000000.0,1710000.0,,20.0,5.0,1.0,0.0,0.0,1,2000000.0,1710000.0,290000.0,290000.0,1000000.0,9.0,136111.11111111112,125000.0,-153888.88888888888,0.46934865900383144,0.0,-165000.0
B110915-19,18,18,0.7222,0.3333,0.2778,0.556,10,3,10.0,0.556,11.0,12.0,1,0,2011,정상종료,완납,127,537,300만원,18개월,0.3,남자,45세,교수/교사,2200000.0,1960000.0,,,,,,,1,2200000.0,1960000.0,240000.0,240000.0,3000000.0,18.0,241666.66666666663,206250.0,1666.6666666666279,1.0069444444444442,1.0,-33750.0
B110918-2,8,8,0.5,0.125,0.5,8.75,70,31,5.0,0.625,,,1,0,2011,연체중,손실,546,948,200만원,9개월,0.3,남자,42세,영업직,1780000.0,1520000.0,,,,,,,1,1780000.0,1520000.0,260000.0,260000.0,2000000.0,9.0,272222.22222222225,250000.0,12222.222222222248,1.047008547008547,1.0,-10000.0
B110918-4,12,12,0.5833,0.3333,0.4167,2.0,24,11,1.0,0.083,2.0,5.0,1,0,2011,정상종료,완납,144,348,100만원,12개월,0.3,남자,42세,사무직,3000000.0,2530000.0,,10.0,6.0,14.0,0.0,0.0,1,3000000.0,2530000.0,470000.0,470000.0,1000000.0,12.0,108333.33333333331,96875.0,-361666.6666666667,0.2304964539007092,0.0,-373125.0
B110920-5,3,3,0.0,0.0,1.0,22.0,66,31,1.0,0.333,,,1,0,2011,연체중,손실,1905,1509,150만원,12개월,0.3,남자,42세,사무직,1000000.0,890000.0,,,,,,,1,1000000.0,890000.0,110000.0,110000.0,1500000.0,12.0,162500.0,145312.5,52500.0,1.4772727272727273,1.0,35312.5
B110921-11,9,9,0.8889,0.5556,0.1111,1.0,9,9,4.0,0.444,5.0,,1,0,2011,정상종료,완납,337,764,200만원,9개월,0.3,여자,36세,생산직,2300000.0,1970000.0,,,,,,,1,2300000.0,1970000.0,330000.0,330000.0,2000000.0,9.0,272222.22222222225,250000.0,-57777.77777777775,0.824915824915825,0.0,-80000.0
B110921-7,19,19,0.1579,0.0526,0.8421,16.789,319,31,3.0,0.158,4.0,5.0,1,0,2011,연체중,손실,468,1028,300만원,24개월,0.3,여자,45세,보험설계사,4100000.0,3670000.0,,20.0,11.0,22.0,3.0,0.0,1,4100000.0,3670000.0,430000.0,430000.0,3000000.0,24.0,200000.0,164062.5,-230000.0,0.46511627906976744,0.0,-265937.5
B110922-6,9,9,0.0,0.0,1.0,12.333,111,31,1.0,0.111,,,1,0,2011,손실(상환완료),손실,177,949,100만원,9개월,0.3,여자,55세,영업직,1750000.0,1510000.0,,,,,,,1,1750000.0,1510000.0,240000.0,240000.0,1000000.0,9.0,136111.11111111112,125000.0,-103888.88888888888,0.5671296296296297,0.0,-115000.0
B110923-8,7,7,0.4286,0.1429,0.5714,8.0,56,31,4.0,0.571,,,1,0,2011,연체중,손실,163,392,300만원,15개월,0.3,남자,34세,기술직,2100000.0,1750000.0,,17.0,9.0,5.0,0.0,0.0,1,2100000.0,1750000.0,350000.0,350000.0,3000000.0,15.0,275000.0,240000.0,-75000.0,0.7857142857142857,0.0,-110000.0
B110926-10,8,8,0.375,0.125,0.625,5.125,41,31,1.0,0.125,3.0,6.0,1,0,2011,연체중,손실,232,376,250만원,12개월,0.3,남자,42세,기술직,3300000.0,2870000.0,,,,,,,1,3300000.0,2870000.0,430000.0,430000.0,2500000.0,12.0,270833.3333333334,242187.5,-159166.66666666663,0.6298449612403102,0.0,-187812.5
B110926-5,9,9,0.7778,0.5556,0.2222,0.333,3,2,4.0,0.444,5.0,8.0,1,0,2011,정상종료,완납,108,630,100만원,12개월,0.3,여자,44세,간호사,1300000.0,910000.0,,,,,,,1,1300000.0,910000.0,390000.0,390000.0,1000000.0,12.0,108333.33333333331,96875.0,-281666.6666666667,0.27777777777777773,0.0,-293125.0
B110926-9,1,1,0.0,0.0,1.0,31.0,31,31,1.0,1.0,,,1,0,2011,연체중,손실,114,903,100만원,12개월,0.3,남자,40세,기타,2700000.0,2310000.0,,,,,,,1,2700000.0,2310000.0,390000.0,390000.0,1000000.0,12.0,108333.33333333331,96875.0,-281666.6666666667,0.27777777777777773,0.0,-293125.0
B110927-13,5,5,1.0,1.0,0.0,0.0,0,0,,,,,0,0,2011,정상종료,완납,226,213,100만원,9개월,0.29,남자,55세,공공기관,3300000.0,130000.0,,43.0,32.0,11.0,0.0,0.0,1,3300000.0,130000.0,3170000.0,3170000.0,1000000.0,9.0,135277.77777777778,124537.03703703704,-3034722.222222222,0.042674377847879426,0.0,-3045462.962962963
B110927-16,12,12,0.6667,0.3333,0.3333,2.083,25,10,1.0,0.083,3.0,8.0,1,0,2011,정상종료,완납,269,548,150만원,12개월,0.3,남자,56세,사무직,2900000.0,2140000.0,,15.0,7.0,7.0,0.0,0.0,1,2900000.0,2140000.0,760000.0,760000.0,1500000.0,12.0,162500.0,145312.5,-597500.0,0.2138157894736842,0.0,-614687.5
B110929-16,9,9,0.3333,0.0,0.6667,13.111,118,31,2.0,0.222,3.0,5.0,1,0,2011,연체중,손실,818,1159,100만원,12개월,0.3,여자,47세,영업직,3660000.0,3230000.0,,,,,,,1,3660000.0,3230000.0,430000.0,430000.0,1000000.0,12.0,108333.33333333331,96875.0,-321666.6666666667,0.251937984496124,0.0,-333125.0
B110929-2,22,22,0.9091,0.8636,0.0909,0.091,2,1,18.0,0.818,20.0,,1,0,2011,정상종료,완납,304,491,500만원,24개월,0.3,남자,54세,학원,6160000.0,5150000.0,,67.0,65.0,2.0,0.0,0.0,1,6160000.0,5150000.0,1010000.0,1010000.0,5000000.0,24.0,333333.3333333334,273437.5,-676666.6666666666,0.3300330033003301,0.0,-736562.5
B111004-17,24,24,0.9167,0.6667,0.0833,1.0,24,17,21.0,0.875,23.0,,1,0,2011,정상종료,완납,1196,450,450만원,24개월,0.3,여자,52세,사무직,2000000.0,1530000.0,,52.0,46.0,2.0,0.0,0.0,1,2000000.0,1530000.0,470000.0,470000.0,4500000.0,24.0,300000.0,246093.75,-170000.0,0.6382978723404256,0.0,-223906.25
B111004-18,21,21,0.8571,0.0952,0.1429,1.571,33,31,2.0,0.095,3.0,18.0,1,0,2011,손실(상환완료),손실,351,229,300만원,24개월,0.3,여자,41세,교수/교사,2100000.0,1640000.0,,19.0,3.0,2.0,0.0,0.0,1,2100000.0,1640000.0,460000.0,460000.0,3000000.0,24.0,200000.0,164062.5,-260000.0,0.43478260869565216,0.0,-295937.5
B111005-16,10,10,0.3,0.2,0.7,13.9,139,31,4.0,0.4,,,1,0,2011,연체중,손실,400,1281,200만원,12개월,0.3,여자,57세,교수/교사,1600000.0,1550000.0,,11.0,4.0,9.0,1.0,0.0,1,1600000.0,1550000.0,50000.0,50000.0,2000000.0,12.0,216666.66666666663,193750.0,166666.66666666663,4.333333333333332,1.0,143750.0
B111005-17,11,11,0.6364,0.1818,0.3636,0.364,4,1,2.0,0.182,3.0,4.0,1,0,2011,정상종료,완납,199,859,200만원,12개월,0.3,여자,45세,기타,2330000.0,1830000.0,,39.0,12.0,8.0,0.0,0.0,1,2330000.0,1830000.0,500000.0,500000.0,2000000.0,12.0,216666.66666666663,193750.0,-283333.3333333334,0.43333333333333324,0.0,-306250.0
B111005-21,9,9,0.3333,0.2222,0.6667,13.667,123,30,4.0,0.444,,,1,0,2011,정상종료,완납,188,297,100만원,9개월,0.3,여자,36세,생산직,2300000.0,2020000.0,,3.0,2.0,6.0,1.0,0.0,1,2300000.0,2020000.0,280000.0,280000.0,1000000.0,9.0,136111.11111111112,125000.0,-143888.88888888888,0.48611111111111116,0.0,-155000.0
B111007-17,18,18,0.9444,0.2778,0.0556,0.111,2,2,1.0,0.056,2.0,,1,0,2011,정상종료,완납,447,377,300만원,18개월,0.3,남자,54세,사무직,3400000.0,2290000.0,,,,,,,1,3400000.0,2290000.0,1110000.0,1110000.0,3000000.0,18.0,241666.66666666663,206250.0,-868333.3333333334,0.2177177177177177,0.0,-903750.0
B111009-4,12,12,1.0,0.5,0.0,0.0,0,0,,,,,0,0,2011,정상종료,완납,207,476,200만원,12개월,0.3,남자,48세,공기업,3300000.0,2710000.0,,48.0,14.0,7.0,0.0,0.0,1,3300000.0,2710000.0,590000.0,590000.0,2000000.0,12.0,216666.66666666663,193750.0,-373333.3333333334,0.36723163841807904,0.0,-396250.0
B111010-1,3,3,0.0,0.0,1.0,23.667,71,31,1.0,0.333,,,1,0,2011,연체중,손실,359,633,100만원,12개월,0.3,남자,37세,사무직,1800000.0,1200000.0,,,,,,,1,1800000.0,1200000.0,600000.0,600000.0,1000000.0,12.0,108333.33333333331,96875.0,-491666.6666666667,0.18055555555555552,0.0,-503125.0
B111010-7,6,6,0.1667,0.0,0.8333,2.5,15,4,1.0,0.167,2.0,3.0,1,0,2011,정상종료,완납,325,673,100만원,6개월,0.3,여자,38세,서비스업,2000000.0,1690000.0,,6.0,0.0,16.0,1.0,0.0,1,2000000.0,1690000.0,310000.0,310000.0,1000000.0,6.0,191666.66666666663,181250.0,-118333.33333333337,0.618279569892473,0.0,-128750.0
B111011-8,5,5,0.4,0.2,0.6,7.8,39,31,1.0,0.2,2.0,3.0,1,0,2011,연체중,손실,118,347,200만원,12개월,0.3,여자,37세,기타,1900000.0,1620000.0,,,,,,,1,1900000.0,1620000.0,280000.0,280000.0,2000000.0,12.0,216666.66666666663,193750.0,-63333.33333333337,0.7738095238095237,0.0,-86250.0
B111013-19,13,13,1.0,0.5385,0.0,0.0,0,0,,,,,0,0,2011,정상종료,완납,182,351,500만원,15개월,0.3,여자,43세,콜센터,1800000.0,1420000.0,,90.0,74.0,1.0,0.0,0.0,1,1800000.0,1420000.0,380000.0,380000.0,5000000.0,15.0,458333.3333333333,400000.0,78333.33333333331,1.2061403508771928,1.0,20000.0
B111013-5,18,18,1.0,1.0,0.0,0.0,0,0,,,,,0,0,2011,정상종료,완납,80,141,300만원,18개월,0.3,여자,58세,시설관리업체,4840000.0,4390000.0,,70.0,66.0,0.0,0.0,0.0,1,4840000.0,4390000.0,450000.0,450000.0,3000000.0,18.0,241666.66666666663,206250.0,-208333.33333333337,0.537037037037037,0.0,-243750.0
B111014-11,24,24,0.4583,0.2083,0.5417,2.542,61,12,3.0,0.125,4.0,5.0,1,0,2011,정상종료,완납,1292,923,300만원,24개월,0.3,여자,47세,학원,4700000.0,3920000.0,,18.0,11.0,18.0,0.0,0.0,1,4700000.0,3920000.0,780000.0,780000.0,3000000.0,24.0,200000.0,164062.5,-580000.0,0.2564102564102564,0.0,-615937.5
B111014-7,8,8,0.75,0.625,0.25,7.25,58,31,7.0,0.875,,,1,0,2011,연체중,손실,696,899,900만원,24개월,0.3,남자,46세,사무직,1610000.0,1120000.0,,31.0,24.0,2.0,0.0,0.0,1,1610000.0,1120000.0,490000.0,490000.0,9000000.0,24.0,600000.0,492187.5,110000.0,1.2244897959183674,1.0,2187.5
B111014-9,1,1,0.0,0.0,1.0,31.0,31,31,1.0,1.0,,,1,0,2011,연체중,손실,316,540,200만원,9개월,0.3,남자,38세,생산직,2200000.0,1800000.0,,,,,,,1,2200000.0,1800000.0,400000.0,400000.0,2000000.0,9.0,272222.22222222225,250000.0,-127777.77777777775,0.6805555555555556,0.0,-150000.0
B111017-15,12,12,0.75,0.4167,0.25,1.417,17,10,2.0,0.167,4.0,7.0,1,0,2011,정상종료,완납,288,488,250만원,12개월,0.3,남자,59세,운전직,2300000.0,1580000.0,,19.0,13.0,5.0,0.0,0.0,1,2300000.0,1580000.0,720000.0,720000.0,2500000.0,12.0,270833.3333333334,242187.5,-449166.6666666666,0.37615740740740744,0.0,-477812.5
B111017-4,8,8,0.625,0.375,0.375,7.625,61,31,6.0,0.75,,,1,0,2011,연체중,손실,278,554,300만원,24개월,0.3,남자,48세,운전직,2020000.0,1830000.0,,11.0,9.0,2.0,0.0,0.0,1,2020000.0,1830000.0,190000.0,190000.0,3000000.0,24.0,200000.0,164062.5,10000.0,1.0526315789473684,1.0,-25937.5
B111019-11,8,8,0.25,0.0,0.75,21.75,174,31,3.0,0.375,,,1,0,2011,연체중,손실,114,534,200만원,12개월,0.3,여자,45세,기타,3000000.0,2250000.0,,11.0,3.0,4.0,4.0,0.0,1,3000000.0,2250000.0,750000.0,750000.0,2000000.0,12.0,216666.66666666663,193750.0,-533333.3333333334,0.28888888888888886,0.0,-556250.0
B111019-2,6,6,1.0,1.0,0.0,0.0,0,0,,,,,0,0,2011,정상종료,완납,342,527,300만원,15개월,0.3,남자,63세,기술직,1900000.0,1180000.0,,24.0,24.0,8.0,0.0,0.0,1,1900000.0,1180000.0,720000.0,720000.0,3000000.0,15.0,275000.0,240000.0,-445000.0,0.3819444444444444,0.0,-480000.0
B111019-5,20,20,0.95,0.7,0.05,1.55,31,31,20.0,1.0,,,1,0,2011,연체중,손실,343,1032,1000만원,24개월,0.199,남자,48세,사무직,5000000.0,3580000.0,,39.0,33.0,0.0,0.0,0.0,1,5000000.0,3580000.0,1420000.0,1420000.0,10000000.0,24.0,582500.0,503038.1944444445,-837500.0,0.4102112676056338,0.0,-916961.8055555555
B111020-10,1,1,0.0,0.0,1.0,31.0,31,31,1.0,1.0,,,1,0,2011,연체중,손실,131,312,100만원,6개월,0.3,여자,41세,보험설계사,2000000.0,1110000.0,,,,,,,1,2000000.0,1110000.0,890000.0,890000.0,1000000.0,6.0,191666.66666666663,181250.0,-698333.3333333334,0.21535580524344564,0.0,-708750.0
B111020-8,11,11,0.9091,0.2727,0.0909,0.091,1,1,6.0,0.545,7.0,,1,0,2011,정상종료,완납,329,456,300만원,15개월,0.3,남자,54세,운전직,1950000.0,990000.0,,114.0,90.0,4.0,0.0,0.0,1,1950000.0,990000.0,960000.0,960000.0,3000000.0,15.0,275000.0,240000.0,-685000.0,0.2864583333333333,0.0,-720000.0
B111024-9,15,15,0.7333,0.2667,0.2667,0.467,7,3,7.0,0.467,9.0,10.0,1,0,2011,정상종료,완납,503,1045,300만원,15개월,0.3,여자,42세,콜센터,3900000.0,3390000.0,,62.0,13.0,24.0,1.0,0.0,1,3900000.0,3390000.0,510000.0,510000.0,3000000.0,15.0,275000.0,240000.0,-235000.0,0.5392156862745098,0.0,-270000.0
B111025-15,20,20,1.0,1.0,0.0,0.0,0,0,,,,,0,0,2011,정상종료,완납,342,267,300만원,24개월,0.3,남자,42세,기타,1780000.0,1450000.0,,61.0,60.0,4.0,0.0,0.0,1,1780000.0,1450000.0,330000.0,330000.0,3000000.0,24.0,200000.0,164062.5,-130000.0,0.6060606060606061,0.0,-165937.5
B111026-23,12,12,0.9167,0.5833,0.0833,0.25,3,3,11.0,0.917,12.0,,1,0,2011,정상종료,완납,412,863,250만원,12개월,0.3,남자,43세,기술직,1620000.0,1290000.0,,24.0,17.0,11.0,0.0,0.0,1,1620000.0,1290000.0,330000.0,330000.0,2500000.0,12.0,270833.3333333334,242187.5,-59166.66666666663,0.8207070707070708,0.0,-87812.5
B111027-11,12,12,0.4167,0.1667,0.5833,7.583,91,30,5.0,0.417,12.0,,1,0,2011,정상종료,완납,113,487,200만원,12개월,0.3,여자,41세,기타,1530000.0,1430000.0,,12.0,3.0,14.0,1.0,0.0,1,1530000.0,1430000.0,100000.0,100000.0,2000000.0,12.0,216666.66666666663,193750.0,116666.66666666663,2.166666666666666,1.0,93750.0
B111028-2,12,12,1.0,0.9167,0.0,0.0,0,0,,,,,0,0,2011,정상종료,완납,157,208,100만원,12개월,0.3,여자,54세,사무직,1400000.0,1250000.0,,51.0,40.0,9.0,0.0,0.0,1,1400000.0,1250000.0,150000.0,150000.0,1000000.0,12.0,108333.33333333331,96875.0,-41666.666666666686,0.7222222222222221,0.0,-53125.0
B111031-3,21,21,0.7143,0.6667,0.2857,3.476,73,24,14.0,0.667,16.0,17.0,1,0,2011,정상종료,완납,843,2268,400만원,21개월,0.3,여자,36세,사무직,1550000.0,1240000.0,,75.0,68.0,34.0,0.0,0.0,1,1550000.0,1240000.0,310000.0,310000.0,4000000.0,21.0,290476.1904761905,242857.14285714284,-19523.809523809527,0.9370199692780338,0.0,-67142.85714285716
B111101-10,22,22,0.7727,0.0909,0.2273,3.091,68,31,13.0,0.591,15.0,20.0,1,0,2011,연체중,손실,751,1432,300만원,24개월,0.3,여자,39세,요식업,9000000.0,6980000.0,,22.0,7.0,4.0,0.0,0.0,1,9000000.0,6980000.0,2020000.0,2020000.0,3000000.0,24.0,200000.0,164062.5,-1820000.0,0.09900990099009901,0.0,-1855937.5
B111101-20,6,6,0.8333,0.3333,0.1667,0.167,1,1,1.0,0.167,2.0,,1,0,2011,정상종료,완납,574,1020,100만원,6개월,0.3,여자,36세,서비스업,4200000.0,1920000.0,,14.0,5.0,4.0,0.0,0.0,1,4200000.0,1920000.0,2280000.0,2280000.0,1000000.0,6.0,191666.66666666663,181250.0,-2088333.3333333335,0.0840643274853801,0.0,-2098750.0
B111102-8,6,6,0.0,0.0,1.0,7.667,46,17,1.0,0.167,,,1,0,2011,정상종료,완납,215,332,100만원,6개월,0.3,남자,39세,법조인,1350000.0,1000000.0,,,,,,,1,1350000.0,1000000.0,350000.0,350000.0,1000000.0,6.0,191666.66666666663,181250.0,-158333.33333333337,0.5476190476190476,0.0,-168750.0
B111103-22,6,6,1.0,0.8333,0.0,0.0,0,0,,,,,0,0,2011,정상종료,완납,36,162,200만원,6개월,0.2,남자,54세,시설관리업체,1800000.0,1500000.0,,15.0,11.0,0.0,0.0,0.0,1,1800000.0,1500000.0,300000.0,300000.0,2000000.0,6.0,366666.6666666666,352777.7777777777,66666.66666666663,1.222222222222222,1.0,52777.777777777694
B111103-26,24,24,0.9167,0.5417,0.0833,0.167,4,3,12.0,0.5,13.0,24.0,1,0,2011,정상종료,완납,168,1526,300만원,24개월,0.3,여자,50세,생산직,2200000.0,1670000.0,,,,,,,1,2200000.0,1670000.0,530000.0,530000.0,3000000.0,24.0,200000.0,164062.5,-330000.0,0.37735849056603776,0.0,-365937.5
B111107-14,24,24,0.375,0.3333,0.625,5.792,139,13,5.0,0.208,6.0,7.0,1,0,2011,정상종료,완납,59,1060,300만원,24개월,0.3,남자,54세,사무직,5000000.0,4520000.0,,19.0,17.0,15.0,0.0,0.0,1,5000000.0,4520000.0,480000.0,480000.0,3000000.0,24.0,200000.0,164062.5,-280000.0,0.4166666666666667,0.0,-315937.5
B111108-1,6,6,0.3333,0.1667,0.6667,10.667,64,31,2.0,0.333,3.0,4.0,1,0,2011,손실(상환완료),손실,558,723,300만원,15개월,0.3,남자,47세,기술직,3820000.0,3610000.0,,11.0,7.0,5.0,0.0,0.0,1,3820000.0,3610000.0,210000.0,210000.0,3000000.0,15.0,275000.0,240000.0,65000.0,1.3095238095238095,1.0,30000.0
B111108-3,18,18,0.6111,0.5,0.3889,8.222,148,31,12.0,0.667,,,1,0,2011,손실(상환완료),손실,190,379,300만원,18개월,0.3,여자,50세,기타,4150000.0,2880000.0,,19.0,16.0,7.0,0.0,0.0,1,4150000.0,2880000.0,1270000.0,1270000.0,3000000.0,18.0,241666.66666666663,206250.0,-1028333.3333333334,0.19028871391076113,0.0,-1063750.0
B111111-3,22,22,0.5455,0.1818,0.4545,5.636,124,31,5.0,0.227,6.0,9.0,1,0,2011,연체중,손실,82,408,300만원,24개월,0.3,여자,47세,사무직,1800000.0,1620000.0,,35.0,14.0,10.0,0.0,0.0,1,1800000.0,1620000.0,180000.0,180000.0,3000000.0,24.0,200000.0,164062.5,20000.0,1.1111111111111112,1.0,-15937.5
B111111-6,14,14,0.9286,0.3571,0.0714,0.071,1,1,8.0,0.571,9.0,,1,0,2011,정상종료,완납,152,252,300만원,15개월,0.3,남자,49세,보험설계사,4300000.0,4090000.0,,19.0,10.0,1.0,0.0,0.0,1,4300000.0,4090000.0,210000.0,210000.0,3000000.0,15.0,275000.0,240000.0,65000.0,1.3095238095238095,1.0,30000.0
B111116-14,13,13,0.1538,0.0769,0.8462,21.462,279,31,2.0,0.154,3.0,4.0,1,0,2011,손실(상환완료),손실,376,555,300만원,18개월,0.3,여자,51세,사무직,1300000.0,730000.0,,7.0,3.0,11.0,6.0,0.0,1,1300000.0,730000.0,570000.0,570000.0,3000000.0,18.0,241666.66666666663,206250.0,-328333.3333333334,0.42397660818713445,0.0,-363750.0
B111116-26,5,5,0.2,0.0,0.8,13.4,67,31,2.0,0.4,,,1,0,2011,연체중,손실,231,1642,300만원,15개월,0.3,여자,52세,기타,4500000.0,4110000.0,,,,,,,1,4500000.0,4110000.0,390000.0,390000.0,3000000.0,15.0,275000.0,240000.0,-115000.0,0.7051282051282052,0.0,-150000.0
B111116-8,15,15,0.9333,0.8667,0.0667,0.133,2,2,5.0,0.333,6.0,,1,0,2011,정상종료,완납,248,527,500만원,24개월,0.3,남자,40세,기타,3000000.0,2580000.0,,40.0,39.0,1.0,0.0,0.0,1,3000000.0,2580000.0,420000.0,420000.0,5000000.0,24.0,333333.3333333334,273437.5,-86666.66666666663,0.7936507936507937,0.0,-146562.5
B111121-26,1,1,1.0,1.0,0.0,0.0,0,0,,,,,0,0,2011,정상종료,완납,292,242,100만원,6개월,0.25,남자,46세,서비스업,2270000.0,1450000.0,,,,,,,1,2270000.0,1450000.0,820000.0,820000.0,1000000.0,6.0,187500.0,178819.44444444444,-632500.0,0.22865853658536586,0.0,-641180.5555555555
B111123-15,7,7,0.4286,0.0,0.5714,13.143,92,31,4.0,0.571,,,1,0,2011,연체중,손실,567,787,300만원,24개월,0.3,여자,46세,기타,3500000.0,3110000.0,,,,,,,1,3500000.0,3110000.0,390000.0,390000.0,3000000.0,24.0,200000.0,164062.5,-190000.0,0.5128205128205128,0.0,-225937.5
B111124-4,4,4,0.0,0.0,1.0,17.0,68,31,1.0,0.25,,,1,0,2011,연체중,손실,218,931,300만원,18개월,0.3,남자,53세,영업직,3950000.0,3610000.0,,9.0,4.0,3.0,1.0,0.0,1,3950000.0,3610000.0,340000.0,340000.0,3000000.0,18.0,241666.66666666663,206250.0,-98333.33333333337,0.7107843137254901,0.0,-133750.0
B111125-3,4,4,1.0,1.0,0.0,0.0,0,0,,,,,0,0,2011,정상종료,완납,187,978,200만원,9개월,0.3,여자,47세,학원,4200000.0,3910000.0,,67.0,51.0,3.0,0.0,0.0,1,4200000.0,3910000.0,290000.0,290000.0,2000000.0,9.0,272222.22222222225,250000.0,-17777.777777777752,0.9386973180076629,0.0,-40000.0
B111126-2,24,24,0.75,0.2083,0.25,0.333,8,2,10.0,0.417,11.0,12.0,1,0,2011,정상종료,완납,1323,1753,300만원,24개월,0.3,남자,49세,기타,4140000.0,3820000.0,,20.0,6.0,16.0,0.0,0.0,1,4140000.0,3820000.0,320000.0,320000.0,3000000.0,24.0,200000.0,164062.5,-120000.0,0.625,0.0,-155937.5
B111127-1,6,6,1.0,0.8333,0.0,0.0,0,0,,,,,0,0,2011,정상종료,완납,198,170,100만원,6개월,0.3,남자,51세,기타,2500000.0,1680000.0,,77.0,43.0,3.0,0.0,0.0,1,2500000.0,1680000.0,820000.0,820000.0,1000000.0,6.0,191666.66666666663,181250.0,-628333.3333333334,0.23373983739837392,0.0,-638750.0
B111201-29,11,11,1.0,1.0,0.0,0.0,0,0,,,,,0,0,2011,정상종료,완납,241,307,450만원,24개월,0.29,여자,58세,보험설계사,2000000.0,1510000.0,,41.0,41.0,0.0,0.0,0.0,1,2000000.0,1510000.0,490000.0,490000.0,4500000.0,24.0,296250.0,244140.625,-193750.0,0.6045918367346939,0.0,-245859.375
B111205-14,12,12,0.5833,0.0,0.4167,0.417,5,1,5.0,0.417,7.0,8.0,1,0,2011,정상종료,완납,172,1146,250만원,12개월,0.3,여자,38세,기타,3100000.0,2540000.0,,22.0,7.0,14.0,0.0,0.0,1,3100000.0,2540000.0,560000.0,560000.0,2500000.0,12.0,270833.3333333334,242187.5,-289166.6666666666,0.48363095238095244,0.0,-317812.5
B111205-22,12,12,0.9167,0.6667,0.0833,1.167,14,14,5.0,0.417,6.0,,1,0,2011,정상종료,완납,711,1091,200만원,12개월,0.3,여자,42세,기타,1540000.0,1340000.0,,20.0,8.0,4.0,0.0,0.0,1,1540000.0,1340000.0,200000.0,200000.0,2000000.0,12.0,216666.66666666663,193750.0,16666.666666666628,1.083333333333333,1.0,-6250.0
B111205-25,9,9,0.2222,0.0,0.7778,5.222,47,31,2.0,0.222,5.0,6.0,1,0,2011,연체중,손실,205,2777,150만원,12개월,0.3,남자,43세,기타,2900000.0,2350000.0,,,,,,,1,2900000.0,2350000.0,550000.0,550000.0,1500000.0,12.0,162500.0,145312.5,-387500.0,0.29545454545454547,0.0,-404687.5
B111205-7,15,15,0.9333,0.8667,0.0667,0.2,3,3,4.0,0.267,5.0,,1,0,2011,정상종료,완납,1089,1390,300만원,24개월,0.3,남자,44세,기타,3380000.0,2630000.0,,,,,,,1,3380000.0,2630000.0,750000.0,750000.0,3000000.0,24.0,200000.0,164062.5,-550000.0,0.26666666666666666,0.0,-585937.5
B111207-18,9,9,1.0,0.3333,0.0,0.0,0,0,,,,,0,0,2011,정상종료,완납,629,1521,200만원,9개월,0.3,남자,45세,서비스업,6000000.0,5800000.0,,79.0,11.0,5.0,0.0,0.0,1,6000000.0,5800000.0,200000.0,200000.0,2000000.0,9.0,272222.22222222225,250000.0,72222.22222222225,1.3611111111111112,1.0,50000.0
B111209-11,12,12,0.75,0.5833,0.25,2.5,30,19,1.0,0.083,2.0,11.0,1,0,2011,정상종료,완납,262,718,200만원,12개월,0.3,여자,38세,사무직,2060000.0,1760000.0,,18.0,14.0,18.0,0.0,0.0,1,2060000.0,1760000.0,300000.0,300000.0,2000000.0,12.0,216666.66666666663,193750.0,-83333.33333333337,0.7222222222222221,0.0,-106250.0
B111209-9,21,21,0.2857,0.0476,0.7143,3.81,80,10,5.0,0.238,8.0,10.0,1,0,2011,정상종료,완납,213,113,300만원,21개월,0.3,남자,55세,요식업,7500000.0,5620000.0,,30.0,8.0,15.0,0.0,0.0,1,7500000.0,5620000.0,1880000.0,1880000.0,3000000.0,21.0,217857.14285714287,182142.8571428572,-1662142.857142857,0.11588145896656536,0.0,-1697857.1428571427
B111212-2,15,15,0.8667,0.2,0.1333,0.733,11,10,3.0,0.2,4.0,9.0,1,0,2011,정상종료,완납,257,764,300만원,15개월,0.3,여자,44세,기타,2180000.0,1970000.0,,18.0,4.0,9.0,0.0,0.0,1,2180000.0,1970000.0,210000.0,210000.0,3000000.0,15.0,275000.0,240000.0,65000.0,1.3095238095238095,1.0,30000.0
B111214-13,6,6,0.6667,0.1667,0.3333,1.333,8,5,1.0,0.167,2.0,4.0,1,0,2011,정상종료,완납,95,823,200만원,12개월,0.3,남자,68세,시설관리업체,1480000.0,1370000.0,,16.0,11.0,15.0,1.0,0.0,1,1480000.0,1370000.0,110000.0,110000.0,2000000.0,12.0,216666.66666666663,193750.0,106666.66666666663,1.9696969696969693,1.0,83750.0
B111214-6,12,12,0.4167,0.0,0.5833,6.417,77,17,3.0,0.25,4.0,5.0,1,0,2011,정상종료,완납,1278,1238,200만원,12개월,0.3,여자,47세,일용직,1470000.0,1220000.0,,,,,,,1,1470000.0,1220000.0,250000.0,250000.0,2000000.0,12.0,216666.66666666663,193750.0,-33333.33333333337,0.8666666666666665,0.0,-56250.0
B111216-10,21,21,0.3333,0.0,0.6667,9.143,192,30,6.0,0.286,9.0,10.0,1,0,2011,정상종료,완납,184,1314,300만원,21개월,0.3,남자,41세,요식업,0.0,1780000.0,,28.0,6.0,14.0,3.0,0.0,1,0.0,1780000.0,-1780000.0,-1780000.0,3000000.0,21.0,217857.14285714287,182142.8571428572,1997857.142857143,,1.0,1962142.8571428573
B111218-5,12,12,0.3333,0.0833,0.6667,7.667,92,31,1.0,0.083,2.0,3.0,1,0,2011,연체중,손실,231,463,200만원,12개월,0.3,남자,45세,기술직,1440000.0,1250000.0,,10.0,4.0,8.0,0.0,0.0,1,1440000.0,1250000.0,190000.0,190000.0,2000000.0,12.0,216666.66666666663,193750.0,26666.666666666628,1.1403508771929822,1.0,3750.0
B111221-1,4,4,0.25,0.0,0.75,15.5,62,31,1.0,0.25,2.0,3.0,1,0,2011,연체중,손실,670,320,100만원,12개월,0.3,남자,36세,경찰직,1700000.0,1360000.0,,,,,,,1,1700000.0,1360000.0,340000.0,340000.0,1000000.0,12.0,108333.33333333331,96875.0,-231666.6666666667,0.3186274509803921,0.0,-243125.0
B111222-9,2,2,0.0,0.0,1.0,17.5,35,31,1.0,0.5,,,1,0,2011,연체중,손실,287,1639,150만원,6개월,0.3,남자,45세,보험설계사,2500000.0,2280000.0,,,,,,,1,2500000.0,2280000.0,220000.0,220000.0,1500000.0,6.0,287500.0,271875.0,67500.0,1.3068181818181819,1.0,51875.0
B111223-12,9,9,1.0,0.8889,0.0,0.0,0,0,,,,,0,0,2011,정상종료,완납,231,3007,100만원,9개월,0.3,여자,50세,일용직,1200000.0,550000.0,,52.0,42.0,20.0,5.0,0.0,1,1200000.0,550000.0,650000.0,650000.0,1000000.0,9.0,136111.11111111112,125000.0,-513888.8888888889,0.20940170940170943,0.0,-525000.0
B111223-3,13,13,0.9231,0.4615,0.0769,0.077,1,1,10.0,0.769,11.0,,1,0,2011,정상종료,완납,426,1910,500만원,24개월,0.28,여자,47세,기타,3000000.0,2150000.0,,54.0,30.0,5.0,0.0,0.0,1,3000000.0,2150000.0,850000.0,850000.0,5000000.0,24.0,325000.0,269097.22222222225,-525000.0,0.38235294117647056,0.0,-580902.7777777778
B111227-8,3,3,1.0,1.0,0.0,0.0,0,0,,,,,0,0,2011,정상종료,완납,79,538,300만원,15개월,0.3,남자,51세,기술직,2150000.0,1590000.0,,8.0,8.0,1.0,0.0,0.0,1,2150000.0,1590000.0,560000.0,560000.0,3000000.0,15.0,275000.0,240000.0,-285000.0,0.49107142857142855,0.0,-320000.0
B111228-12,5,5,1.0,0.8,0.0,0.0,0,0,,,,,0,0,2011,정상종료,완납,352,291,100만원,6개월,0.3,남자,38세,사무직,1570000.0,1170000.0,,83.0,37.0,2.0,0.0,0.0,1,1570000.0,1170000.0,400000.0,400000.0,1000000.0,6.0,191666.66666666663,181250.0,-208333.33333333337,0.4791666666666666,0.0,-218750.0
B120102-11,7,7,1.0,1.0,0.0,0.0,0,0,,,,,0,0,2012,정상종료,완납,116,617,300만원,15개월,0.3,여자,46세,콜센터,2000000.0,1540000.0,,95.0,76.0,2.0,0.0,0.0,1,2000000.0,1540000.0,460000.0,460000.0,3000000.0,15.0,275000.0,240000.0,-185000.0,0.5978260869565217,0.0,-220000.0
B120103-10,4,4,0.25,0.25,0.75,11.0,44,31,2.0,0.5,,,1,0,2012,연체중,손실,182,400,200만원,12개월,0.3,여자,35세,공공기관,2000000.0,1280000.0,,,,,,,1,2000000.0,1280000.0,720000.0,720000.0,2000000.0,12.0,216666.66666666663,193750.0,-503333.3333333334,0.3009259259259259,0.0,-526250.0
B120103-8,18,18,1.0,0.5,0.0,0.0,0,0,,,,,0,0,2012,정상종료,완납,454,1289,500만원,18개월,0.3,여자,51세,요식업,9000000.0,7930000.0,,42.0,33.0,0.0,0.0,0.0,1,9000000.0,7930000.0,1070000.0,1070000.0,5000000.0,18.0,402777.77777777775,343750.0,-667222.2222222222,0.3764278296988577,0.0,-726250.0
B120105-7,5,5,1.0,0.8,0.0,0.0,0,0,,,,,0,0,2012,정상종료,완납,223,302,150만원,6개월,0.3,여자,42세,요식업,1700000.0,1060000.0,,25.0,19.0,10.0,0.0,0.0,1,1700000.0,1060000.0,640000.0,640000.0,1500000.0,6.0,287500.0,271875.0,-352500.0,0.44921875,0.0,-368125.0
B120106-7,9,9,1.0,1.0,0.0,0.0,0,0,,,,,0,0,2012,정상종료,완납,382,678,100만원,9개월,0.3,여자,46세,기타,3330000.0,3010000.0,,54.0,45.0,31.0,5.0,0.0,1,3330000.0,3010000.0,320000.0,320000.0,1000000.0,9.0,136111.11111111112,125000.0,-183888.88888888888,0.42534722222222227,0.0,-195000.0
B120106-8,18,18,0.2778,0.1667,0.7222,9.167,165,31,1.0,0.056,2.0,4.0,1,0,2012,손실(상환완료),손실,234,662,300만원,24개월,0.3,여자,40세,서비스업,2300000.0,2056010000.0,,27.0,15.0,13.0,0.0,0.0,1,2300000.0,2056010000.0,-2053710000.0,-2053710000.0,3000000.0,24.0,200000.0,164062.5,2053910000.0,,1.0,2053874062.5
B120109-19,3,3,0.3333,0.0,0.6667,10.667,32,31,1.0,0.333,2.0,3.0,1,0,2012,연체중,손실,2491,2236,100만원,6개월,0.3,여자,35세,생산직,1700000.0,1250000.0,,,,,,,1,1700000.0,1250000.0,450000.0,450000.0,1000000.0,6.0,191666.66666666663,181250.0,-258333.33333333337,0.4259259259259258,0.0,-268750.0
B120109-7,11,11,0.3636,0.3636,0.6364,9.818,108,29,2.0,0.182,4.0,5.0,1,0,2012,정상종료,완납,428,593,150만원,12개월,0.3,남자,48세,,,,,9.0,7.0,14.0,0.0,0.0,1,,,,,1500000.0,12.0,162500.0,145312.5,,,,
B120109-8,13,13,0.8462,0.3846,0.1538,0.308,4,2,1.0,0.077,2.0,7.0,1,0,2012,정상종료,완납,272,283,300만원,15개월,0.3,여자,39세,사무직,2400000.0,1660000.0,,20.0,9.0,4.0,0.0,0.0,1,2400000.0,1660000.0,740000.0,740000.0,3000000.0,15.0,275000.0,240000.0,-465000.0,0.3716216216216216,0.0,-500000.0
B120111-17,8,8,1.0,0.625,0.0,0.0,0,0,,,,,0,0,2012,정상종료,완납,430,1147,200만원,12개월,0.3,남자,44세,기술직,2400000.0,2130000.0,,57.0,44.0,1.0,0.0,0.0,1,2400000.0,2130000.0,270000.0,270000.0,2000000.0,12.0,216666.66666666663,193750.0,-53333.33333333337,0.802469135802469,0.0,-76250.0
B120113-8,13,13,1.0,1.0,0.0,0.0,0,0,,,,,0,0,2012,정상종료,완납,471,3262,500만원,18개월,0.3,여자,34세,사무직,1900000.0,1650000.0,,20.0,17.0,0.0,0.0,0.0,1,1900000.0,1650000.0,250000.0,250000.0,5000000.0,18.0,402777.77777777775,343750.0,152777.77777777775,1.611111111111111,1.0,93750.0
B120116-5,9,9,1.0,1.0,0.0,0.0,0,0,,,,,0,0,2012,정상종료,완납,274,1393,100만원,9개월,0.3,여자,50세,생산직,2350000.0,2230000.0,,51.0,51.0,0.0,0.0,0.0,1,2350000.0,2230000.0,120000.0,120000.0,1000000.0,9.0,136111.11111111112,125000.0,16111.111111111124,1.1342592592592593,1.0,5000.0
B120118-4,6,6,0.5,0.3333,0.5,7.667,46,31,1.0,0.167,3.0,6.0,1,0,2012,연체중,손실,573,996,150만원,9개월,0.3,남자,42세,기타,,,,21.0,12.0,6.0,0.0,0.0,1,,,,,1500000.0,9.0,204166.66666666663,187500.0,,,,
B120118-5,6,6,0.0,0.0,1.0,13.333,80,31,1.0,0.167,,,1,0,2012,연체중,손실,89,331,100만원,6개월,0.3,여자,58세,간호사,2300000.0,1850000.0,,,,,,,1,2300000.0,1850000.0,450000.0,450000.0,1000000.0,6.0,191666.66666666663,181250.0,-258333.33333333337,0.4259259259259258,0.0,-268750.0
B120125-14,21,21,0.9048,0.7143,0.0952,0.143,3,2,4.0,0.19,5.0,20.0,1,0,2012,정상종료,완납,329,986,500만원,24개월,0.3,남자,43세,기타,11400000.0,10810000.0,,70.0,51.0,8.0,0.0,0.0,1,11400000.0,10810000.0,590000.0,590000.0,5000000.0,24.0,333333.3333333334,273437.5,-256666.66666666663,0.5649717514124294,0.0,-316562.5
B120125-19,5,5,0.0,0.0,1.0,21.6,108,31,1.0,0.2,,,1,0,2012,연체중,손실,428,731,250만원,12개월,0.3,여자,41세,기타,2900000.0,2380000.0,,,,,,,1,2900000.0,2380000.0,520000.0,520000.0,2500000.0,12.0,270833.3333333334,242187.5,-249166.66666666663,0.5208333333333334,0.0,-277812.5
B120126-1,9,9,1.0,1.0,0.0,0.0,0,0,,,,,0,0,2012,정상종료,완납,903,588,300만원,15개월,0.3,여자,38세,콜센터,1700000.0,1430000.0,,40.0,38.0,0.0,0.0,0.0,1,1700000.0,1430000.0,270000.0,270000.0,3000000.0,15.0,275000.0,240000.0,5000.0,1.0185185185185186,1.0,-30000.0
B120126-13,7,7,0.4286,0.1429,0.5714,14.571,102,31,2.0,0.286,3.0,5.0,1,0,2012,연체중,손실,353,379,100만원,9개월,0.3,여자,51세,기타,3300000.0,2880000.0,,,,,,,1,3300000.0,2880000.0,420000.0,420000.0,1000000.0,9.0,136111.11111111112,125000.0,-283888.8888888889,0.3240740740740741,0.0,-295000.0
B120129-2,14,14,0.5,0.1429,0.5,3.071,43,31,4.0,0.286,5.0,9.0,1,0,2012,연체중,손실,111,325,300만원,15개월,0.3,남자,53세,기타,3100000.0,2040000.0,,24.0,14.0,7.0,0.0,0.0,1,3100000.0,2040000.0,1060000.0,1060000.0,3000000.0,15.0,275000.0,240000.0,-785000.0,0.25943396226415094,0.0,-820000.0
B120129-5,24,24,0.9167,0.4583,0.0833,0.208,5,4,13.0,0.542,14.0,18.0,1,0,2012,정상종료,완납,289,800,300만원,24개월,0.3,여자,50세,공공기관,2500000.0,2420000.0,,51.0,31.0,7.0,3.0,0.0,1,2500000.0,2420000.0,80000.0,80000.0,3000000.0,24.0,200000.0,164062.5,120000.0,2.5,1.0,84062.5
B120130-15,5,5,0.8,0.8,0.2,6.2,31,31,5.0,1.0,,,1,0,2012,연체중,손실,90,2199,300만원,24개월,0.3,남자,76세,기타,1710000.0,170000.0,,14.0,13.0,1.0,0.0,0.0,1,1710000.0,170000.0,1540000.0,1540000.0,3000000.0,24.0,200000.0,164062.5,-1340000.0,0.12987012987012986,0.0,-1375937.5
B120201-22,15,15,0.8,0.2,0.2,1.6,24,15,5.0,0.333,6.0,9.0,1,0,2012,정상종료,완납,123,508,500만원,24개월,0.3,남자,48세,서비스업,3300000.0,2970000.0,,90.0,38.0,21.0,4.0,0.0,1,3300000.0,2970000.0,330000.0,330000.0,5000000.0,24.0,333333.3333333334,273437.5,3333.333333333372,1.0101010101010102,1.0,-56562.5
B120201-4,6,6,0.3333,0.0,0.6667,4.833,29,10,2.0,0.333,3.0,4.0,1,0,2012,정상종료,완납,547,759,200만원,12개월,0.3,여자,42세,기타,1900000.0,1730000.0,,11.0,5.0,5.0,0.0,0.0,1,1900000.0,1730000.0,170000.0,170000.0,2000000.0,12.0,216666.66666666663,193750.0,46666.66666666663,1.2745098039215683,1.0,23750.0
B120205-5,8,8,1.0,0.5,0.0,0.0,0,0,,,,,0,0,2012,정상종료,완납,216,368,100만원,9개월,0.25,남자,44세,기술직,2300000.0,1170000.0,,,,,,,1,2300000.0,1170000.0,1130000.0,1130000.0,1000000.0,9.0,131944.44444444444,122685.18518518518,-998055.5555555555,0.11676499508357915,0.0,-1007314.8148148148
B120207-10,15,15,0.2,0.2,0.8,9.333,140,25,4.0,0.267,,,1,0,2012,정상종료,완납,285,1679,300만원,15개월,0.3,여자,58세,사무직,2100000.0,2080000.0,,,,,,,1,2100000.0,2080000.0,20000.0,20000.0,3000000.0,15.0,275000.0,240000.0,255000.0,13.75,1.0,220000.0
B120208-3,8,8,1.0,0.25,0.0,0.0,0,0,,,,,0,0,2012,정상종료,완납,211,507,100만원,9개월,0.3,남자,46세,사무직,3700000.0,3280000.0,,,,,,,1,3700000.0,3280000.0,420000.0,420000.0,1000000.0,9.0,136111.11111111112,125000.0,-283888.8888888889,0.3240740740740741,0.0,-295000.0
B120209-22,5,5,0.4,0.0,0.6,7.4,37,31,3.0,0.6,,,1,0,2012,연체중,손실,380,281,100만원,12개월,0.3,남자,40세,생산직,1500000.0,980000.0,,,,,,,1,1500000.0,980000.0,520000.0,520000.0,1000000.0,12.0,108333.33333333331,96875.0,-411666.6666666667,0.2083333333333333,0.0,-423125.0
B120213-21,16,16,1.0,0.25,0.0,0.0,0,0,,,,,0,0,2012,정상종료,완납,255,732,300만원,24개월,0.3,여자,49세,사무직,2050000.0,1200000.0,,78.0,51.0,0.0,0.0,0.0,1,2050000.0,1200000.0,850000.0,850000.0,3000000.0,24.0,200000.0,164062.5,-650000.0,0.23529411764705882,0.0,-685937.5
B120213-6,21,21,0.8571,0.3333,0.1429,0.19,4,2,1.0,0.048,2.0,14.0,1,0,2012,정상종료,완납,422,838,300만원,21개월,0.3,남자,37세,장교/하사관,1700000.0,1270000.0,,28.0,12.0,5.0,0.0,0.0,1,1700000.0,1270000.0,430000.0,430000.0,3000000.0,21.0,217857.14285714287,182142.8571428572,-212142.85714285713,0.5066445182724253,0.0,-247857.1428571428
B120216-11,8,8,1.0,1.0,0.0,0.0,0,0,,,,,0,0,2012,정상종료,완납,262,887,400만원,24개월,0.3,여자,44세,사무직,1300000.0,1020000.0,,125.0,109.0,1.0,0.0,0.0,1,1300000.0,1020000.0,280000.0,280000.0,4000000.0,24.0,266666.6666666666,218750.0,-13333.333333333372,0.9523809523809522,0.0,-61250.0
B120217-1,8,8,0.25,0.0,0.75,16.75,134,31,3.0,0.375,,,1,0,2012,연체중,손실,426,967,150만원,9개월,0.3,여자,40세,기타,3600000.0,3320000.0,,,,,,,1,3600000.0,3320000.0,280000.0,280000.0,1500000.0,9.0,204166.66666666663,187500.0,-75833.33333333337,0.7291666666666665,0.0,-92500.0
B120219-4,9,9,0.6667,0.2222,0.3333,0.333,3,1,4.0,0.444,5.0,7.0,1,0,2012,정상종료,완납,161,558,100만원,9개월,0.3,여자,43세,사무직,1200000.0,910000.0,,,,,,,1,1200000.0,910000.0,290000.0,290000.0,1000000.0,9.0,136111.11111111112,125000.0,-153888.88888888888,0.46934865900383144,0.0,-165000.0
B120220-11,9,9,0.1111,0.0,0.8889,5.333,48,21,1.0,0.111,9.0,,1,0,2012,정상종료,완납,74,137,250만원,9개월,0.3,남자,51세,기술직,3000000.0,2420000.0,,27.0,17.0,34.0,2.0,8.0,1,3000000.0,2420000.0,580000.0,580000.0,2500000.0,9.0,340277.7777777777,312500.0,-239722.2222222223,0.5866858237547892,0.0,-267500.0
B120220-26,13,13,0.8462,0.3846,0.1538,0.231,3,2,7.0,0.538,8.0,12.0,1,0,2012,정상종료,완납,553,387,300만원,24개월,0.3,여자,43세,사무직,2300000.0,1890000.0,,39.0,18.0,17.0,0.0,0.0,1,2300000.0,1890000.0,410000.0,410000.0,3000000.0,24.0,200000.0,164062.5,-210000.0,0.4878048780487805,0.0,-245937.5
B120221-18,3,3,1.0,1.0,0.0,0.0,0,0,,,,,0,0,2012,정상종료,완납,256,258,100만원,9개월,0.3,여자,43세,기타,2700000.0,2170000.0,,38.0,18.0,1.0,0.0,0.0,1,2700000.0,2170000.0,530000.0,530000.0,1000000.0,9.0,136111.11111111112,125000.0,-393888.8888888889,0.2568134171907757,0.0,-405000.0
B120221-5,9,9,0.3333,0.2222,0.6667,14.444,130,31,4.0,0.444,,,1,0,2012,연체중,손실,228,271,400만원,15개월,0.3,남자,57세,기타,2800000.0,2400000.0,,29.0,11.0,4.0,2.0,0.0,1,2800000.0,2400000.0,400000.0,400000.0,4000000.0,15.0,366666.6666666667,320000.0,-33333.333333333314,0.9166666666666667,0.0,-80000.0
B120224-17,9,9,1.0,0.3333,0.0,0.0,0,0,,,,,0,0,2012,정상종료,완납,259,339,250만원,9개월,0.3,여자,62세,콜센터,1400000.0,1380000.0,,14.0,7.0,1.0,0.0,0.0,1,1400000.0,1380000.0,20000.0,20000.0,2500000.0,9.0,340277.7777777777,312500.0,320277.7777777777,17.013888888888886,1.0,292500.0
B120225-6,8,8,1.0,0.375,0.0,0.0,0,0,,,,,0,0,2012,정상종료,완납,238,289,100만원,12개월,0.3,남자,46세,사무직,1700000.0,1410000.0,,,,,,,1,1700000.0,1410000.0,290000.0,290000.0,1000000.0,12.0,108333.33333333331,96875.0,-181666.6666666667,0.37356321839080453,0.0,-193125.0
B120227-19,12,12,0.6667,0.25,0.3333,0.75,9,6,4.0,0.333,5.0,7.0,1,0,2012,정상종료,완납,720,3092,150만원,12개월,0.3,남자,45세,생산직,1900000.0,1690000.0,,,,,,,1,1900000.0,1690000.0,210000.0,210000.0,1500000.0,12.0,162500.0,145312.5,-47500.0,0.7738095238095238,0.0,-64687.5
B120227-7,10,10,0.1,0.1,0.9,10.3,103,31,2.0,0.2,,,1,0,2012,연체중,손실,311,2018,300만원,24개월,0.3,여자,44세,학원,3430000.0,2960000.0,,10.0,6.0,10.0,1.0,0.0,1,3430000.0,2960000.0,470000.0,470000.0,3000000.0,24.0,200000.0,164062.5,-270000.0,0.425531914893617,0.0,-305937.5
B120227-8,12,12,1.0,0.4167,0.0,0.0,0,0,,,,,0,0,2012,정상종료,완납,717,1569,200만원,12개월,0.3,남자,47세,사무직,1360000.0,890000.0,,69.0,24.0,0.0,0.0,0.0,1,1360000.0,890000.0,470000.0,470000.0,2000000.0,12.0,216666.66666666663,193750.0,-253333.33333333337,0.4609929078014184,0.0,-276250.0
B120229-8,12,12,1.0,0.25,0.0,0.0,0,0,,,,,0,0,2012,정상종료,완납,240,321,200만원,12개월,0.3,,0세,기타,2020000.0,1870000.0,,,,,,,1,2020000.0,1870000.0,150000.0,150000.0,2000000.0,12.0,216666.66666666663,193750.0,66666.66666666663,1.4444444444444442,1.0,43750.0
B120304-2,4,4,0.5,0.25,0.5,0.5,2,1,1.0,0.25,2.0,3.0,1,0,2012,정상종료,완납,93,612,100만원,6개월,0.3,여자,57세,기타,0.0,370000.0,,,,,,,1,0.0,370000.0,-370000.0,-370000.0,1000000.0,6.0,191666.66666666663,181250.0,561666.6666666666,,1.0,551250.0
B120304-3,2,2,0.0,0.0,1.0,20.0,40,31,1.0,0.5,,,1,0,2012,연체중,손실,227,272,200만원,9개월,0.3,남자,46세,생산직,1800000.0,1210000.0,,,,,,,1,1800000.0,1210000.0,590000.0,590000.0,2000000.0,9.0,272222.22222222225,250000.0,-317777.77777777775,0.46139359698681737,0.0,-340000.0
B120305-17,9,9,0.2222,0.1111,0.7778,2.111,19,4,1.0,0.111,2.0,3.0,1,0,2012,정상종료,완납,248,502,100만원,9개월,0.3,여자,38세,콜센터,1300000.0,1100000.0,,2.0,1.0,7.0,0.0,0.0,1,1300000.0,1100000.0,200000.0,200000.0,1000000.0,9.0,136111.11111111112,125000.0,-63888.888888888876,0.6805555555555556,0.0,-75000.0
B120306-6,5,5,1.0,0.2,0.0,0.0,0,0,,,,,0,0,2012,정상종료,완납,863,399,100만원,6개월,0.3,남자,45세,생산직,4000000.0,2690000.0,,13.0,6.0,3.0,0.0,0.0,1,4000000.0,2690000.0,1310000.0,1310000.0,1000000.0,6.0,191666.66666666663,181250.0,-1118333.3333333335,0.14631043256997453,0.0,-1128750.0
B120307-6,2,2,0.0,0.0,1.0,30.0,60,31,1.0,0.5,,,1,0,2012,연체중,손실,124,912,100만원,12개월,0.3,여자,33세,간호사,2820000.0,2450000.0,,,,,,,1,2820000.0,2450000.0,370000.0,370000.0,1000000.0,12.0,108333.33333333331,96875.0,-261666.6666666667,0.29279279279279274,0.0,-273125.0
B120309-16,14,14,1.0,0.0714,0.0,0.0,0,0,,,,,0,0,2012,정상종료,완납,168,433,300만원,15개월,0.3,남자,46세,기타,3300000.0,2400000.0,,75.0,25.0,0.0,0.0,0.0,1,3300000.0,2400000.0,900000.0,900000.0,3000000.0,15.0,275000.0,240000.0,-625000.0,0.3055555555555556,0.0,-660000.0
B120309-19,3,3,0.3333,0.3333,0.6667,15.667,47,31,2.0,0.667,,,1,0,2012,연체중,손실,309,418,250만원,12개월,0.3,남자,43세,영업직,2500000.0,2100000.0,,9.0,8.0,1.0,0.0,0.0,1,2500000.0,2100000.0,400000.0,400000.0,2500000.0,12.0,270833.3333333334,242187.5,-129166.66666666663,0.6770833333333335,0.0,-157812.5
B120309-21,9,9,0.1111,0.0,0.8889,3.556,32,10,1.0,0.111,3.0,4.0,1,0,2012,정상종료,완납,110,292,100만원,9개월,0.3,여자,43세,서비스업,2000000.0,1860000.0,,,,,,,1,2000000.0,1860000.0,140000.0,140000.0,1000000.0,9.0,136111.11111111112,125000.0,-3888.888888888876,0.9722222222222223,0.0,-15000.0
B120309-22,6,6,1.0,0.0,0.0,0.0,0,0,,,,,0,0,2012,정상종료,완납,314,422,100만원,6개월,0.3,남자,43세,캐피탈,1500000.0,480000.0,,,,,,,1,1500000.0,480000.0,1020000.0,1020000.0,1000000.0,6.0,191666.66666666663,181250.0,-828333.3333333334,0.18790849673202611,0.0,-838750.0
B120311-5,5,5,0.8,0.2,0.2,0.2,1,1,4.0,0.8,5.0,,1,0,2012,정상종료,완납,451,795,300만원,15개월,0.3,남자,62세,교수/교사,4300000.0,3860000.0,,33.0,15.0,5.0,0.0,0.0,1,4300000.0,3860000.0,440000.0,440000.0,3000000.0,15.0,275000.0,240000.0,-165000.0,0.625,0.0,-200000.0
B120312-12,15,15,1.0,1.0,0.0,0.0,0,0,,,,,0,0,2012,정상종료,완납,494,1104,300만원,24개월,0.3,남자,41세,기타,1850000.0,1270000.0,,35.0,33.0,0.0,0.0,0.0,1,1850000.0,1270000.0,580000.0,580000.0,3000000.0,24.0,200000.0,164062.5,-380000.0,0.3448275862068966,0.0,-415937.5
B120312-15,3,3,0.3333,0.3333,0.6667,12.333,37,31,2.0,0.667,,,1,0,2012,연체중,손실,140,328,150만원,6개월,0.3,여자,44세,기타,3200000.0,2730000.0,,,,,,,1,3200000.0,2730000.0,470000.0,470000.0,1500000.0,6.0,287500.0,271875.0,-182500.0,0.6117021276595744,0.0,-198125.0
B120313-16,10,10,0.9,0.3,0.1,0.1,1,1,1.0,0.1,2.0,,1,0,2012,정상종료,완납,136,1289,200만원,12개월,0.3,남자,47세,기타,1970000.0,1830000.0,,60.0,22.0,15.0,0.0,0.0,1,1970000.0,1830000.0,140000.0,140000.0,2000000.0,12.0,216666.66666666663,193750.0,76666.66666666663,1.5476190476190474,1.0,53750.0
B120313-27,23,23,0.4783,0.2174,0.5217,1.913,44,11,2.0,0.087,5.0,6.0,1,0,2012,정상종료,완납,460,567,350만원,24개월,0.3,여자,44세,일용직,2400000.0,1760000.0,,40.0,14.0,19.0,0.0,0.0,1,2400000.0,1760000.0,640000.0,640000.0,3500000.0,24.0,233333.3333333333,191406.25,-406666.6666666667,0.3645833333333333,0.0,-448593.75
B120313-29,11,11,0.9091,0.8182,0.0909,2.818,31,31,11.0,1.0,,,1,0,2012,연체중,손실,403,727,250만원,12개월,0.3,남자,57세,기타,2500000.0,2060000.0,,,,,,,1,2500000.0,2060000.0,440000.0,440000.0,2500000.0,12.0,270833.3333333334,242187.5,-169166.66666666663,0.6155303030303031,0.0,-197812.5
B120313-4,12,12,0.9167,0.8333,0.0833,0.333,4,4,10.0,0.833,11.0,,1,0,2012,정상종료,완납,356,724,250만원,12개월,0.3,남자,51세,공공기관,1500000.0,1350000.0,,68.0,49.0,27.0,0.0,0.0,1,1500000.0,1350000.0,150000.0,150000.0,2500000.0,12.0,270833.3333333334,242187.5,120833.33333333337,1.8055555555555558,1.0,92187.5
B120314-21,17,17,0.4706,0.0588,0.5294,6.353,108,31,3.0,0.176,4.0,6.0,1,0,2012,연체중,손실,373,817,300만원,18개월,0.3,여자,54세,서비스업,3670000.0,2000000.0,,30.0,14.0,9.0,1.0,0.0,1,3670000.0,2000000.0,1670000.0,1670000.0,3000000.0,18.0,241666.66666666663,206250.0,-1428333.3333333335,0.14471057884231533,0.0,-1463750.0
B120314-3,15,15,1.0,1.0,0.0,0.0,0,0,,,,,0,0,2012,정상종료,완납,168,1076,300만원,15개월,0.3,여자,47세,학원,3700000.0,3350000.0,,67.0,51.0,3.0,0.0,0.0,1,3700000.0,3350000.0,350000.0,350000.0,3000000.0,15.0,275000.0,240000.0,-75000.0,0.7857142857142857,0.0,-110000.0
B120315-11,12,12,1.0,1.0,0.0,0.0,0,0,,,,,0,0,2012,정상종료,완납,221,592,250만원,12개월,0.3,여자,39세,기술직,2760000.0,2460000.0,,23.0,23.0,0.0,0.0,0.0,1,2760000.0,2460000.0,300000.0,300000.0,2500000.0,12.0,270833.3333333334,242187.5,-29166.666666666628,0.9027777777777779,0.0,-57812.5
B120317-6,10,10,1.0,1.0,0.0,0.0,0,0,,,,,0,0,2012,정상종료,완납,401,1332,650만원,15개월,0.3,여자,40세,기타,3000000.0,2390000.0,,98.0,84.0,3.0,0.0,0.0,1,3000000.0,2390000.0,610000.0,610000.0,6500000.0,15.0,595833.3333333333,520000.0,-14166.666666666744,0.9767759562841529,0.0,-90000.0
B120319-5,9,9,0.0,0.0,1.0,3.444,31,5,1.0,0.111,,,1,0,2012,정상종료,완납,66,331,100만원,9개월,0.3,여자,37세,사무직,1500000.0,1350000.0,,,,,,,1,1500000.0,1350000.0,150000.0,150000.0,1000000.0,9.0,136111.11111111112,125000.0,-13888.888888888876,0.9074074074074074,0.0,-25000.0
B120320-25,3,3,0.3333,0.0,0.6667,11.667,35,31,2.0,0.667,,,1,0,2012,연체중,손실,1612,1387,150만원,9개월,0.3,여자,44세,기타,3300000.0,2670000.0,,,,,,,1,3300000.0,2670000.0,630000.0,630000.0,1500000.0,9.0,204166.66666666663,187500.0,-425833.3333333334,0.324074074074074,0.0,-442500.0
B120322-19,9,9,0.8889,0.7778,0.1111,0.444,4,4,4.0,0.444,5.0,,1,0,2012,정상종료,완납,62,732,200만원,9개월,0.3,남자,51세,기타,2500000.0,2080000.0,,,,,,,1,2500000.0,2080000.0,420000.0,420000.0,2000000.0,9.0,272222.22222222225,250000.0,-147777.77777777775,0.6481481481481483,0.0,-170000.0
B120322-32,12,12,0.1667,0.0,0.8333,9.167,110,21,2.0,0.167,5.0,6.0,1,0,2012,정상종료,완납,96,717,150만원,12개월,0.3,남자,53세,생산직,2350000.0,1590000.0,,53.0,25.0,13.0,0.0,0.0,1,2350000.0,1590000.0,760000.0,760000.0,1500000.0,12.0,162500.0,145312.5,-597500.0,0.2138157894736842,0.0,-614687.5
B120323-17,16,16,1.0,1.0,0.0,0.0,0,0,,,,,0,0,2012,정상종료,완납,1247,908,300만원,18개월,0.3,남자,52세,운전직,3100000.0,2840000.0,,75.0,66.0,0.0,0.0,0.0,1,3100000.0,2840000.0,260000.0,260000.0,3000000.0,18.0,241666.66666666663,206250.0,-18333.333333333372,0.9294871794871793,0.0,-53750.0
B120324-4,12,12,0.75,0.0833,0.25,0.583,7,4,6.0,0.5,7.0,9.0,1,0,2012,정상종료,완납,204,447,150만원,12개월,0.3,여자,55세,기타,3900000.0,3450000.0,,33.0,11.0,6.0,0.0,0.0,1,3900000.0,3450000.0,450000.0,450000.0,1500000.0,12.0,162500.0,145312.5,-287500.0,0.3611111111111111,0.0,-304687.5
B120326-9,15,15,1.0,0.8,0.0,0.0,0,0,,,,,0,0,2012,정상종료,완납,948,1449,300만원,15개월,0.3,여자,41세,영업직,2000000.0,1840000.0,,26.0,16.0,4.0,0.0,0.0,1,2000000.0,1840000.0,160000.0,160000.0,3000000.0,15.0,275000.0,240000.0,115000.0,1.71875,1.0,80000.0
B120328-12,6,6,0.0,0.0,1.0,12.833,77,31,1.0,0.167,,,1,0,2012,연체중,손실,92,1956,200만원,12개월,0.3,남자,44세,공공기관,3530000.0,2920000.0,,,,,,,1,3530000.0,2920000.0,610000.0,610000.0,2000000.0,12.0,216666.66666666663,193750.0,-393333.3333333334,0.35519125683060104,0.0,-416250.0
B120328-15,12,12,0.9167,0.25,0.0833,0.333,4,4,4.0,0.333,5.0,,1,0,2012,정상종료,완납,732,895,150만원,12개월,0.3,남자,42세,운전직,2280000.0,1620000.0,,62.0,26.0,8.0,0.0,0.0,1,2280000.0,1620000.0,660000.0,660000.0,1500000.0,12.0,162500.0,145312.5,-497500.0,0.24621212121212122,0.0,-514687.5
B120328-18,10,10,0.6,0.4,0.4,2.3,23,7,5.0,0.5,6.0,7.0,1,0,2012,정상종료,완납,328,397,150만원,12개월,0.3,여자,55세,요식업,4800000.0,4150000.0,,13.0,8.0,18.0,0.0,0.0,1,4800000.0,4150000.0,650000.0,650000.0,1500000.0,12.0,162500.0,145312.5,-487500.0,0.25,0.0,-504687.5
B120329-12,4,4,0.0,0.0,1.0,18.75,75,31,1.0,0.25,,,1,0,2012,연체중,손실,317,475,150만원,12개월,0.3,남자,50세,사무직,2360000.0,1570000.0,,0.0,0.0,15.0,0.0,0.0,1,2360000.0,1570000.0,790000.0,790000.0,1500000.0,12.0,162500.0,145312.5,-627500.0,0.20569620253164558,0.0,-644687.5
B120329-19,2,2,0.5,0.5,0.5,15.5,31,31,2.0,1.0,,,1,0,2012,연체중,손실,160,853,100만원,6개월,0.3,여자,37세,기타,1200000.0,680000.0,,,,,,,1,1200000.0,680000.0,520000.0,520000.0,1000000.0,6.0,191666.66666666663,181250.0,-328333.3333333334,0.3685897435897435,0.0,-338750.0
B120402-12,12,12,0.9167,0.6667,0.0833,0.083,1,1,6.0,0.5,7.0,,1,0,2012,정상종료,완납,453,1461,100만원,12개월,0.3,남자,42세,사무직,3000000.0,2300000.0,,44.0,23.0,28.0,0.0,0.0,1,3000000.0,2300000.0,700000.0,700000.0,1000000.0,12.0,108333.33333333331,96875.0,-591666.6666666667,0.15476190476190474,0.0,-603125.0
B120405-9,11,11,1.0,1.0,0.0,0.0,0,0,,,,,0,0,2012,정상종료,완납,294,630,150만원,12개월,0.28,여자,37세,기타,1800000.0,1750000.0,,17.0,13.0,21.0,0.0,0.0,1,1800000.0,1750000.0,50000.0,50000.0,1500000.0,12.0,160000.0,143958.33333333334,110000.0,3.2,1.0,93958.33333333334
B120407-5,12,12,1.0,0.4167,0.0,0.0,0,0,,,,,0,0,2012,정상종료,완납,1430,329,200만원,12개월,0.3,남자,41세,운전직,1300000.0,800000.0,,39.0,28.0,6.0,0.0,0.0,1,1300000.0,800000.0,500000.0,500000.0,2000000.0,12.0,216666.66666666663,193750.0,-283333.3333333334,0.43333333333333324,0.0,-306250.0
B120410-20,11,11,1.0,1.0,0.0,0.0,0,0,,,,,0,0,2012,정상종료,완납,194,1091,250만원,12개월,0.3,남자,46세,기타,4000000.0,2330000.0,,67.0,62.0,4.0,0.0,0.0,1,4000000.0,2330000.0,1670000.0,1670000.0,2500000.0,12.0,270833.3333333334,242187.5,-1399166.6666666665,0.16217564870259482,0.0,-1427812.5
B120411-1,9,9,1.0,1.0,0.0,0.0,0,0,,,,,0,0,2012,정상종료,완납,423,1490,200만원,12개월,0.3,남자,36세,기타,2100000.0,1790000.0,,23.0,21.0,10.0,0.0,0.0,1,2100000.0,1790000.0,310000.0,310000.0,2000000.0,12.0,216666.66666666663,193750.0,-93333.33333333337,0.6989247311827955,0.0,-116250.0
B120412-13,12,12,0.3333,0.25,0.6667,3.167,38,7,5.0,0.417,,,1,0,2012,정상종료,완납,260,784,250만원,12개월,0.3,여자,53세,사무직,6100000.0,5380000.0,,12.0,11.0,29.0,1.0,0.0,1,6100000.0,5380000.0,720000.0,720000.0,2500000.0,12.0,270833.3333333334,242187.5,-449166.6666666666,0.37615740740740744,0.0,-477812.5
B120413-10,9,9,0.4444,0.1111,0.5556,1.333,12,6,5.0,0.556,,,1,0,2012,정상종료,완납,358,2259,150만원,9개월,0.3,여자,37세,서비스업,1500000.0,1260000.0,,28.0,12.0,42.0,5.0,0.0,1,1500000.0,1260000.0,240000.0,240000.0,1500000.0,9.0,204166.66666666663,187500.0,-35833.33333333337,0.8506944444444443,0.0,-52500.0
B120413-16,3,3,0.6667,0.3333,0.3333,10.333,31,31,3.0,1.0,,,1,0,2012,연체중,손실,261,503,200만원,6개월,0.3,남자,48세,기술직,3000000.0,2390000.0,,,,,,,1,3000000.0,2390000.0,610000.0,610000.0,2000000.0,6.0,383333.3333333333,362500.0,-226666.6666666667,0.628415300546448,0.0,-247500.0
B120414-1,2,2,0.5,0.5,0.5,15.5,31,31,2.0,1.0,,,1,0,2012,연체중,손실,703,463,100만원,6개월,0.3,남자,37세,기타,1200000.0,940000.0,,,,,,,1,1200000.0,940000.0,260000.0,260000.0,1000000.0,6.0,191666.66666666663,181250.0,-68333.33333333337,0.737179487179487,0.0,-78750.0
B120416-1,17,17,1.0,1.0,0.0,0.0,0,0,,,,,0,0,2012,정상종료,완납,97,505,300만원,18개월,0.3,남자,64세,운전직,2200000.0,1840000.0,,52.0,52.0,1.0,0.0,0.0,1,2200000.0,1840000.0,360000.0,360000.0,3000000.0,18.0,241666.66666666663,206250.0,-118333.33333333337,0.6712962962962962,0.0,-153750.0
B120418-2,10,10,0.7,0.4,0.3,0.6,6,4,4.0,0.4,5.0,7.0,1,0,2012,정상종료,완납,134,652,150만원,12개월,0.3,남자,59세,공공기관,3330000.0,3090000.0,,24.0,18.0,6.0,0.0,0.0,1,3330000.0,3090000.0,240000.0,240000.0,1500000.0,12.0,162500.0,145312.5,-77500.0,0.6770833333333334,0.0,-94687.5
B120418-4,12,12,0.3333,0.1667,0.6667,4.583,55,11,1.0,0.083,3.0,4.0,1,0,2012,정상종료,완납,443,1024,150만원,12개월,0.3,여자,37세,학원,2200000.0,1700000.0,,,,,,,1,2200000.0,1700000.0,500000.0,500000.0,1500000.0,12.0,162500.0,145312.5,-337500.0,0.325,0.0,-354687.5
B120418-5,24,24,0.4167,0.0417,0.5833,4.125,99,30,9.0,0.375,14.0,15.0,1,0,2012,정상종료,완납,2256,1430,300만원,24개월,0.3,여자,33세,사무직,1600000.0,1120000.0,,31.0,4.0,16.0,1.0,0.0,1,1600000.0,1120000.0,480000.0,480000.0,3000000.0,24.0,200000.0,164062.5,-280000.0,0.4166666666666667,0.0,-315937.5
B120424-15,15,15,0.8667,0.0667,0.1333,0.133,2,1,5.0,0.333,6.0,14.0,1,0,2012,정상종료,완납,255,601,300만원,15개월,0.3,여자,44세,기타,1500000.0,1340000.0,,43.0,19.0,2.0,0.0,0.0,1,1500000.0,1340000.0,160000.0,160000.0,3000000.0,15.0,275000.0,240000.0,115000.0,1.71875,1.0,80000.0
B120424-2,12,12,1.0,0.1667,0.0,0.0,0,0,,,,,0,0,2012,정상종료,완납,239,509,100만원,12개월,0.3,여자,38세,기타,2000000.0,1850000.0,,97.0,69.0,20.0,0.0,0.0,1,2000000.0,1850000.0,150000.0,150000.0,1000000.0,12.0,108333.33333333331,96875.0,-41666.666666666686,0.7222222222222221,0.0,-53125.0
B120424-25,12,12,0.1667,0.0,0.8333,5.917,71,31,3.0,0.25,,,1,0,2012,손실(상환완료),손실,250,504,300만원,15개월,0.3,남자,42세,영업직,2200000.0,1730000.0,,37.0,27.0,27.0,2.0,0.0,1,2200000.0,1730000.0,470000.0,470000.0,3000000.0,15.0,275000.0,240000.0,-195000.0,0.5851063829787234,0.0,-230000.0
B120425-8,24,24,0.9167,0.2917,0.0833,0.125,3,2,5.0,0.208,6.0,7.0,1,0,2012,정상종료,완납,273,1602,500만원,24개월,0.3,여자,42세,기타,3400000.0,2080000.0,,103.0,49.0,3.0,0.0,0.0,1,3400000.0,2080000.0,1320000.0,1320000.0,5000000.0,24.0,333333.3333333334,273437.5,-986666.6666666666,0.25252525252525254,0.0,-1046562.5
B120429-2,12,12,1.0,1.0,0.0,0.0,0,0,,,,,0,0,2012,정상종료,완납,89,266,100만원,12개월,0.3,남자,42세,기술직,1350000.0,1220000.0,,,,,,,1,1350000.0,1220000.0,130000.0,130000.0,1000000.0,12.0,108333.33333333331,96875.0,-21666.666666666686,0.8333333333333331,0.0,-33125.0
B120430-21,15,15,0.9333,0.6,0.0667,0.4,6,6,13.0,0.867,14.0,,1,0,2012,정상종료,완납,67,2120,400만원,15개월,0.3,남자,62세,기타,2450000.0,1620000.0,,36.0,30.0,6.0,0.0,0.0,1,2450000.0,1620000.0,830000.0,830000.0,4000000.0,15.0,366666.6666666667,320000.0,-463333.3333333333,0.44176706827309237,0.0,-510000.0
B120501-10,12,12,0.8333,0.25,0.1667,2.667,32,31,9.0,0.75,10.0,12.0,1,0,2012,연체중,손실,202,349,400만원,24개월,0.3,남자,55세,생산직,4480000.0,3870000.0,,34.0,13.0,5.0,0.0,0.0,1,4480000.0,3870000.0,610000.0,610000.0,4000000.0,24.0,266666.6666666666,218750.0,-343333.3333333334,0.4371584699453551,0.0,-391250.0
B120502-12,6,6,0.6667,0.1667,0.3333,0.5,3,2,3.0,0.5,4.0,6.0,1,0,2012,정상종료,완납,76,877,100만원,6개월,0.3,남자,40세,기타,1450000.0,1140000.0,,19.0,15.0,2.0,0.0,0.0,1,1450000.0,1140000.0,310000.0,310000.0,1000000.0,6.0,191666.66666666663,181250.0,-118333.33333333337,0.618279569892473,0.0,-128750.0
B120505-4,12,12,0.9167,0.0833,0.0833,0.083,1,1,8.0,0.667,9.0,,1,0,2012,정상종료,완납,252,2038,250만원,12개월,0.3,여자,40세,사무직,1980000.0,1610000.0,,,,,,,1,1980000.0,1610000.0,370000.0,370000.0,2500000.0,12.0,270833.3333333334,242187.5,-99166.66666666663,0.731981981981982,0.0,-127812.5
B120507-15,21,21,1.0,1.0,0.0,0.0,0,0,,,,,0,0,2012,정상종료,완납,406,151,300만원,24개월,0.3,여자,43세,콜센터,1850000.0,1670000.0,,24.0,24.0,0.0,0.0,0.0,1,1850000.0,1670000.0,180000.0,180000.0,3000000.0,24.0,200000.0,164062.5,20000.0,1.1111111111111112,1.0,-15937.5
B120507-4,15,15,0.8667,0.6,0.1333,0.2,3,2,8.0,0.533,9.0,11.0,1,0,2012,정상종료,완납,244,96,300만원,18개월,0.3,남자,55세,공공기관,3300000.0,130000.0,,43.0,32.0,11.0,0.0,0.0,1,3300000.0,130000.0,3170000.0,3170000.0,3000000.0,18.0,241666.66666666663,206250.0,-2928333.3333333335,0.07623554153522606,0.0,-2963750.0
B120509-1,11,11,0.9091,0.2727,0.0909,0.091,1,1,7.0,0.636,8.0,,1,0,2012,정상종료,완납,309,427,300만원,24개월,0.3,여자,43세,기타,3200000.0,2570000.0,,38.0,18.0,1.0,0.0,0.0,1,3200000.0,2570000.0,630000.0,630000.0,3000000.0,24.0,200000.0,164062.5,-430000.0,0.31746031746031744,0.0,-465937.5
B120510-22,12,12,0.75,0.6667,0.25,1.167,14,5,4.0,0.333,6.0,10.0,1,0,2012,정상종료,완납,141,133,200만원,12개월,0.3,여자,65세,보험설계사,3150000.0,2670000.0,,32.0,27.0,4.0,0.0,0.0,1,3150000.0,2670000.0,480000.0,480000.0,2000000.0,12.0,216666.66666666663,193750.0,-263333.3333333334,0.4513888888888888,0.0,-286250.0
B120514-9,15,15,0.8667,0.8,0.1333,0.933,14,13,11.0,0.733,13.0,,1,0,2012,정상종료,완납,352,245,500만원,15개월,0.3,남자,44세,생산직,3980000.0,2940000.0,,41.0,36.0,4.0,0.0,0.0,1,3980000.0,2940000.0,1040000.0,1040000.0,5000000.0,15.0,458333.3333333333,400000.0,-581666.6666666667,0.4407051282051282,0.0,-640000.0
B120515-11,10,10,0.8,0.8,0.2,1.2,12,8,5.0,0.5,6.0,8.0,1,0,2012,정상종료,완납,197,620,100만원,12개월,0.29,여자,44세,사무직,1230000.0,1170000.0,,,,,,,1,1230000.0,1170000.0,60000.0,60000.0,1000000.0,12.0,107500.0,96423.61111111112,47500.0,1.7916666666666667,1.0,36423.611111111124
B120521-16,8,8,0.625,0.25,0.375,7.125,57,31,6.0,0.75,,,1,0,2012,연체중,손실,131,195,300만원,15개월,0.3,남자,53세,공기업,4800000.0,4350000.0,,16.0,12.0,3.0,0.0,0.0,1,4800000.0,4350000.0,450000.0,450000.0,3000000.0,15.0,275000.0,240000.0,-175000.0,0.6111111111111112,0.0,-210000.0
B120523-14,18,18,0.2778,0.0,0.7222,10.0,180,31,2.0,0.111,3.0,5.0,1,0,2012,손실(상환완료),손실,401,731,300만원,18개월,0.3,여자,38세,서비스업,2000000.0,1810000.0,,6.0,0.0,16.0,1.0,0.0,1,2000000.0,1810000.0,190000.0,190000.0,3000000.0,18.0,241666.66666666663,206250.0,51666.66666666663,1.2719298245614032,1.0,16250.0
B120524-14,24,24,0.5833,0.2083,0.4167,1.0,24,4,2.0,0.083,3.0,9.0,1,0,2012,정상종료,완납,717,823,400만원,24개월,0.3,여자,45세,학원,3000000.0,2090000.0,,67.0,38.0,14.0,0.0,0.0,1,3000000.0,2090000.0,910000.0,910000.0,4000000.0,24.0,266666.6666666666,218750.0,-643333.3333333334,0.293040293040293,0.0,-691250.0
B120524-16,11,11,0.4545,0.0909,0.5455,8.818,97,31,3.0,0.273,5.0,6.0,1,0,2012,연체중,손실,434,921,300만원,18개월,0.3,남자,57세,기타,3000000.0,2460000.0,,23.0,13.0,6.0,0.0,0.0,1,3000000.0,2460000.0,540000.0,540000.0,3000000.0,18.0,241666.66666666663,206250.0,-298333.3333333334,0.4475308641975308,0.0,-333750.0
B120524-7,12,12,0.75,0.0,0.25,0.333,4,2,1.0,0.083,2.0,3.0,1,0,2012,정상종료,완납,202,240,200만원,12개월,0.3,여자,53세,기타,2610000.0,2180000.0,,77.0,35.0,7.0,0.0,0.0,1,2610000.0,2180000.0,430000.0,430000.0,2000000.0,12.0,216666.66666666663,193750.0,-213333.33333333337,0.503875968992248,0.0,-236250.0
B120525-7,23,23,0.9565,0.3478,0.0435,0.043,1,1,5.0,0.217,6.0,,1,0,2012,정상종료,완납,283,1227,500만원,24개월,0.3,남자,46세,기술직,6000000.0,5780000.0,,89.0,36.0,28.0,0.0,0.0,1,6000000.0,5780000.0,220000.0,220000.0,5000000.0,24.0,333333.3333333334,273437.5,113333.33333333337,1.5151515151515154,1.0,53437.5
B120601-10,10,10,1.0,0.7,0.0,0.0,0,0,,,,,0,0,2012,정상종료,완납,416,846,300만원,15개월,0.3,남자,38세,사무직,1740000.0,1430000.0,,83.0,37.0,2.0,0.0,0.0,1,1740000.0,1430000.0,310000.0,310000.0,3000000.0,15.0,275000.0,240000.0,-35000.0,0.8870967741935484,0.0,-70000.0
B120605-15,4,4,0.25,0.0,0.75,12.75,51,31,2.0,0.5,,,1,0,2012,연체중,손실,176,713,200만원,12개월,0.3,남자,49세,생산직,1800000.0,1400000.0,,,,,,,1,1800000.0,1400000.0,400000.0,400000.0,2000000.0,12.0,216666.66666666663,193750.0,-183333.33333333337,0.5416666666666665,0.0,-206250.0
B120611-1,9,9,1.0,0.8889,0.0,0.0,0,0,,,,,0,0,2012,정상종료,완납,174,715,200만원,12개월,0.3,남자,48세,기타,1600000.0,1490000.0,,29.0,22.0,0.0,0.0,0.0,1,1600000.0,1490000.0,110000.0,110000.0,2000000.0,12.0,216666.66666666663,193750.0,106666.66666666663,1.9696969696969693,1.0,83750.0
B120611-6,7,7,1.0,0.5714,0.0,0.0,0,0,,,,,0,0,2012,정상종료,완납,1271,1755,500만원,24개월,0.3,여자,43세,기타,3000000.0,2540000.0,,73.0,48.0,0.0,0.0,0.0,1,3000000.0,2540000.0,460000.0,460000.0,5000000.0,24.0,333333.3333333334,273437.5,-126666.66666666663,0.7246376811594204,0.0,-186562.5
B120614-2,9,9,0.1111,0.1111,0.8889,5.667,51,10,1.0,0.111,9.0,,1,0,2012,정상종료,완납,796,3281,150만원,12개월,0.3,여자,48세,기타,3700000.0,940000.0,,10.0,7.0,31.0,0.0,0.0,1,3700000.0,940000.0,2760000.0,2760000.0,1500000.0,12.0,162500.0,145312.5,-2597500.0,0.058876811594202896,0.0,-2614687.5
B120618-5,12,12,0.4167,0.0,0.5833,7.917,95,20,3.0,0.25,7.0,8.0,1,0,2012,정상종료,완납,425,1016,200만원,12개월,0.3,남자,47세,사무직,1860000.0,1450000.0,,31.0,20.0,12.0,0.0,0.0,1,1860000.0,1450000.0,410000.0,410000.0,2000000.0,12.0,216666.66666666663,193750.0,-193333.33333333337,0.5284552845528454,0.0,-216250.0
B120619-1,9,9,1.0,1.0,0.0,0.0,0,0,,,,,0,0,2012,정상종료,완납,640,1163,200만원,9개월,0.3,여자,44세,,,,,30.0,28.0,0.0,0.0,0.0,1,,,,,2000000.0,9.0,272222.22222222225,250000.0,,,,
B120619-22,8,8,0.875,0.5,0.125,0.375,3,3,4.0,0.5,5.0,,1,0,2012,정상종료,완납,296,925,100만원,9개월,0.3,남자,52세,운전직,3400000.0,1960000.0,,18.0,7.0,8.0,0.0,0.0,1,3400000.0,1960000.0,1440000.0,1440000.0,1000000.0,9.0,136111.11111111112,125000.0,-1303888.888888889,0.09452160493827161,0.0,-1315000.0
B120621-9,11,11,1.0,1.0,0.0,0.0,0,0,,,,,0,0,2012,정상종료,완납,122,1509,300만원,24개월,0.3,남자,50세,기타,4500000.0,3770000.0,,97.0,55.0,3.0,0.0,0.0,1,4500000.0,3770000.0,730000.0,730000.0,3000000.0,24.0,200000.0,164062.5,-530000.0,0.273972602739726,0.0,-565937.5
B120626-6,11,11,1.0,0.9091,0.0,0.0,0,0,,,,,0,0,2012,정상종료,완납,393,632,300만원,15개월,0.3,여자,44세,증권사,3200000.0,2270000.0,,84.0,58.0,16.0,0.0,0.0,1,3200000.0,2270000.0,930000.0,930000.0,3000000.0,15.0,275000.0,240000.0,-655000.0,0.2956989247311828,0.0,-690000.0
B120627-16,8,8,0.75,0.25,0.25,0.25,2,1,3.0,0.375,5.0,,1,0,2012,정상종료,완납,589,670,100만원,9개월,0.3,남자,49세,공기업,1600000.0,1380000.0,,16.0,12.0,2.0,0.0,0.0,1,1600000.0,1380000.0,220000.0,220000.0,1000000.0,9.0,136111.11111111112,125000.0,-83888.88888888888,0.6186868686868687,0.0,-95000.0
B120702-13,12,12,0.75,0.25,0.25,0.75,9,6,3.0,0.25,5.0,12.0,1,0,2012,정상종료,완납,591,757,150만원,12개월,0.3,여자,36세,서비스업,3000000.0,1870000.0,,14.0,5.0,4.0,0.0,0.0,1,3000000.0,1870000.0,1130000.0,1130000.0,1500000.0,12.0,162500.0,145312.5,-967500.0,0.14380530973451328,0.0,-984687.5
B120702-8,6,6,0.1667,0.0,0.8333,8.667,52,18,1.0,0.167,6.0,,1,0,2012,정상종료,완납,399,307,100만원,6개월,0.3,남자,55세,공기업,3200000.0,2840000.0,,11.0,1.0,13.0,0.0,0.0,1,3200000.0,2840000.0,360000.0,360000.0,1000000.0,6.0,191666.66666666663,181250.0,-168333.33333333337,0.5324074074074073,0.0,-178750.0
B120703-11,14,14,1.0,0.0714,0.0,0.0,0,0,,,,,0,0,2012,정상종료,완납,434,553,500만원,24개월,0.3,남자,40세,기술직,2400000.0,1230000.0,,57.0,6.0,5.0,0.0,0.0,1,2400000.0,1230000.0,1170000.0,1170000.0,5000000.0,24.0,333333.3333333334,273437.5,-836666.6666666666,0.2849002849002849,0.0,-896562.5
B120703-18,15,15,1.0,0.6,0.0,0.0,0,0,,,,,0,0,2012,정상종료,완납,68,659,300만원,18개월,0.3,여자,54세,보험설계사,2000000.0,1880000.0,,54.0,47.0,0.0,0.0,0.0,1,2000000.0,1880000.0,120000.0,120000.0,3000000.0,18.0,241666.66666666663,206250.0,121666.66666666663,2.0138888888888884,1.0,86250.0
B120704-12,7,7,0.7143,0.1429,0.2857,5.143,36,31,6.0,0.857,,,1,0,2012,연체중,손실,241,1566,250만원,12개월,0.3,남자,38세,요식업,3000000.0,2450000.0,,22.0,12.0,5.0,0.0,0.0,1,3000000.0,2450000.0,550000.0,550000.0,2500000.0,12.0,270833.3333333334,242187.5,-279166.6666666666,0.4924242424242425,0.0,-307812.5
B120706-6,5,5,0.4,0.2,0.6,6.4,32,15,3.0,0.6,,,1,0,2012,정상종료,완납,619,861,300만원,24개월,0.3,남자,48세,기술직,2210000.0,1780000.0,,31.0,25.0,18.0,0.0,0.0,1,2210000.0,1780000.0,430000.0,430000.0,3000000.0,24.0,200000.0,164062.5,-230000.0,0.46511627906976744,0.0,-265937.5
B120711-7,12,12,0.75,0.0833,0.25,0.333,4,2,5.0,0.417,6.0,8.0,1,0,2012,정상종료,완납,73,305,150만원,12개월,0.3,여자,38세,사무직,2200000.0,2120000.0,,52.0,15.0,24.0,0.0,0.0,1,2200000.0,2120000.0,80000.0,80000.0,1500000.0,12.0,162500.0,145312.5,82500.0,2.03125,1.0,65312.5
B120712-5,12,12,1.0,0.0833,0.0,0.0,0,0,,,,,0,0,2012,정상종료,완납,405,635,150만원,12개월,0.3,여자,48세,사무직,3300000.0,2810000.0,,86.0,34.0,5.0,0.0,0.0,1,3300000.0,2810000.0,490000.0,490000.0,1500000.0,12.0,162500.0,145312.5,-327500.0,0.33163265306122447,0.0,-344687.5
B120715-1,6,6,0.1667,0.0,0.8333,22.833,137,31,2.0,0.333,,,1,0,2012,연체중,손실,649,432,150만원,12개월,0.3,남자,48세,사무직,3050000.0,2200000.0,,30.0,15.0,37.0,5.0,0.0,1,3050000.0,2200000.0,850000.0,850000.0,1500000.0,12.0,162500.0,145312.5,-687500.0,0.19117647058823528,0.0,-704687.5
B120717-8,12,12,1.0,0.75,0.0,0.0,0,0,,,,,0,0,2012,정상종료,완납,142,408,200만원,12개월,0.3,여자,42세,요식업,1470000.0,680000.0,,25.0,19.0,10.0,0.0,0.0,1,1470000.0,680000.0,790000.0,790000.0,2000000.0,12.0,216666.66666666663,193750.0,-573333.3333333334,0.27426160337552735,0.0,-596250.0
B120719-4,9,9,0.2222,0.0,0.7778,12.0,108,28,2.0,0.222,3.0,4.0,1,0,2012,정상종료,완납,407,591,200만원,9개월,0.3,여자,41세,서비스업,3000000.0,2440000.0,,,,,,,1,3000000.0,2440000.0,560000.0,560000.0,2000000.0,9.0,272222.22222222225,250000.0,-287777.77777777775,0.48611111111111116,0.0,-310000.0
B120723-3,7,7,0.2857,0.1429,0.7143,3.286,23,7,1.0,0.143,3.0,4.0,1,0,2012,정상종료,완납,96,277,100만원,12개월,0.3,남자,39세,사무직,2100000.0,1670000.0,,5.0,1.0,16.0,0.0,0.0,1,2100000.0,1670000.0,430000.0,430000.0,1000000.0,12.0,108333.33333333331,96875.0,-321666.6666666667,0.251937984496124,0.0,-333125.0
B120730-3,11,11,1.0,0.9091,0.0,0.0,0,0,,,,,0,0,2012,정상종료,완납,1179,1100,200만원,12개월,0.3,여자,44세,보험설계사,2600000.0,1800000.0,,50.0,42.0,0.0,0.0,0.0,1,2600000.0,1800000.0,800000.0,800000.0,2000000.0,12.0,216666.66666666663,193750.0,-583333.3333333334,0.27083333333333326,0.0,-606250.0
B120801-3,6,6,1.0,1.0,0.0,0.0,0,0,,,,,0,0,2012,정상종료,완납,224,1022,100만원,9개월,0.3,남자,38세,기술직,1200000.0,980000.0,,18.0,18.0,0.0,0.0,0.0,1,1200000.0,980000.0,220000.0,220000.0,1000000.0,9.0,136111.11111111112,125000.0,-83888.88888888888,0.6186868686868687,0.0,-95000.0
B120802-2,2,2,0.0,0.0,1.0,16.0,32,31,1.0,0.5,,,1,0,2012,연체중,손실,141,855,150만원,9개월,0.3,남자,34세,영업직,1850000.0,1690000.0,,10.0,8.0,1.0,0.0,0.0,1,1850000.0,1690000.0,160000.0,160000.0,1500000.0,9.0,204166.66666666663,187500.0,44166.66666666663,1.2760416666666665,1.0,27500.0
B120807-1,1,1,0.0,0.0,1.0,31.0,31,31,1.0,1.0,,,1,0,2012,연체중,손실,126,163,100만원,6개월,0.3,남자,53세,기타,2000000.0,1220000.0,,,,,,,1,2000000.0,1220000.0,780000.0,780000.0,1000000.0,6.0,191666.66666666663,181250.0,-588333.3333333334,0.2457264957264957,0.0,-598750.0
B120808-2,9,9,1.0,0.6667,0.0,0.0,0,0,,,,,0,0,2012,정상종료,완납,361,1038,350만원,15개월,0.3,여자,46세,콜센터,2000000.0,1460000.0,,95.0,76.0,2.0,0.0,0.0,1,2000000.0,1460000.0,540000.0,540000.0,3500000.0,15.0,320833.3333333334,280000.0,-219166.66666666663,0.5941358024691359,0.0,-260000.0
B120816-12,9,9,0.2222,0.0,0.7778,5.222,47,14,3.0,0.333,,,1,0,2012,정상종료,완납,307,566,100만원,9개월,0.3,남자,45세,운전직,2000000.0,1860000.0,,,,,,,1,2000000.0,1860000.0,140000.0,140000.0,1000000.0,9.0,136111.11111111112,125000.0,-3888.888888888876,0.9722222222222223,0.0,-15000.0
B120820-3,3,3,0.3333,0.0,0.6667,10.667,32,31,2.0,0.667,,,1,0,2012,연체중,손실,172,1178,100만원,9개월,0.3,여자,53세,생산직,2000000.0,1470000.0,,,,,,,1,2000000.0,1470000.0,530000.0,530000.0,1000000.0,9.0,136111.11111111112,125000.0,-393888.8888888889,0.2568134171907757,0.0,-405000.0
B120822-6,9,9,0.2222,0.0,0.7778,12.778,115,31,1.0,0.111,3.0,4.0,1,0,2012,연체중,손실,176,347,200만원,12개월,0.3,여자,47세,사무직,4000000.0,3380000.0,,5.0,0.0,13.0,1.0,0.0,1,4000000.0,3380000.0,620000.0,620000.0,2000000.0,12.0,216666.66666666663,193750.0,-403333.3333333334,0.34946236559139776,0.0,-426250.0
B120823-4,10,10,1.0,0.6,0.0,0.0,0,0,,,,,0,0,2012,정상종료,완납,403,879,200만원,12개월,0.3,남자,47세,사무직,2550000.0,1940000.0,,96.0,76.0,3.0,0.0,0.0,1,2550000.0,1940000.0,610000.0,610000.0,2000000.0,12.0,216666.66666666663,193750.0,-393333.3333333334,0.35519125683060104,0.0,-416250.0
B120823-5,12,12,0.5833,0.0,0.4167,0.917,11,3,4.0,0.333,5.0,6.0,1,0,2012,정상종료,완납,64,867,150만원,12개월,0.3,여자,38세,간호사,1000000.0,210000.0,,17.0,8.0,7.0,0.0,0.0,1,1000000.0,210000.0,790000.0,790000.0,1500000.0,12.0,162500.0,145312.5,-627500.0,0.20569620253164558,0.0,-644687.5
B120827-12,2,2,0.0,0.0,1.0,17.5,35,31,1.0,0.5,,,1,0,2012,연체중,손실,181,438,100만원,9개월,0.3,여자,36세,생산직,2300000.0,2020000.0,,3.0,2.0,6.0,1.0,0.0,1,2300000.0,2020000.0,280000.0,280000.0,1000000.0,9.0,136111.11111111112,125000.0,-143888.88888888888,0.48611111111111116,0.0,-155000.0
B120827-4,12,12,0.75,0.5833,0.25,5.417,65,28,4.0,0.333,5.0,7.0,1,0,2012,정상종료,완납,344,2471,250만원,12개월,0.3,여자,50세,일용직,1200000.0,740000.0,,52.0,42.0,20.0,5.0,0.0,1,1200000.0,740000.0,460000.0,460000.0,2500000.0,12.0,270833.3333333334,242187.5,-189166.66666666663,0.588768115942029,0.0,-217812.5
B120828-8,9,9,0.7778,0.4444,0.2222,2.667,24,14,2.0,0.222,3.0,4.0,1,0,2012,정상종료,완납,685,309,200만원,9개월,0.3,남자,45세,생산직,4000000.0,2580000.0,,13.0,6.0,3.0,0.0,0.0,1,4000000.0,2580000.0,1420000.0,1420000.0,2000000.0,9.0,272222.22222222225,250000.0,-1147777.7777777778,0.1917057902973396,0.0,-1170000.0
B120902-4,12,12,1.0,0.4167,0.0,0.0,0,0,,,,,0,0,2012,정상종료,완납,551,641,150만원,12개월,0.3,남자,52세,시설관리업체,2000000.0,1450000.0,,20.0,5.0,1.0,0.0,0.0,1,2000000.0,1450000.0,550000.0,550000.0,1500000.0,12.0,162500.0,145312.5,-387500.0,0.29545454545454547,0.0,-404687.5
B120903-3,6,6,0.8333,0.5,0.1667,2.5,15,15,6.0,1.0,,,1,0,2012,정상종료,완납,205,586,100만원,6개월,0.3,남자,38세,기타,2900000.0,2390000.0,,,,,,,1,2900000.0,2390000.0,510000.0,510000.0,1000000.0,6.0,191666.66666666663,181250.0,-318333.3333333334,0.37581699346405223,0.0,-328750.0
B120904-13,6,6,0.5,0.0,0.5,0.667,4,2,1.0,0.167,2.0,3.0,1,0,2012,정상종료,완납,84,324,100만원,6개월,0.3,여자,51세,사무직,2200000.0,1840000.0,,50.0,9.0,5.0,0.0,0.0,1,2200000.0,1840000.0,360000.0,360000.0,1000000.0,6.0,191666.66666666663,181250.0,-168333.33333333337,0.5324074074074073,0.0,-178750.0
B120905-4,12,12,1.0,0.75,0.0,0.0,0,0,,,,,0,0,2012,정상종료,완납,649,1292,200만원,12개월,0.3,여자,39세,사무직,1590000.0,1260000.0,,19.0,12.0,0.0,0.0,0.0,1,1590000.0,1260000.0,330000.0,330000.0,2000000.0,12.0,216666.66666666663,193750.0,-113333.33333333337,0.6565656565656565,0.0,-136250.0
B120906-6,7,7,0.0,0.0,1.0,12.429,87,31,1.0,0.143,,,1,0,2012,연체중,손실,155,87,100만원,12개월,0.3,남자,36세,영업직,1700000.0,1400000.0,,,,,,,1,1700000.0,1400000.0,300000.0,300000.0,1000000.0,12.0,108333.33333333331,96875.0,-191666.6666666667,0.36111111111111105,0.0,-203125.0
B120907-2,6,6,0.6667,0.3333,0.3333,2.167,13,9,3.0,0.5,5.0,,1,0,2012,정상종료,완납,405,1498,100만원,6개월,0.3,여자,35세,사무직,1300000.0,1160000.0,,5.0,2.0,4.0,1.0,0.0,1,1300000.0,1160000.0,140000.0,140000.0,1000000.0,6.0,191666.66666666663,181250.0,51666.66666666663,1.3690476190476188,1.0,41250.0
B120907-4,8,8,0.875,0.625,0.125,0.875,7,7,3.0,0.375,4.0,,1,0,2012,정상종료,완납,265,391,150만원,9개월,0.3,여자,39세,기타,3700000.0,3360000.0,,21.0,11.0,16.0,0.0,0.0,1,3700000.0,3360000.0,340000.0,340000.0,1500000.0,9.0,204166.66666666663,187500.0,-135833.33333333337,0.6004901960784312,0.0,-152500.0
B120909-2,8,8,1.0,0.125,0.0,0.0,0,0,,,,,0,0,2012,정상종료,완납,577,613,200만원,9개월,0.3,남자,45세,서비스업,6500000.0,6100000.0,,79.0,11.0,5.0,0.0,0.0,1,6500000.0,6100000.0,400000.0,400000.0,2000000.0,9.0,272222.22222222225,250000.0,-127777.77777777775,0.6805555555555556,0.0,-150000.0
B120911-1,8,8,0.875,0.75,0.125,0.125,1,1,4.0,0.5,5.0,,1,0,2012,정상종료,완납,649,2706,100만원,9개월,0.3,남자,49세,기타,2300000.0,2160000.0,,16.0,11.0,5.0,0.0,0.0,1,2300000.0,2160000.0,140000.0,140000.0,1000000.0,9.0,136111.11111111112,125000.0,-3888.888888888876,0.9722222222222223,0.0,-15000.0
B120918-1,9,9,1.0,0.6667,0.0,0.0,0,0,,,,,0,0,2012,정상종료,완납,133,384,100만원,12개월,0.3,남자,42세,사무직,1800000.0,1220000.0,,28.0,25.0,0.0,0.0,0.0,1,1800000.0,1220000.0,580000.0,580000.0,1000000.0,12.0,108333.33333333331,96875.0,-471666.6666666667,0.18678160919540227,0.0,-483125.0
B120918-3,11,11,1.0,0.9091,0.0,0.0,0,0,,,,,0,0,2012,정상종료,완납,46,928,200만원,12개월,0.3,남자,55세,기타,2750000.0,2080000.0,,66.0,56.0,5.0,5.0,0.0,1,2750000.0,2080000.0,670000.0,670000.0,2000000.0,12.0,216666.66666666663,193750.0,-453333.3333333334,0.32338308457711434,0.0,-476250.0
B120924-11,1,1,1.0,1.0,0.0,0.0,0,0,,,,,0,0,2012,정상종료,완납,202,428,150만원,12개월,0.3,남자,40세,사무직,1400000.0,880000.0,,3.0,2.0,4.0,1.0,0.0,1,1400000.0,880000.0,520000.0,520000.0,1500000.0,12.0,162500.0,145312.5,-357500.0,0.3125,0.0,-374687.5
B120924-15,6,6,1.0,0.0,0.0,0.0,0,0,,,,,0,0,2012,정상종료,완납,77,716,150만원,6개월,0.3,남자,47세,사무직,3000000.0,2640000.0,,,,,,,1,3000000.0,2640000.0,360000.0,360000.0,1500000.0,6.0,287500.0,271875.0,-72500.0,0.7986111111111112,0.0,-88125.0
B120927-12,11,11,1.0,0.5455,0.0,0.0,0,0,,,,,0,0,2012,정상종료,완납,2410,563,200만원,12개월,0.3,남자,46세,학원,4000000.0,3850000.0,,26.0,17.0,1.0,0.0,0.0,1,4000000.0,3850000.0,150000.0,150000.0,2000000.0,12.0,216666.66666666663,193750.0,66666.66666666663,1.4444444444444442,1.0,43750.0
B121002-3,6,6,1.0,0.5,0.0,0.0,0,0,,,,,0,0,2012,정상종료,완납,519,386,250만원,6개월,0.3,남자,54세,운전직,2000000.0,1260000.0,,114.0,90.0,4.0,0.0,0.0,1,2000000.0,1260000.0,740000.0,740000.0,2500000.0,6.0,479166.6666666667,453125.0,-260833.3333333333,0.6475225225225225,0.0,-286875.0
B121002-4,12,12,0.8333,0.3333,0.1667,0.167,2,1,7.0,0.583,8.0,10.0,1,0,2012,정상종료,완납,307,709,200만원,12개월,0.3,여자,48세,서비스업,4790000.0,4150000.0,,27.0,7.0,3.0,0.0,0.0,1,4790000.0,4150000.0,640000.0,640000.0,2000000.0,12.0,216666.66666666663,193750.0,-423333.3333333334,0.33854166666666663,0.0,-446250.0
B121004-9,1,1,1.0,1.0,0.0,0.0,0,0,,,,,0,0,2012,정상종료,완납,85,412,300만원,24개월,0.3,남자,48세,공기업,3700000.0,2850000.0,,48.0,14.0,7.0,0.0,0.0,1,3700000.0,2850000.0,850000.0,850000.0,3000000.0,24.0,200000.0,164062.5,-650000.0,0.23529411764705882,0.0,-685937.5
B121011-1,9,9,0.0,0.0,1.0,19.222,173,31,1.0,0.111,,,1,0,2012,연체중,손실,361,528,100만원,9개월,0.3,남자,34세,기타,2300000.0,1280000.0,,,,,,,1,2300000.0,1280000.0,1020000.0,1020000.0,1000000.0,9.0,136111.11111111112,125000.0,-883888.8888888889,0.133442265795207,0.0,-895000.0
B121014-5,18,18,1.0,0.6667,0.0,0.0,0,0,,,,,0,0,2012,정상종료,완납,100,298,500만원,18개월,0.3,남자,57세,공기업,4600000.0,4420000.0,,49.0,43.0,0.0,0.0,0.0,1,4600000.0,4420000.0,180000.0,180000.0,5000000.0,18.0,402777.77777777775,343750.0,222777.77777777775,2.2376543209876543,1.0,163750.0
B121017-4,8,8,1.0,0.875,0.0,0.0,0,0,,,,,0,0,2012,정상종료,완납,333,545,500만원,15개월,0.3,여자,43세,콜센터,2000000.0,1600000.0,,90.0,74.0,1.0,0.0,0.0,1,2000000.0,1600000.0,400000.0,400000.0,5000000.0,15.0,458333.3333333333,400000.0,58333.333333333314,1.1458333333333333,1.0,0.0
B121019-13,9,9,0.8889,0.7778,0.1111,1.778,16,16,9.0,1.0,,,1,0,2012,정상종료,완납,299,628,100만원,9개월,0.3,여자,34세,콜센터,1750000.0,1270000.0,,10.0,9.0,1.0,0.0,0.0,1,1750000.0,1270000.0,480000.0,480000.0,1000000.0,9.0,136111.11111111112,125000.0,-343888.8888888889,0.2835648148148148,0.0,-355000.0
B121023-1,17,17,1.0,1.0,0.0,0.0,0,0,,,,,0,0,2012,정상종료,완납,317,277,500만원,18개월,0.3,남자,48세,영업직,3110000.0,2690000.0,,52.0,47.0,0.0,0.0,0.0,1,3110000.0,2690000.0,420000.0,420000.0,5000000.0,18.0,402777.77777777775,343750.0,-17222.222222222248,0.958994708994709,0.0,-76250.0
B121027-1,12,12,1.0,1.0,0.0,0.0,0,0,,,,,0,0,2012,정상종료,완납,261,2096,150만원,12개월,0.3,여자,50세,기타,2450000.0,2350000.0,,51.0,51.0,0.0,0.0,0.0,1,2450000.0,2350000.0,100000.0,100000.0,1500000.0,12.0,162500.0,145312.5,62500.0,1.625,1.0,45312.5
B121030-3,12,12,0.6667,0.0,0.3333,0.75,9,4,1.0,0.083,4.0,10.0,1,0,2012,정상종료,완납,143,659,100만원,12개월,0.3,남자,33세,기술직,1500000.0,950000.0,,28.0,11.0,12.0,0.0,0.0,1,1500000.0,950000.0,550000.0,550000.0,1000000.0,12.0,108333.33333333331,96875.0,-441666.6666666667,0.19696969696969693,0.0,-453125.0
B121031-2,24,24,0.7917,0.625,0.2083,0.958,23,12,12.0,0.5,13.0,16.0,1,0,2012,정상종료,완납,1434,959,300만원,24개월,0.3,남자,50세,보험설계사,4600000.0,4160000.0,,100.0,82.0,21.0,0.0,0.0,1,4600000.0,4160000.0,440000.0,440000.0,3000000.0,24.0,200000.0,164062.5,-240000.0,0.45454545454545453,0.0,-275937.5
B121101-1,6,6,1.0,0.3333,0.0,0.0,0,0,,,,,0,0,2012,정상종료,완납,78,390,100만원,6개월,0.3,여자,42세,간호사,2000000.0,190000.0,,15.0,8.0,0.0,0.0,0.0,1,2000000.0,190000.0,1810000.0,1810000.0,1000000.0,6.0,191666.66666666663,181250.0,-1618333.3333333335,0.10589318600368322,0.0,-1628750.0
B121104-1,3,3,0.3333,0.0,0.6667,13.667,41,31,2.0,0.667,,,1,0,2012,연체중,손실,1024,359,100만원,6개월,0.3,남자,34세,생산직,2000000.0,1320000.0,,,,,,,1,2000000.0,1320000.0,680000.0,680000.0,1000000.0,6.0,191666.66666666663,181250.0,-488333.3333333334,0.28186274509803916,0.0,-498750.0
B121106-10,9,9,0.7778,0.4444,0.2222,0.667,6,5,6.0,0.667,7.0,9.0,1,0,2012,정상종료,완납,239,851,100만원,9개월,0.3,여자,37세,사무직,1200000.0,1190000.0,,14.0,8.0,4.0,0.0,0.0,1,1200000.0,1190000.0,10000.0,10000.0,1000000.0,9.0,136111.11111111112,125000.0,126111.11111111112,13.611111111111112,1.0,115000.0
B121107-3,19,19,1.0,0.8421,0.0,0.0,0,0,,,,,0,0,2012,정상종료,완납,418,794,600만원,24개월,0.3,여자,43세,보험설계사,3000000.0,2830000.0,,125.0,120.0,0.0,0.0,0.0,1,3000000.0,2830000.0,170000.0,170000.0,6000000.0,24.0,400000.0,328125.0,230000.0,2.3529411764705883,1.0,158125.0
B121108-10,13,13,0.8462,0.4615,0.1538,0.231,3,2,3.0,0.231,4.0,8.0,1,0,2012,정상종료,완납,686,997,450만원,21개월,0.3,남자,52세,서비스업,2400000.0,2340000.0,,60.0,44.0,5.0,0.0,0.0,1,2400000.0,2340000.0,60000.0,60000.0,4500000.0,21.0,326785.7142857143,273214.28571428574,266785.7142857143,5.446428571428572,1.0,213214.28571428574
B121109-11,12,12,0.75,0.5833,0.25,1.0,12,10,4.0,0.333,5.0,7.0,1,0,2012,정상종료,완납,370,914,200만원,12개월,0.3,여자,45세,기타,1500000.0,1190000.0,,19.0,14.0,5.0,0.0,0.0,1,1500000.0,1190000.0,310000.0,310000.0,2000000.0,12.0,216666.66666666663,193750.0,-93333.33333333337,0.6989247311827955,0.0,-116250.0
B121119-7,15,15,0.8667,0.6667,0.1333,0.133,2,1,5.0,0.333,7.0,,1,0,2012,정상종료,완납,343,597,300만원,21개월,0.3,여자,46세,기타,2650000.0,2450000.0,,54.0,45.0,31.0,5.0,0.0,1,2650000.0,2450000.0,200000.0,200000.0,3000000.0,21.0,217857.14285714287,182142.8571428572,17857.14285714287,1.0892857142857144,1.0,-17857.14285714281
B121120-2,12,12,0.9167,0.5,0.0833,0.25,3,3,3.0,0.25,4.0,,1,0,2012,정상종료,완납,246,299,150만원,12개월,0.3,남자,48세,기술직,3190000.0,2800000.0,,46.0,16.0,4.0,0.0,0.0,1,3190000.0,2800000.0,390000.0,390000.0,1500000.0,12.0,162500.0,145312.5,-227500.0,0.4166666666666667,0.0,-244687.5
B121122-8,12,12,0.25,0.1667,0.75,2.667,32,6,2.0,0.167,4.0,5.0,1,0,2012,정상종료,완납,221,416,100만원,12개월,0.3,남자,42세,사무직,3300000.0,2750000.0,,10.0,6.0,14.0,0.0,0.0,1,3300000.0,2750000.0,550000.0,550000.0,1000000.0,12.0,108333.33333333331,96875.0,-441666.6666666667,0.19696969696969693,0.0,-453125.0
B121123-10,12,12,0.75,0.5833,0.25,0.583,7,3,4.0,0.333,5.0,6.0,1,0,2012,정상종료,완납,399,1097,300만원,18개월,0.3,남자,46세,기술직,4500000.0,3070000.0,,71.0,56.0,14.0,0.0,0.0,1,4500000.0,3070000.0,1430000.0,1430000.0,3000000.0,18.0,241666.66666666663,206250.0,-1188333.3333333335,0.16899766899766896,0.0,-1223750.0
B121123-6,10,10,0.9,0.1,0.1,0.2,2,2,1.0,0.1,2.0,,1,0,2012,정상종료,완납,204,289,100만원,12개월,0.3,남자,51세,기타,2300000.0,1660000.0,,77.0,43.0,3.0,0.0,0.0,1,2300000.0,1660000.0,640000.0,640000.0,1000000.0,12.0,108333.33333333331,96875.0,-531666.6666666667,0.16927083333333331,0.0,-543125.0
B121124-3,12,12,1.0,0.0833,0.0,0.0,0,0,,,,,0,0,2012,정상종료,완납,83,426,150만원,12개월,0.3,남자,48세,공기업,3700000.0,2990000.0,,48.0,14.0,7.0,0.0,0.0,1,3700000.0,2990000.0,710000.0,710000.0,1500000.0,12.0,162500.0,145312.5,-547500.0,0.22887323943661972,0.0,-564687.5
B121128-8,12,12,0.9167,0.6667,0.0833,0.167,2,2,7.0,0.583,8.0,,1,0,2012,정상종료,완납,125,454,100만원,12개월,0.3,여자,38세,사무직,1780000.0,1500000.0,,,,,,,1,1780000.0,1500000.0,280000.0,280000.0,1000000.0,12.0,108333.33333333331,96875.0,-171666.6666666667,0.38690476190476186,0.0,-183125.0
B121203-3,10,10,1.0,0.9,0.0,0.0,0,0,,,,,0,0,2012,정상종료,완납,1607,1378,300만원,24개월,0.3,남자,60세,기술직,1691200000.0,1620000.0,,34.0,31.0,0.0,0.0,0.0,1,1691200000.0,1620000.0,1689580000.0,1689580000.0,3000000.0,24.0,200000.0,164062.5,-1689380000.0,0.00011837261331218409,0.0,-1689415937.5
B121205-6,12,12,0.8333,0.25,0.1667,0.333,4,3,10.0,0.833,12.0,,1,0,2012,정상종료,완납,330,729,250만원,12개월,0.3,남자,40세,사무직,2500000.0,1460000.0,,50.0,31.0,10.0,0.0,0.0,1,2500000.0,1460000.0,1040000.0,1040000.0,2500000.0,12.0,270833.3333333334,242187.5,-769166.6666666666,0.2604166666666667,0.0,-797812.5
B121206-6,9,9,1.0,1.0,0.0,0.0,0,0,,,,,0,0,2012,정상종료,완납,261,218,250만원,12개월,0.3,여자,43세,기타,880000.0,840000.0,,42.0,42.0,0.0,0.0,0.0,1,880000.0,840000.0,40000.0,40000.0,2500000.0,12.0,270833.3333333334,242187.5,230833.33333333337,6.770833333333334,1.0,202187.5
B121207-6,12,12,0.9167,0.5833,0.0833,0.083,1,1,2.0,0.167,3.0,,1,0,2012,정상종료,완납,120,375,250만원,12개월,0.3,여자,49세,콜센터,3150000.0,2750000.0,,73.0,53.0,6.0,0.0,0.0,1,3150000.0,2750000.0,400000.0,400000.0,2500000.0,12.0,270833.3333333334,242187.5,-129166.66666666663,0.6770833333333335,0.0,-157812.5
B121214-11,11,11,0.9091,0.0909,0.0909,0.091,1,1,7.0,0.636,8.0,,1,0,2012,정상종료,완납,188,764,150만원,12개월,0.3,남자,47세,기타,2000000.0,1780000.0,,60.0,22.0,15.0,0.0,0.0,1,2000000.0,1780000.0,220000.0,220000.0,1500000.0,12.0,162500.0,145312.5,-57500.0,0.7386363636363636,0.0,-74687.5
B121214-2,7,7,0.2857,0.0,0.7143,7.429,52,31,3.0,0.429,,,1,0,2012,연체중,손실,52,1060,150만원,9개월,0.3,여자,42세,사무직,1900000.0,1470000.0,,,,,,,1,1900000.0,1470000.0,430000.0,430000.0,1500000.0,9.0,204166.66666666663,187500.0,-225833.33333333337,0.4748062015503875,0.0,-242500.0
B121216-1,5,5,0.4,0.4,0.6,9.8,49,31,2.0,0.4,4.0,5.0,1,0,2012,연체중,손실,190,1075,100만원,9개월,0.3,남자,56세,사무직,2900000.0,2200000.0,,15.0,7.0,7.0,0.0,0.0,1,2900000.0,2200000.0,700000.0,700000.0,1000000.0,9.0,136111.11111111112,125000.0,-563888.8888888889,0.19444444444444448,0.0,-575000.0
B121216-3,12,12,1.0,1.0,0.0,0.0,0,0,,,,,0,0,2012,정상종료,완납,602,829,150만원,12개월,0.3,여자,51세,서비스업,1600000.0,770000.0,,30.0,30.0,0.0,0.0,0.0,1,1600000.0,770000.0,830000.0,830000.0,1500000.0,12.0,162500.0,145312.5,-667500.0,0.19578313253012047,0.0,-684687.5
B121217-5,8,8,1.0,0.75,0.0,0.0,0,0,,,,,0,0,2012,정상종료,완납,431,499,250만원,12개월,0.3,여자,39세,사무직,1300000.0,870000.0,,48.0,38.0,1.0,0.0,0.0,1,1300000.0,870000.0,430000.0,430000.0,2500000.0,12.0,270833.3333333334,242187.5,-159166.66666666663,0.6298449612403102,0.0,-187812.5
B121218-1,19,19,1.0,0.6316,0.0,0.0,0,0,,,,,0,0,2012,정상종료,완납,809,1002,350만원,24개월,0.3,남자,53세,생산직,2500000.0,1810000.0,,72.0,58.0,0.0,0.0,0.0,1,2500000.0,1810000.0,690000.0,690000.0,3500000.0,24.0,233333.3333333333,191406.25,-456666.6666666667,0.3381642512077294,0.0,-498593.75
B121221-13,23,23,0.3043,0.0435,0.6957,1.478,34,6,1.0,0.043,7.0,9.0,1,0,2012,정상종료,완납,345,587,300만원,24개월,0.3,여자,51세,학원,2700000.0,2310000.0,,26.0,3.0,21.0,0.0,0.0,1,2700000.0,2310000.0,390000.0,390000.0,3000000.0,24.0,200000.0,164062.5,-190000.0,0.5128205128205128,0.0,-225937.5
B121221-15,8,8,1.0,0.375,0.0,0.0,0,0,,,,,0,0,2012,정상종료,완납,68,987,200만원,12개월,0.3,남자,51세,사무직,2500000.0,2140000.0,,,,,,,1,2500000.0,2140000.0,360000.0,360000.0,2000000.0,12.0,216666.66666666663,193750.0,-143333.33333333337,0.6018518518518517,0.0,-166250.0
B121224-21,21,21,0.4286,0.0476,0.5714,1.048,22,4,1.0,0.048,2.0,5.0,1,0,2012,정상종료,완납,717,742,300만원,21개월,0.3,여자,42세,요식업,4200000.0,3990000.0,,62.0,13.0,24.0,1.0,0.0,1,4200000.0,3990000.0,210000.0,210000.0,3000000.0,21.0,217857.14285714287,182142.8571428572,7857.14285714287,1.0374149659863947,1.0,-27857.14285714281
B121225-3,6,6,0.1667,0.1667,0.8333,10.0,60,16,2.0,0.333,,,1,0,2012,정상종료,완납,196,847,300만원,21개월,0.3,남자,43세,기타,2060000.0,1610000.0,,24.0,17.0,11.0,0.0,0.0,1,2060000.0,1610000.0,450000.0,450000.0,3000000.0,21.0,217857.14285714287,182142.8571428572,-232142.85714285713,0.48412698412698413,0.0,-267857.14285714284
B121231-6,2,2,0.5,0.0,0.5,1.0,2,2,2.0,1.0,,,1,0,2012,정상종료,완납,166,556,150만원,12개월,0.3,여자,41세,생산직,3050000.0,2130000.0,,12.0,3.0,14.0,1.0,0.0,1,3050000.0,2130000.0,920000.0,920000.0,1500000.0,12.0,162500.0,145312.5,-757500.0,0.1766304347826087,0.0,-774687.5
B130102-5,9,9,1.0,1.0,0.0,0.0,0,0,,,,,0,0,2013,정상종료,완납,401,1670,150만원,9개월,0.3,여자,38세,사무직,1600000.0,1300000.0,,,,,,,1,1600000.0,1300000.0,300000.0,300000.0,1500000.0,9.0,204166.66666666663,187500.0,-95833.33333333337,0.6805555555555555,0.0,-112500.0
B130104-3,10,10,1.0,0.3,0.0,0.0,0,0,,,,,0,0,2013,정상종료,완납,223,731,100만원,12개월,0.3,남자,47세,사무직,4400000.0,3750000.0,,18.0,5.0,1.0,0.0,0.0,1,4400000.0,3750000.0,650000.0,650000.0,1000000.0,12.0,108333.33333333331,96875.0,-541666.6666666667,0.16666666666666663,0.0,-553125.0
B130104-9,5,5,0.8,0.4,0.2,0.2,1,1,1.0,0.2,2.0,,1,0,2013,정상종료,완납,214,690,100만원,6개월,0.3,남자,42세,공공기관,1600000.0,1390000.0,,5.0,2.0,2.0,1.0,0.0,1,1600000.0,1390000.0,210000.0,210000.0,1000000.0,6.0,191666.66666666663,181250.0,-18333.333333333372,0.9126984126984126,0.0,-28750.0
B130106-6,12,12,0.5833,0.0833,0.4167,10.25,123,30,2.0,0.167,3.0,8.0,1,0,2013,정상종료,완납,99,617,250만원,12개월,0.3,여자,44세,기타,1670000.0,1280000.0,,38.0,25.0,8.0,2.0,0.0,1,1670000.0,1280000.0,390000.0,390000.0,2500000.0,12.0,270833.3333333334,242187.5,-119166.66666666663,0.6944444444444445,0.0,-147812.5
B130109-8,9,9,1.0,1.0,0.0,0.0,0,0,,,,,0,0,2013,정상종료,완납,112,909,500만원,24개월,0.3,여자,45세,사무직,3750000.0,3130000.0,,101.0,95.0,0.0,0.0,0.0,1,3750000.0,3130000.0,620000.0,620000.0,5000000.0,24.0,333333.3333333334,273437.5,-286666.6666666666,0.5376344086021506,0.0,-346562.5
B130111-19,12,12,1.0,0.0833,0.0,0.0,0,0,,,,,0,0,2013,정상종료,완납,35,29,150만원,12개월,0.3,남자,49세,일용직,2300000.0,1800000.0,,46.0,16.0,2.0,0.0,0.0,1,2300000.0,1800000.0,500000.0,500000.0,1500000.0,12.0,162500.0,145312.5,-337500.0,0.325,0.0,-354687.5
B130111-9,7,7,0.1429,0.1429,0.8571,10.286,72,31,2.0,0.286,,,1,0,2013,연체중,손실,128,824,200만원,12개월,0.3,여자,38세,기타,2800000.0,2520000.0,,22.0,7.0,14.0,0.0,0.0,1,2800000.0,2520000.0,280000.0,280000.0,2000000.0,12.0,216666.66666666663,193750.0,-63333.33333333337,0.7738095238095237,0.0,-86250.0
B130114-6,4,4,1.0,1.0,0.0,0.0,0,0,,,,,0,0,2013,정상종료,완납,38,693,100만원,12개월,0.3,여자,48세,콜센터,1300000.0,650000.0,,5.0,4.0,4.0,0.0,0.0,1,1300000.0,650000.0,650000.0,650000.0,1000000.0,12.0,108333.33333333331,96875.0,-541666.6666666667,0.16666666666666663,0.0,-553125.0
B130117-7,9,9,0.3333,0.1111,0.6667,2.556,23,11,1.0,0.111,2.0,3.0,1,0,2013,정상종료,완납,277,445,150만원,9개월,0.3,여자,45세,사무직,1700000.0,1640000.0,,20.0,16.0,16.0,0.0,0.0,1,1700000.0,1640000.0,60000.0,60000.0,1500000.0,9.0,204166.66666666663,187500.0,144166.66666666663,3.4027777777777772,1.0,127500.0
B130121-5,18,18,0.7778,0.5,0.2222,0.444,8,3,8.0,0.444,10.0,16.0,1,0,2013,정상종료,완납,177,434,300만원,18개월,0.3,여자,47세,간호사,2050000.0,1160000.0,,60.0,39.0,21.0,0.0,0.0,1,2050000.0,1160000.0,890000.0,890000.0,3000000.0,18.0,241666.66666666663,206250.0,-648333.3333333334,0.2715355805243445,0.0,-683750.0
B130122-3,6,6,1.0,1.0,0.0,0.0,0,0,,,,,0,0,2013,정상종료,완납,342,1133,150만원,9개월,0.3,남자,36세,기타,2100000.0,1940000.0,,23.0,21.0,10.0,0.0,0.0,1,2100000.0,1940000.0,160000.0,160000.0,1500000.0,9.0,204166.66666666663,187500.0,44166.66666666663,1.2760416666666665,1.0,27500.0
B130123-8,7,7,1.0,1.0,0.0,0.0,0,0,,,,,0,0,2013,정상종료,완납,705,698,550만원,15개월,0.3,여자,40세,기술직,3000000.0,2440000.0,,98.0,84.0,3.0,0.0,0.0,1,3000000.0,2440000.0,560000.0,560000.0,5500000.0,15.0,504166.6666666667,440000.0,-55833.333333333314,0.9002976190476191,0.0,-120000.0
B130124-6,21,21,0.3333,0.1905,0.6667,5.857,123,15,2.0,0.095,4.0,6.0,1,0,2013,정상종료,완납,355,430,300만원,21개월,0.3,여자,55세,요식업,5200000.0,4360000.0,,13.0,8.0,18.0,0.0,0.0,1,5200000.0,4360000.0,840000.0,840000.0,3000000.0,21.0,217857.14285714287,182142.8571428572,-622142.8571428572,0.2593537414965987,0.0,-657857.1428571428
B130125-2,1,1,0.0,0.0,1.0,31.0,31,31,1.0,1.0,,,1,0,2013,연체중,손실,152,1253,150만원,12개월,0.3,여자,47세,기타,1740000.0,1360000.0,,,,,,,1,1740000.0,1360000.0,380000.0,380000.0,1500000.0,12.0,162500.0,145312.5,-217500.0,0.4276315789473684,0.0,-234687.5
B130125-6,8,8,0.75,0.375,0.25,0.75,6,5,4.0,0.5,5.0,7.0,1,0,2013,정상종료,완납,421,411,300만원,18개월,0.3,남자,49세,기타,3500000.0,2090000.0,,33.0,24.0,5.0,0.0,0.0,1,3500000.0,2090000.0,1410000.0,1410000.0,3000000.0,18.0,241666.66666666663,206250.0,-1168333.3333333335,0.1713947990543735,0.0,-1203750.0
B130128-1,2,2,0.0,0.0,1.0,16.0,32,31,1.0,0.5,,,1,0,2013,연체중,손실,76,205,100만원,12개월,0.3,남자,44세,사무직,3000000.0,2490000.0,,,,,,,1,3000000.0,2490000.0,510000.0,510000.0,1000000.0,12.0,108333.33333333331,96875.0,-401666.6666666667,0.21241830065359474,0.0,-413125.0
B130129-8,23,23,0.9565,0.6087,0.0435,0.043,1,1,21.0,0.913,22.0,,1,0,2013,정상종료,완납,1133,3810,300만원,24개월,0.3,여자,41세,기타,2500000.0,2290000.0,,58.0,42.0,1.0,0.0,0.0,1,2500000.0,2290000.0,210000.0,210000.0,3000000.0,24.0,200000.0,164062.5,-10000.0,0.9523809523809523,0.0,-45937.5
B130130-10,12,12,1.0,1.0,0.0,0.0,0,0,,,,,0,0,2013,정상종료,완납,764,1042,200만원,12개월,0.3,남자,38세,기술직,2700000.0,1860000.0,,18.0,18.0,0.0,0.0,0.0,1,2700000.0,1860000.0,840000.0,840000.0,2000000.0,12.0,216666.66666666663,193750.0,-623333.3333333334,0.2579365079365079,0.0,-646250.0
B130131-2,9,9,0.5556,0.2222,0.4444,5.667,51,18,3.0,0.333,4.0,5.0,1,0,2013,정상종료,완납,226,588,200만원,9개월,0.3,남자,50세,기술직,2300000.0,1770000.0,,,,,,,1,2300000.0,1770000.0,530000.0,530000.0,2000000.0,9.0,272222.22222222225,250000.0,-257777.77777777775,0.5136268343815514,0.0,-280000.0
B130203-1,18,18,0.7778,0.3333,0.2222,4.722,85,23,4.0,0.222,8.0,,1,0,2013,정상종료,완납,785,1036,350만원,24개월,0.3,여자,38세,기타,1120000.0,940000.0,,40.0,29.0,7.0,3.0,0.0,1,1120000.0,940000.0,180000.0,180000.0,3500000.0,24.0,233333.3333333333,191406.25,53333.333333333314,1.2962962962962963,1.0,11406.25
B130204-2,12,12,0.6667,0.4167,0.3333,0.417,5,2,4.0,0.333,5.0,8.0,1,0,2013,정상종료,완납,184,1415,250만원,12개월,0.3,여자,34세,기타,3500000.0,2950000.0,,12.0,9.0,4.0,0.0,0.0,1,3500000.0,2950000.0,550000.0,550000.0,2500000.0,12.0,270833.3333333334,242187.5,-279166.6666666666,0.4924242424242425,0.0,-307812.5
B130205-2,7,7,0.2857,0.2857,0.7143,13.571,95,31,3.0,0.429,,,1,0,2013,연체중,손실,308,1059,100만원,9개월,0.3,남자,47세,보험설계사,3050000.0,2360000.0,,,,,,,1,3050000.0,2360000.0,690000.0,690000.0,1000000.0,9.0,136111.11111111112,125000.0,-553888.8888888889,0.19726247987117554,0.0,-565000.0
B130208-2,9,9,1.0,0.5556,0.0,0.0,0,0,,,,,0,0,2013,정상종료,완납,204,734,150만원,9개월,0.3,여자,36세,일용직,1500000.0,1060000.0,,32.0,17.0,1.0,0.0,0.0,1,1500000.0,1060000.0,440000.0,440000.0,1500000.0,9.0,204166.66666666663,187500.0,-235833.33333333337,0.46401515151515144,0.0,-252500.0
B130212-2,6,6,0.1667,0.0,0.8333,13.5,81,31,2.0,0.333,,,1,0,2013,연체중,손실,109,855,200만원,12개월,0.3,남자,41세,기타,2900000.0,2670000.0,,28.0,2.0,7.0,0.0,0.0,1,2900000.0,2670000.0,230000.0,230000.0,2000000.0,12.0,216666.66666666663,193750.0,-13333.333333333372,0.9420289855072462,0.0,-36250.0
B130213-1,3,3,0.6667,0.3333,0.3333,1.333,4,4,2.0,0.667,3.0,,1,0,2013,정상종료,완납,569,258,300만원,18개월,0.3,남자,68세,시설관리업체,1610000.0,1490000.0,,16.0,11.0,15.0,1.0,0.0,1,1610000.0,1490000.0,120000.0,120000.0,3000000.0,18.0,241666.66666666663,206250.0,121666.66666666663,2.0138888888888884,1.0,86250.0
B130217-2,21,21,0.8571,0.5238,0.1429,0.238,5,3,11.0,0.524,12.0,15.0,1,0,2013,정상종료,완납,1522,1641,500만원,21개월,0.3,여자,42세,운전직,11050000.0,10740000.0,,59.0,40.0,10.0,0.0,0.0,1,11050000.0,10740000.0,310000.0,310000.0,5000000.0,21.0,363095.2380952381,303571.4285714286,53095.238095238106,1.1712749615975422,1.0,-6428.57142857142
B130218-5,8,8,1.0,0.75,0.0,0.0,0,0,,,,,0,0,2013,정상종료,완납,183,625,100만원,9개월,0.3,남자,51세,영업직,2400000.0,2230000.0,,,,,,,1,2400000.0,2230000.0,170000.0,170000.0,1000000.0,9.0,136111.11111111112,125000.0,-33888.888888888876,0.8006535947712419,0.0,-45000.0
B130218-8,9,9,0.0,0.0,1.0,3.333,30,4,1.0,0.111,,,1,0,2013,정상종료,완납,339,1138,150만원,9개월,0.3,여자,46세,기타,1400000.0,1060000.0,,15.0,9.0,48.0,0.0,0.0,1,1400000.0,1060000.0,340000.0,340000.0,1500000.0,9.0,204166.66666666663,187500.0,-135833.33333333337,0.6004901960784312,0.0,-152500.0
B130218-9,11,11,1.0,1.0,0.0,0.0,0,0,,,,,0,0,2013,정상종료,완납,620,2311,500만원,24개월,0.3,여자,42세,기타,2110000.0,1730000.0,,90.0,71.0,15.0,1.0,0.0,1,2110000.0,1730000.0,380000.0,380000.0,5000000.0,24.0,333333.3333333334,273437.5,-46666.66666666663,0.8771929824561404,0.0,-106562.5
B130220-5,15,15,0.9333,0.8,0.0667,0.133,2,2,2.0,0.133,3.0,,1,0,2013,정상종료,완납,283,635,300만원,15개월,0.3,남자,47세,공기업,5000000.0,4420000.0,,39.0,29.0,3.0,0.0,0.0,1,5000000.0,4420000.0,580000.0,580000.0,3000000.0,15.0,275000.0,240000.0,-305000.0,0.47413793103448276,0.0,-340000.0
B130220-6,5,5,0.0,0.0,1.0,13.6,68,31,1.0,0.2,,,1,0,2013,연체중,손실,184,89,100만원,6개월,0.3,여자,44세,사무직,4330000.0,3200000.0,,,,,,,1,4330000.0,3200000.0,1130000.0,1130000.0,1000000.0,6.0,191666.66666666663,181250.0,-938333.3333333334,0.16961651917404127,0.0,-948750.0
B130221-8,10,10,0.7,0.5,0.3,0.9,9,7,5.0,0.5,6.0,7.0,1,0,2013,정상종료,완납,195,922,300만원,18개월,0.3,남자,59세,공공기관,3500000.0,3360000.0,,24.0,18.0,6.0,0.0,0.0,1,3500000.0,3360000.0,140000.0,140000.0,3000000.0,18.0,241666.66666666663,206250.0,101666.66666666663,1.7261904761904758,1.0,66250.0
B130222-2,12,12,0.0833,0.0,0.9167,9.25,111,30,1.0,0.083,11.0,12.0,1,0,2013,정상종료,완납,450,306,150만원,12개월,0.3,남자,44세,영업직,1900000.0,1630000.0,,,,,,,1,1900000.0,1630000.0,270000.0,270000.0,1500000.0,12.0,162500.0,145312.5,-107500.0,0.6018518518518519,0.0,-124687.5
B130224-2,5,5,1.0,0.8,0.0,0.0,0,0,,,,,0,0,2013,정상종료,완납,406,353,200만원,12개월,0.3,남자,45세,사무직,4200000.0,2330000.0,,69.0,66.0,16.0,0.0,0.0,1,4200000.0,2330000.0,1870000.0,1870000.0,2000000.0,12.0,216666.66666666663,193750.0,-1653333.3333333335,0.1158645276292335,0.0,-1676250.0
B130224-3,6,6,0.6667,0.1667,0.3333,0.833,5,3,3.0,0.5,5.0,,1,0,2013,정상종료,완납,291,151,300만원,18개월,0.3,여자,39세,사무직,2600000.0,1730000.0,,20.0,9.0,4.0,0.0,0.0,1,2600000.0,1730000.0,870000.0,870000.0,3000000.0,18.0,241666.66666666663,206250.0,-628333.3333333334,0.27777777777777773,0.0,-663750.0
B130225-2,11,11,1.0,0.5455,0.0,0.0,0,0,,,,,0,0,2013,정상종료,완납,85,629,200만원,12개월,0.3,여자,49세,사무직,2900000.0,2300000.0,,32.0,14.0,14.0,1.0,0.0,1,2900000.0,2300000.0,600000.0,600000.0,2000000.0,12.0,216666.66666666663,193750.0,-383333.3333333334,0.36111111111111105,0.0,-406250.0
B130225-4,1,1,0.0,0.0,1.0,31.0,31,31,1.0,1.0,,,1,0,2013,연체중,손실,167,474,100만원,9개월,0.3,여자,38세,콜센터,1300000.0,1080000.0,,2.0,1.0,7.0,0.0,0.0,1,1300000.0,1080000.0,220000.0,220000.0,1000000.0,9.0,136111.11111111112,125000.0,-83888.88888888888,0.6186868686868687,0.0,-95000.0
B130228-3,12,12,0.6667,0.1667,0.3333,0.583,7,2,6.0,0.5,7.0,9.0,1,0,2013,정상종료,완납,163,583,200만원,12개월,0.3,남자,52세,운전직,3400000.0,2260000.0,,18.0,7.0,8.0,0.0,0.0,1,3400000.0,2260000.0,1140000.0,1140000.0,2000000.0,12.0,216666.66666666663,193750.0,-923333.3333333334,0.1900584795321637,0.0,-946250.0
B130302-2,12,12,0.4167,0.1667,0.5833,11.917,143,28,4.0,0.333,5.0,7.0,1,0,2013,정상종료,완납,209,545,250만원,12개월,0.3,여자,37세,기타,1300000.0,1050000.0,,17.0,13.0,21.0,0.0,0.0,1,1300000.0,1050000.0,250000.0,250000.0,2500000.0,12.0,270833.3333333334,242187.5,20833.333333333372,1.0833333333333335,1.0,-7812.5
B130304-3,11,11,1.0,0.9091,0.0,0.0,0,0,,,,,0,0,2013,정상종료,완납,421,354,400만원,15개월,0.3,남자,54세,운전직,2000000.0,1260000.0,,114.0,90.0,4.0,0.0,0.0,1,2000000.0,1260000.0,740000.0,740000.0,4000000.0,15.0,366666.6666666667,320000.0,-373333.3333333333,0.49549549549549554,0.0,-420000.0
B130307-2,12,12,1.0,1.0,0.0,0.0,0,0,,,,,0,0,2013,정상종료,완납,493,858,200만원,12개월,0.3,여자,44세,기타,2100000.0,1690000.0,,51.0,51.0,0.0,0.0,0.0,1,2100000.0,1690000.0,410000.0,410000.0,2000000.0,12.0,216666.66666666663,193750.0,-193333.33333333337,0.5284552845528454,0.0,-216250.0
B130308-7,15,15,1.0,0.4667,0.0,0.0,0,0,,,,,0,0,2013,정상종료,완납,191,1119,300만원,15개월,0.3,남자,38세,사무직,1740000.0,1380000.0,,83.0,37.0,2.0,0.0,0.0,1,1740000.0,1380000.0,360000.0,360000.0,3000000.0,15.0,275000.0,240000.0,-85000.0,0.7638888888888888,0.0,-120000.0
B130310-2,5,5,0.0,0.0,1.0,18.6,93,31,1.0,0.2,,,1,0,2013,연체중,손실,84,313,100만원,12개월,0.3,여자,40세,사무직,1200000.0,700000.0,,,,,,,1,1200000.0,700000.0,500000.0,500000.0,1000000.0,12.0,108333.33333333331,96875.0,-391666.6666666667,0.21666666666666662,0.0,-403125.0
B130312-4,8,8,1.0,0.5,0.0,0.0,0,0,,,,,0,0,2013,정상종료,완납,825,2076,200만원,12개월,0.3,남자,47세,사무직,1670000.0,1230000.0,,69.0,24.0,0.0,0.0,0.0,1,1670000.0,1230000.0,440000.0,440000.0,2000000.0,12.0,216666.66666666663,193750.0,-223333.33333333337,0.4924242424242423,0.0,-246250.0
B130314-13,12,12,0.9167,0.75,0.0833,0.583,7,7,3.0,0.25,4.0,,1,0,2013,정상종료,완납,337,424,200만원,12개월,0.3,남자,48세,시설관리업체,2300000.0,2040000.0,,31.0,25.0,18.0,0.0,0.0,1,2300000.0,2040000.0,260000.0,260000.0,2000000.0,12.0,216666.66666666663,193750.0,-43333.33333333337,0.8333333333333331,0.0,-66250.0
B130314-8,18,18,1.0,0.3889,0.0,0.0,0,0,,,,,0,0,2013,정상종료,완납,338,1083,700만원,24개월,0.3,여자,52세,기타,3300000.0,3080000.0,,60.0,44.0,0.0,0.0,0.0,1,3300000.0,3080000.0,220000.0,220000.0,7000000.0,24.0,466666.6666666667,382812.5,246666.6666666667,2.121212121212121,1.0,162812.5
B130315-2,4,4,1.0,1.0,0.0,0.0,0,0,,,,,0,0,2013,정상종료,완납,303,2020,300만원,15개월,0.3,남자,46세,기타,4000000.0,2540000.0,,67.0,62.0,4.0,0.0,0.0,1,4000000.0,2540000.0,1460000.0,1460000.0,3000000.0,15.0,275000.0,240000.0,-1185000.0,0.18835616438356165,0.0,-1220000.0
B130318-1,6,6,0.5,0.0,0.5,10.333,62,31,4.0,0.667,,,1,0,2013,연체중,손실,425,1072,300만원,15개월,0.3,남자,49세,기타,5100000.0,4520000.0,,26.0,5.0,3.0,0.0,0.0,1,5100000.0,4520000.0,580000.0,580000.0,3000000.0,15.0,275000.0,240000.0,-305000.0,0.47413793103448276,0.0,-340000.0
B130321-4,6,6,1.0,0.8333,0.0,0.0,0,0,,,,,0,0,2013,정상종료,완납,624,670,200만원,12개월,0.3,남자,51세,공공기관,3000000.0,2500000.0,,68.0,49.0,27.0,0.0,0.0,1,3000000.0,2500000.0,500000.0,500000.0,2000000.0,12.0,216666.66666666663,193750.0,-283333.3333333334,0.43333333333333324,0.0,-306250.0
B130321-8,4,4,0.25,0.0,0.75,1.25,5,2,1.0,0.25,4.0,,1,0,2013,정상종료,완납,221,408,150만원,12개월,0.3,남자,40세,사무직,1400000.0,1120000.0,,3.0,2.0,4.0,1.0,0.0,1,1400000.0,1120000.0,280000.0,280000.0,1500000.0,12.0,162500.0,145312.5,-117500.0,0.5803571428571429,0.0,-134687.5
B130324-4,6,6,0.0,0.0,1.0,8.833,53,17,1.0,0.167,,,1,0,2013,정상종료,완납,173,530,100만원,6개월,0.3,남자,39세,사무직,2100000.0,1490000.0,,5.0,1.0,16.0,0.0,0.0,1,2100000.0,1490000.0,610000.0,610000.0,1000000.0,6.0,191666.66666666663,181250.0,-418333.3333333334,0.314207650273224,0.0,-428750.0
B130325-2,12,12,0.0,0.0,1.0,9.25,111,10,1.0,0.083,,,1,0,2013,정상종료,완납,289,4289,150만원,12개월,0.3,여자,48세,기타,3800000.0,1240000.0,,10.0,7.0,31.0,0.0,0.0,1,3800000.0,1240000.0,2560000.0,2560000.0,1500000.0,12.0,162500.0,145312.5,-2397500.0,0.0634765625,0.0,-2414687.5
B130327-2,2,2,0.5,0.5,0.5,9.5,19,19,1.0,0.5,2.0,,1,0,2013,정상종료,완납,748,319,150만원,6개월,0.3,남자,45세,생산직,4000000.0,2030000.0,,13.0,6.0,3.0,0.0,0.0,1,4000000.0,2030000.0,1970000.0,1970000.0,1500000.0,6.0,287500.0,271875.0,-1682500.0,0.14593908629441624,0.0,-1698125.0
B130327-4,9,9,1.0,0.8889,0.0,0.0,0,0,,,,,0,0,2013,정상종료,완납,307,861,100만원,12개월,0.3,여자,38세,기타,2000000.0,1750000.0,,97.0,69.0,20.0,0.0,0.0,1,2000000.0,1750000.0,250000.0,250000.0,1000000.0,12.0,108333.33333333331,96875.0,-141666.6666666667,0.43333333333333324,0.0,-153125.0
B130328-2,12,12,0.8333,0.25,0.1667,0.167,2,1,7.0,0.583,9.0,,1,0,2013,정상종료,완납,201,617,200만원,12개월,0.3,여자,47세,일용직,2200000.0,1870000.0,,19.0,3.0,5.0,0.0,0.0,1,2200000.0,1870000.0,330000.0,330000.0,2000000.0,12.0,216666.66666666663,193750.0,-113333.33333333337,0.6565656565656565,0.0,-136250.0
B130330-1,5,5,0.2,0.0,0.8,17.8,89,31,1.0,0.2,4.0,5.0,1,0,2013,연체중,손실,195,888,150만원,12개월,0.3,여자,41세,사무직,1880000.0,1600000.0,,,,,,,1,1880000.0,1600000.0,280000.0,280000.0,1500000.0,12.0,162500.0,145312.5,-117500.0,0.5803571428571429,0.0,-134687.5
B130402-4,5,5,0.2,0.0,0.8,19.4,97,31,1.0,0.2,2.0,3.0,1,0,2013,연체중,손실,369,800,200만원,9개월,0.3,여자,35세,사무직,1680000.0,1380000.0,,5.0,2.0,4.0,1.0,0.0,1,1680000.0,1380000.0,300000.0,300000.0,2000000.0,9.0,272222.22222222225,250000.0,-27777.777777777752,0.9074074074074074,0.0,-50000.0
B130402-5,1,1,0.0,0.0,1.0,31.0,31,31,1.0,1.0,,,1,0,2013,연체중,손실,223,413,100만원,6개월,0.3,남자,39세,기술직,2200000.0,1040000.0,,,,,,,1,2200000.0,1040000.0,1160000.0,1160000.0,1000000.0,6.0,191666.66666666663,181250.0,-968333.3333333334,0.16522988505747124,0.0,-978750.0
B130403-1,9,9,0.2222,0.0,0.7778,4.667,42,31,1.0,0.111,2.0,3.0,1,0,2013,연체중,손실,526,680,300만원,24개월,0.3,여자,43세,사무직,3640000.0,2130000.0,,39.0,18.0,17.0,0.0,0.0,1,3640000.0,2130000.0,1510000.0,1510000.0,3000000.0,24.0,200000.0,164062.5,-1310000.0,0.13245033112582782,0.0,-1345937.5
B130404-3,9,9,1.0,0.6667,0.0,0.0,0,0,,,,,0,0,2013,정상종료,완납,139,882,500만원,24개월,0.3,남자,40세,생산직,1800000.0,1820000.0,,39.0,19.0,3.0,0.0,0.0,1,1800000.0,1820000.0,-20000.0,-20000.0,5000000.0,24.0,333333.3333333334,273437.5,353333.3333333334,,1.0,293437.5
B130404-7,10,10,0.8,0.2,0.2,0.2,2,1,3.0,0.3,5.0,,1,0,2013,정상종료,완납,701,1184,150만원,12개월,0.3,남자,42세,사무직,3300000.0,2950000.0,,44.0,23.0,28.0,0.0,0.0,1,3300000.0,2950000.0,350000.0,350000.0,1500000.0,12.0,162500.0,145312.5,-187500.0,0.4642857142857143,0.0,-204687.5
B130404-8,4,4,0.75,0.0,0.25,7.75,31,31,4.0,1.0,,,1,0,2013,연체중,손실,190,133,100만원,9개월,0.3,남자,34세,기타,2000000.0,1590000.0,,,,,,,1,2000000.0,1590000.0,410000.0,410000.0,1000000.0,9.0,136111.11111111112,125000.0,-273888.8888888889,0.33197831978319786,0.0,-285000.0
B130408-4,12,12,0.25,0.0833,0.75,10.0,120,29,2.0,0.167,3.0,4.0,1,0,2013,정상종료,완납,381,53,200만원,12개월,0.3,여자,39세,일용직,2900000.0,2560000.0,,22.0,12.0,26.0,0.0,0.0,1,2900000.0,2560000.0,340000.0,340000.0,2000000.0,12.0,216666.66666666663,193750.0,-123333.33333333337,0.6372549019607842,0.0,-146250.0
B130409-1,7,7,0.7143,0.2857,0.2857,1.143,8,5,5.0,0.714,6.0,7.0,1,0,2013,정상종료,완납,495,397,300만원,18개월,0.3,남자,50세,서비스업,3000000.0,2690000.0,,48.0,12.0,29.0,0.0,0.0,1,3000000.0,2690000.0,310000.0,310000.0,3000000.0,18.0,241666.66666666663,206250.0,-68333.33333333337,0.7795698924731181,0.0,-103750.0
B130415-2,4,4,1.0,0.25,0.0,0.0,0,0,,,,,0,0,2013,정상종료,완납,233,221,100만원,12개월,0.3,남자,41세,기타,1300000.0,1050000.0,,27.0,10.0,1.0,0.0,0.0,1,1300000.0,1050000.0,250000.0,250000.0,1000000.0,12.0,108333.33333333331,96875.0,-141666.6666666667,0.43333333333333324,0.0,-153125.0
B130415-7,21,21,1.0,1.0,0.0,0.0,0,0,,,,,0,0,2013,정상종료,완납,51,520,650만원,21개월,0.3,여자,58세,시설관리업체,4980000.0,4490000.0,,70.0,66.0,0.0,0.0,0.0,1,4980000.0,4490000.0,490000.0,490000.0,6500000.0,21.0,472023.8095238095,394642.8571428572,-17976.190476190473,0.9633138969873664,0.0,-95357.14285714278
B130417-5,24,24,1.0,0.7917,0.0,0.0,0,0,,,,,0,0,2013,정상종료,완납,372,1037,500만원,24개월,0.3,남자,52세,기술직,3000000.0,2780000.0,,125.0,86.0,2.0,0.0,0.0,1,3000000.0,2780000.0,220000.0,220000.0,5000000.0,24.0,333333.3333333334,273437.5,113333.33333333337,1.5151515151515154,1.0,53437.5
B130422-13,12,12,0.8333,0.0833,0.1667,0.417,5,3,3.0,0.25,4.0,12.0,1,0,2013,정상종료,완납,1671,1162,100만원,12개월,0.3,남자,47세,기타,1600000.0,1030000.0,,33.0,8.0,18.0,3.0,0.0,1,1600000.0,1030000.0,570000.0,570000.0,1000000.0,12.0,108333.33333333331,96875.0,-461666.6666666667,0.1900584795321637,0.0,-473125.0
B130423-8,9,9,1.0,1.0,0.0,0.0,0,0,,,,,0,0,2013,정상종료,완납,531,645,450만원,15개월,0.3,여자,46세,콜센터,2200000.0,1740000.0,,95.0,76.0,2.0,0.0,0.0,1,2200000.0,1740000.0,460000.0,460000.0,4500000.0,15.0,412500.0,360000.0,-47500.0,0.8967391304347826,0.0,-100000.0
B130425-2,12,12,0.8333,0.4167,0.1667,0.5,6,5,2.0,0.167,3.0,6.0,1,0,2013,정상종료,완납,698,815,150만원,12개월,0.3,남자,42세,운전직,2350000.0,1650000.0,,62.0,26.0,8.0,0.0,0.0,1,2350000.0,1650000.0,700000.0,700000.0,1500000.0,12.0,162500.0,145312.5,-537500.0,0.23214285714285715,0.0,-554687.5
B130426-1,21,21,1.0,0.8571,0.0,0.0,0,0,,,,,0,0,2013,정상종료,완납,291,1537,400만원,24개월,0.3,여자,44세,기타,1090000.0,950000.0,,125.0,109.0,1.0,0.0,0.0,1,1090000.0,950000.0,140000.0,140000.0,4000000.0,24.0,266666.6666666666,218750.0,126666.66666666663,1.9047619047619044,1.0,78750.0
B130426-3,9,9,0.8889,0.0,0.1111,0.111,1,1,4.0,0.444,5.0,,1,0,2013,정상종료,완납,172,388,200만원,9개월,0.3,여자,51세,사무직,2300000.0,1940000.0,,50.0,9.0,5.0,0.0,0.0,1,2300000.0,1940000.0,360000.0,360000.0,2000000.0,9.0,272222.22222222225,250000.0,-87777.77777777775,0.7561728395061729,0.0,-110000.0
B130426-9,5,5,0.2,0.2,0.8,18.0,90,31,1.0,0.2,2.0,3.0,1,0,2013,연체중,손실,209,207,100만원,12개월,0.3,남자,45세,보험설계사,2500000.0,2150000.0,,,,,,,1,2500000.0,2150000.0,350000.0,350000.0,1000000.0,12.0,108333.33333333331,96875.0,-241666.6666666667,0.3095238095238095,0.0,-253125.0
B130502-3,12,12,0.5833,0.1667,0.4167,1.583,19,9,7.0,0.583,8.0,9.0,1,0,2013,정상종료,완납,359,188,100만원,12개월,0.3,여자,38세,사무직,2100000.0,1690000.0,,,,,,,1,2100000.0,1690000.0,410000.0,410000.0,1000000.0,12.0,108333.33333333331,96875.0,-301666.6666666667,0.2642276422764227,0.0,-313125.0
B130506-3,17,17,0.8824,0.6471,0.1176,0.118,2,1,12.0,0.706,13.0,16.0,1,0,2013,정상종료,완납,122,602,500만원,24개월,0.3,남자,50세,기타,4500000.0,3770000.0,,97.0,55.0,3.0,0.0,0.0,1,4500000.0,3770000.0,730000.0,730000.0,5000000.0,24.0,333333.3333333334,273437.5,-396666.6666666666,0.4566210045662101,0.0,-456562.5
B130507-7,9,9,1.0,0.6667,0.0,0.0,0,0,,,,,0,0,2013,정상종료,완납,248,978,150만원,9개월,0.3,여자,36세,기타,2300000.0,1900000.0,,17.0,12.0,0.0,0.0,0.0,1,2300000.0,1900000.0,400000.0,400000.0,1500000.0,9.0,204166.66666666663,187500.0,-195833.33333333337,0.5104166666666665,0.0,-212500.0
B130508-9,2,2,1.0,0.5,0.0,0.0,0,0,,,,,0,0,2013,정상종료,완납,453,798,100만원,6개월,0.3,여자,37세,카드사,2300000.0,1360000.0,,28.0,12.0,42.0,5.0,0.0,1,2300000.0,1360000.0,940000.0,940000.0,1000000.0,6.0,191666.66666666663,181250.0,-748333.3333333334,0.20390070921985812,0.0,-758750.0
B130512-1,3,3,0.0,0.0,1.0,23.0,69,31,1.0,0.333,,,1,0,2013,연체중,손실,291,811,200만원,12개월,0.3,여자,50세,기타,4000000.0,3400000.0,,,,,,,1,4000000.0,3400000.0,600000.0,600000.0,2000000.0,12.0,216666.66666666663,193750.0,-383333.3333333334,0.36111111111111105,0.0,-406250.0
B130513-10,9,9,0.8889,0.0,0.1111,0.111,1,1,3.0,0.333,4.0,,1,0,2013,정상종료,완납,366,362,200만원,9개월,0.3,남자,45세,서비스업,7000000.0,6850000.0,,79.0,11.0,5.0,0.0,0.0,1,7000000.0,6850000.0,150000.0,150000.0,2000000.0,9.0,272222.22222222225,250000.0,122222.22222222225,1.8148148148148149,1.0,100000.0
B130513-5,17,17,0.8235,0.1765,0.1765,1.176,20,13,5.0,0.294,8.0,,1,0,2013,정상종료,완납,332,502,350만원,21개월,0.3,남자,48세,서비스업,3300000.0,2730000.0,,90.0,38.0,21.0,4.0,0.0,1,3300000.0,2730000.0,570000.0,570000.0,3500000.0,21.0,254166.66666666663,212500.0,-315833.3333333334,0.4459064327485379,0.0,-357500.0
B130517-1,18,18,1.0,0.9444,0.0,0.0,0,0,,,,,0,0,2013,정상종료,완납,667,460,300만원,18개월,0.3,남자,54세,학원,15740000.0,14070000.0,,67.0,65.0,2.0,0.0,0.0,1,15740000.0,14070000.0,1670000.0,1670000.0,3000000.0,18.0,241666.66666666663,206250.0,-1428333.3333333335,0.14471057884231533,0.0,-1463750.0
B130520-1,4,4,1.0,0.5,0.0,0.0,0,0,,,,,0,0,2013,정상종료,완납,58,197,300만원,24개월,0.3,,0세,사무직,2850000.0,2550000.0,,,,,,,1,2850000.0,2550000.0,300000.0,300000.0,3000000.0,24.0,200000.0,164062.5,-100000.0,0.6666666666666666,0.0,-135937.5
B130520-2,5,5,0.4,0.2,0.6,1.4,7,4,2.0,0.4,3.0,4.0,1,0,2013,정상종료,완납,142,1166,100만원,6개월,0.3,여자,34세,영업직,1800000.0,1330000.0,,,,,,,1,1800000.0,1330000.0,470000.0,470000.0,1000000.0,6.0,191666.66666666663,181250.0,-278333.3333333334,0.40780141843971623,0.0,-288750.0
B130525-2,8,8,0.125,0.125,0.875,8.5,68,31,2.0,0.25,,,1,0,2013,연체중,손실,226,574,150만원,12개월,0.3,여자,41세,기타,3350000.0,2850000.0,,12.0,3.0,14.0,1.0,0.0,1,3350000.0,2850000.0,500000.0,500000.0,1500000.0,12.0,162500.0,145312.5,-337500.0,0.325,0.0,-354687.5
B130525-6,15,15,0.8667,0.3333,0.1333,0.933,14,9,9.0,0.6,10.0,14.0,1,0,2013,정상종료,완납,386,521,300만원,15개월,0.3,남자,40세,기타,7100000.0,5810000.0,,25.0,17.0,2.0,0.0,0.0,1,7100000.0,5810000.0,1290000.0,1290000.0,3000000.0,15.0,275000.0,240000.0,-1015000.0,0.2131782945736434,0.0,-1050000.0
B130527-8,6,6,1.0,1.0,0.0,0.0,0,0,,,,,0,0,2013,정상종료,완납,155,785,500만원,24개월,0.3,여자,44세,증권사,3200000.0,2310000.0,,84.0,58.0,16.0,0.0,0.0,1,3200000.0,2310000.0,890000.0,890000.0,5000000.0,24.0,333333.3333333334,273437.5,-556666.6666666666,0.37453183520599254,0.0,-616562.5
B130530-6,24,24,0.25,0.0833,0.75,3.625,87,30,1.0,0.042,2.0,4.0,1,0,2013,정상종료,완납,544,53,400만원,24개월,0.2,남자,41세,영업직,3300000.0,3300000.0,,75.0,56.0,27.0,4.0,0.0,1,3300000.0,3300000.0,0.0,0.0,4000000.0,24.0,233333.3333333333,201388.88888888888,233333.3333333333,,1.0,201388.88888888888
B130531-1,12,12,0.9167,0.9167,0.0833,0.083,1,1,4.0,0.333,5.0,,1,0,2013,정상종료,완납,190,802,100만원,12개월,0.3,여자,44세,생산직,1400000.0,1100000.0,,36.0,31.0,18.0,0.0,0.0,1,1400000.0,1100000.0,300000.0,300000.0,1000000.0,12.0,108333.33333333331,96875.0,-191666.6666666667,0.36111111111111105,0.0,-203125.0
B130604-3,2,2,1.0,1.0,0.0,0.0,0,0,,,,,0,0,2013,정상종료,완납,1186,332,150만원,12개월,0.3,남자,41세,운전직,1500000.0,890000.0,,39.0,28.0,6.0,0.0,0.0,1,1500000.0,890000.0,610000.0,610000.0,1500000.0,12.0,162500.0,145312.5,-447500.0,0.26639344262295084,0.0,-464687.5
B130611-7,12,12,0.9167,0.75,0.0833,0.333,4,4,7.0,0.583,8.0,,1,0,2013,정상종료,완납,217,158,200만원,12개월,0.3,여자,65세,보험설계사,3050000.0,2490000.0,,32.0,27.0,4.0,0.0,0.0,1,3050000.0,2490000.0,560000.0,560000.0,2000000.0,12.0,216666.66666666663,193750.0,-343333.3333333334,0.38690476190476186,0.0,-366250.0
B130613-4,4,4,1.0,1.0,0.0,0.0,0,0,,,,,0,0,2013,정상종료,완납,191,1275,300만원,24개월,0.3,남자,48세,공공기관,3500000.0,3070000.0,,46.0,44.0,19.0,2.0,0.0,1,3500000.0,3070000.0,430000.0,430000.0,3000000.0,24.0,200000.0,164062.5,-230000.0,0.46511627906976744,0.0,-265937.5
B130619-2,4,4,0.25,0.25,0.75,13.0,52,31,1.0,0.25,3.0,4.0,1,0,2013,연체중,손실,171,276,100만원,12개월,0.3,여자,42세,사무직,4000000.0,3420000.0,,,,,,,1,4000000.0,3420000.0,580000.0,580000.0,1000000.0,12.0,108333.33333333331,96875.0,-471666.6666666667,0.18678160919540227,0.0,-483125.0
B130621-2,6,6,0.5,0.1667,0.5,2.0,12,10,1.0,0.167,2.0,4.0,1,0,2013,정상종료,완납,234,1550,200만원,12개월,0.3,여자,37세,사무직,4100000.0,2410000.0,,15.0,13.0,3.0,0.0,0.0,1,4100000.0,2410000.0,1690000.0,1690000.0,2000000.0,12.0,216666.66666666663,193750.0,-1473333.3333333335,0.1282051282051282,0.0,-1496250.0
B130624-1,1,1,1.0,1.0,0.0,0.0,0,0,,,,,0,0,2013,정상종료,완납,727,563,150만원,9개월,0.3,여자,38세,콜센터,1800000.0,1670000.0,,40.0,38.0,0.0,0.0,0.0,1,1800000.0,1670000.0,130000.0,130000.0,1500000.0,9.0,204166.66666666663,187500.0,74166.66666666663,1.5705128205128203,1.0,57500.0
B130624-10,19,19,1.0,0.4211,0.0,0.0,0,0,,,,,0,0,2013,정상종료,완납,328,1398,400만원,24개월,0.3,여자,49세,사무직,2200000.0,1980000.0,,78.0,51.0,0.0,0.0,0.0,1,2200000.0,1980000.0,220000.0,220000.0,4000000.0,24.0,266666.6666666666,218750.0,46666.66666666663,1.212121212121212,1.0,-1250.0
B130630-1,6,6,1.0,1.0,0.0,0.0,0,0,,,,,0,0,2013,정상종료,완납,578,732,550만원,15개월,0.3,여자,43세,사무직,2300000.0,1960000.0,,90.0,74.0,1.0,0.0,0.0,1,2300000.0,1960000.0,340000.0,340000.0,5500000.0,15.0,504166.6666666667,440000.0,164166.6666666667,1.482843137254902,1.0,100000.0
B130701-5,12,12,1.0,0.8333,0.0,0.0,0,0,,,,,0,0,2013,정상종료,완납,544,543,200만원,12개월,0.3,남자,47세,사무직,2680000.0,2110000.0,,96.0,76.0,3.0,0.0,0.0,1,2680000.0,2110000.0,570000.0,570000.0,2000000.0,12.0,216666.66666666663,193750.0,-353333.3333333334,0.3801169590643274,0.0,-376250.0
B130702-4,12,12,0.75,0.0,0.25,0.333,4,2,4.0,0.333,5.0,7.0,1,0,2013,정상종료,완납,390,339,150만원,12개월,0.3,여자,45세,기타,2480000.0,2270000.0,,39.0,12.0,8.0,0.0,0.0,1,2480000.0,2270000.0,210000.0,210000.0,1500000.0,12.0,162500.0,145312.5,-47500.0,0.7738095238095238,0.0,-64687.5
B130703-3,5,5,0.0,0.0,1.0,13.4,67,31,1.0,0.2,,,1,0,2013,연체중,손실,350,618,100만원,12개월,0.3,남자,34세,기술직,2350000.0,1510000.0,,,,,,,1,2350000.0,1510000.0,840000.0,840000.0,1000000.0,12.0,108333.33333333331,96875.0,-731666.6666666667,0.12896825396825395,0.0,-743125.0
B130707-3,7,7,0.5714,0.2857,0.4286,4.571,32,30,2.0,0.286,3.0,5.0,1,0,2013,정상종료,완납,495,1705,150만원,9개월,0.3,여자,41세,사무직,2120000.0,1670000.0,,,,,,,1,2120000.0,1670000.0,450000.0,450000.0,1500000.0,9.0,204166.66666666663,187500.0,-245833.33333333337,0.4537037037037036,0.0,-262500.0
B130712-1,18,18,0.8889,0.3333,0.1111,0.167,3,2,3.0,0.167,4.0,9.0,1,0,2013,정상종료,완납,824,671,300만원,18개월,0.3,남자,62세,교수/교사,4300000.0,3640000.0,,33.0,15.0,5.0,0.0,0.0,1,4300000.0,3640000.0,660000.0,660000.0,3000000.0,18.0,241666.66666666663,206250.0,-418333.3333333334,0.3661616161616161,0.0,-453750.0
B130713-1,12,12,0.9167,0.8333,0.0833,0.25,3,3,8.0,0.667,9.0,,1,0,2013,정상종료,완납,244,96,300만원,15개월,0.3,남자,55세,공공기관,3300000.0,130000.0,,43.0,32.0,11.0,0.0,0.0,1,3300000.0,130000.0,3170000.0,3170000.0,3000000.0,15.0,275000.0,240000.0,-2895000.0,0.08675078864353312,0.0,-2930000.0
B130715-1,12,12,1.0,0.6667,0.0,0.0,0,0,,,,,0,0,2013,정상종료,완납,71,488,200만원,12개월,0.3,여자,53세,기타,3550000.0,1780000.0,,77.0,35.0,7.0,0.0,0.0,1,3550000.0,1780000.0,1770000.0,1770000.0,2000000.0,12.0,216666.66666666663,193750.0,-1553333.3333333335,0.12241054613935967,0.0,-1576250.0
B130717-2,2,2,0.0,0.0,1.0,18.0,36,31,1.0,0.5,,,1,0,2013,손실(상환완료),손실,56,335,100만원,9개월,0.3,남자,47세,사무직,6150000.0,5630000.0,,,,,,,1,6150000.0,5630000.0,520000.0,520000.0,1000000.0,9.0,136111.11111111112,125000.0,-383888.8888888889,0.26175213675213677,0.0,-395000.0
B130717-4,12,12,0.6667,0.4167,0.3333,4.25,51,20,2.0,0.167,3.0,5.0,1,0,2013,정상종료,완납,194,708,150만원,12개월,0.3,남자,47세,사무직,1780000.0,1290000.0,,31.0,20.0,12.0,0.0,0.0,1,1780000.0,1290000.0,490000.0,490000.0,1500000.0,12.0,162500.0,145312.5,-327500.0,0.33163265306122447,0.0,-344687.5
B130720-1,9,9,1.0,0.6667,0.0,0.0,0,0,,,,,0,0,2013,정상종료,완납,69,538,150만원,9개월,0.3,여자,42세,간호사,2000000.0,190000.0,,15.0,8.0,0.0,0.0,0.0,1,2000000.0,190000.0,1810000.0,1810000.0,1500000.0,9.0,204166.66666666663,187500.0,-1605833.3333333335,0.11279926335174952,0.0,-1622500.0
B130722-5,3,3,0.6667,0.3333,0.3333,4.0,12,12,3.0,1.0,,,1,0,2013,정상종료,완납,340,761,150만원,12개월,0.3,남자,43세,기타,2320000.0,1760000.0,,24.0,17.0,11.0,0.0,0.0,1,2320000.0,1760000.0,560000.0,560000.0,1500000.0,12.0,162500.0,145312.5,-397500.0,0.29017857142857145,0.0,-414687.5
B130804-1,12,12,0.9167,0.75,0.0833,0.333,4,4,5.0,0.417,6.0,,1,0,2013,정상종료,완납,539,1079,200만원,12개월,0.3,남자,44세,기술직,4100000.0,3340000.0,,57.0,44.0,1.0,0.0,0.0,1,4100000.0,3340000.0,760000.0,760000.0,2000000.0,12.0,216666.66666666663,193750.0,-543333.3333333334,0.28508771929824556,0.0,-566250.0
B130805-3,12,12,0.25,0.1667,0.75,18.667,224,29,3.0,0.25,11.0,12.0,1,0,2013,정상종료,완납,308,375,200만원,12개월,0.3,남자,36세,기타,2100000.0,1910000.0,,23.0,21.0,10.0,0.0,0.0,1,2100000.0,1910000.0,190000.0,190000.0,2000000.0,12.0,216666.66666666663,193750.0,26666.666666666628,1.1403508771929822,1.0,3750.0
B130806-1,4,4,1.0,0.75,0.0,0.0,0,0,,,,,0,0,2013,정상종료,완납,370,353,200만원,12개월,0.3,남자,46세,사무직,1600000.0,1400000.0,,88.0,82.0,0.0,0.0,0.0,1,1600000.0,1400000.0,200000.0,200000.0,2000000.0,12.0,216666.66666666663,193750.0,16666.666666666628,1.083333333333333,1.0,-6250.0
B130808-2,4,4,1.0,1.0,0.0,0.0,0,0,,,,,0,0,2013,정상종료,완납,298,1280,300만원,15개월,0.3,남자,46세,기타,4000000.0,2540000.0,,67.0,62.0,4.0,0.0,0.0,1,4000000.0,2540000.0,1460000.0,1460000.0,3000000.0,15.0,275000.0,240000.0,-1185000.0,0.18835616438356165,0.0,-1220000.0
B130809-2,7,7,0.8571,0.8571,0.1429,0.143,1,1,2.0,0.286,3.0,,1,0,2013,정상종료,완납,106,469,500만원,24개월,0.3,남자,64세,운전직,2500000.0,2210000.0,,52.0,52.0,1.0,0.0,0.0,1,2500000.0,2210000.0,290000.0,290000.0,5000000.0,24.0,333333.3333333334,273437.5,43333.33333333337,1.149425287356322,1.0,-16562.5
B130813-12,15,15,1.0,1.0,0.0,0.0,0,0,,,,,0,0,2013,정상종료,완납,140,333,300만원,24개월,0.3,남자,55세,기타,2750000.0,2000000.0,,66.0,56.0,5.0,5.0,0.0,1,2750000.0,2000000.0,750000.0,750000.0,3000000.0,24.0,200000.0,164062.5,-550000.0,0.26666666666666666,0.0,-585937.5
B130813-3,12,12,0.0833,0.0833,0.9167,19.667,236,30,1.0,0.083,2.0,3.0,1,0,2013,정상종료,완납,806,677,150만원,12개월,0.3,여자,37세,카드사,1700000.0,700000.0,,28.0,12.0,42.0,5.0,0.0,1,1700000.0,700000.0,1000000.0,1000000.0,1500000.0,12.0,162500.0,145312.5,-837500.0,0.1625,0.0,-854687.5
B130814-3,9,9,0.7778,0.1111,0.2222,1.0,9,6,8.0,0.889,,,1,0,2013,정상종료,완납,173,241,100만원,9개월,0.3,남자,55세,기술직,3500000.0,2880000.0,,,,,,,1,3500000.0,2880000.0,620000.0,620000.0,1000000.0,9.0,136111.11111111112,125000.0,-483888.8888888889,0.2195340501792115,0.0,-495000.0
B130814-4,11,11,1.0,0.6364,0.0,0.0,0,0,,,,,0,0,2013,정상종료,완납,267,919,200만원,12개월,0.3,여자,48세,사무직,3450000.0,2810000.0,,86.0,34.0,5.0,0.0,0.0,1,3450000.0,2810000.0,640000.0,640000.0,2000000.0,12.0,216666.66666666663,193750.0,-423333.3333333334,0.33854166666666663,0.0,-446250.0
B130819-3,12,12,0.4167,0.25,0.5833,6.917,83,30,3.0,0.25,6.0,7.0,1,0,2013,정상종료,완납,127,1105,250만원,12개월,0.3,여자,50세,일용직,1200000.0,740000.0,,52.0,42.0,20.0,5.0,0.0,1,1200000.0,740000.0,460000.0,460000.0,2500000.0,12.0,270833.3333333334,242187.5,-189166.66666666663,0.588768115942029,0.0,-217812.5
B130819-6,6,6,0.5,0.3333,0.5,6.167,37,20,3.0,0.5,5.0,6.0,1,0,2013,정상종료,완납,153,907,100만원,6개월,0.3,여자,32세,기타,0.0,190000.0,,,,,,,1,0.0,190000.0,-190000.0,-190000.0,1000000.0,6.0,191666.66666666663,181250.0,381666.6666666666,,1.0,371250.0
B130820-6,11,11,0.9091,0.6364,0.0909,0.091,1,1,4.0,0.364,5.0,,1,0,2013,정상종료,완납,58,645,200만원,12개월,0.3,여자,38세,사무직,2370000.0,2030000.0,,52.0,15.0,24.0,0.0,0.0,1,2370000.0,2030000.0,340000.0,340000.0,2000000.0,12.0,216666.66666666663,193750.0,-123333.33333333337,0.6372549019607842,0.0,-146250.0
B130822-3,9,9,1.0,0.5556,0.0,0.0,0,0,,,,,0,0,2013,정상종료,완납,498,366,150만원,12개월,0.29,여자,43세,기타,3400000.0,2430000.0,,38.0,18.0,1.0,0.0,0.0,1,3400000.0,2430000.0,970000.0,970000.0,1500000.0,12.0,161250.0,144635.41666666666,-808750.0,0.16623711340206185,0.0,-825364.5833333334
B130824-1,6,6,0.5,0.1667,0.5,0.667,4,2,2.0,0.333,4.0,5.0,1,0,2013,정상종료,완납,229,466,100만원,6개월,0.3,남자,55세,공기업,3500000.0,2840000.0,,11.0,1.0,13.0,0.0,0.0,1,3500000.0,2840000.0,660000.0,660000.0,1000000.0,6.0,191666.66666666663,181250.0,-468333.3333333334,0.29040404040404033,0.0,-478750.0
B130827-2,8,8,0.875,0.375,0.125,3.875,31,31,8.0,1.0,,,1,0,2013,연체중,손실,506,1350,300만원,24개월,0.3,여자,39세,사무직,1630000.0,1280000.0,,19.0,12.0,0.0,0.0,0.0,1,1630000.0,1280000.0,350000.0,350000.0,3000000.0,24.0,200000.0,164062.5,-150000.0,0.5714285714285714,0.0,-185937.5
B130829-4,7,7,0.5714,0.5714,0.4286,3.286,23,20,1.0,0.143,4.0,,1,0,2013,정상종료,완납,486,1077,150만원,12개월,0.3,여자,38세,사무직,2700000.0,2100000.0,,18.0,14.0,18.0,0.0,0.0,1,2700000.0,2100000.0,600000.0,600000.0,1500000.0,12.0,162500.0,145312.5,-437500.0,0.2708333333333333,0.0,-454687.5
B130905-3,12,12,1.0,0.9167,0.0,0.0,0,0,,,,,0,0,2013,정상종료,완납,674,737,450만원,15개월,0.3,여자,40세,기술직,3100000.0,2560000.0,,98.0,84.0,3.0,0.0,0.0,1,3100000.0,2560000.0,540000.0,540000.0,4500000.0,15.0,412500.0,360000.0,-127500.0,0.7638888888888888,0.0,-180000.0
B130909-7,8,8,1.0,0.75,0.0,0.0,0,0,,,,,0,0,2013,정상종료,완납,618,659,150만원,9개월,0.3,남자,47세,경비업체,3490000.0,2450000.0,,32.0,25.0,4.0,0.0,0.0,1,3490000.0,2450000.0,1040000.0,1040000.0,1500000.0,9.0,204166.66666666663,187500.0,-835833.3333333334,0.19631410256410253,0.0,-852500.0
B130910-2,5,5,0.8,0.8,0.2,1.2,6,6,5.0,1.0,,,1,0,2013,정상종료,완납,322,366,200만원,9개월,0.3,남자,45세,사무직,4200000.0,1880000.0,,69.0,66.0,16.0,0.0,0.0,1,4200000.0,1880000.0,2320000.0,2320000.0,2000000.0,9.0,272222.22222222225,250000.0,-2047777.7777777778,0.11733716475095786,0.0,-2070000.0
B130910-4,7,7,0.8571,0.4286,0.1429,0.143,1,1,5.0,0.714,6.0,,1,0,2013,정상종료,완납,718,747,300만원,15개월,0.3,남자,51세,공공기관,3200000.0,2840000.0,,68.0,49.0,27.0,0.0,0.0,1,3200000.0,2840000.0,360000.0,360000.0,3000000.0,15.0,275000.0,240000.0,-85000.0,0.7638888888888888,0.0,-120000.0
B130910-6,5,5,1.0,1.0,0.0,0.0,0,0,,,,,0,0,2013,정상종료,완납,613,776,150만원,12개월,0.3,남자,40세,사무직,2700000.0,1900000.0,,75.0,73.0,1.0,0.0,0.0,1,2700000.0,1900000.0,800000.0,800000.0,1500000.0,12.0,162500.0,145312.5,-637500.0,0.203125,0.0,-654687.5
B130910-9,14,14,1.0,0.7857,0.0,0.0,0,0,,,,,0,0,2013,정상종료,완납,575,1102,300만원,18개월,0.3,남자,46세,학원,4400000.0,4160000.0,,26.0,17.0,1.0,0.0,0.0,1,4400000.0,4160000.0,240000.0,240000.0,3000000.0,18.0,241666.66666666663,206250.0,1666.6666666666279,1.0069444444444442,1.0,-33750.0
B130912-3,9,9,1.0,0.2222,0.0,0.0,0,0,,,,,0,0,2013,정상종료,완납,408,791,150만원,9개월,0.3,남자,54세,영업직,2800000.0,2440000.0,,,,,,,1,2800000.0,2440000.0,360000.0,360000.0,1500000.0,9.0,204166.66666666663,187500.0,-155833.33333333337,0.5671296296296295,0.0,-172500.0
B130914-1,18,18,0.8889,0.8333,0.1111,0.444,8,5,13.0,0.722,15.0,,1,0,2013,정상종료,완납,1267,4018,300만원,18개월,0.3,여자,36세,기타,1230000.0,1130000.0,,75.0,68.0,34.0,0.0,0.0,1,1230000.0,1130000.0,100000.0,100000.0,3000000.0,18.0,241666.66666666663,206250.0,141666.66666666663,2.416666666666666,1.0,106250.0
B130915-2,20,20,1.0,0.7,0.0,0.0,0,0,,,,,0,0,2013,정상종료,완납,60,431,400만원,21개월,0.3,여자,49세,기타,2700000.0,2150000.0,,76.0,48.0,1.0,0.0,0.0,1,2700000.0,2150000.0,550000.0,550000.0,4000000.0,21.0,290476.1904761905,242857.14285714284,-259523.80952380953,0.5281385281385281,0.0,-307142.85714285716
B130917-3,9,9,0.7778,0.5556,0.2222,3.556,32,31,4.0,0.444,5.0,9.0,1,0,2013,연체중,손실,1651,192,300만원,24개월,0.3,남자,41세,운전직,1500000.0,890000.0,,39.0,28.0,6.0,0.0,0.0,1,1500000.0,890000.0,610000.0,610000.0,3000000.0,24.0,200000.0,164062.5,-410000.0,0.32786885245901637,0.0,-445937.5
B130921-1,4,4,0.75,0.75,0.25,7.75,31,31,4.0,1.0,,,1,0,2013,손실(상환완료),손실,300,413,350만원,15개월,0.3,남자,44세,생산직,4420000.0,1980000.0,,41.0,36.0,4.0,0.0,0.0,1,4420000.0,1980000.0,2440000.0,2440000.0,3500000.0,15.0,320833.3333333334,280000.0,-2119166.6666666665,0.1314890710382514,0.0,-2160000.0
B130923-4,15,15,1.0,0.4667,0.0,0.0,0,0,,,,,0,0,2013,정상종료,완납,357,689,300만원,15개월,0.3,여자,44세,기타,1700000.0,1460000.0,,43.0,19.0,2.0,0.0,0.0,1,1700000.0,1460000.0,240000.0,240000.0,3000000.0,15.0,275000.0,240000.0,35000.0,1.1458333333333333,1.0,0.0
B130926-8,12,12,0.9167,0.5,0.0833,0.25,3,3,3.0,0.25,4.0,,1,0,2013,정상종료,완납,348,289,150만원,12개월,0.3,남자,51세,기타,2750000.0,1790000.0,,77.0,43.0,3.0,0.0,0.0,1,2750000.0,1790000.0,960000.0,960000.0,1500000.0,12.0,162500.0,145312.5,-797500.0,0.16927083333333334,0.0,-814687.5
B130930-5,6,6,0.3333,0.1667,0.6667,6.667,40,18,2.0,0.333,6.0,,1,0,2013,정상종료,완납,77,138,250만원,6개월,0.3,남자,59세,영업직,4500000.0,4060000.0,,3.0,1.0,15.0,0.0,0.0,1,4500000.0,4060000.0,440000.0,440000.0,2500000.0,6.0,479166.6666666667,453125.0,39166.666666666686,1.0890151515151516,1.0,13125.0
B131002-2,4,4,0.25,0.0,0.75,16.0,64,31,2.0,0.5,,,1,0,2013,연체중,손실,196,609,200만원,9개월,0.3,남자,42세,공공기관,1900000.0,1690000.0,,5.0,2.0,2.0,1.0,0.0,1,1900000.0,1690000.0,210000.0,210000.0,2000000.0,9.0,272222.22222222225,250000.0,62222.22222222225,1.2962962962962965,1.0,40000.0
B131004-1,14,14,0.9286,0.7857,0.0714,0.071,1,1,11.0,0.786,12.0,,1,0,2013,정상종료,완납,159,378,300만원,15개월,0.25,남자,48세,사무직,4100000.0,3540000.0,,25.0,18.0,4.0,0.0,0.0,1,4100000.0,3540000.0,560000.0,560000.0,3000000.0,15.0,262500.0,233333.3333333333,-297500.0,0.46875,0.0,-326666.6666666667
B131008-4,9,9,0.1111,0.1111,0.8889,5.667,51,11,2.0,0.222,,,1,0,2013,정상종료,완납,69,111,200만원,9개월,0.3,남자,51세,기술직,3000000.0,2420000.0,,27.0,17.0,34.0,2.0,8.0,1,3000000.0,2420000.0,580000.0,580000.0,2000000.0,9.0,272222.22222222225,250000.0,-307777.77777777775,0.46934865900383144,0.0,-330000.0
B131009-2,5,5,1.0,1.0,0.0,0.0,0,0,,,,,0,0,2013,정상종료,완납,864,475,300만원,24개월,0.3,여자,38세,콜센터,1800000.0,1630000.0,,40.0,38.0,0.0,0.0,0.0,1,1800000.0,1630000.0,170000.0,170000.0,3000000.0,24.0,200000.0,164062.5,30000.0,1.1764705882352942,1.0,-5937.5
B131012-1,15,15,1.0,1.0,0.0,0.0,0,0,,,,,0,0,2013,정상종료,완납,230,1145,300만원,24개월,0.3,여자,50세,학원,2400000.0,2250000.0,,51.0,51.0,0.0,0.0,0.0,1,2400000.0,2250000.0,150000.0,150000.0,3000000.0,24.0,200000.0,164062.5,50000.0,1.3333333333333333,1.0,14062.5
B131016-3,9,9,0.1111,0.0,0.8889,12.222,110,25,2.0,0.222,,,1,0,2013,정상종료,완납,36,277,200만원,9개월,0.3,남자,43세,기타,2000000.0,1340000.0,,15.0,7.0,24.0,0.0,0.0,1,2000000.0,1340000.0,660000.0,660000.0,2000000.0,9.0,272222.22222222225,250000.0,-387777.77777777775,0.4124579124579125,0.0,-410000.0
B131022-4,15,15,1.0,0.9333,0.0,0.0,0,0,,,,,0,0,2013,정상종료,완납,941,954,300만원,18개월,0.3,여자,44세,보험설계사,2600000.0,1800000.0,,50.0,42.0,0.0,0.0,0.0,1,2600000.0,1800000.0,800000.0,800000.0,3000000.0,18.0,241666.66666666663,206250.0,-558333.3333333334,0.30208333333333326,0.0,-593750.0
B131023-4,12,12,0.0,0.0,1.0,18.75,225,31,1.0,0.083,,,1,0,2013,연체중,손실,601,112,300만원,24개월,0.3,남자,68세,시설관리업체,2380000.0,1550000.0,,16.0,11.0,15.0,1.0,0.0,1,2380000.0,1550000.0,830000.0,830000.0,3000000.0,24.0,200000.0,164062.5,-630000.0,0.24096385542168675,0.0,-665937.5
B131024-1,3,3,1.0,1.0,0.0,0.0,0,0,,,,,0,0,2013,정상종료,완납,462,775,100만원,9개월,0.3,여자,37세,사무직,1400000.0,1400000.0,,14.0,8.0,4.0,0.0,0.0,1,1400000.0,1400000.0,0.0,0.0,1000000.0,9.0,136111.11111111112,125000.0,136111.11111111112,,1.0,125000.0
B131028-1,15,15,1.0,0.2,0.0,0.0,0,0,,,,,0,0,2013,정상종료,완납,212,531,300만원,15개월,0.3,남자,46세,기타,3000000.0,2430000.0,,75.0,25.0,0.0,0.0,0.0,1,3000000.0,2430000.0,570000.0,570000.0,3000000.0,15.0,275000.0,240000.0,-295000.0,0.4824561403508772,0.0,-330000.0
B131030-3,24,24,1.0,1.0,0.0,0.0,0,0,,,,,0,0,2013,정상종료,완납,1232,1066,500만원,24개월,0.3,남자,52세,운전직,4280000.0,3610000.0,,75.0,66.0,0.0,0.0,0.0,1,4280000.0,3610000.0,670000.0,670000.0,5000000.0,24.0,333333.3333333334,273437.5,-336666.6666666666,0.49751243781094534,0.0,-396562.5
B131102-1,15,15,0.8,0.4,0.2,0.2,3,1,4.0,0.267,5.0,12.0,1,0,2013,정상종료,완납,305,916,600만원,24개월,0.3,남자,52세,서비스업,2100000.0,1860000.0,,60.0,44.0,5.0,0.0,0.0,1,2100000.0,1860000.0,240000.0,240000.0,6000000.0,24.0,400000.0,328125.0,160000.0,1.6666666666666667,1.0,88125.0
B131103-11,6,6,0.1667,0.1667,0.8333,22.667,136,30,2.0,0.333,,,1,0,2013,정상종료,완납,125,215,150만원,6개월,0.3,여자,44세,사무직,1200000.0,880000.0,,48.0,41.0,10.0,1.0,0.0,1,1200000.0,880000.0,320000.0,320000.0,1500000.0,6.0,287500.0,271875.0,-32500.0,0.8984375,0.0,-48125.0
B131107-4,9,9,1.0,0.7778,0.0,0.0,0,0,,,,,0,0,2013,정상종료,완납,628,625,500만원,24개월,0.3,남자,41세,요식업,4300000.0,3120000.0,,35.0,33.0,0.0,0.0,0.0,1,4300000.0,3120000.0,1180000.0,1180000.0,5000000.0,24.0,333333.3333333334,273437.5,-846666.6666666666,0.2824858757062147,0.0,-906562.5
B131109-2,4,4,0.25,0.25,0.75,21.75,87,31,2.0,0.5,,,1,0,2013,연체중,손실,774,718,200만원,12개월,0.3,남자,40세,사무직,1520000.0,1300000.0,,3.0,2.0,4.0,1.0,0.0,1,1520000.0,1300000.0,220000.0,220000.0,2000000.0,12.0,216666.66666666663,193750.0,-3333.333333333372,0.9848484848484846,0.0,-26250.0
B131119-1,12,12,0.6667,0.1667,0.3333,1.667,20,8,1.0,0.083,2.0,5.0,1,0,2013,정상종료,완납,328,1146,150만원,12개월,0.3,남자,33세,기술직,1700000.0,1290000.0,,28.0,11.0,12.0,0.0,0.0,1,1700000.0,1290000.0,410000.0,410000.0,1500000.0,12.0,162500.0,145312.5,-247500.0,0.39634146341463417,0.0,-264687.5
B131119-4,8,8,1.0,1.0,0.0,0.0,0,0,,,,,0,0,2013,정상종료,완납,155,427,500만원,24개월,0.3,여자,44세,증권사,3300000.0,2310000.0,,84.0,58.0,16.0,0.0,0.0,1,3300000.0,2310000.0,990000.0,990000.0,5000000.0,24.0,333333.3333333334,273437.5,-656666.6666666666,0.3367003367003367,0.0,-716562.5
B131122-6,5,5,1.0,0.6,0.0,0.0,0,0,,,,,0,0,2013,정상종료,완납,426,1213,150만원,12개월,0.3,남자,47세,기타,1560000.0,1430000.0,,60.0,22.0,15.0,0.0,0.0,1,1560000.0,1430000.0,130000.0,130000.0,1500000.0,12.0,162500.0,145312.5,32500.0,1.25,1.0,15312.5
B131125-2,18,18,0.0556,0.0,0.9444,19.0,342,29,2.0,0.111,,,1,0,2013,정상종료,완납,235,649,300만원,18개월,0.3,여자,46세,기타,1580000.0,1410000.0,,15.0,9.0,48.0,0.0,0.0,1,1580000.0,1410000.0,170000.0,170000.0,3000000.0,18.0,241666.66666666663,206250.0,71666.66666666663,1.4215686274509802,1.0,36250.0
B131129-7,18,18,0.9444,0.0556,0.0556,0.056,1,1,5.0,0.278,6.0,,1,0,2013,정상종료,완납,167,436,300만원,24개월,0.3,남자,48세,공기업,4000000.0,3440000.0,,48.0,14.0,7.0,0.0,0.0,1,4000000.0,3440000.0,560000.0,560000.0,3000000.0,24.0,200000.0,164062.5,-360000.0,0.35714285714285715,0.0,-395937.5
B131201-5,19,19,1.0,0.6842,0.0,0.0,0,0,,,,,0,0,2013,정상종료,완납,241,900,300만원,24개월,0.3,여자,49세,콜센터,3100000.0,2970000.0,,73.0,53.0,6.0,0.0,0.0,1,3100000.0,2970000.0,130000.0,130000.0,3000000.0,24.0,200000.0,164062.5,70000.0,1.5384615384615385,1.0,34062.5
B131207-4,7,7,1.0,1.0,0.0,0.0,0,0,,,,,0,0,2013,정상종료,완납,297,1734,500만원,24개월,0.3,남자,46세,기타,4000000.0,2580000.0,,67.0,62.0,4.0,0.0,0.0,1,4000000.0,2580000.0,1420000.0,1420000.0,5000000.0,24.0,333333.3333333334,273437.5,-1086666.6666666665,0.23474178403755872,0.0,-1146562.5
B131209-10,22,22,1.0,0.9545,0.0,0.0,0,0,,,,,0,0,2013,정상종료,완납,286,445,400만원,24개월,0.3,남자,46세,사무직,1600000.0,1400000.0,,88.0,82.0,0.0,0.0,0.0,1,1600000.0,1400000.0,200000.0,200000.0,4000000.0,24.0,266666.6666666666,218750.0,66666.66666666663,1.333333333333333,1.0,18750.0
B131211-2,3,3,0.0,0.0,1.0,19.667,59,31,1.0,0.333,,,1,0,2013,연체중,손실,47,78,100만원,12개월,0.3,여자,47세,사무직,1600000.0,1300000.0,,,,,,,1,1600000.0,1300000.0,300000.0,300000.0,1000000.0,12.0,108333.33333333331,96875.0,-191666.6666666667,0.36111111111111105,0.0,-203125.0
B131215-4,18,18,0.5556,0.3333,0.4444,3.722,67,17,2.0,0.111,4.0,5.0,1,0,2013,정상종료,완납,567,359,350만원,18개월,0.3,여자,57세,간호사,4500000.0,4100000.0,,53.0,38.0,18.0,0.0,0.0,1,4500000.0,4100000.0,400000.0,400000.0,3500000.0,18.0,281944.44444444444,240625.0,-118055.55555555556,0.704861111111111,0.0,-159375.0
B131216-4,21,21,0.9524,0.5238,0.0476,0.048,1,1,5.0,0.238,6.0,,1,0,2013,정상종료,완납,1128,770,500만원,21개월,0.3,남자,43세,기타,9400000.0,8600000.0,,70.0,51.0,8.0,0.0,0.0,1,9400000.0,8600000.0,800000.0,800000.0,5000000.0,21.0,363095.2380952381,303571.4285714286,-436904.7619047619,0.4538690476190476,0.0,-496428.5714285714
B131218-1,5,5,0.8,0.6,0.2,6.2,31,31,5.0,1.0,,,1,0,2013,연체중,손실,297,647,300만원,24개월,0.3,여자,49세,일용직,1060000.0,1000000.0,,28.0,26.0,0.0,0.0,0.0,1,1060000.0,1000000.0,60000.0,60000.0,3000000.0,24.0,200000.0,164062.5,140000.0,3.3333333333333335,1.0,104062.5
B131221-2,6,6,1.0,0.8333,0.0,0.0,0,0,,,,,0,0,2013,정상종료,완납,577,213,350만원,21개월,0.3,여자,43세,기타,1100000.0,820000.0,,51.0,45.0,0.0,0.0,0.0,1,1100000.0,820000.0,280000.0,280000.0,3500000.0,21.0,254166.66666666663,212500.0,-25833.333333333372,0.9077380952380951,0.0,-67500.0
B131225-2,15,15,0.4667,0.4,0.5333,5.4,81,31,7.0,0.467,9.0,10.0,1,0,2013,연체중,손실,86,545,300만원,18개월,0.3,남자,51세,기술직,3000000.0,2600000.0,,,,,,,1,3000000.0,2600000.0,400000.0,400000.0,3000000.0,18.0,241666.66666666663,206250.0,-158333.33333333337,0.6041666666666665,0.0,-193750.0
B131230-1,4,4,0.25,0.25,0.75,5.0,20,11,1.0,0.25,4.0,,1,0,2013,정상종료,완납,330,2070,200만원,12개월,0.3,남자,43세,기타,2320000.0,2030000.0,,24.0,17.0,11.0,0.0,0.0,1,2320000.0,2030000.0,290000.0,290000.0,2000000.0,12.0,216666.66666666663,193750.0,-73333.33333333337,0.7471264367816091,0.0,-96250.0
B131231-1,6,6,0.3333,0.3333,0.6667,12.333,74,25,1.0,0.167,2.0,4.0,1,0,2013,정상종료,완납,269,512,100만원,6개월,0.3,남자,30세,기술직,1300000.0,710000.0,,,,,,,1,1300000.0,710000.0,590000.0,590000.0,1000000.0,6.0,191666.66666666663,181250.0,-398333.3333333334,0.32485875706214684,0.0,-408750.0
B140102-3,6,6,0.8333,0.6667,0.1667,0.167,1,1,4.0,0.667,5.0,,1,0,2014,정상종료,완납,319,819,100만원,9개월,0.3,여자,30세,콜센터,1300000.0,670000.0,,7.0,6.0,1.0,0.0,0.0,1,1300000.0,670000.0,630000.0,630000.0,1000000.0,9.0,136111.11111111112,125000.0,-493888.8888888889,0.2160493827160494,0.0,-505000.0
B140103-4,12,12,0.9167,0.1667,0.0833,0.083,1,1,3.0,0.25,4.0,,1,0,2014,정상종료,완납,332,55,200만원,12개월,0.3,여자,42세,사무직,2650000.0,2150000.0,500000.0,49.0,19.0,5.0,0.0,0.0,1,2650000.0,2150000.0,500000.0,500000.0,2000000.0,12.0,216666.66666666663,193750.0,-283333.3333333334,0.43333333333333324,0.0,-306250.0
B140110-1,14,14,0.8571,0.3571,0.1429,0.429,6,5,3.0,0.214,4.0,5.0,1,0,2014,정상종료,완납,611,500,300만원,21개월,0.3,남자,48세,기술직,4090000.0,3610000.0,,46.0,16.0,4.0,0.0,0.0,1,4090000.0,3610000.0,480000.0,480000.0,3000000.0,21.0,217857.14285714287,182142.8571428572,-262142.85714285713,0.45386904761904767,0.0,-297857.14285714284
B140115-1,16,16,0.375,0.1875,0.625,6.438,103,31,3.0,0.188,4.0,6.0,1,0,2014,연체중,손실,154,698,300만원,18개월,0.3,여자,49세,사무직,3500000.0,2540000.0,,32.0,14.0,14.0,1.0,0.0,1,3500000.0,2540000.0,960000.0,960000.0,3000000.0,18.0,241666.66666666663,206250.0,-718333.3333333334,0.25173611111111105,0.0,-753750.0
B140116-6,3,3,1.0,1.0,0.0,0.0,0,0,,,,,0,0,2014,정상종료,완납,511,152,300만원,24개월,0.3,여자,43세,사무직,1670000.0,1570000.0,,24.0,24.0,0.0,0.0,0.0,1,1670000.0,1570000.0,100000.0,100000.0,3000000.0,24.0,200000.0,164062.5,100000.0,2.0,1.0,64062.5
B140122-12,9,9,1.0,1.0,0.0,0.0,0,0,,,,,0,0,2014,정상종료,완납,321,351,400만원,15개월,0.3,남자,54세,운전직,3700000.0,1420000.0,,114.0,90.0,4.0,0.0,0.0,1,3700000.0,1420000.0,2280000.0,2280000.0,4000000.0,15.0,366666.6666666667,320000.0,-1913333.3333333333,0.16081871345029242,0.0,-1960000.0
B140122-7,9,9,0.8889,0.6667,0.1111,3.444,31,31,9.0,1.0,,,1,0,2014,연체중,손실,291,289,300만원,15개월,0.3,여자,36세,기타,2300000.0,1900000.0,,17.0,12.0,0.0,0.0,0.0,1,2300000.0,1900000.0,400000.0,400000.0,3000000.0,15.0,275000.0,240000.0,-125000.0,0.6875,0.0,-160000.0
B140123-2,3,3,1.0,1.0,0.0,0.0,0,0,,,,,0,0,2014,정상종료,완납,114,428,150만원,9개월,0.3,남자,40세,기타,1450000.0,1140000.0,,19.0,15.0,2.0,0.0,0.0,1,1450000.0,1140000.0,310000.0,310000.0,1500000.0,9.0,204166.66666666663,187500.0,-105833.33333333337,0.6586021505376343,0.0,-122500.0
B140127-1,6,6,1.0,1.0,0.0,0.0,0,0,,,,,0,0,2014,정상종료,완납,277,309,150만원,6개월,0.27,여자,62세,서비스업,41000000000.0,38120270000.0,,,,,,,1,41000000000.0,38120270000.0,2879730000.0,2879730000.0,1500000.0,6.0,283750.0,269687.5,-2879446250.0,9.853354307521886e-05,0.0,-2879460312.5
B140131-3,12,12,0.25,0.25,0.75,5.667,68,16,3.0,0.25,7.0,8.0,1,0,2014,정상종료,완납,594,321,150만원,12개월,0.3,남자,46세,기술직,4500000.0,2600000.0,,71.0,56.0,14.0,0.0,0.0,1,4500000.0,2600000.0,1900000.0,1900000.0,1500000.0,12.0,162500.0,145312.5,-1737500.0,0.08552631578947369,0.0,-1754687.5
B140202-4,16,16,1.0,0.9375,0.0,0.0,0,0,,,,,0,0,2014,정상종료,완납,387,858,300만원,24개월,0.3,여자,46세,기타,3100000.0,2880000.0,,54.0,45.0,31.0,5.0,0.0,1,3100000.0,2880000.0,220000.0,220000.0,3000000.0,24.0,200000.0,164062.5,-20000.0,0.9090909090909091,0.0,-55937.5
B140203-3,13,13,0.8462,0.7692,0.1538,0.154,2,1,10.0,0.769,12.0,,1,0,2014,정상종료,완납,756,1279,300만원,24개월,0.3,남자,42세,사무직,3400000.0,3070000.0,,44.0,23.0,28.0,0.0,0.0,1,3400000.0,3070000.0,330000.0,330000.0,3000000.0,24.0,200000.0,164062.5,-130000.0,0.6060606060606061,0.0,-165937.5
B140205-1,7,7,0.8571,0.2857,0.1429,0.429,3,3,3.0,0.429,4.0,,1,0,2014,정상종료,완납,299,1146,200만원,12개월,0.3,남자,37세,요식업,,,,,,,,,1,5000000.0,4350000.0,650000.0,650000.0,2000000.0,12.0,216666.66666666663,193750.0,-433333.3333333334,0.33333333333333326,0.0,-456250.0
B140206-1,7,7,1.0,0.2857,0.0,0.0,0,0,,,,,0,0,2014,정상종료,완납,230,36,150만원,12개월,0.3,여자,42세,사무직,1440000.0,890000.0,,26.0,6.0,5.0,0.0,0.0,1,1440000.0,890000.0,550000.0,550000.0,1500000.0,12.0,162500.0,145312.5,-387500.0,0.29545454545454547,0.0,-404687.5
B140210-3,12,12,0.9167,0.3333,0.0833,0.167,2,2,8.0,0.667,9.0,,1,0,2014,정상종료,완납,95,181,100만원,12개월,0.3,남자,58세,사무직,3670000.0,2700000.0,,30.0,11.0,20.0,0.0,0.0,1,3670000.0,2700000.0,970000.0,970000.0,1000000.0,12.0,108333.33333333331,96875.0,-861666.6666666667,0.11168384879725084,0.0,-873125.0
B140214-3,12,12,1.0,0.5833,0.0,0.0,0,0,,,,,0,0,2014,정상종료,완납,384,939,100만원,12개월,0.3,여자,38세,사무직,3350000.0,3140000.0,,28.0,16.0,1.0,0.0,0.0,1,3350000.0,3140000.0,210000.0,210000.0,1000000.0,12.0,108333.33333333331,96875.0,-101666.66666666669,0.5158730158730158,0.0,-113125.0
B140215-2,5,5,0.4,0.2,0.6,7.0,35,31,2.0,0.4,4.0,5.0,1,0,2014,연체중,손실,233,2189,150만원,12개월,0.3,여자,42세,사무직,1300000.0,720000.0,,,,,,,1,1300000.0,720000.0,580000.0,580000.0,1500000.0,12.0,162500.0,145312.5,-417500.0,0.2801724137931034,0.0,-434687.5
B140222-2,9,9,0.7778,0.2222,0.2222,0.333,3,2,2.0,0.222,3.0,8.0,1,0,2014,정상종료,완납,341,536,300만원,24개월,0.3,여자,50세,공공기관,3100000.0,2880000.0,,51.0,31.0,7.0,3.0,0.0,1,3100000.0,2880000.0,220000.0,220000.0,3000000.0,24.0,200000.0,164062.5,-20000.0,0.9090909090909091,0.0,-55937.5
B140222-3,2,2,0.5,0.5,0.5,0.5,1,1,1.0,0.5,2.0,,1,0,2014,정상종료,완납,303,760,100만원,9개월,0.3,여자,37세,생산직,1600000.0,1500000.0,,14.0,8.0,4.0,0.0,0.0,1,1600000.0,1500000.0,100000.0,100000.0,1000000.0,9.0,136111.11111111112,125000.0,36111.111111111124,1.3611111111111112,1.0,25000.0
B140223-1,14,14,0.6429,0.5,0.3571,1.5,21,6,5.0,0.357,7.0,8.0,1,0,2014,정상종료,완납,413,324,500만원,24개월,0.3,남자,45세,사무직,4200000.0,1880000.0,,69.0,66.0,16.0,0.0,0.0,1,4200000.0,1880000.0,2320000.0,2320000.0,5000000.0,24.0,333333.3333333334,273437.5,-1986666.6666666665,0.14367816091954025,0.0,-2046562.5
B140225-12,11,11,1.0,1.0,0.0,0.0,0,0,,,,,0,0,2014,정상종료,완납,275,1641,450만원,24개월,0.3,남자,63세,요식업,4500000.0,3400000.0,,69.0,56.0,5.0,0.0,0.0,1,4500000.0,3400000.0,1100000.0,1100000.0,4500000.0,24.0,300000.0,246093.75,-800000.0,0.2727272727272727,0.0,-853906.25
B140225-5,4,4,1.0,1.0,0.0,0.0,0,0,,,,,0,0,2014,정상종료,완납,561,360,200만원,12개월,0.3,남자,40세,사무직,3500000.0,2660000.0,,75.0,73.0,1.0,0.0,0.0,1,3500000.0,2660000.0,840000.0,840000.0,2000000.0,12.0,216666.66666666663,193750.0,-623333.3333333334,0.2579365079365079,0.0,-646250.0
B140227-5,2,2,1.0,1.0,0.0,0.0,0,0,,,,,0,0,2014,정상종료,완납,398,483,150만원,12개월,0.3,여자,34세,콜센터,1740000.0,1300000.0,,10.0,9.0,1.0,0.0,0.0,1,1740000.0,1300000.0,440000.0,440000.0,1500000.0,12.0,162500.0,145312.5,-277500.0,0.3693181818181818,0.0,-294687.5
B140305-1,9,9,1.0,1.0,0.0,0.0,0,0,,,,,0,0,2014,정상종료,완납,279,491,150만원,12개월,0.3,여자,38세,기타,2000000.0,1750000.0,,97.0,69.0,20.0,0.0,0.0,1,2000000.0,1750000.0,250000.0,250000.0,1500000.0,12.0,162500.0,145312.5,-87500.0,0.65,0.0,-104687.5
B140306-1,22,22,0.5,0.1818,0.5,10.636,234,30,10.0,0.455,16.0,18.0,1,0,2014,정상종료,완납,577,1961,650만원,24개월,0.3,여자,42세,기타,4050000.0,3090000.0,,90.0,71.0,15.0,1.0,0.0,1,4050000.0,3090000.0,960000.0,960000.0,6500000.0,24.0,433333.3333333333,355468.75,-526666.6666666667,0.4513888888888889,0.0,-604531.25
B140311-1,11,11,1.0,1.0,0.0,0.0,0,0,,,,,0,0,2014,정상종료,완납,165,1094,350만원,18개월,0.3,여자,47세,학원,3850000.0,3520000.0,,67.0,51.0,3.0,0.0,0.0,1,3850000.0,3520000.0,330000.0,330000.0,3500000.0,18.0,281944.44444444444,240625.0,-48055.55555555556,0.8543771043771043,0.0,-89375.0
B140311-8,12,12,1.0,1.0,0.0,0.0,0,0,,,,,0,0,2014,정상종료,완납,233,552,250만원,12개월,0.3,여자,44세,기타,1900000.0,1160000.0,,51.0,51.0,0.0,0.0,0.0,1,1900000.0,1160000.0,740000.0,740000.0,2500000.0,12.0,270833.3333333334,242187.5,-469166.6666666666,0.365990990990991,0.0,-497812.5
B140312-2,11,11,1.0,0.9091,0.0,0.0,0,0,,,,,0,0,2014,정상종료,완납,574,572,500만원,18개월,0.3,여자,43세,사무직,2300000.0,1960000.0,,90.0,74.0,1.0,0.0,0.0,1,2300000.0,1960000.0,340000.0,340000.0,5000000.0,18.0,402777.77777777775,343750.0,62777.77777777775,1.184640522875817,1.0,3750.0
B140319-4,9,9,1.0,0.4444,0.0,0.0,0,0,,,,,0,0,2014,정상종료,완납,288,1116,200만원,9개월,0.3,여자,51세,사무직,2300000.0,1940000.0,,50.0,9.0,5.0,0.0,0.0,1,2300000.0,1940000.0,360000.0,360000.0,2000000.0,9.0,272222.22222222225,250000.0,-87777.77777777775,0.7561728395061729,0.0,-110000.0
B140319-5,10,10,1.0,0.9,0.0,0.0,0,0,,,,,0,0,2014,정상종료,완납,165,944,300만원,15개월,0.3,남자,59세,공공기관,4000000.0,3840000.0,,24.0,18.0,6.0,0.0,0.0,1,4000000.0,3840000.0,160000.0,160000.0,3000000.0,15.0,275000.0,240000.0,115000.0,1.71875,1.0,80000.0
B140320-1,6,6,0.6667,0.0,0.3333,2.0,12,10,3.0,0.5,4.0,6.0,1,0,2014,정상종료,완납,80,559,100만원,6개월,0.3,남자,53세,생산직,2500000.0,1920000.0,,53.0,25.0,13.0,0.0,0.0,1,2500000.0,1920000.0,580000.0,580000.0,1000000.0,6.0,191666.66666666663,181250.0,-388333.3333333334,0.3304597701149425,0.0,-398750.0
B140325-1,7,7,0.4286,0.1429,0.5714,8.0,56,31,4.0,0.571,,,1,0,2014,연체중,손실,164,515,300만원,24개월,0.3,남자,52세,운전직,3350000.0,2270000.0,,18.0,7.0,8.0,0.0,0.0,1,3350000.0,2270000.0,1080000.0,1080000.0,3000000.0,24.0,200000.0,164062.5,-880000.0,0.18518518518518517,0.0,-915937.5
B140325-4,1,1,0.0,0.0,1.0,31.0,31,31,1.0,1.0,,,1,0,2014,연체중,손실,217,835,100만원,12개월,0.3,남자,36세,콜센터,1650000.0,700000.0,,,,,,,1,1650000.0,700000.0,950000.0,950000.0,1000000.0,12.0,108333.33333333331,96875.0,-841666.6666666667,0.11403508771929823,0.0,-853125.0
B140327-3,9,9,0.5556,0.5556,0.4444,4.0,36,18,1.0,0.111,5.0,,1,0,2014,정상종료,완납,490,593,200만원,12개월,0.3,남자,48세,기타,2500000.0,2330000.0,,31.0,25.0,18.0,0.0,0.0,1,2500000.0,2330000.0,170000.0,170000.0,2000000.0,12.0,216666.66666666663,193750.0,46666.66666666663,1.2745098039215683,1.0,23750.0
B140401-1,6,6,0.3333,0.3333,0.6667,10.5,63,31,1.0,0.167,2.0,4.0,1,0,2014,연체중,손실,313,580,200만원,9개월,0.3,여자,58세,기타,4000000.0,3630000.0,,39.0,22.0,11.0,0.0,0.0,1,4000000.0,3630000.0,370000.0,370000.0,2000000.0,9.0,272222.22222222225,250000.0,-97777.77777777775,0.7357357357357358,0.0,-120000.0
B140408-1,24,24,1.0,0.2083,0.0,0.0,0,0,,,,,0,0,2014,정상종료,완납,166,309,700만원,24개월,0.3,남자,46세,기술직,3200000.0,2940000.0,,89.0,36.0,28.0,0.0,0.0,1,3200000.0,2940000.0,260000.0,260000.0,7000000.0,24.0,466666.6666666667,382812.5,206666.6666666667,1.794871794871795,1.0,122812.5
B140408-3,9,9,0.6667,0.1111,0.3333,3.0,27,19,3.0,0.333,4.0,6.0,1,0,2014,정상종료,완납,460,609,100만원,9개월,0.3,여자,47세,기타,3500000.0,3380000.0,,,,,,,1,3500000.0,3380000.0,120000.0,120000.0,1000000.0,9.0,136111.11111111112,125000.0,16111.111111111124,1.1342592592592593,1.0,5000.0
B140414-1,2,2,0.5,0.5,0.5,15.5,31,31,2.0,1.0,,,1,0,2014,연체중,손실,589,2573,200만원,12개월,0.3,남자,49세,기타,2730000.0,2580000.0,,16.0,11.0,5.0,0.0,0.0,1,2730000.0,2580000.0,150000.0,150000.0,2000000.0,12.0,216666.66666666663,193750.0,66666.66666666663,1.4444444444444442,1.0,43750.0
B140414-5,12,12,1.0,0.9167,0.0,0.0,0,0,,,,,0,0,2014,정상종료,완납,531,436,450만원,18개월,0.3,여자,46세,콜센터,2200000.0,1740000.0,,95.0,76.0,2.0,0.0,0.0,1,2200000.0,1740000.0,460000.0,460000.0,4500000.0,18.0,362500.0,309375.0,-97500.0,0.7880434782608695,0.0,-150625.0
B140415-2,4,4,1.0,0.5,0.0,0.0,0,0,,,,,0,0,2014,정상종료,완납,510,1520,200만원,12개월,0.3,남자,47세,기타,1660000.0,1580000.0,,60.0,22.0,15.0,0.0,0.0,1,1660000.0,1580000.0,80000.0,80000.0,2000000.0,12.0,216666.66666666663,193750.0,136666.66666666663,2.708333333333333,1.0,113750.0
B140417-4,2,2,0.0,0.0,1.0,26.5,53,31,1.0,0.5,,,1,0,2014,연체중,손실,156,2624,150만원,6개월,0.3,여자,48세,기타,3000000.0,1580000.0,,10.0,7.0,31.0,0.0,0.0,1,3000000.0,1580000.0,1420000.0,1420000.0,1500000.0,6.0,287500.0,271875.0,-1132500.0,0.20246478873239437,0.0,-1148125.0
B140421-1,19,19,0.5789,0.1579,0.4211,4.526,86,31,4.0,0.211,5.0,9.0,1,0,2014,연체중,손실,707,839,400만원,24개월,0.3,남자,40세,요식업,12000000.0,10040000.0,,50.0,31.0,10.0,0.0,0.0,1,12000000.0,10040000.0,1960000.0,1960000.0,4000000.0,24.0,266666.6666666666,218750.0,-1693333.3333333335,0.13605442176870747,0.0,-1741250.0
B140422-1,6,6,0.5,0.0,0.5,1.167,7,4,4.0,0.667,,,1,0,2014,정상종료,완납,220,325,100만원,6개월,0.3,남자,55세,공기업,4100000.0,2900000.0,,11.0,1.0,13.0,0.0,0.0,1,4100000.0,2900000.0,1200000.0,1200000.0,1000000.0,6.0,191666.66666666663,181250.0,-1008333.3333333334,0.15972222222222218,0.0,-1018750.0
B140422-3,9,9,0.7778,0.7778,0.2222,0.222,2,1,8.0,0.889,,,1,0,2014,정상종료,완납,194,638,150만원,9개월,0.3,여자,45세,사무직,4200000.0,4070000.0,,20.0,16.0,16.0,0.0,0.0,1,4200000.0,4070000.0,130000.0,130000.0,1500000.0,9.0,204166.66666666663,187500.0,74166.66666666663,1.5705128205128203,1.0,57500.0
B140427-2,5,5,0.6,0.0,0.4,12.2,61,31,4.0,0.8,,,1,0,2014,연체중,손실,72,242,100만원,6개월,0.3,남자,50세,공기업,5200000.0,3400000.0,,,,,,,1,5200000.0,3400000.0,1800000.0,1800000.0,1000000.0,6.0,191666.66666666663,181250.0,-1608333.3333333335,0.10648148148148145,0.0,-1618750.0
B140428-6,12,12,0.9167,0.0833,0.0833,0.083,1,1,11.0,0.917,12.0,,1,0,2014,정상종료,완납,309,818,200만원,12개월,0.25,여자,36세,일용직,1700000.0,1160000.0,,32.0,17.0,1.0,0.0,0.0,1,1700000.0,1160000.0,540000.0,540000.0,2000000.0,12.0,208333.3333333333,189236.1111111111,-331666.6666666667,0.3858024691358024,0.0,-350763.8888888889
B140505-2,24,24,1.0,0.625,0.0,0.0,0,0,,,,,0,0,2014,정상종료,완납,120,1357,500만원,24개월,0.3,여자,42세,기타,3600000.0,2360000.0,,103.0,49.0,3.0,0.0,0.0,1,3600000.0,2360000.0,1240000.0,1240000.0,5000000.0,24.0,333333.3333333334,273437.5,-906666.6666666666,0.2688172043010753,0.0,-966562.5
B140507-2,3,3,0.0,0.0,1.0,17.0,51,31,1.0,0.333,,,1,0,2014,연체중,손실,85,1145,200만원,12개월,0.3,여자,47세,기타,1800000.0,1760000.0,,35.0,25.0,10.0,4.0,0.0,1,1800000.0,1760000.0,40000.0,40000.0,2000000.0,12.0,216666.66666666663,193750.0,176666.66666666663,5.416666666666666,1.0,153750.0
B140508-2,4,4,1.0,1.0,0.0,0.0,0,0,,,,,0,0,2014,정상종료,완납,337,243,300만원,18개월,0.3,남자,47세,운전직,3200000.0,2310000.0,,32.0,25.0,4.0,0.0,0.0,1,3200000.0,2310000.0,890000.0,890000.0,3000000.0,18.0,241666.66666666663,206250.0,-648333.3333333334,0.2715355805243445,0.0,-683750.0
B140510-5,12,12,0.9167,0.3333,0.0833,0.417,5,5,3.0,0.25,4.0,,1,0,2014,정상종료,완납,698,630,200만원,12개월,0.3,남자,42세,운전직,2600000.0,2150000.0,,62.0,26.0,8.0,0.0,0.0,1,2600000.0,2150000.0,450000.0,450000.0,2000000.0,12.0,216666.66666666663,193750.0,-233333.33333333337,0.4814814814814814,0.0,-256250.0
B140511-1,1,1,0.0,0.0,1.0,31.0,31,31,1.0,1.0,,,1,0,2014,연체중,손실,123,339,100만원,6개월,0.3,남자,36세,기타,,,,,,,,,1,,,,,1000000.0,6.0,191666.66666666663,181250.0,,,,
B140512-9,5,5,0.6,0.2,0.4,0.4,2,1,1.0,0.2,2.0,4.0,1,0,2014,정상종료,완납,70,113,100만원,6개월,0.29,여자,29세,사무직,1000000.0,600000.0,,4.0,1.0,4.0,0.0,0.0,1,1000000.0,600000.0,400000.0,400000.0,1000000.0,6.0,190833.3333333333,180763.88888888888,-209166.6666666667,0.4770833333333333,0.0,-219236.11111111112
B140514-3,13,13,0.9231,0.0769,0.0769,0.077,1,1,7.0,0.538,8.0,,1,0,2014,정상종료,완납,543,853,500만원,24개월,0.3,남자,40세,기술직,3350000.0,2330000.0,,57.0,6.0,5.0,0.0,0.0,1,3350000.0,2330000.0,1020000.0,1020000.0,5000000.0,24.0,333333.3333333334,273437.5,-686666.6666666666,0.3267973856209151,0.0,-746562.5
B140521-2,5,5,1.0,0.8,0.0,0.0,0,0,,,,,0,0,2014,정상종료,완납,232,721,100만원,12개월,0.3,남자,40세,서비스업,3500000.0,2140000.0,,,,,,,1,3500000.0,2140000.0,1360000.0,1360000.0,1000000.0,12.0,108333.33333333331,96875.0,-1251666.6666666667,0.07965686274509802,0.0,-1263125.0
B140521-3,10,10,0.3,0.1,0.7,9.4,94,27,3.0,0.3,10.0,,1,0,2014,정상종료,완납,415,968,200만원,12개월,0.3,여자,41세,기타,1270000.0,400000.0,,75.0,26.0,10.0,1.0,0.0,1,1270000.0,400000.0,870000.0,870000.0,2000000.0,12.0,216666.66666666663,193750.0,-653333.3333333334,0.2490421455938697,0.0,-676250.0
B140526-2,9,9,1.0,0.3333,0.0,0.0,0,0,,,,,0,0,2014,정상종료,완납,163,603,100만원,12개월,0.3,남자,41세,보험설계사,1600000.0,1440000.0,,,,,,,1,1600000.0,1440000.0,160000.0,160000.0,1000000.0,12.0,108333.33333333331,96875.0,-51666.666666666686,0.6770833333333333,0.0,-63125.0
B140602-3,12,12,1.0,1.0,0.0,0.0,0,0,,,,,0,0,2014,정상종료,완납,142,146,300만원,15개월,0.25,남자,50세,장교/하사관,4000000.0,3820000.0,,52.0,32.0,6.0,0.0,0.0,1,4000000.0,3820000.0,180000.0,180000.0,3000000.0,15.0,262500.0,233333.3333333333,82500.0,1.4583333333333333,1.0,53333.333333333314
B140605-2,10,10,0.2,0.1,0.8,13.8,138,31,1.0,0.1,4.0,5.0,1,0,2014,연체중,손실,453,547,100만원,12개월,0.3,남자,33세,사무직,2000000.0,1160000.0,,,,,,,1,2000000.0,1160000.0,840000.0,840000.0,1000000.0,12.0,108333.33333333331,96875.0,-731666.6666666667,0.12896825396825395,0.0,-743125.0
B140606-1,12,12,0.9167,0.1667,0.0833,0.25,3,3,4.0,0.333,5.0,,1,0,2014,정상종료,완납,81,1888,100만원,12개월,0.25,남자,37세,서비스업,10000000.0,8100000.0,,34.0,5.0,1.0,0.0,0.0,1,10000000.0,8100000.0,1900000.0,1900000.0,1000000.0,12.0,104166.66666666666,94618.05555555556,-1795833.3333333333,0.05482456140350877,0.0,-1805381.9444444445
B140607-1,6,6,0.5,0.1667,0.5,8.833,53,31,3.0,0.5,5.0,6.0,1,0,2014,연체중,손실,434,986,100만원,9개월,0.3,남자,34세,사무직,3200000.0,2830000.0,,,,,,,1,3200000.0,2830000.0,370000.0,370000.0,1000000.0,9.0,136111.11111111112,125000.0,-233888.88888888888,0.3678678678678679,0.0,-245000.0
B140611-2,12,12,0.8333,0.4167,0.1667,2.833,34,21,3.0,0.25,4.0,7.0,1,0,2014,정상종료,완납,193,1176,100만원,12개월,0.3,여자,37세,기타,1570000.0,1400000.0,,13.0,8.0,11.0,0.0,0.0,1,1570000.0,1400000.0,170000.0,170000.0,1000000.0,12.0,108333.33333333331,96875.0,-61666.666666666686,0.6372549019607842,0.0,-73125.0
B140612-2,22,22,1.0,1.0,0.0,0.0,0,0,,,,,0,0,2014,정상종료,완납,382,756,1000만원,24개월,0.3,여자,43세,보험설계사,6000000.0,4000000.0,,125.0,120.0,0.0,0.0,0.0,1,6000000.0,4000000.0,2000000.0,2000000.0,10000000.0,24.0,666666.6666666667,546875.0,-1333333.3333333333,0.33333333333333337,0.0,-1453125.0
B140612-5,6,6,0.0,0.0,1.0,12.833,77,31,1.0,0.167,,,1,0,2014,연체중,손실,145,416,100만원,9개월,0.3,남자,39세,사무직,2300000.0,1990000.0,,5.0,1.0,16.0,0.0,0.0,1,2300000.0,1990000.0,310000.0,310000.0,1000000.0,9.0,136111.11111111112,125000.0,-173888.88888888888,0.439068100358423,0.0,-185000.0
B140614-1,6,6,1.0,1.0,0.0,0.0,0,0,,,,,0,0,2014,정상종료,완납,894,1145,500만원,24개월,0.3,여자,38세,콜센터,1500000.0,1270000.0,,40.0,38.0,0.0,0.0,0.0,1,1500000.0,1270000.0,230000.0,230000.0,5000000.0,24.0,333333.3333333334,273437.5,103333.33333333337,1.4492753623188408,1.0,43437.5
B140617-1,14,14,1.0,0.5,0.0,0.0,0,0,,,,,0,0,2014,정상종료,완납,239,248,300만원,24개월,0.3,남자,40세,교수/교사,3400000.0,1890000.0,,,,,,,1,3400000.0,1890000.0,1510000.0,1510000.0,3000000.0,24.0,200000.0,164062.5,-1310000.0,0.13245033112582782,0.0,-1345937.5
B140619-3,17,17,0.8824,0.5882,0.1176,0.118,2,1,6.0,0.353,7.0,16.0,1,0,2014,정상종료,완납,347,1159,500만원,24개월,0.3,여자,48세,사무직,4150000.0,3650000.0,,86.0,34.0,5.0,0.0,0.0,1,4150000.0,3650000.0,500000.0,500000.0,5000000.0,24.0,333333.3333333334,273437.5,-166666.66666666663,0.6666666666666667,0.0,-226562.5
B140619-4,9,9,1.0,0.6667,0.0,0.0,0,0,,,,,0,0,2014,정상종료,완납,285,853,400만원,18개월,0.3,남자,38세,사무직,1820000.0,1320000.0,,83.0,37.0,2.0,0.0,0.0,1,1820000.0,1320000.0,500000.0,500000.0,4000000.0,18.0,322222.22222222225,275000.0,-177777.77777777775,0.6444444444444445,0.0,-225000.0
B140625-6,6,6,1.0,1.0,0.0,0.0,0,0,,,,,0,0,2014,정상종료,완납,491,873,300만원,15개월,0.3,남자,40세,사무직,3200000.0,2640000.0,,75.0,73.0,1.0,0.0,0.0,1,3200000.0,2640000.0,560000.0,560000.0,3000000.0,15.0,275000.0,240000.0,-285000.0,0.49107142857142855,0.0,-320000.0
B140627-5,6,6,0.3333,0.1667,0.6667,7.5,45,31,3.0,0.5,,,1,0,2014,연체중,손실,41,319,100만원,9개월,0.3,여자,44세,서비스업,1700000.0,1150000.0,,,,,,,1,1700000.0,1150000.0,550000.0,550000.0,1000000.0,9.0,136111.11111111112,125000.0,-413888.8888888889,0.2474747474747475,0.0,-425000.0
B140701-4,12,12,0.8333,0.1667,0.1667,1.0,12,7,1.0,0.083,3.0,,1,0,2014,정상종료,완납,251,457,200만원,12개월,0.25,여자,38세,카드사,2500000.0,1910000.0,,52.0,17.0,21.0,0.0,0.0,1,2500000.0,1910000.0,590000.0,590000.0,2000000.0,12.0,208333.3333333333,189236.1111111111,-381666.6666666667,0.3531073446327683,0.0,-400763.8888888889
B140701-5,17,17,1.0,0.7647,0.0,0.0,0,0,,,,,0,0,2014,정상종료,완납,806,1325,500만원,24개월,0.25,남자,53세,학원,4000000.0,1920000.0,,72.0,58.0,0.0,0.0,0.0,1,4000000.0,1920000.0,2080000.0,2080000.0,5000000.0,24.0,312500.0,262586.8055555556,-1767500.0,0.1502403846153846,0.0,-1817413.1944444445
B140707-1,4,4,0.25,0.0,0.75,11.75,47,31,1.0,0.25,3.0,4.0,1,0,2014,연체중,손실,161,1150,100만원,12개월,0.25,여자,40세,기타,1000000.0,600000.0,,,,,,,1,1000000.0,600000.0,400000.0,400000.0,1000000.0,12.0,104166.66666666666,94618.05555555556,-295833.3333333334,0.26041666666666663,0.0,-305381.94444444444
B140707-4,3,3,0.0,0.0,1.0,12.667,38,31,1.0,0.333,,,1,0,2014,연체중,손실,140,1235,200만원,12개월,0.25,남자,43세,기타,3000000.0,2650000.0,,,,,,,1,3000000.0,2650000.0,350000.0,350000.0,2000000.0,12.0,208333.3333333333,189236.1111111111,-141666.6666666667,0.5952380952380952,0.0,-160763.8888888889
B140708-2,6,6,1.0,1.0,0.0,0.0,0,0,,,,,0,0,2014,정상종료,완납,425,590,100만원,12개월,0.25,여자,39세,기타,800000.0,700000.0,,43.0,29.0,0.0,0.0,0.0,1,800000.0,700000.0,100000.0,100000.0,1000000.0,12.0,104166.66666666666,94618.05555555556,4166.666666666657,1.0416666666666665,1.0,-5381.944444444438
B140711-2,13,13,1.0,1.0,0.0,0.0,0,0,,,,,0,0,2014,정상종료,완납,511,2441,300만원,15개월,0.25,여자,38세,영업직,2300000.0,1790000.0,,75.0,54.0,7.0,0.0,0.0,1,2300000.0,1790000.0,510000.0,510000.0,3000000.0,15.0,262500.0,233333.3333333333,-247500.0,0.5147058823529411,0.0,-276666.6666666667
B140714-2,6,6,0.8333,0.8333,0.1667,0.167,1,1,3.0,0.5,4.0,,1,0,2014,정상종료,완납,469,555,150만원,9개월,0.25,남자,47세,사무직,2750000.0,2320000.0,,96.0,76.0,3.0,0.0,0.0,1,2750000.0,2320000.0,430000.0,430000.0,1500000.0,9.0,197916.66666666663,184027.77777777772,-232083.33333333337,0.4602713178294573,0.0,-245972.22222222228
B140714-5,12,12,1.0,0.8333,0.0,0.0,0,0,,,,,0,0,2014,정상종료,완납,160,188,100만원,12개월,0.25,여자,44세,사무직,1150000.0,900000.0,,48.0,41.0,10.0,1.0,0.0,1,1150000.0,900000.0,250000.0,250000.0,1000000.0,12.0,104166.66666666666,94618.05555555556,-145833.33333333334,0.41666666666666663,0.0,-155381.94444444444
B140717-2,12,12,1.0,0.0833,0.0,0.0,0,0,,,,,0,0,2014,정상종료,완납,242,260,150만원,12개월,0.25,여자,45세,기타,2500000.0,2390000.0,,39.0,12.0,8.0,0.0,0.0,1,2500000.0,2390000.0,110000.0,110000.0,1500000.0,12.0,156250.0,141927.08333333334,46250.0,1.4204545454545454,1.0,31927.083333333343
B140718-6,12,12,1.0,0.6667,0.0,0.0,0,0,,,,,0,0,2014,정상종료,완납,194,397,100만원,12개월,0.25,여자,41세,사무직,1200000.0,1150000.0,,57.0,53.0,0.0,0.0,0.0,1,1200000.0,1150000.0,50000.0,50000.0,1000000.0,12.0,104166.66666666666,94618.05555555556,54166.66666666666,2.083333333333333,1.0,44618.05555555556
B140725-1,12,12,1.0,0.9167,0.0,0.0,0,0,,,,,0,0,2014,정상종료,완납,203,384,500만원,24개월,0.25,남자,47세,공기업,5100000.0,4230000.0,,39.0,29.0,3.0,0.0,0.0,1,5100000.0,4230000.0,870000.0,870000.0,5000000.0,24.0,312500.0,262586.8055555556,-557500.0,0.35919540229885055,0.0,-607413.1944444444
B140802-1,12,12,1.0,0.1667,0.0,0.0,0,0,,,,,0,0,2014,정상종료,완납,225,506,100만원,12개월,0.25,여자,45세,기타,1660000.0,1270000.0,,,,,,,1,1660000.0,1270000.0,390000.0,390000.0,1000000.0,12.0,104166.66666666666,94618.05555555556,-285833.3333333334,0.2670940170940171,0.0,-295381.94444444444
B140803-2,6,6,0.0,0.0,1.0,2.5,15,3,1.0,0.167,,,1,0,2014,정상종료,완납,426,1303,200만원,6개월,0.25,여자,37세,기타,2500000.0,2230000.0,,17.0,13.0,21.0,0.0,0.0,1,2500000.0,2230000.0,270000.0,270000.0,2000000.0,6.0,375000.0,357638.8888888889,105000.0,1.3888888888888888,1.0,87638.88888888888
B140806-3,24,24,1.0,0.2917,0.0,0.0,0,0,,,,,0,0,2014,정상종료,완납,1073,1613,300만원,24개월,0.25,남자,47세,사무직,1770000.0,1180000.0,,69.0,24.0,0.0,0.0,0.0,1,1770000.0,1180000.0,590000.0,590000.0,3000000.0,24.0,187500.0,157552.08333333334,-402500.0,0.3177966101694915,0.0,-432447.9166666666
B140808-3,4,4,0.5,0.5,0.5,9.25,37,31,3.0,0.75,,,1,0,2014,연체중,손실,510,379,200만원,12개월,0.25,여자,51세,사무직,2500000.0,1710000.0,,,,,,,1,2500000.0,1710000.0,790000.0,790000.0,2000000.0,12.0,208333.3333333333,189236.1111111111,-581666.6666666667,0.26371308016877637,0.0,-600763.8888888889
B140813-4,10,10,1.0,0.8,0.0,0.0,0,0,,,,,0,0,2014,정상종료,완납,363,2423,300만원,21개월,0.25,남자,47세,기타,1660000.0,1580000.0,,60.0,22.0,15.0,0.0,0.0,1,1660000.0,1580000.0,80000.0,80000.0,3000000.0,21.0,205357.14285714287,175595.2380952381,125357.14285714287,2.566964285714286,1.0,95595.2380952381
B140819-2,9,9,0.3333,0.1111,0.6667,13.0,117,31,4.0,0.444,,,1,0,2014,연체중,손실,112,365,150만원,12개월,0.25,남자,46세,기술직,2280000.0,2150000.0,,,,,,,1,2280000.0,2150000.0,130000.0,130000.0,1500000.0,12.0,156250.0,141927.08333333334,26250.0,1.2019230769230769,1.0,11927.083333333343
B140823-3,24,24,0.4583,0.4167,0.5417,12.917,310,30,2.0,0.083,4.0,13.0,1,0,2014,정상종료,완납,412,1468,300만원,24개월,0.25,여자,38세,학원,2180000.0,1930000.0,,18.0,11.0,12.0,3.0,0.0,1,2180000.0,1930000.0,250000.0,250000.0,3000000.0,24.0,187500.0,157552.08333333334,-62500.0,0.75,0.0,-92447.91666666666
B140827-3,4,4,1.0,0.25,0.0,0.0,0,0,,,,,0,0,2014,정상종료,완납,143,990,300만원,15개월,0.25,여자,48세,기술직,4300000.0,2120000.0,,7.0,1.0,10.0,2.0,0.0,1,4300000.0,2120000.0,2180000.0,2180000.0,3000000.0,15.0,262500.0,233333.3333333333,-1917500.0,0.12041284403669725,0.0,-1946666.6666666667
B140902-1,4,4,0.5,0.25,0.5,10.75,43,28,2.0,0.5,4.0,,1,0,2014,정상종료,완납,104,273,100만원,6개월,0.25,남자,44세,사무직,2300000.0,1880000.0,,2.0,1.0,2.0,0.0,0.0,1,2300000.0,1880000.0,420000.0,420000.0,1000000.0,6.0,187500.0,178819.44444444444,-232500.0,0.44642857142857145,0.0,-241180.55555555556
B140912-4,7,7,1.0,0.8571,0.0,0.0,0,0,,,,,0,0,2014,정상종료,완납,615,438,650만원,24개월,0.25,여자,40세,기술직,2500000.0,1900000.0,,98.0,84.0,3.0,0.0,0.0,1,2500000.0,1900000.0,600000.0,600000.0,6500000.0,24.0,406250.0,341362.8472222222,-193750.0,0.6770833333333334,0.0,-258637.1527777778
B140914-2,15,15,1.0,0.3333,0.0,0.0,0,0,,,,,0,0,2014,정상종료,완납,243,308,300만원,15개월,0.25,남자,45세,서비스업,6500000.0,5990000.0,,79.0,11.0,5.0,0.0,0.0,1,6500000.0,5990000.0,510000.0,510000.0,3000000.0,15.0,262500.0,233333.3333333333,-247500.0,0.5147058823529411,0.0,-276666.6666666667
B140915-2,18,18,1.0,0.9444,0.0,0.0,0,0,,,,,0,0,2014,정상종료,완납,533,893,300만원,18개월,0.25,남자,53세,생산직,3400000.0,3000000.0,,29.0,26.0,1.0,0.0,0.0,1,3400000.0,3000000.0,400000.0,400000.0,3000000.0,18.0,229166.66666666663,199652.77777777772,-170833.33333333337,0.5729166666666665,0.0,-200347.22222222228
B140917-4,7,7,1.0,1.0,0.0,0.0,0,0,,,,,0,0,2014,정상종료,완납,454,1084,150만원,12개월,0.25,남자,44세,기술직,4100000.0,3430000.0,,57.0,44.0,1.0,0.0,0.0,1,4100000.0,3430000.0,670000.0,670000.0,1500000.0,12.0,156250.0,141927.08333333334,-513750.0,0.2332089552238806,0.0,-528072.9166666666
B140926-2,14,14,0.9286,0.5714,0.0714,0.071,1,1,4.0,0.286,5.0,,1,0,2014,정상종료,완납,390,289,300만원,24개월,0.25,남자,51세,기타,2750000.0,1550000.0,,77.0,43.0,3.0,0.0,0.0,1,2750000.0,1550000.0,1200000.0,1200000.0,3000000.0,24.0,187500.0,157552.08333333334,-1012500.0,0.15625,0.0,-1042447.9166666666
B140927-1,13,13,0.5385,0.1538,0.4615,7.462,97,30,3.0,0.231,4.0,6.0,1,0,2014,정상종료,완납,405,556,450만원,21개월,0.25,남자,48세,서비스업,3350000.0,3080000.0,,90.0,38.0,21.0,4.0,0.0,1,3350000.0,3080000.0,270000.0,270000.0,4500000.0,21.0,308035.7142857143,263392.8571428572,38035.71428571432,1.140873015873016,1.0,-6607.142857142782
B140929-2,1,1,1.0,1.0,0.0,0.0,0,0,,,,,0,0,2014,정상종료,완납,242,415,500만원,24개월,0.25,여자,44세,증권사,3300000.0,2660000.0,,84.0,58.0,16.0,0.0,0.0,1,3300000.0,2660000.0,640000.0,640000.0,5000000.0,24.0,312500.0,262586.8055555556,-327500.0,0.48828125,0.0,-377413.1944444444
B141006-1,24,24,0.9583,0.3333,0.0417,0.042,1,1,15.0,0.625,16.0,,1,0,2014,정상종료,완납,93,759,550만원,24개월,0.25,남자,50세,기타,4500000.0,3770000.0,,97.0,55.0,3.0,0.0,0.0,1,4500000.0,3770000.0,730000.0,730000.0,5500000.0,24.0,343750.0,288845.4861111111,-386250.0,0.4708904109589041,0.0,-441154.5138888889
B141007-2,3,3,1.0,0.6667,0.0,0.0,0,0,,,,,0,0,2014,정상종료,완납,665,1447,200만원,12개월,0.25,여자,36세,생산직,1750000.0,1520000.0,,,,,,,1,1750000.0,1520000.0,230000.0,230000.0,2000000.0,12.0,208333.3333333333,189236.1111111111,-21666.666666666686,0.9057971014492753,0.0,-40763.888888888905
B141009-1,12,12,0.9167,0.5,0.0833,0.083,1,1,5.0,0.417,6.0,,1,0,2014,정상종료,완납,46,350,250만원,12개월,0.25,여자,53세,기타,3550000.0,1990000.0,,77.0,35.0,7.0,0.0,0.0,1,3550000.0,1990000.0,1560000.0,1560000.0,2500000.0,12.0,260416.6666666667,236545.1388888889,-1299583.3333333333,0.1669337606837607,0.0,-1323454.861111111
B141010-10,11,11,0.9091,0.8182,0.0909,0.909,10,10,8.0,0.727,9.0,,1,0,2014,정상종료,완납,522,670,400만원,18개월,0.25,남자,54세,서비스업,5300000.0,2370000.0,,114.0,90.0,4.0,0.0,0.0,1,5300000.0,2370000.0,2930000.0,2930000.0,4000000.0,18.0,305555.5555555556,266203.7037037037,-2624444.4444444445,0.10428517254455823,0.0,-2663796.296296296
B141010-9,2,2,0.5,0.5,0.5,15.5,31,31,2.0,1.0,,,1,0,2014,연체중,손실,151,1435,100만원,9개월,0.25,여자,32세,일용직,2000000.0,1250000.0,,,,,,,1,2000000.0,1250000.0,750000.0,750000.0,1000000.0,9.0,131944.44444444444,122685.18518518518,-618055.5555555555,0.17592592592592593,0.0,-627314.8148148148
B141017-2,7,7,0.7143,0.5714,0.2857,8.429,59,31,6.0,0.857,,,1,0,2014,연체중,손실,276,538,200만원,12개월,0.25,남자,36세,기타,2200000.0,1840000.0,,23.0,21.0,10.0,0.0,0.0,1,2200000.0,1840000.0,360000.0,360000.0,2000000.0,12.0,208333.3333333333,189236.1111111111,-151666.6666666667,0.5787037037037036,0.0,-170763.8888888889
B141019-2,1,1,0.0,0.0,1.0,31.0,31,31,1.0,1.0,,,1,0,2014,연체중,손실,483,386,150만원,12개월,0.25,여자,55세,요식업,4800000.0,4130000.0,,13.0,8.0,18.0,0.0,0.0,1,4800000.0,4130000.0,670000.0,670000.0,1500000.0,12.0,156250.0,141927.08333333334,-513750.0,0.2332089552238806,0.0,-528072.9166666666
B141020-2,12,12,0.6667,0.0833,0.3333,1.0,12,6,7.0,0.583,8.0,9.0,1,0,2014,정상종료,완납,211,543,200만원,12개월,0.25,여자,42세,사무직,2130000.0,1640000.0,,26.0,6.0,5.0,0.0,0.0,1,2130000.0,1640000.0,490000.0,490000.0,2000000.0,12.0,208333.3333333333,189236.1111111111,-281666.6666666667,0.42517006802721086,0.0,-300763.8888888889
B141022-4,15,15,1.0,0.7333,0.0,0.0,0,0,,,,,0,0,2014,정상종료,완납,1092,77,400만원,15개월,0.25,남자,50세,기타,5600000.0,4040000.0,,100.0,82.0,21.0,0.0,0.0,1,5600000.0,4040000.0,1560000.0,1560000.0,4000000.0,15.0,350000.0,311111.1111111111,-1210000.0,0.22435897435897437,0.0,-1248888.888888889
B141027-4,4,4,0.25,0.0,0.75,8.25,33,31,1.0,0.25,2.0,3.0,1,0,2014,연체중,손실,33,178,100만원,6개월,0.25,여자,29세,사무직,1500000.0,1060000.0,,4.0,1.0,4.0,0.0,0.0,1,1500000.0,1060000.0,440000.0,440000.0,1000000.0,6.0,187500.0,178819.44444444444,-252500.0,0.42613636363636365,0.0,-261180.55555555556
B141029-3,6,6,1.0,0.8333,0.0,0.0,0,0,,,,,0,0,2014,정상종료,완납,38,557,100만원,6개월,0.25,남자,53세,생산직,2700000.0,1910000.0,,53.0,25.0,13.0,0.0,0.0,1,2700000.0,1910000.0,790000.0,790000.0,1000000.0,6.0,187500.0,178819.44444444444,-602500.0,0.23734177215189872,0.0,-611180.5555555555
B141029-5,12,12,1.0,0.9167,0.0,0.0,0,0,,,,,0,0,2014,정상종료,완납,76,213,200만원,12개월,0.25,남자,40세,기타,2000000.0,1190000.0,,19.0,15.0,2.0,0.0,0.0,1,2000000.0,1190000.0,810000.0,810000.0,2000000.0,12.0,208333.3333333333,189236.1111111111,-601666.6666666667,0.257201646090535,0.0,-620763.8888888889
B141103-3,24,24,1.0,0.625,0.0,0.0,0,0,,,,,0,0,2014,정상종료,완납,131,683,450만원,24개월,0.25,남자,55세,기타,3000000.0,2300000.0,,66.0,56.0,5.0,5.0,0.0,1,3000000.0,2300000.0,700000.0,700000.0,4500000.0,24.0,281250.0,236328.125,-418750.0,0.4017857142857143,0.0,-463671.875
B141105-1,10,10,1.0,1.0,0.0,0.0,0,0,,,,,0,0,2014,정상종료,완납,212,929,350만원,24개월,0.25,여자,50세,학원,2700000.0,2320000.0,,51.0,51.0,0.0,0.0,0.0,1,2700000.0,2320000.0,380000.0,380000.0,3500000.0,24.0,218750.0,183810.7638888889,-161250.0,0.5756578947368421,0.0,-196189.2361111111
B141114-1,6,6,0.3333,0.0,0.6667,1.0,6,3,1.0,0.167,3.0,4.0,1,0,2014,정상종료,완납,468,1455,150만원,6개월,0.25,여자,34세,사무직,2040000.0,1180000.0,,27.0,9.0,13.0,0.0,0.0,1,2040000.0,1180000.0,860000.0,860000.0,1500000.0,6.0,281250.0,268229.1666666667,-578750.0,0.32703488372093026,0.0,-591770.8333333333
B141120-3,9,9,1.0,1.0,0.0,0.0,0,0,,,,,0,0,2014,정상종료,완납,495,619,300만원,24개월,0.25,남자,40세,사무직,3380000.0,2560000.0,,75.0,73.0,1.0,0.0,0.0,1,3380000.0,2560000.0,820000.0,820000.0,3000000.0,24.0,187500.0,157552.08333333334,-632500.0,0.22865853658536586,0.0,-662447.9166666666
B141120-4,9,9,0.6667,0.6667,0.3333,0.889,8,5,4.0,0.444,7.0,,1,0,2014,정상종료,완납,92,152,150만원,9개월,0.25,남자,51세,기술직,3100000.0,2600000.0,,27.0,17.0,34.0,2.0,8.0,1,3100000.0,2600000.0,500000.0,500000.0,1500000.0,9.0,197916.66666666663,184027.77777777772,-302083.3333333334,0.39583333333333326,0.0,-315972.22222222225
B141124-1,2,2,0.0,0.0,1.0,21.5,43,31,1.0,0.5,,,1,0,2014,연체중,손실,789,610,100만원,12개월,0.25,남자,42세,기타,3100000.0,2650000.0,,,,,,,1,3100000.0,2650000.0,450000.0,450000.0,1000000.0,12.0,104166.66666666666,94618.05555555556,-345833.3333333334,0.23148148148148145,0.0,-355381.94444444444
B141125-3,9,9,1.0,0.6667,0.0,0.0,0,0,,,,,0,0,2014,정상종료,완납,130,571,100만원,12개월,0.25,여자,33세,교수/교사,1950000.0,1080000.0,,13.0,10.0,6.0,0.0,0.0,1,1950000.0,1080000.0,870000.0,870000.0,1000000.0,12.0,104166.66666666666,94618.05555555556,-765833.3333333334,0.11973180076628351,0.0,-775381.9444444445
B141127-4,6,6,1.0,1.0,0.0,0.0,0,0,,,,,0,0,2014,정상종료,완납,279,526,300만원,24개월,0.25,여자,38세,기타,3000000.0,2360000.0,,97.0,69.0,20.0,0.0,0.0,1,3000000.0,2360000.0,640000.0,640000.0,3000000.0,24.0,187500.0,157552.08333333334,-452500.0,0.29296875,0.0,-482447.9166666666
B141202-2,12,12,0.9167,0.6667,0.0833,0.083,1,1,11.0,0.917,12.0,,1,0,2014,정상종료,완납,243,454,600만원,24개월,0.25,여자,44세,증권사,3300000.0,2660000.0,,84.0,58.0,16.0,0.0,0.0,1,3300000.0,2660000.0,640000.0,640000.0,6000000.0,24.0,375000.0,315104.1666666667,-265000.0,0.5859375,0.0,-324895.8333333333
B141202-3,3,3,0.3333,0.0,0.6667,15.333,46,31,2.0,0.667,,,1,0,2014,연체중,손실,743,840,450만원,18개월,0.25,남자,46세,학원,4300000.0,3820000.0,,26.0,17.0,1.0,0.0,0.0,1,4300000.0,3820000.0,480000.0,480000.0,4500000.0,18.0,343750.0,299479.1666666667,-136250.0,0.7161458333333334,0.0,-180520.8333333333
B141207-1,6,6,0.6667,0.0,0.3333,0.833,5,3,3.0,0.5,4.0,6.0,1,0,2014,정상종료,완납,412,513,150만원,6개월,0.25,남자,55세,공기업,4350000.0,3500000.0,,11.0,1.0,13.0,0.0,0.0,1,4350000.0,3500000.0,850000.0,850000.0,1500000.0,6.0,281250.0,268229.1666666667,-568750.0,0.33088235294117646,0.0,-581770.8333333333
B141208-1,9,9,0.4444,0.3333,0.5556,13.444,121,29,2.0,0.222,7.0,,1,0,2014,정상종료,완납,823,1923,150만원,9개월,0.25,여자,50세,일용직,1200000.0,740000.0,,52.0,42.0,20.0,5.0,0.0,1,1200000.0,740000.0,460000.0,460000.0,1500000.0,9.0,197916.66666666663,184027.77777777772,-262083.33333333337,0.4302536231884057,0.0,-275972.22222222225
B141211-4,8,8,0.875,0.5,0.125,3.875,31,31,8.0,1.0,,,1,0,2014,연체중,손실,518,742,350만원,24개월,0.25,여자,39세,요식업,2000000.0,1460000.0,,48.0,38.0,1.0,0.0,0.0,1,2000000.0,1460000.0,540000.0,540000.0,3500000.0,24.0,218750.0,183810.7638888889,-321250.0,0.4050925925925926,0.0,-356189.2361111111
B141216-5,12,12,1.0,0.5,0.0,0.0,0,0,,,,,0,0,2014,정상종료,완납,385,224,100만원,12개월,0.25,여자,43세,기타,3000000.0,2230000.0,,38.0,18.0,1.0,0.0,0.0,1,3000000.0,2230000.0,770000.0,770000.0,1000000.0,12.0,104166.66666666666,94618.05555555556,-665833.3333333334,0.13528138528138528,0.0,-675381.9444444445
B141216-6,9,9,1.0,0.7778,0.0,0.0,0,0,,,,,0,0,2014,정상종료,완납,311,316,150만원,12개월,0.25,여자,44세,사무직,1400000.0,1230000.0,,125.0,109.0,1.0,0.0,0.0,1,1400000.0,1230000.0,170000.0,170000.0,1500000.0,12.0,156250.0,141927.08333333334,-13750.0,0.9191176470588235,0.0,-28072.916666666657
B141217-1,9,9,1.0,1.0,0.0,0.0,0,0,,,,,0,0,2014,정상종료,완납,414,357,300만원,18개월,0.25,남자,47세,사무직,2750000.0,2270000.0,,96.0,76.0,3.0,0.0,0.0,1,2750000.0,2270000.0,480000.0,480000.0,3000000.0,18.0,229166.66666666663,199652.77777777772,-250833.33333333337,0.47743055555555547,0.0,-280347.22222222225
B141219-3,20,20,0.6,0.1,0.4,7.95,159,91,1.0,0.05,2.0,3.0,1,0,2014,연체중,손실,956,345,400만원,21개월,0.25,여자,42세,보험설계사,12200000.0,11260000.0,,59.0,40.0,10.0,0.0,0.0,1,12200000.0,11260000.0,940000.0,940000.0,4000000.0,21.0,273809.5238095238,234126.9841269841,-666190.4761904762,0.2912867274569402,0.0,-705873.0158730159
B141220-1,6,6,1.0,0.8333,0.0,0.0,0,0,,,,,0,0,2014,정상종료,완납,288,535,300만원,18개월,0.25,남자,47세,운전직,4100000.0,3170000.0,,32.0,25.0,4.0,0.0,0.0,1,4100000.0,3170000.0,930000.0,930000.0,3000000.0,18.0,229166.66666666663,199652.77777777772,-700833.3333333334,0.24641577060931896,0.0,-730347.2222222222
B141227-3,6,6,0.8333,0.5,0.1667,0.667,4,4,5.0,0.833,6.0,,1,0,2014,정상종료,완납,254,1171,100만원,6개월,0.25,여자,37세,기타,2550000.0,2070000.0,,55.0,39.0,4.0,0.0,0.0,1,2550000.0,2070000.0,480000.0,480000.0,1000000.0,6.0,187500.0,178819.44444444444,-292500.0,0.390625,0.0,-301180.55555555556
B141230-4,15,15,0.2,0.0,0.8,13.333,200,30,1.0,0.067,4.0,7.0,1,0,2014,정상종료,완납,540,698,300만원,15개월,0.25,여자,48세,기술직,4600000.0,2990000.0,,7.0,1.0,10.0,2.0,0.0,1,4600000.0,2990000.0,1610000.0,1610000.0,3000000.0,15.0,262500.0,233333.3333333333,-1347500.0,0.16304347826086957,0.0,-1376666.6666666667
B150102-3,17,17,0.4118,0.1176,0.5882,1.0,17,3,1.0,0.059,3.0,4.0,1,0,2015,정상종료,완납,59,291,300만원,24개월,0.25,여자,38세,사무직,2330000.0,1990000.0,,52.0,15.0,24.0,0.0,0.0,1,2330000.0,1990000.0,340000.0,340000.0,3000000.0,24.0,187500.0,157552.08333333334,-152500.0,0.5514705882352942,0.0,-182447.91666666666
B150112-3,11,11,1.0,1.0,0.0,0.0,0,0,,,,,0,0,2015,정상종료,완납,590,279,650만원,21개월,0.25,여자,43세,사무직,2400000.0,2080000.0,,90.0,74.0,1.0,0.0,0.0,1,2400000.0,2080000.0,320000.0,320000.0,6500000.0,21.0,444940.4761904762,380456.3492063492,124940.47619047621,1.3904389880952381,1.0,60456.34920634917
B150115-8,6,6,0.0,0.0,1.0,5.5,33,11,1.0,0.167,,,1,0,2015,정상종료,완납,215,145,100만원,6개월,0.25,여자,31세,콜센터,2120000.0,1780000.0,,,,,,,1,2120000.0,1780000.0,340000.0,340000.0,1000000.0,6.0,187500.0,178819.44444444444,-152500.0,0.5514705882352942,0.0,-161180.55555555556
B150116-6,3,3,0.6667,0.0,0.3333,10.333,31,31,3.0,1.0,,,1,0,2015,연체중,손실,199,150,400만원,24개월,0.25,남자,48세,기타,1850000.0,1780000.0,,29.0,22.0,0.0,0.0,0.0,1,1850000.0,1780000.0,70000.0,70000.0,4000000.0,24.0,250000.0,210069.44444444444,180000.0,3.5714285714285716,1.0,140069.44444444444
B150118-1,5,5,0.6,0.0,0.4,9.2,46,31,4.0,0.8,,,1,0,2015,연체중,손실,237,1012,200만원,12개월,0.25,여자,37세,기타,1000000.0,990000.0,,14.0,8.0,4.0,0.0,0.0,1,1000000.0,990000.0,10000.0,10000.0,2000000.0,12.0,208333.3333333333,189236.1111111111,198333.3333333333,20.833333333333332,1.0,179236.1111111111
B150120-4,4,4,1.0,0.5,0.0,0.0,0,0,,,,,0,0,2015,정상종료,완납,58,619,200만원,12개월,0.25,남자,47세,사무직,4400000.0,3990000.0,,18.0,5.0,1.0,0.0,0.0,1,4400000.0,3990000.0,410000.0,410000.0,2000000.0,12.0,208333.3333333333,189236.1111111111,-201666.6666666667,0.5081300813008129,0.0,-220763.8888888889
B150124-1,4,4,0.5,0.0,0.5,15.25,61,31,3.0,0.75,,,1,0,2015,연체중,손실,142,190,100만원,6개월,0.25,남자,50세,서비스업,3000000.0,180000.0,,,,,,,1,3000000.0,180000.0,2820000.0,2820000.0,1000000.0,6.0,187500.0,178819.44444444444,-2632500.0,0.06648936170212766,0.0,-2641180.5555555555
B150128-1,6,6,1.0,0.6667,0.0,0.0,0,0,,,,,0,0,2015,정상종료,완납,339,506,100만원,12개월,0.25,여자,39세,기타,1000000.0,800000.0,,43.0,29.0,0.0,0.0,0.0,1,1000000.0,800000.0,200000.0,200000.0,1000000.0,12.0,104166.66666666666,94618.05555555556,-95833.33333333334,0.5208333333333333,0.0,-105381.94444444444
B150129-2,7,7,1.0,1.0,0.0,0.0,0,0,,,,,0,0,2015,정상종료,완납,833,225,200만원,9개월,0.25,남자,42세,사무직,2050000.0,1710000.0,,61.0,60.0,4.0,0.0,0.0,1,2050000.0,1710000.0,340000.0,340000.0,2000000.0,9.0,263888.8888888889,245370.3703703704,-76111.11111111112,0.7761437908496731,0.0,-94629.6296296296
B150202-2,11,11,1.0,1.0,0.0,0.0,0,0,,,,,0,0,2015,정상종료,완납,33,988,300만원,24개월,0.25,여자,47세,간호사,4050000.0,3460000.0,,63.0,34.0,5.0,0.0,0.0,1,4050000.0,3460000.0,590000.0,590000.0,3000000.0,24.0,187500.0,157552.08333333334,-402500.0,0.3177966101694915,0.0,-432447.9166666666
B150205-3,11,11,0.3636,0.0909,0.6364,12.909,142,31,3.0,0.273,5.0,7.0,1,0,2015,연체중,손실,329,196,300만원,24개월,0.25,여자,50세,공공기관,3320000.0,3010000.0,,51.0,31.0,7.0,3.0,0.0,1,3320000.0,3010000.0,310000.0,310000.0,3000000.0,24.0,187500.0,157552.08333333334,-122500.0,0.6048387096774194,0.0,-152447.91666666666
B150206-1,15,15,1.0,0.4,0.0,0.0,0,0,,,,,0,0,2015,정상종료,완납,153,1037,550만원,24개월,0.25,여자,47세,학원,3850000.0,3580000.0,,67.0,51.0,3.0,0.0,0.0,1,3850000.0,3580000.0,270000.0,270000.0,5500000.0,24.0,343750.0,288845.4861111111,73750.0,1.2731481481481481,1.0,18845.486111111124
B150206-2,8,8,0.125,0.125,0.875,12.25,98,26,1.0,0.125,8.0,,1,0,2015,정상종료,완납,818,518,100만원,9개월,0.25,여자,37세,기타,1800000.0,1450000.0,,28.0,12.0,42.0,5.0,0.0,1,1800000.0,1450000.0,350000.0,350000.0,1000000.0,9.0,131944.44444444444,122685.18518518518,-218055.55555555556,0.376984126984127,0.0,-227314.81481481483
B150208-2,4,4,0.25,0.0,0.75,12.5,50,31,1.0,0.25,2.0,3.0,1,0,2015,연체중,손실,138,478,250만원,12개월,0.25,여자,55세,기타,4400000.0,3960000.0,,33.0,11.0,6.0,0.0,0.0,1,4400000.0,3960000.0,440000.0,440000.0,2500000.0,12.0,260416.6666666667,236545.1388888889,-179583.3333333333,0.5918560606060607,0.0,-203454.8611111111
B150211-4,11,11,1.0,0.9091,0.0,0.0,0,0,,,,,0,0,2015,정상종료,완납,295,608,500만원,15개월,0.25,남자,46세,기타,4000000.0,2840000.0,,67.0,62.0,4.0,0.0,0.0,1,4000000.0,2840000.0,1160000.0,1160000.0,5000000.0,15.0,437500.0,388888.8888888889,-722500.0,0.3771551724137931,0.0,-771111.1111111111
B150213-2,20,20,1.0,0.7,0.0,0.0,0,0,,,,,0,0,2015,정상종료,완납,408,830,500만원,24개월,0.25,여자,44세,보험설계사,3000000.0,2060000.0,,50.0,42.0,0.0,0.0,0.0,1,3000000.0,2060000.0,940000.0,940000.0,5000000.0,24.0,312500.0,262586.8055555556,-627500.0,0.3324468085106383,0.0,-677413.1944444444
B150215-1,7,7,1.0,1.0,0.0,0.0,0,0,,,,,0,0,2015,정상종료,완납,239,1641,600만원,24개월,0.25,남자,63세,요식업,4500000.0,3400000.0,,69.0,56.0,5.0,0.0,0.0,1,4500000.0,3400000.0,1100000.0,1100000.0,6000000.0,24.0,375000.0,315104.1666666667,-725000.0,0.3409090909090909,0.0,-784895.8333333333
B150223-4,9,9,0.8889,0.8889,0.1111,0.111,1,1,5.0,0.556,6.0,,1,0,2015,정상종료,완납,358,325,100만원,9개월,0.25,여자,51세,보험설계사,3500000.0,3020000.0,,15.0,9.0,9.0,9.0,0.0,1,3500000.0,3020000.0,480000.0,480000.0,1000000.0,9.0,131944.44444444444,122685.18518518518,-348055.55555555556,0.27488425925925924,0.0,-357314.81481481483
B150224-2,14,14,1.0,1.0,0.0,0.0,0,0,,,,,0,0,2015,정상종료,완납,99,407,350만원,24개월,0.25,남자,64세,운전직,2500000.0,2050000.0,,52.0,52.0,1.0,0.0,0.0,1,2500000.0,2050000.0,450000.0,450000.0,3500000.0,24.0,218750.0,183810.7638888889,-231250.0,0.4861111111111111,0.0,-266189.2361111111
B150226-5,6,6,1.0,1.0,0.0,0.0,0,0,,,,,0,0,2015,정상종료,완납,318,443,600만원,24개월,0.25,여자,49세,사무직,2600000.0,2250000.0,,78.0,51.0,0.0,0.0,0.0,1,2600000.0,2250000.0,350000.0,350000.0,6000000.0,24.0,375000.0,315104.1666666667,25000.0,1.0714285714285714,1.0,-34895.833333333314
B150228-1,12,12,0.6667,0.4167,0.3333,1.25,15,5,4.0,0.333,8.0,,1,0,2015,정상종료,완납,398,620,100만원,12개월,0.25,남자,33세,기술직,3000000.0,2650000.0,,28.0,11.0,12.0,0.0,0.0,1,3000000.0,2650000.0,350000.0,350000.0,1000000.0,12.0,104166.66666666666,94618.05555555556,-245833.33333333334,0.2976190476190476,0.0,-255381.94444444444
B150303-1,12,12,0.9167,0.1667,0.0833,0.083,1,1,12.0,1.0,,,1,0,2015,정상종료,완납,256,593,250만원,12개월,0.25,여자,51세,사무직,2500000.0,1930000.0,,50.0,9.0,5.0,0.0,0.0,1,2500000.0,1930000.0,570000.0,570000.0,2500000.0,12.0,260416.6666666667,236545.1388888889,-309583.3333333333,0.4568713450292398,0.0,-333454.8611111111
B150303-5,10,10,1.0,0.8,0.0,0.0,0,0,,,,,0,0,2015,정상종료,완납,561,622,600만원,24개월,0.25,남자,38세,영업직,2150000.0,1510000.0,,83.0,37.0,2.0,0.0,0.0,1,2150000.0,1510000.0,640000.0,640000.0,6000000.0,24.0,375000.0,315104.1666666667,-265000.0,0.5859375,0.0,-324895.8333333333
B150309-1,9,9,1.0,0.6667,0.0,0.0,0,0,,,,,0,0,2015,정상종료,완납,163,599,150만원,9개월,0.25,여자,38세,간호사,1700000.0,1120000.0,,27.0,7.0,0.0,0.0,0.0,1,1700000.0,1120000.0,580000.0,580000.0,1500000.0,9.0,197916.66666666663,184027.77777777772,-382083.3333333334,0.34123563218390796,0.0,-395972.22222222225
B150311-3,16,16,1.0,0.9375,0.0,0.0,0,0,,,,,0,0,2015,정상종료,완납,94,729,800만원,24개월,0.25,여자,45세,사무직,4500000.0,4070000.0,,101.0,95.0,0.0,0.0,0.0,1,4500000.0,4070000.0,430000.0,430000.0,8000000.0,24.0,500000.0,420138.8888888889,70000.0,1.1627906976744187,1.0,-9861.111111111124
B150314-1,23,23,0.1304,0.0435,0.8696,15.957,367,29,3.0,0.13,23.0,,1,0,2015,정상종료,완납,948,1668,500만원,24개월,0.25,남자,42세,사무직,2720000.0,2570000.0,,44.0,23.0,28.0,0.0,0.0,1,2720000.0,2570000.0,150000.0,150000.0,5000000.0,24.0,312500.0,262586.8055555556,162500.0,2.0833333333333335,1.0,112586.80555555562
B150317-1,5,5,0.0,0.0,1.0,12.6,63,27,1.0,0.2,,,1,0,2015,정상종료,완납,406,478,100만원,6개월,0.25,남자,38세,운전직,1500000.0,1170000.0,,3.0,1.0,9.0,0.0,0.0,1,1500000.0,1170000.0,330000.0,330000.0,1000000.0,6.0,187500.0,178819.44444444444,-142500.0,0.5681818181818182,0.0,-151180.55555555556
B150325-2,12,12,0.9167,0.5,0.0833,0.083,1,1,1.0,0.083,2.0,,1,0,2015,정상종료,완납,360,1723,100만원,12개월,0.25,여자,35세,기타,1950000.0,1180000.0,,32.0,12.0,1.0,0.0,0.0,1,1950000.0,1180000.0,770000.0,770000.0,1000000.0,12.0,104166.66666666666,94618.05555555556,-665833.3333333334,0.13528138528138528,0.0,-675381.9444444445
B150330-2,4,4,0.25,0.0,0.75,10.75,43,21,1.0,0.25,2.0,3.0,1,0,2015,정상종료,완납,369,880,150만원,6개월,0.25,여자,37세,기타,2800000.0,2660000.0,,17.0,13.0,21.0,0.0,0.0,1,2800000.0,2660000.0,140000.0,140000.0,1500000.0,6.0,281250.0,268229.1666666667,141250.0,2.0089285714285716,1.0,128229.16666666669
B150401-7,7,7,1.0,0.8571,0.0,0.0,0,0,,,,,0,0,2015,정상종료,완납,531,434,650만원,21개월,0.25,여자,46세,콜센터,2300000.0,1840000.0,,95.0,76.0,2.0,0.0,0.0,1,2300000.0,1840000.0,460000.0,460000.0,6500000.0,21.0,444940.4761904762,380456.3492063492,-15059.523809523787,0.9672619047619048,0.0,-79543.65079365083
B150414-4,4,4,1.0,1.0,0.0,0.0,0,0,,,,,0,0,2015,정상종료,완납,141,197,300만원,15개월,0.2,남자,50세,장교/하사관,4300000.0,3950000.0,,52.0,32.0,6.0,0.0,0.0,1,4300000.0,3950000.0,350000.0,350000.0,3000000.0,15.0,250000.0,226666.66666666663,-100000.0,0.7142857142857143,0.0,-123333.33333333337
B150414-5,17,17,1.0,0.8824,0.0,0.0,0,0,,,,,0,0,2015,정상종료,완납,450,951,400만원,24개월,0.25,남자,44세,기술직,3700000.0,3140000.0,,57.0,44.0,1.0,0.0,0.0,1,3700000.0,3140000.0,560000.0,560000.0,4000000.0,24.0,250000.0,210069.44444444444,-310000.0,0.44642857142857145,0.0,-349930.55555555556
B150415-4,12,12,1.0,0.0,0.0,0.0,0,0,,,,,0,0,2015,정상종료,완납,127,416,100만원,12개월,0.25,남자,40세,보험설계사,1250000.0,1070000.0,,23.0,0.0,1.0,0.0,0.0,1,1250000.0,1070000.0,180000.0,180000.0,1000000.0,12.0,104166.66666666666,94618.05555555556,-75833.33333333334,0.5787037037037036,0.0,-85381.94444444444
B150420-1,9,9,0.8889,0.5556,0.1111,0.222,2,2,4.0,0.444,5.0,,1,0,2015,정상종료,완납,144,608,200만원,9개월,0.25,여자,42세,사무직,2120000.0,1780000.0,340000.0,49.0,19.0,5.0,0.0,0.0,1,2120000.0,1780000.0,340000.0,340000.0,2000000.0,9.0,263888.8888888889,245370.3703703704,-76111.11111111112,0.7761437908496731,0.0,-94629.6296296296
B150421-1,15,15,0.6,0.4,0.4,0.8,12,3,7.0,0.467,8.0,10.0,1,0,2015,정상종료,완납,1252,925,300만원,15개월,0.25,여자,36세,기타,1400000.0,1160000.0,,75.0,68.0,34.0,0.0,0.0,1,1400000.0,1160000.0,240000.0,240000.0,3000000.0,15.0,262500.0,233333.3333333333,22500.0,1.09375,1.0,-6666.666666666686
B150423-2,6,6,0.5,0.0,0.5,0.667,4,2,2.0,0.333,3.0,4.0,1,0,2015,정상종료,완납,300,557,100만원,6개월,0.25,여자,41세,사무직,2900000.0,2110000.0,,3.0,0.0,6.0,1.0,0.0,1,2900000.0,2110000.0,790000.0,790000.0,1000000.0,6.0,187500.0,178819.44444444444,-602500.0,0.23734177215189872,0.0,-611180.5555555555
B150423-5,4,4,0.0,0.0,1.0,16.25,65,31,1.0,0.25,,,1,0,2015,연체중,손실,286,419,250만원,12개월,0.25,남자,48세,시설관리업체,3000000.0,2770000.0,,31.0,25.0,18.0,0.0,0.0,1,3000000.0,2770000.0,230000.0,230000.0,2500000.0,12.0,260416.6666666667,236545.1388888889,30416.666666666686,1.1322463768115942,1.0,6545.138888888905
B150424-3,21,21,1.0,0.9048,0.0,0.0,0,0,,,,,0,0,2015,정상종료,완납,280,447,400만원,21개월,0.25,여자,43세,기타,1100000.0,840000.0,,51.0,45.0,0.0,0.0,0.0,1,1100000.0,840000.0,260000.0,260000.0,4000000.0,21.0,273809.5238095238,234126.9841269841,13809.523809523787,1.053113553113553,1.0,-25873.015873015887
B150430-1,8,8,0.125,0.0,0.875,3.625,29,10,1.0,0.125,3.0,4.0,1,0,2015,정상종료,완납,144,642,150만원,9개월,0.25,여자,44세,기타,2360000.0,1910000.0,,1.0,0.0,9.0,0.0,0.0,1,2360000.0,1910000.0,450000.0,450000.0,1500000.0,9.0,197916.66666666663,184027.77777777772,-252083.33333333337,0.4398148148148147,0.0,-265972.22222222225
B150504-3,14,14,1.0,0.7857,0.0,0.0,0,0,,,,,0,0,2015,정상종료,완납,355,307,400만원,24개월,0.25,남자,43세,공공기관,5000000.0,4250000.0,,92.0,45.0,3.0,0.0,0.0,1,5000000.0,4250000.0,750000.0,750000.0,4000000.0,24.0,250000.0,210069.44444444444,-500000.0,0.3333333333333333,0.0,-539930.5555555555
B150506-4,5,5,0.2,0.0,0.8,14.2,71,31,2.0,0.4,,,1,0,2015,연체중,손실,219,994,100만원,6개월,0.25,여자,45세,기타,2000000.0,1360000.0,,,,,,,1,2000000.0,1360000.0,640000.0,640000.0,1000000.0,6.0,187500.0,178819.44444444444,-452500.0,0.29296875,0.0,-461180.55555555556
B150507-2,18,18,0.7778,0.3889,0.2222,1.889,34,9,12.0,0.667,13.0,16.0,1,0,2015,정상종료,완납,133,312,350만원,18개월,0.25,여자,47세,간호사,1800000.0,1480000.0,,60.0,39.0,21.0,0.0,0.0,1,1800000.0,1480000.0,320000.0,320000.0,3500000.0,18.0,267361.1111111111,232928.24074074076,-52638.888888888876,0.8355034722222222,0.0,-87071.75925925924
B150511-3,5,5,1.0,1.0,0.0,0.0,0,0,,,,,0,0,2015,정상종료,완납,535,611,150만원,6개월,0.25,여자,41세,보험설계사,2470000.0,1940000.0,,75.0,26.0,10.0,1.0,0.0,1,2470000.0,1940000.0,530000.0,530000.0,1500000.0,6.0,281250.0,268229.1666666667,-248750.0,0.5306603773584906,0.0,-261770.8333333333
B150513-2,7,7,1.0,1.0,0.0,0.0,0,0,,,,,0,0,2015,정상종료,완납,784,494,500만원,18개월,0.25,여자,40세,기술직,2600000.0,2000000.0,,98.0,84.0,3.0,0.0,0.0,1,2600000.0,2000000.0,600000.0,600000.0,5000000.0,18.0,381944.4444444445,332754.6296296296,-218055.5555555555,0.6365740740740742,0.0,-267245.3703703704
B150515-3,9,9,0.8889,0.4444,0.1111,0.111,1,1,4.0,0.444,5.0,,1,0,2015,정상종료,완납,245,184,100만원,9개월,0.25,여자,38세,기타,2400000.0,2130000.0,,27.0,7.0,5.0,0.0,0.0,1,2400000.0,2130000.0,270000.0,270000.0,1000000.0,9.0,131944.44444444444,122685.18518518518,-138055.55555555556,0.48868312757201643,0.0,-147314.81481481483
B150519-2,12,12,1.0,0.9167,0.0,0.0,0,0,,,,,0,0,2015,정상종료,완납,146,847,200만원,12개월,0.25,여자,36세,일용직,2500000.0,1200000.0,,32.0,17.0,1.0,0.0,0.0,1,2500000.0,1200000.0,1300000.0,1300000.0,2000000.0,12.0,208333.3333333333,189236.1111111111,-1091666.6666666667,0.16025641025641024,0.0,-1110763.888888889
B150521-2,10,10,1.0,0.2,0.0,0.0,0,0,,,,,0,0,2015,정상종료,완납,53,674,100만원,12개월,0.25,남자,37세,일용직,1200000.0,1080000.0,,34.0,5.0,1.0,0.0,0.0,1,1200000.0,1080000.0,120000.0,120000.0,1000000.0,12.0,104166.66666666666,94618.05555555556,-15833.333333333343,0.8680555555555555,0.0,-25381.944444444438
B150525-1,6,6,0.3333,0.0,0.6667,3.5,21,9,2.0,0.333,3.0,4.0,1,0,2015,정상종료,완납,88,207,100만원,6개월,0.25,여자,36세,사무직,1500000.0,1080000.0,,,,,,,1,1500000.0,1080000.0,420000.0,420000.0,1000000.0,6.0,187500.0,178819.44444444444,-232500.0,0.44642857142857145,0.0,-241180.55555555556
B150527-2,1,1,0.0,0.0,1.0,31.0,31,31,1.0,1.0,,,1,0,2015,연체중,손실,132,460,150만원,12개월,0.25,남자,44세,사무직,2500000.0,1980000.0,,2.0,1.0,2.0,0.0,0.0,1,2500000.0,1980000.0,520000.0,520000.0,1500000.0,12.0,156250.0,141927.08333333334,-363750.0,0.3004807692307692,0.0,-378072.9166666666
B150528-3,10,10,1.0,0.8,0.0,0.0,0,0,,,,,0,0,2015,정상종료,완납,276,447,300만원,24개월,0.25,남자,52세,기술직,3500000.0,3160000.0,,125.0,86.0,2.0,0.0,0.0,1,3500000.0,3160000.0,340000.0,340000.0,3000000.0,24.0,187500.0,157552.08333333334,-152500.0,0.5514705882352942,0.0,-182447.91666666666
B150529-3,6,6,0.0,0.0,1.0,5.833,35,9,1.0,0.167,,,1,0,2015,정상종료,완납,416,713,100만원,6개월,0.25,남자,51세,보험설계사,6000000.0,4400000.0,,,,,,,1,6000000.0,4400000.0,1600000.0,1600000.0,1000000.0,6.0,187500.0,178819.44444444444,-1412500.0,0.1171875,0.0,-1421180.5555555555
B150602-3,2,2,0.0,0.0,1.0,18.0,36,31,1.0,0.5,,,1,0,2015,연체중,손실,84,175,100만원,6개월,0.25,남자,33세,영업직,1700000.0,1100000.0,,,,,,,1,1700000.0,1100000.0,600000.0,600000.0,1000000.0,6.0,187500.0,178819.44444444444,-412500.0,0.3125,0.0,-421180.55555555556
B150605-2,24,24,0.9583,0.0833,0.0417,0.042,1,1,19.0,0.792,20.0,,1,0,2015,정상종료,완납,64,851,600만원,24개월,0.25,여자,49세,기타,3500000.0,2720000.0,,76.0,48.0,1.0,0.0,0.0,1,3500000.0,2720000.0,780000.0,780000.0,6000000.0,24.0,375000.0,315104.1666666667,-405000.0,0.4807692307692308,0.0,-464895.8333333333
B150608-8,10,10,1.0,0.2,0.0,0.0,0,0,,,,,0,0,2015,정상종료,완납,1453,641,100만원,12개월,0.25,남자,47세,기타,2020000.0,1390000.0,,33.0,8.0,18.0,3.0,0.0,1,2020000.0,1390000.0,630000.0,630000.0,1000000.0,12.0,104166.66666666666,94618.05555555556,-525833.3333333334,0.16534391534391532,0.0,-535381.9444444445
B150611-3,5,5,1.0,0.8,0.0,0.0,0,0,,,,,0,0,2015,정상종료,완납,333,290,150만원,6개월,0.25,남자,46세,기술직,4250000.0,2090000.0,,71.0,56.0,14.0,0.0,0.0,1,4250000.0,2090000.0,2160000.0,2160000.0,1500000.0,6.0,281250.0,268229.1666666667,-1878750.0,0.13020833333333334,0.0,-1891770.8333333333
B150617-4,9,9,0.7778,0.5556,0.2222,1.444,13,7,7.0,0.778,8.0,9.0,1,0,2015,정상종료,완납,1354,652,150만원,9개월,0.25,여자,44세,일용직,1700000.0,1690000.0,,36.0,31.0,18.0,0.0,0.0,1,1700000.0,1690000.0,10000.0,10000.0,1500000.0,9.0,197916.66666666663,184027.77777777772,187916.66666666663,19.791666666666664,1.0,174027.77777777772
B150618-2,3,3,1.0,1.0,0.0,0.0,0,0,,,,,0,0,2015,정상종료,완납,583,327,300만원,15개월,0.25,여자,38세,콜센터,1550000.0,1220000.0,,40.0,38.0,0.0,0.0,0.0,1,1550000.0,1220000.0,330000.0,330000.0,3000000.0,15.0,262500.0,233333.3333333333,-67500.0,0.7954545454545454,0.0,-96666.66666666669
B150619-1,4,4,1.0,1.0,0.0,0.0,0,0,,,,,0,0,2015,정상종료,완납,254,219,100만원,6개월,0.25,남자,36세,기술직,1700000.0,800000.0,,53.0,46.0,0.0,0.0,0.0,1,1700000.0,800000.0,900000.0,900000.0,1000000.0,6.0,187500.0,178819.44444444444,-712500.0,0.20833333333333334,0.0,-721180.5555555555
B150621-1,2,2,0.0,0.0,1.0,21.0,42,31,1.0,0.5,,,1,0,2015,연체중,손실,77,481,100만원,6개월,0.25,남자,41세,기타,2100000.0,1850000.0,,,,,,,1,2100000.0,1850000.0,250000.0,250000.0,1000000.0,6.0,187500.0,178819.44444444444,-62500.0,0.75,0.0,-71180.55555555556
B150622-5,9,9,1.0,0.8889,0.0,0.0,0,0,,,,,0,0,2015,정상종료,완납,229,662,100만원,9개월,0.25,여자,31세,기타,2200000.0,1340000.0,,49.0,37.0,1.0,0.0,0.0,1,2200000.0,1340000.0,860000.0,860000.0,1000000.0,9.0,131944.44444444444,122685.18518518518,-728055.5555555555,0.15342377260981913,0.0,-737314.8148148148
B150623-1,1,1,0.0,0.0,1.0,31.0,31,31,1.0,1.0,,,1,0,2015,연체중,손실,145,66,150만원,9개월,0.25,여자,33세,서비스업,2100000.0,1860000.0,,,,,,,1,2100000.0,1860000.0,240000.0,240000.0,1500000.0,9.0,197916.66666666663,184027.77777777772,-42083.33333333337,0.8246527777777776,0.0,-55972.22222222228
B150623-2,6,6,0.3333,0.3333,0.6667,4.167,25,10,1.0,0.167,5.0,,1,0,2015,정상종료,완납,58,182,100만원,6개월,0.25,남자,45세,사무직,5500000.0,5340000.0,,,,,,,1,5500000.0,5340000.0,160000.0,160000.0,1000000.0,6.0,187500.0,178819.44444444444,27500.0,1.171875,1.0,18819.444444444438
B150702-3,10,10,0.5,0.1,0.5,12.1,121,92,6.0,0.6,,,1,0,2015,손실(상환완료),손실,141,175,300만원,24개월,0.25,여자,38세,카드사,4500000.0,1970000.0,,52.0,17.0,21.0,0.0,0.0,1,4500000.0,1970000.0,2530000.0,2530000.0,3000000.0,24.0,187500.0,157552.08333333334,-2342500.0,0.0741106719367589,0.0,-2372447.9166666665
B150707-2,6,6,1.0,1.0,0.0,0.0,0,0,,,,,0,0,2015,정상종료,완납,288,361,100만원,6개월,0.25,여자,40세,학원,1770000.0,1220000.0,,18.0,18.0,0.0,0.0,0.0,1,1770000.0,1220000.0,550000.0,550000.0,1000000.0,6.0,187500.0,178819.44444444444,-362500.0,0.3409090909090909,0.0,-371180.55555555556
B150715-4,12,12,0.8333,0.6667,0.1667,0.75,9,5,9.0,0.75,10.0,11.0,1,0,2015,정상종료,완납,381,1065,150만원,12개월,0.25,여자,37세,기타,2250000.0,1940000.0,,55.0,39.0,4.0,0.0,0.0,1,2250000.0,1940000.0,310000.0,310000.0,1500000.0,12.0,156250.0,141927.08333333334,-153750.0,0.5040322580645161,0.0,-168072.91666666666
B150715-8,8,8,0.25,0.125,0.75,2.625,21,5,2.0,0.25,8.0,,1,0,2015,정상종료,완납,132,1435,100만원,9개월,0.25,여자,46세,기타,1600000.0,1330000.0,,15.0,9.0,48.0,0.0,0.0,1,1600000.0,1330000.0,270000.0,270000.0,1000000.0,9.0,131944.44444444444,122685.18518518518,-138055.55555555556,0.48868312757201643,0.0,-147314.81481481483
B150717-2,4,4,0.0,0.0,1.0,18.25,73,31,1.0,0.25,,,1,0,2015,연체중,손실,444,328,200만원,12개월,0.25,남자,45세,사무직,4200000.0,2240000.0,,69.0,66.0,16.0,0.0,0.0,1,4200000.0,2240000.0,1960000.0,1960000.0,2000000.0,12.0,208333.3333333333,189236.1111111111,-1751666.6666666667,0.10629251700680271,0.0,-1770763.888888889
B150717-4,20,20,1.0,0.85,0.0,0.0,0,0,,,,,0,0,2015,정상종료,완납,141,980,500만원,24개월,0.25,여자,38세,영업직,3100000.0,1890000.0,,75.0,54.0,7.0,0.0,0.0,1,3100000.0,1890000.0,1210000.0,1210000.0,5000000.0,24.0,312500.0,262586.8055555556,-897500.0,0.25826446280991733,0.0,-947413.1944444444
B150722-1,4,4,1.0,0.25,0.0,0.0,0,0,,,,,0,0,2015,정상종료,완납,208,177,100만원,6개월,0.25,남자,37세,영업직,2500000.0,2170000.0,,4.0,1.0,5.0,3.0,0.0,1,2500000.0,2170000.0,330000.0,330000.0,1000000.0,6.0,187500.0,178819.44444444444,-142500.0,0.5681818181818182,0.0,-151180.55555555556
B150728-1,15,14,1.0,0.9286,0.0,0.0,0,0,,,,,0,1,2015,정상종료,완납,266,745,400만원,24개월,0.25,여자,44세,기타,1190000.0,1080000.0,,125.0,109.0,1.0,0.0,0.0,1,1190000.0,1080000.0,110000.0,110000.0,4000000.0,24.0,250000.0,210069.44444444444,140000.0,2.272727272727273,1.0,100069.44444444444
B150728-3,8,8,0.75,0.625,0.25,0.625,5,4,2.0,0.25,4.0,,1,0,2015,정상종료,완납,280,741,150만원,12개월,0.25,여자,46세,기타,2950000.0,2730000.0,,54.0,45.0,31.0,5.0,0.0,1,2950000.0,2730000.0,220000.0,220000.0,1500000.0,12.0,156250.0,141927.08333333334,-63750.0,0.7102272727272727,0.0,-78072.91666666666
B150730-2,20,13,1.0,0.8462,0.0,0.0,0,0,,,,,0,7,2015,정상종료,완납,410,1034,300만원,24개월,0.25,여자,39세,기타,1100000.0,900000.0,,43.0,29.0,0.0,0.0,0.0,1,1100000.0,900000.0,200000.0,200000.0,3000000.0,24.0,187500.0,157552.08333333334,-12500.0,0.9375,0.0,-42447.91666666666
B150730-3,8,8,0.625,0.375,0.375,0.75,6,3,3.0,0.375,4.0,5.0,1,0,2015,정상종료,완납,144,211,500만원,24개월,0.2,남자,50세,장교/하사관,4800000.0,4530000.0,,52.0,32.0,6.0,0.0,0.0,1,4800000.0,4530000.0,270000.0,270000.0,5000000.0,24.0,291666.6666666667,251736.11111111112,21666.666666666686,1.080246913580247,1.0,-18263.888888888876
B150808-2,12,12,0.5,0.25,0.5,1.083,13,4,5.0,0.417,7.0,8.0,1,0,2015,정상종료,완납,146,105,100만원,12개월,0.25,여자,44세,사무직,1650000.0,1140000.0,,48.0,41.0,10.0,1.0,0.0,1,1650000.0,1140000.0,510000.0,510000.0,1000000.0,12.0,104166.66666666666,94618.05555555556,-405833.3333333334,0.20424836601307186,0.0,-415381.94444444444
B150811-1,11,11,0.3636,0.3636,0.6364,13.0,143,92,4.0,0.364,5.0,6.0,1,0,2015,연체중,손실,214,839,200만원,12개월,0.25,여자,33세,교수/교사,2150000.0,1330000.0,,13.0,10.0,6.0,0.0,0.0,1,2150000.0,1330000.0,820000.0,820000.0,2000000.0,12.0,208333.3333333333,189236.1111111111,-611666.6666666667,0.25406504065040647,0.0,-630763.8888888889
B150812-2,7,7,1.0,0.7143,0.0,0.0,0,0,,,,,0,0,2015,정상종료,완납,224,219,200만원,12개월,0.25,남자,54세,기술직,4400000.0,3630000.0,,31.0,10.0,5.0,0.0,0.0,1,4400000.0,3630000.0,770000.0,770000.0,2000000.0,12.0,208333.3333333333,189236.1111111111,-561666.6666666667,0.27056277056277056,0.0,-580763.8888888889
B150819-5,12,12,0.9167,0.4167,0.0833,0.083,1,1,2.0,0.167,3.0,,1,0,2015,정상종료,완납,245,891,250만원,12개월,0.25,남자,48세,기술직,4100000.0,3530000.0,,46.0,16.0,4.0,0.0,0.0,1,4100000.0,3530000.0,570000.0,570000.0,2500000.0,12.0,260416.6666666667,236545.1388888889,-309583.3333333333,0.4568713450292398,0.0,-333454.8611111111
B150821-3,6,6,1.0,0.5,0.0,0.0,0,0,,,,,0,0,2015,정상종료,완납,85,105,100만원,6개월,0.25,남자,44세,기타,3260000.0,1330000.0,,12.0,5.0,0.0,0.0,0.0,1,3260000.0,1330000.0,1930000.0,1930000.0,1000000.0,6.0,187500.0,178819.44444444444,-1742500.0,0.09715025906735751,0.0,-1751180.5555555555
B150821-6,9,9,1.0,1.0,0.0,0.0,0,0,,,,,0,0,2015,정상종료,완납,320,721,500만원,18개월,0.25,남자,54세,운전직,2700000.0,650000.0,,114.0,90.0,4.0,0.0,0.0,1,2700000.0,650000.0,2050000.0,2050000.0,5000000.0,18.0,381944.4444444445,332754.6296296296,-1668055.5555555555,0.18631436314363145,0.0,-1717245.3703703703
B150822-1,7,7,1.0,1.0,0.0,0.0,0,0,,,,,0,0,2015,정상종료,완납,733,397,500만원,24개월,0.25,여자,38세,콜센터,1700000.0,1450000.0,,40.0,38.0,0.0,0.0,0.0,1,1700000.0,1450000.0,250000.0,250000.0,5000000.0,24.0,312500.0,262586.8055555556,62500.0,1.25,1.0,12586.80555555562
B150823-3,1,1,0.0,0.0,1.0,31.0,31,31,1.0,1.0,,,1,0,2015,연체중,손실,234,425,150만원,6개월,0.25,여자,40세,기술직,3700000.0,2370000.0,,,,,,,1,3700000.0,2370000.0,1330000.0,1330000.0,1500000.0,6.0,281250.0,268229.1666666667,-1048750.0,0.21146616541353383,0.0,-1061770.8333333333
B150827-5,7,7,1.0,0.4286,0.0,0.0,0,0,,,,,0,0,2015,정상종료,완납,51,550,300만원,24개월,0.25,여자,58세,기타,4200000.0,3710000.0,,70.0,66.0,0.0,0.0,0.0,1,4200000.0,3710000.0,490000.0,490000.0,3000000.0,24.0,187500.0,157552.08333333334,-302500.0,0.3826530612244898,0.0,-332447.9166666666
B150901-4,9,9,1.0,1.0,0.0,0.0,0,0,,,,,0,0,2015,정상종료,완납,477,599,350만원,24개월,0.25,여자,38세,기타,3700000.0,2870000.0,,97.0,69.0,20.0,0.0,0.0,1,3700000.0,2870000.0,830000.0,830000.0,3500000.0,24.0,218750.0,183810.7638888889,-611250.0,0.2635542168674699,0.0,-646189.2361111111
B150904-5,12,12,0.25,0.25,0.75,9.25,111,27,4.0,0.333,,,1,0,2015,정상종료,완납,49,717,100만원,12개월,0.25,여자,37세,기타,1120000.0,930000.0,,13.0,8.0,11.0,0.0,0.0,1,1120000.0,930000.0,190000.0,190000.0,1000000.0,12.0,104166.66666666666,94618.05555555556,-85833.33333333334,0.5482456140350876,0.0,-95381.94444444444
B150905-1,12,12,1.0,1.0,0.0,0.0,0,0,,,,,0,0,2015,정상종료,완납,426,293,300만원,18개월,0.25,남자,47세,사무직,2820000.0,2450000.0,,96.0,76.0,3.0,0.0,0.0,1,2820000.0,2450000.0,370000.0,370000.0,3000000.0,18.0,229166.66666666663,199652.77777777772,-140833.33333333337,0.6193693693693693,0.0,-170347.22222222228
B150907-1,4,4,0.25,0.25,0.75,5.0,20,11,1.0,0.25,4.0,,1,0,2015,정상종료,완납,350,216,100만원,12개월,0.25,남자,55세,사무직,4830000.0,4350000.0,,,,,,,1,4830000.0,4350000.0,480000.0,480000.0,1000000.0,12.0,104166.66666666666,94618.05555555556,-375833.3333333334,0.21701388888888887,0.0,-385381.94444444444
B150907-4,12,12,0.75,0.3333,0.25,0.25,3,1,6.0,0.5,7.0,8.0,1,0,2015,정상종료,완납,421,963,100만원,12개월,0.25,여자,34세,사무직,1600000.0,1020000.0,,27.0,9.0,13.0,0.0,0.0,1,1600000.0,1020000.0,580000.0,580000.0,1000000.0,12.0,104166.66666666666,94618.05555555556,-475833.3333333334,0.17959770114942528,0.0,-485381.94444444444
B150908-1,12,12,0.8333,0.1667,0.1667,0.167,2,1,7.0,0.583,8.0,9.0,1,0,2015,정상종료,완납,96,49,100만원,12개월,0.25,여자,32세,사무직,1700000.0,1400000.0,,33.0,15.0,2.0,0.0,0.0,1,1700000.0,1400000.0,300000.0,300000.0,1000000.0,12.0,104166.66666666666,94618.05555555556,-195833.33333333334,0.3472222222222222,0.0,-205381.94444444444
B150909-5,6,6,0.0,0.0,1.0,28.167,169,92,1.0,0.167,,,1,0,2015,연체중,손실,123,506,200만원,9개월,0.25,여자,37세,기타,2800000.0,2530000.0,,17.0,13.0,21.0,0.0,0.0,1,2800000.0,2530000.0,270000.0,270000.0,2000000.0,9.0,263888.8888888889,245370.3703703704,-6111.111111111124,0.9773662551440329,0.0,-24629.629629629606
B150910-1,5,5,1.0,0.2,0.0,0.0,0,0,,,,,0,0,2015,정상종료,완납,196,295,100만원,6개월,0.25,남자,28세,기타,2800000.0,180000.0,,,,,,,1,2800000.0,180000.0,2620000.0,2620000.0,1000000.0,6.0,187500.0,178819.44444444444,-2432500.0,0.0715648854961832,0.0,-2441180.5555555555
B150911-1,17,16,0.5,0.5,0.5,76.588,1302,1093,8.0,0.471,14.0,15.0,1,1,2015,연체중,손실,520,1591,300만원,24개월,0.25,여자,50세,일용직,1200000.0,640000.0,,52.0,42.0,20.0,5.0,0.0,1,1200000.0,640000.0,560000.0,560000.0,3000000.0,24.0,187500.0,157552.08333333334,-372500.0,0.33482142857142855,0.0,-402447.9166666666
B150911-2,5,5,0.2,0.2,0.8,4.8,24,9,1.0,0.2,5.0,,1,0,2015,정상종료,완납,408,615,100만원,6개월,0.25,남자,41세,사무직,1850000.0,1580000.0,,,,,,,1,1850000.0,1580000.0,270000.0,270000.0,1000000.0,6.0,187500.0,178819.44444444444,-82500.0,0.6944444444444444,0.0,-91180.55555555556
B150915-1,23,23,1.0,0.6087,0.0,0.0,0,0,,,,,0,0,2015,정상종료,완납,563,994,400만원,24개월,0.25,여자,43세,기타,3500000.0,3040000.0,,73.0,48.0,0.0,0.0,0.0,1,3500000.0,3040000.0,460000.0,460000.0,4000000.0,24.0,250000.0,210069.44444444444,-210000.0,0.5434782608695652,0.0,-249930.55555555556
B150917-3,3,3,0.0,0.0,1.0,14.333,43,31,1.0,0.333,,,1,0,2015,연체중,손실,112,441,150만원,12개월,0.25,여자,36세,사무직,2000000.0,1650000.0,,,,,,,1,2000000.0,1650000.0,350000.0,350000.0,1500000.0,12.0,156250.0,141927.08333333334,-193750.0,0.44642857142857145,0.0,-208072.91666666666
B150918-2,7,7,0.1429,0.1429,0.8571,2.857,20,6,1.0,0.143,7.0,,1,0,2015,정상종료,완납,92,79,150만원,9개월,0.25,남자,51세,기술직,3100000.0,2600000.0,,27.0,17.0,34.0,2.0,8.0,1,3100000.0,2600000.0,500000.0,500000.0,1500000.0,9.0,197916.66666666663,184027.77777777772,-302083.3333333334,0.39583333333333326,0.0,-315972.22222222225
B150921-6,12,12,1.0,0.4167,0.0,0.0,0,0,,,,,0,0,2015,정상종료,완납,401,1128,150만원,12개월,0.25,남자,40세,일용직,1300000.0,1150000.0,,38.0,13.0,1.0,0.0,0.0,1,1300000.0,1150000.0,150000.0,150000.0,1500000.0,12.0,156250.0,141927.08333333334,6250.0,1.0416666666666667,1.0,-8072.916666666657
B150930-3,10,10,0.4,0.1,0.6,17.1,171,92,3.0,0.3,4.0,6.0,1,0,2015,연체중,손실,340,805,400만원,21개월,0.25,남자,43세,기타,11300000.0,10480000.0,,70.0,51.0,8.0,0.0,0.0,1,11300000.0,10480000.0,820000.0,820000.0,4000000.0,21.0,273809.5238095238,234126.9841269841,-546190.4761904762,0.3339140534262485,0.0,-585873.0158730159
B151001-4,6,6,0.3333,0.0,0.6667,26.167,157,91,3.0,0.5,,,1,0,2015,연체중,손실,630,880,150만원,6개월,0.25,남자,40세,사무직,3150000.0,3000000.0,,,,,,,1,3150000.0,3000000.0,150000.0,150000.0,1500000.0,6.0,281250.0,268229.1666666667,131250.0,1.875,1.0,118229.16666666669
B151006-3,1,1,0.0,0.0,1.0,31.0,31,31,1.0,1.0,,,1,0,2015,연체중,손실,144,383,100만원,12개월,0.25,남자,36세,일용직,1200000.0,790000.0,,,,,,,1,1200000.0,790000.0,410000.0,410000.0,1000000.0,12.0,104166.66666666666,94618.05555555556,-305833.3333333334,0.25406504065040647,0.0,-315381.94444444444
B151007-1,31,19,0.7895,0.2105,0.2105,31.613,980,974,8.0,0.258,9.0,12.0,1,12,2015,연체중,손실,33,307,500만원,20개월,0.25,여자,47세,간호사,4600000.0,3320000.0,,63.0,34.0,5.0,0.0,0.0,1,4600000.0,3320000.0,1280000.0,1280000.0,5000000.0,20.0,354166.6666666667,304687.5,-925833.3333333333,0.27669270833333337,0.0,-975312.5
B151009-1,18,18,0.7778,0.7222,0.2222,0.556,10,3,8.0,0.444,9.0,13.0,1,0,2015,정상종료,완납,713,315,350만원,18개월,0.25,여자,57세,간호사,4200000.0,2990000.0,,53.0,38.0,18.0,0.0,0.0,1,4200000.0,2990000.0,1210000.0,1210000.0,3500000.0,18.0,267361.1111111111,232928.24074074076,-942638.8888888889,0.22095959595959597,0.0,-977071.7592592592
B151012-1,7,6,1.0,0.8333,0.0,0.0,0,0,,,,,0,1,2015,정상종료,완납,239,1641,500만원,24개월,0.2,남자,63세,요식업,4500000.0,3400000.0,,69.0,56.0,5.0,0.0,0.0,1,4500000.0,3400000.0,1100000.0,1100000.0,5000000.0,24.0,291666.6666666667,251736.11111111112,-808333.3333333333,0.2651515151515152,0.0,-848263.8888888889
B151012-4,24,24,0.9167,0.375,0.0833,0.083,2,1,5.0,0.208,6.0,23.0,1,0,2015,정상종료,완납,652,655,300만원,24개월,0.25,남자,42세,운전직,2800000.0,2160000.0,,62.0,26.0,8.0,0.0,0.0,1,2800000.0,2160000.0,640000.0,640000.0,3000000.0,24.0,187500.0,157552.08333333334,-452500.0,0.29296875,0.0,-482447.9166666666
B151017-1,9,9,0.1111,0.0,0.8889,26.222,236,92,2.0,0.222,,,1,0,2015,손실(상환완료),손실,1364,1067,100만원,12개월,0.25,여자,63세,기타,2400000.0,2190000.0,,,,,,,1,2400000.0,2190000.0,210000.0,210000.0,1000000.0,12.0,104166.66666666666,94618.05555555556,-105833.33333333334,0.496031746031746,0.0,-115381.94444444444
B151020-2,12,12,0.5,0.0,0.5,2.583,31,14,2.0,0.167,3.0,6.0,1,0,2015,정상종료,완납,123,596,150만원,12개월,0.25,남자,45세,기타,3500000.0,2620000.0,,26.0,11.0,8.0,0.0,1.0,1,3500000.0,2620000.0,880000.0,880000.0,1500000.0,12.0,156250.0,141927.08333333334,-723750.0,0.17755681818181818,0.0,-738072.9166666666
B151022-2,2,2,1.0,0.5,0.0,0.0,0,0,,,,,0,0,2015,정상종료,완납,668,937,100만원,6개월,0.25,남자,32세,기술직,1850000.0,1060000.0,,3.0,2.0,2.0,0.0,0.0,1,1850000.0,1060000.0,790000.0,790000.0,1000000.0,6.0,187500.0,178819.44444444444,-602500.0,0.23734177215189872,0.0,-611180.5555555555
B151024-1,12,12,1.0,0.0833,0.0,0.0,0,0,,,,,0,0,2015,정상종료,완납,118,637,100만원,12개월,0.25,남자,55세,요식업,7500000.0,7010000.0,,30.0,8.0,15.0,0.0,0.0,1,7500000.0,7010000.0,490000.0,490000.0,1000000.0,12.0,104166.66666666666,94618.05555555556,-385833.3333333334,0.21258503401360543,0.0,-395381.94444444444
B151026-4,3,3,1.0,0.3333,0.0,0.0,0,0,,,,,0,0,2015,정상종료,완납,163,229,200만원,12개월,0.25,여자,36세,사무직,2800000.0,2050000.0,,15.0,2.0,12.0,0.0,0.0,1,2800000.0,2050000.0,750000.0,750000.0,2000000.0,12.0,208333.3333333333,189236.1111111111,-541666.6666666667,0.27777777777777773,0.0,-560763.8888888889
B151029-1,14,14,0.9286,0.3571,0.0714,0.071,1,1,4.0,0.286,5.0,,1,0,2015,정상종료,완납,771,870,400만원,21개월,0.25,여자,41세,보험설계사,2200000.0,2070000.0,,75.0,26.0,10.0,1.0,0.0,1,2200000.0,2070000.0,130000.0,130000.0,4000000.0,21.0,273809.5238095238,234126.9841269841,143809.5238095238,2.106227106227106,1.0,104126.98412698411
B151029-5,9,9,1.0,0.2222,0.0,0.0,0,0,,,,,0,0,2015,정상종료,완납,42,137,100만원,9개월,0.25,남자,58세,사무직,3970000.0,3160000.0,,30.0,11.0,20.0,0.0,0.0,1,3970000.0,3160000.0,810000.0,810000.0,1000000.0,9.0,131944.44444444444,122685.18518518518,-678055.5555555555,0.16289437585733882,0.0,-687314.8148148148
B151102-6,9,9,0.8889,0.5556,0.1111,0.111,1,1,8.0,0.889,9.0,,1,0,2015,정상종료,완납,840,636,200만원,12개월,0.25,여자,37세,기타,2200000.0,2020000.0,,28.0,12.0,42.0,5.0,0.0,1,2200000.0,2020000.0,180000.0,180000.0,2000000.0,12.0,208333.3333333333,189236.1111111111,28333.333333333314,1.1574074074074072,1.0,9236.111111111095
B151102-7,6,6,1.0,1.0,0.0,0.0,0,0,,,,,0,0,2015,정상종료,완납,532,369,750만원,24개월,0.25,여자,46세,콜센터,2300000.0,1850000.0,,95.0,76.0,2.0,0.0,0.0,1,2300000.0,1850000.0,450000.0,450000.0,7500000.0,24.0,468750.0,393880.2083333333,18750.0,1.0416666666666667,1.0,-56119.791666666686
B151104-2,19,18,1.0,0.5556,0.0,61.105,1161,1161,13.0,0.684,14.0,,1,1,2015,연체중,손실,1228,1154,800만원,24개월,0.25,남자,52세,운전직,5220000.0,4380000.0,,75.0,66.0,0.0,0.0,0.0,1,5220000.0,4380000.0,840000.0,840000.0,8000000.0,24.0,500000.0,420138.8888888889,-340000.0,0.5952380952380952,0.0,-419861.1111111111
B151104-5,6,6,1.0,0.6667,0.0,0.0,0,0,,,,,0,0,2015,정상종료,완납,277,117,100만원,6개월,0.25,남자,40세,기술직,2500000.0,1250000.0,,25.0,6.0,1.0,0.0,0.0,1,2500000.0,1250000.0,1250000.0,1250000.0,1000000.0,6.0,187500.0,178819.44444444444,-1062500.0,0.15,0.0,-1071180.5555555555
B151105-2,12,12,0.5833,0.1667,0.4167,0.583,7,3,5.0,0.417,6.0,7.0,1,0,2015,정상종료,완납,106,191,100만원,12개월,0.25,남자,39세,기타,2600000.0,1930000.0,,15.0,5.0,9.0,0.0,0.0,1,2600000.0,1930000.0,670000.0,670000.0,1000000.0,12.0,104166.66666666666,94618.05555555556,-565833.3333333334,0.15547263681592038,0.0,-575381.9444444445
B151106-4,6,6,0.0,0.0,1.0,3.333,20,4,1.0,0.167,,,1,0,2015,정상종료,완납,47,136,100만원,6개월,0.25,여자,50세,사무직,1300000.0,940000.0,,,,,,,1,1300000.0,940000.0,360000.0,360000.0,1000000.0,6.0,187500.0,178819.44444444444,-172500.0,0.5208333333333334,0.0,-181180.55555555556
B151109-2,5,5,0.0,0.0,1.0,36.8,184,91,1.0,0.2,,,1,0,2015,연체중,손실,329,658,200만원,12개월,0.25,여자,41세,사무직,3100000.0,2200000.0,,3.0,0.0,6.0,1.0,0.0,1,3100000.0,2200000.0,900000.0,900000.0,2000000.0,12.0,208333.3333333333,189236.1111111111,-691666.6666666667,0.23148148148148145,0.0,-710763.8888888889
B151110-1,2,2,1.0,1.0,0.0,0.0,0,0,,,,,0,0,2015,정상종료,완납,339,280,300만원,24개월,0.25,남자,51세,공공기관,3500000.0,2960000.0,,68.0,49.0,27.0,0.0,0.0,1,3500000.0,2960000.0,540000.0,540000.0,3000000.0,24.0,187500.0,157552.08333333334,-352500.0,0.3472222222222222,0.0,-382447.9166666666
B151110-3,3,3,1.0,1.0,0.0,0.0,0,0,,,,,0,0,2015,정상종료,완납,279,272,100만원,9개월,0.25,남자,36세,기술직,2100000.0,1440000.0,,53.0,46.0,0.0,0.0,0.0,1,2100000.0,1440000.0,660000.0,660000.0,1000000.0,9.0,131944.44444444444,122685.18518518518,-528055.5555555555,0.1999158249158249,0.0,-537314.8148148148
B151112-1,12,12,0.0833,0.0,0.9167,7.167,86,13,1.0,0.083,6.0,7.0,1,0,2015,정상종료,완납,270,643,200만원,12개월,0.25,여자,45세,생산직,2650000.0,2440000.0,,,,,,,1,2650000.0,2440000.0,210000.0,210000.0,2000000.0,12.0,208333.3333333333,189236.1111111111,-1666.666666666686,0.992063492063492,0.0,-20763.888888888905
B151114-1,9,9,0.8889,0.4444,0.1111,0.111,1,1,4.0,0.444,5.0,,1,0,2015,정상종료,완납,813,1616,300만원,24개월,0.25,여자,52세,기타,4500000.0,3680000.0,,36.0,10.0,6.0,0.0,0.0,1,4500000.0,3680000.0,820000.0,820000.0,3000000.0,24.0,187500.0,157552.08333333334,-632500.0,0.22865853658536586,0.0,-662447.9166666666
B151116-4,8,8,0.625,0.5,0.375,12.0,96,92,6.0,0.75,,,1,0,2015,연체중,손실,90,363,200만원,9개월,0.25,여자,43세,기타,4400000.0,3940000.0,,,,,,,1,4400000.0,3940000.0,460000.0,460000.0,2000000.0,9.0,263888.8888888889,245370.3703703704,-196111.11111111112,0.5736714975845411,0.0,-214629.6296296296
B151116-5,12,12,1.0,0.0,0.0,0.0,0,0,,,,,0,0,2015,정상종료,완납,102,300,150만원,12개월,0.25,남자,49세,공공기관,4600000.0,3760000.0,,44.0,3.0,1.0,0.0,0.0,1,4600000.0,3760000.0,840000.0,840000.0,1500000.0,12.0,156250.0,141927.08333333334,-683750.0,0.18601190476190477,0.0,-698072.9166666666
B151116-6,11,11,1.0,1.0,0.0,0.0,0,0,,,,,0,0,2015,정상종료,완납,279,520,600만원,24개월,0.25,남자,46세,사무직,1700000.0,1660000.0,,88.0,82.0,0.0,0.0,0.0,1,1700000.0,1660000.0,40000.0,40000.0,6000000.0,24.0,375000.0,315104.1666666667,335000.0,9.375,1.0,275104.1666666667
B151117-2,12,12,1.0,0.5833,0.0,0.0,0,0,,,,,0,0,2015,정상종료,완납,94,482,200만원,12개월,0.25,남자,53세,생산직,2800000.0,1920000.0,,53.0,25.0,13.0,0.0,0.0,1,2800000.0,1920000.0,880000.0,880000.0,2000000.0,12.0,208333.3333333333,189236.1111111111,-671666.6666666667,0.23674242424242423,0.0,-690763.8888888889
B151118-4,10,10,0.9,0.2,0.1,0.1,1,1,4.0,0.4,5.0,,1,0,2015,정상종료,완납,319,340,400만원,24개월,0.25,남자,50세,기술직,2300000.0,2090000.0,,48.0,12.0,29.0,0.0,0.0,1,2300000.0,2090000.0,210000.0,210000.0,4000000.0,24.0,250000.0,210069.44444444444,40000.0,1.1904761904761905,1.0,69.44444444443798
B151124-1,3,3,1.0,0.6667,0.0,0.0,0,0,,,,,0,0,2015,정상종료,완납,71,346,100만원,12개월,0.25,남자,49세,서비스업,3000000.0,1790000.0,,30.0,29.0,2.0,0.0,0.0,1,3000000.0,1790000.0,1210000.0,1210000.0,1000000.0,12.0,104166.66666666666,94618.05555555556,-1105833.3333333333,0.08608815426997245,0.0,-1115381.9444444445
B151125-3,9,9,0.0,0.0,1.0,23.778,214,91,1.0,0.111,,,1,0,2015,연체중,손실,179,799,300만원,15개월,0.25,남자,37세,영업직,3100000.0,2230000.0,,4.0,1.0,5.0,3.0,0.0,1,3100000.0,2230000.0,870000.0,870000.0,3000000.0,15.0,262500.0,233333.3333333333,-607500.0,0.3017241379310345,0.0,-636666.6666666667
B151130-1,12,12,0.8333,0.0,0.1667,0.25,3,2,5.0,0.417,6.0,8.0,1,0,2015,정상종료,완납,46,142,100만원,12개월,0.25,여자,39세,공공기관,2200000.0,2110000.0,,,,,,,1,2200000.0,2110000.0,90000.0,90000.0,1000000.0,12.0,104166.66666666666,94618.05555555556,14166.666666666657,1.1574074074074072,1.0,4618.055555555562
B151130-2,4,4,1.0,0.25,0.0,0.0,0,0,,,,,0,0,2015,정상종료,완납,437,501,200만원,12개월,0.25,여자,43세,기타,3400000.0,2750000.0,,38.0,18.0,1.0,0.0,0.0,1,3400000.0,2750000.0,650000.0,650000.0,2000000.0,12.0,208333.3333333333,189236.1111111111,-441666.6666666667,0.3205128205128205,0.0,-460763.8888888889
B151202-2,7,7,0.0,0.0,1.0,28.714,201,92,1.0,0.143,,,1,0,2015,손실(상환완료),손실,500,865,150만원,12개월,0.25,여자,39세,사무직,2570000.0,2340000.0,,,,,,,1,2570000.0,2340000.0,230000.0,230000.0,1500000.0,12.0,156250.0,141927.08333333334,-73750.0,0.6793478260869565,0.0,-88072.91666666666
B151203-1,4,4,1.0,0.25,0.0,0.0,0,0,,,,,0,0,2015,정상종료,완납,130,111,150만원,12개월,0.25,여자,32세,사무직,1200000.0,630000.0,,30.0,17.0,6.0,0.0,0.0,1,1200000.0,630000.0,570000.0,570000.0,1500000.0,12.0,156250.0,141927.08333333334,-413750.0,0.2741228070175439,0.0,-428072.9166666666
B151203-3,18,17,1.0,0.5882,0.0,64.944,1169,1169,12.0,0.667,13.0,,1,1,2015,연체중,손실,651,196,950만원,24개월,0.25,여자,43세,사무직,2800000.0,2460000.0,,90.0,74.0,1.0,0.0,0.0,1,2800000.0,2460000.0,340000.0,340000.0,9500000.0,24.0,593750.0,498914.9305555555,253750.0,1.7463235294117647,1.0,158914.9305555555
B151204-1,4,4,1.0,0.5,0.0,0.0,0,0,,,,,0,0,2015,정상종료,완납,352,555,150만원,9개월,0.25,남자,50세,사무직,2700000.0,2280000.0,,23.0,8.0,8.0,0.0,0.0,1,2700000.0,2280000.0,420000.0,420000.0,1500000.0,9.0,197916.66666666663,184027.77777777772,-222083.33333333337,0.4712301587301586,0.0,-235972.22222222228
B151204-5,24,24,0.2917,0.0417,0.7083,17.708,425,30,8.0,0.333,,,1,0,2015,정상종료,완납,99,261,300만원,24개월,0.25,여자,51세,사무직,4300000.0,3390000.0,,15.0,9.0,9.0,9.0,0.0,1,4300000.0,3390000.0,910000.0,910000.0,3000000.0,24.0,187500.0,157552.08333333334,-722500.0,0.20604395604395603,0.0,-752447.9166666666
B151207-1,4,4,0.75,0.0,0.25,22.75,91,91,4.0,1.0,,,1,0,2015,연체중,손실,375,824,150만원,12개월,0.25,남자,44세,기술직,3800000.0,3450000.0,,,,,,,1,3800000.0,3450000.0,350000.0,350000.0,1500000.0,12.0,156250.0,141927.08333333334,-193750.0,0.44642857142857145,0.0,-208072.91666666666
B151207-2,1,1,0.0,0.0,1.0,31.0,31,31,1.0,1.0,,,1,0,2015,연체중,손실,162,246,100만원,6개월,0.25,남자,42세,기타,5000000.0,2240000.0,,,,,,,1,5000000.0,2240000.0,2760000.0,2760000.0,1000000.0,6.0,187500.0,178819.44444444444,-2572500.0,0.06793478260869565,0.0,-2581180.5555555555
B151207-3,12,12,0.25,0.0,0.75,18.5,222,130,2.0,0.167,3.0,5.0,1,0,2015,정상종료,완납,133,605,200만원,12개월,0.25,남자,35세,서비스업,3500000.0,2240000.0,,,,,,,1,3500000.0,2240000.0,1260000.0,1260000.0,2000000.0,12.0,208333.3333333333,189236.1111111111,-1051666.6666666667,0.16534391534391532,0.0,-1070763.888888889
B151207-4,15,15,1.0,0.0,0.0,0.0,0,0,,,,,0,0,2015,정상종료,완납,93,341,500만원,15개월,0.25,남자,45세,서비스업,12000000.0,9340000.0,,79.0,11.0,5.0,0.0,0.0,1,12000000.0,9340000.0,2660000.0,2660000.0,5000000.0,15.0,437500.0,388888.8888888889,-2222500.0,0.16447368421052633,0.0,-2271111.111111111
B151208-1,18,18,1.0,0.1111,0.0,0.0,0,0,,,,,0,0,2015,정상종료,완납,205,1165,500만원,24개월,0.25,여자,48세,사무직,4050000.0,3550000.0,,86.0,34.0,5.0,0.0,0.0,1,4050000.0,3550000.0,500000.0,500000.0,5000000.0,24.0,312500.0,262586.8055555556,-187500.0,0.625,0.0,-237413.19444444438
B151210-4,3,3,1.0,0.6667,0.0,0.0,0,0,,,,,0,0,2015,정상종료,완납,253,582,200만원,6개월,0.25,남자,40세,서비스업,2160000.0,1200000.0,,18.0,7.0,10.0,0.0,0.0,1,2160000.0,1200000.0,960000.0,960000.0,2000000.0,6.0,375000.0,357638.8888888889,-585000.0,0.390625,0.0,-602361.1111111111
B151211-1,11,11,0.2727,0.1818,0.7273,3.091,34,11,1.0,0.091,2.0,3.0,1,0,2015,정상종료,완납,157,830,200만원,12개월,0.25,남자,51세,일용직,3350000.0,3160000.0,,,,,,,1,3350000.0,3160000.0,190000.0,190000.0,2000000.0,12.0,208333.3333333333,189236.1111111111,18333.333333333314,1.0964912280701753,1.0,-763.8888888889051
B151212-1,4,4,0.25,0.0,0.75,33.5,134,91,2.0,0.5,,,1,0,2015,연체중,손실,361,747,250만원,12개월,0.25,여자,40세,기타,2500000.0,1980000.0,,,,,,,1,2500000.0,1980000.0,520000.0,520000.0,2500000.0,12.0,260416.6666666667,236545.1388888889,-259583.3333333333,0.500801282051282,0.0,-283454.8611111111
B151212-2,6,6,0.6667,0.0,0.3333,15.667,94,92,5.0,0.833,,,1,0,2015,연체중,손실,278,629,100만원,9개월,0.25,남자,63세,보험설계사,2500000.0,1930000.0,,,,,,,1,2500000.0,1930000.0,570000.0,570000.0,1000000.0,9.0,131944.44444444444,122685.18518518518,-438055.55555555556,0.23148148148148148,0.0,-447314.81481481483
B151215-1,7,7,0.7143,0.0,0.2857,13.429,94,92,1.0,0.143,2.0,7.0,1,0,2015,연체중,손실,160,611,150만원,9개월,0.25,남자,45세,사무직,4100000.0,3090000.0,,,,,,,1,4100000.0,3090000.0,1010000.0,1010000.0,1500000.0,9.0,197916.66666666663,184027.77777777772,-812083.3333333334,0.19595709570957093,0.0,-825972.2222222222
B151216-2,12,12,1.0,1.0,0.0,0.0,0,0,,,,,0,0,2015,정상종료,완납,84,326,100만원,12개월,0.25,여자,41세,사무직,1200000.0,1100000.0,,57.0,53.0,0.0,0.0,0.0,1,1200000.0,1100000.0,100000.0,100000.0,1000000.0,12.0,104166.66666666666,94618.05555555556,4166.666666666657,1.0416666666666665,1.0,-5381.944444444438
B151216-5,20,19,1.0,0.5263,0.0,57.5,1150,1150,12.0,0.6,13.0,,1,1,2015,연체중,손실,693,435,1000만원,24개월,0.25,여자,40세,기술직,2800000.0,2380000.0,,98.0,84.0,3.0,0.0,0.0,1,2800000.0,2380000.0,420000.0,420000.0,10000000.0,24.0,625000.0,525173.6111111111,205000.0,1.4880952380952381,1.0,105173.61111111112
B151219-2,3,3,0.0,0.0,1.0,38.333,115,92,1.0,0.333,,,1,0,2015,연체중,손실,333,307,150만원,9개월,0.25,남자,41세,일용직,3000000.0,2090000.0,,,,,,,1,3000000.0,2090000.0,910000.0,910000.0,1500000.0,9.0,197916.66666666663,184027.77777777772,-712083.3333333334,0.21749084249084244,0.0,-725972.2222222222
B151221-1,12,12,1.0,0.0,0.0,0.0,0,0,,,,,0,0,2015,정상종료,완납,102,365,200만원,12개월,0.25,여자,31세,기타,1300000.0,740000.0,,,,,,,1,1300000.0,740000.0,560000.0,560000.0,2000000.0,12.0,208333.3333333333,189236.1111111111,-351666.6666666667,0.3720238095238095,0.0,-370763.8888888889
B151221-2,10,10,0.6,0.1,0.4,0.8,8,3,1.0,0.1,2.0,4.0,1,0,2015,정상종료,완납,173,689,100만원,12개월,0.15,남자,34세,사무직,2200000.0,1990000.0,,,,,,,1,2200000.0,1990000.0,210000.0,210000.0,1000000.0,12.0,95833.33333333331,90104.16666666666,-114166.66666666669,0.4563492063492063,0.0,-119895.83333333334
B151221-3,6,6,0.5,0.3333,0.5,16.833,101,92,4.0,0.667,,,1,0,2015,연체중,손실,206,572,150만원,9개월,0.25,남자,45세,기술직,3000000.0,2290000.0,,,,,,,1,3000000.0,2290000.0,710000.0,710000.0,1500000.0,9.0,197916.66666666663,184027.77777777772,-512083.3333333334,0.2787558685446009,0.0,-525972.2222222222
B151222-2,14,14,0.7857,0.7143,0.2143,0.857,12,10,3.0,0.214,4.0,7.0,1,0,2015,정상종료,완납,164,502,600만원,24개월,0.25,여자,44세,증권사,3300000.0,2320000.0,,84.0,58.0,16.0,0.0,0.0,1,3300000.0,2320000.0,980000.0,980000.0,6000000.0,24.0,375000.0,315104.1666666667,-605000.0,0.3826530612244898,0.0,-664895.8333333333
B151227-1,15,15,1.0,0.7333,0.0,0.0,0,0,,,,,0,0,2015,정상종료,완납,232,408,300만원,15개월,0.25,남자,50세,서비스업,8000000.0,5140000.0,,,,,,,1,8000000.0,5140000.0,2860000.0,2860000.0,3000000.0,15.0,262500.0,233333.3333333333,-2597500.0,0.09178321678321678,0.0,-2626666.6666666665
B151228-3,6,6,0.1667,0.0,0.8333,33.5,201,92,2.0,0.333,,,1,0,2015,연체중,손실,130,844,300만원,24개월,0.25,남자,61세,기타,3750000.0,2910000.0,,,,,,,1,3750000.0,2910000.0,840000.0,840000.0,3000000.0,24.0,187500.0,157552.08333333334,-652500.0,0.22321428571428573,0.0,-682447.9166666666
B151229-1,4,4,0.25,0.0,0.75,32.0,128,92,2.0,0.5,,,1,0,2015,손실(상환완료),손실,198,78,150만원,12개월,0.25,남자,36세,기타,3000000.0,2580000.0,,,,,,,1,3000000.0,2580000.0,420000.0,420000.0,1500000.0,12.0,156250.0,141927.08333333334,-263750.0,0.37202380952380953,0.0,-278072.9166666666
B160106-2,1,1,0.0,0.0,1.0,31.0,31,31,1.0,1.0,,,1,0,2016,연체중,손실,99,710,150만원,6개월,0.25,남자,30세,기타,1500000.0,970000.0,,,,,,,1,1500000.0,970000.0,530000.0,530000.0,1500000.0,6.0,281250.0,268229.1666666667,-248750.0,0.5306603773584906,0.0,-261770.8333333333
B160106-3,12,12,0.9167,0.5,0.0833,1.167,14,14,3.0,0.25,4.0,,1,0,2016,정상종료,완납,220,340,200만원,12개월,0.25,남자,57세,교수/교사,3600000.0,190000.0,,,,,,,1,3600000.0,190000.0,3410000.0,3410000.0,2000000.0,12.0,208333.3333333333,189236.1111111111,-3201666.6666666665,0.06109481915933528,0.0,-3220763.888888889
B160107-1,1,1,0.0,0.0,1.0,31.0,31,31,1.0,1.0,,,1,0,2016,연체중,손실,282,306,150만원,6개월,0.25,남자,46세,사무직,4900000.0,2560000.0,,,,,,,1,4900000.0,2560000.0,2340000.0,2340000.0,1500000.0,6.0,281250.0,268229.1666666667,-2058750.0,0.1201923076923077,0.0,-2071770.8333333333
B160112-1,4,4,0.25,0.25,0.75,29.25,117,92,2.0,0.5,,,1,0,2016,연체중,손실,86,276,200만원,12개월,0.25,남자,58세,보험설계사,2000000.0,1700000.0,,,,,,,1,2000000.0,1700000.0,300000.0,300000.0,2000000.0,12.0,208333.3333333333,189236.1111111111,-91666.66666666669,0.6944444444444444,0.0,-110763.8888888889
B160115-2,1,1,0.0,0.0,1.0,31.0,31,31,1.0,1.0,,,1,0,2016,연체중,손실,166,385,100만원,6개월,0.25,남자,33세,기술직,2000000.0,1560000.0,,,,,,,1,2000000.0,1560000.0,440000.0,440000.0,1000000.0,6.0,187500.0,178819.44444444444,-252500.0,0.42613636363636365,0.0,-261180.55555555556
B160117-2,9,9,0.8889,0.4444,0.1111,0.111,1,1,8.0,0.889,9.0,,1,0,2016,정상종료,완납,49,440,300만원,24개월,0.25,여자,53세,기타,3550000.0,1990000.0,,77.0,35.0,7.0,0.0,0.0,1,3550000.0,1990000.0,1560000.0,1560000.0,3000000.0,24.0,187500.0,157552.08333333334,-1372500.0,0.1201923076923077,0.0,-1402447.9166666667
B160118-2,6,6,0.6667,0.0,0.3333,15.5,93,92,3.0,0.5,4.0,6.0,1,0,2016,연체중,손실,376,422,100만원,12개월,0.25,남자,47세,사무직,4900000.0,4440000.0,,18.0,5.0,1.0,0.0,0.0,1,4900000.0,4440000.0,460000.0,460000.0,1000000.0,12.0,104166.66666666666,94618.05555555556,-355833.3333333334,0.22644927536231882,0.0,-365381.94444444444
B160119-3,2,2,0.5,0.5,0.5,3.5,7,7,1.0,0.5,2.0,,1,0,2016,정상종료,완납,551,476,100만원,12개월,0.25,남자,32세,기술직,1850000.0,1060000.0,,3.0,2.0,2.0,0.0,0.0,1,1850000.0,1060000.0,790000.0,790000.0,1000000.0,12.0,104166.66666666666,94618.05555555556,-685833.3333333334,0.13185654008438819,0.0,-695381.9444444445
B160120-7,24,24,0.875,0.0417,0.125,0.167,4,2,2.0,0.083,3.0,13.0,1,0,2016,정상종료,완납,218,998,500만원,24개월,0.25,여자,42세,생산직,4300000.0,4070000.0,,62.0,13.0,24.0,1.0,0.0,1,4300000.0,4070000.0,230000.0,230000.0,5000000.0,24.0,312500.0,262586.8055555556,82500.0,1.358695652173913,1.0,32586.80555555562
B160120-8,18,18,0.7778,0.5,0.2222,1.722,31,21,8.0,0.444,9.0,10.0,1,0,2016,정상종료,완납,211,299,500만원,18개월,0.25,남자,50세,기타,4700000.0,4020000.0,,100.0,82.0,21.0,0.0,0.0,1,4700000.0,4020000.0,680000.0,680000.0,5000000.0,18.0,381944.4444444445,332754.6296296296,-298055.5555555555,0.5616830065359478,0.0,-347245.3703703704
B160121-1,6,6,0.1667,0.0,0.8333,22.833,137,92,2.0,0.333,,,1,0,2016,연체중,손실,365,964,200만원,12개월,0.25,여자,48세,콜센터,2250000.0,1690000.0,,5.0,4.0,4.0,0.0,0.0,1,2250000.0,1690000.0,560000.0,560000.0,2000000.0,12.0,208333.3333333333,189236.1111111111,-351666.6666666667,0.3720238095238095,0.0,-370763.8888888889
B160123-2,2,2,0.5,0.5,0.5,45.5,91,91,2.0,1.0,,,1,0,2016,연체중,손실,161,311,150만원,12개월,0.25,여자,40세,영업직,2200000.0,1080000.0,,,,,,,1,2200000.0,1080000.0,1120000.0,1120000.0,1500000.0,12.0,156250.0,141927.08333333334,-963750.0,0.13950892857142858,0.0,-978072.9166666666
B160127-1,24,24,0.5,0.0417,0.5,3.042,73,24,7.0,0.292,8.0,9.0,1,0,2016,정상종료,완납,140,272,200만원,24개월,0.2,여자,36세,사무직,2800000.0,2010000.0,,15.0,2.0,12.0,0.0,0.0,1,2800000.0,2010000.0,790000.0,790000.0,2000000.0,24.0,116666.66666666666,100694.44444444444,-673333.3333333334,0.14767932489451477,0.0,-689305.5555555555
B160131-1,13,13,1.0,0.9231,0.0,0.0,0,0,,,,,0,0,2016,정상종료,완납,294,574,500만원,24개월,0.25,남자,46세,기타,4000000.0,2920000.0,,67.0,62.0,4.0,0.0,0.0,1,4000000.0,2920000.0,1080000.0,1080000.0,5000000.0,24.0,312500.0,262586.8055555556,-767500.0,0.28935185185185186,0.0,-817413.1944444444
B160201-2,12,12,0.5,0.0,0.5,1.0,12,5,4.0,0.333,5.0,7.0,1,0,2016,정상종료,완납,329,828,150만원,12개월,0.25,남자,42세,기타,2400000.0,1990000.0,,,,,,,1,2400000.0,1990000.0,410000.0,410000.0,1500000.0,12.0,156250.0,141927.08333333334,-253750.0,0.38109756097560976,0.0,-268072.9166666666
B160201-6,12,12,0.4167,0.0833,0.5833,4.917,59,17,4.0,0.333,5.0,7.0,1,0,2016,정상종료,완납,315,493,150만원,12개월,0.25,남자,50세,영업직,2200000.0,1640000.0,,,,,,,1,2200000.0,1640000.0,560000.0,560000.0,1500000.0,12.0,156250.0,141927.08333333334,-403750.0,0.27901785714285715,0.0,-418072.9166666666
B160202-2,12,11,0.5455,0.3636,0.4545,99.333,1192,1101,7.0,0.583,,,1,1,2016,연체중,손실,377,229,200만원,12개월,0.25,여자,37세,사무직,3680000.0,2770000.0,,15.0,5.0,8.0,1.0,0.0,1,3680000.0,2770000.0,910000.0,910000.0,2000000.0,12.0,208333.3333333333,189236.1111111111,-701666.6666666667,0.22893772893772893,0.0,-720763.8888888889
B160202-3,7,7,0.8571,0.2857,0.1429,1.857,13,13,6.0,0.857,7.0,,1,0,2016,정상종료,완납,207,501,150만원,12개월,0.25,남자,37세,기술직,2300000.0,1650000.0,,11.0,2.0,1.0,0.0,0.0,1,2300000.0,1650000.0,650000.0,650000.0,1500000.0,12.0,156250.0,141927.08333333334,-493750.0,0.2403846153846154,0.0,-508072.9166666666
B160204-1,12,12,0.0833,0.0,0.9167,4.5,54,10,2.0,0.167,,,1,0,2016,정상종료,완납,377,834,150만원,12개월,0.25,여자,54세,기타,2100000.0,1520000.0,,,,,,,1,2100000.0,1520000.0,580000.0,580000.0,1500000.0,12.0,156250.0,141927.08333333334,-423750.0,0.26939655172413796,0.0,-438072.9166666666
B160208-1,14,13,0.6923,0.0,0.3077,77.214,1081,1033,2.0,0.143,3.0,6.0,1,1,2016,연체중,손실,211,214,200만원,18개월,0.25,여자,44세,기타,5200000.0,4310000.0,,26.0,12.0,14.0,0.0,0.0,1,5200000.0,4310000.0,890000.0,890000.0,2000000.0,18.0,152777.77777777778,133101.85185185185,-737222.2222222222,0.17166042446941324,0.0,-756898.1481481481
B160212-1,9,9,0.4444,0.4444,0.5556,5.889,53,11,4.0,0.444,9.0,,1,0,2016,정상종료,완납,136,150,100만원,12개월,0.25,남자,47세,기술직,3500000.0,1350000.0,,,,,,,1,3500000.0,1350000.0,2150000.0,2150000.0,1000000.0,12.0,104166.66666666666,94618.05555555556,-2045833.3333333333,0.04844961240310077,0.0,-2055381.9444444445
B160215-2,14,14,0.9286,0.4286,0.0714,0.929,13,13,6.0,0.429,7.0,,1,0,2016,정상종료,완납,502,682,200만원,24개월,0.25,여자,38세,사무직,3950000.0,3660000.0,,28.0,16.0,1.0,0.0,0.0,1,3950000.0,3660000.0,290000.0,290000.0,2000000.0,24.0,125000.0,105034.72222222222,-165000.0,0.43103448275862066,0.0,-184965.27777777778
B160215-4,11,11,1.0,0.1818,0.0,0.0,0,0,,,,,0,0,2016,정상종료,완납,344,482,100만원,12개월,0.25,여자,38세,기타,2800000.0,2270000.0,,27.0,7.0,5.0,0.0,0.0,1,2800000.0,2270000.0,530000.0,530000.0,1000000.0,12.0,104166.66666666666,94618.05555555556,-425833.3333333334,0.19654088050314464,0.0,-435381.94444444444
B160216-4,1,1,0.0,0.0,1.0,91.0,91,91,1.0,1.0,,,1,0,2016,연체중,손실,99,260,150만원,12개월,0.25,여자,61세,생산직,3000000.0,2250000.0,,,,,,,1,3000000.0,2250000.0,750000.0,750000.0,1500000.0,12.0,156250.0,141927.08333333334,-593750.0,0.20833333333333334,0.0,-608072.9166666666
B160217-4,3,3,0.0,0.0,1.0,44.0,132,92,1.0,0.333,,,1,0,2016,연체중,손실,359,539,200만원,12개월,0.25,남자,49세,기타,5000000.0,2790000.0,,17.0,3.0,19.0,4.0,0.0,1,5000000.0,2790000.0,2210000.0,2210000.0,2000000.0,12.0,208333.3333333333,189236.1111111111,-2001666.6666666667,0.0942684766214178,0.0,-2020763.888888889
B160219-2,24,24,1.0,0.9583,0.0,0.0,0,0,,,,,0,0,2016,정상종료,완납,478,2056,300만원,24개월,0.25,여자,42세,기타,3550000.0,3020000.0,,90.0,71.0,15.0,1.0,0.0,1,3550000.0,3020000.0,530000.0,530000.0,3000000.0,24.0,187500.0,157552.08333333334,-342500.0,0.35377358490566035,0.0,-372447.9166666666
B160225-4,12,12,0.9167,0.9167,0.0833,0.667,8,8,1.0,0.083,2.0,,1,0,2016,정상종료,완납,97,307,200만원,15개월,0.25,남자,49세,서비스업,3500000.0,1710000.0,,30.0,29.0,2.0,0.0,0.0,1,3500000.0,1710000.0,1790000.0,1790000.0,2000000.0,15.0,175000.0,155555.55555555556,-1615000.0,0.09776536312849161,0.0,-1634444.4444444445
B160226-3,14,14,1.0,0.6429,0.0,0.0,0,0,,,,,0,0,2016,정상종료,완납,85,176,200만원,15개월,0.25,여자,55세,사무직,1640000.0,1460000.0,180000.0,46.0,36.0,0.0,0.0,0.0,1,1640000.0,1460000.0,180000.0,180000.0,2000000.0,15.0,175000.0,155555.55555555556,-5000.0,0.9722222222222222,0.0,-24444.444444444438
B160302-1,11,10,0.0,0.0,1.0,112.091,1233,1106,1.0,0.091,,,1,1,2016,연체중,손실,74,184,150만원,12개월,0.25,남자,38세,사무직,2500000.0,1550000.0,,,,,,,1,2500000.0,1550000.0,950000.0,950000.0,1500000.0,12.0,156250.0,141927.08333333334,-793750.0,0.16447368421052633,0.0,-808072.9166666666
B160302-2,8,8,0.75,0.125,0.25,0.375,3,2,5.0,0.625,6.0,7.0,1,0,2016,정상종료,완납,156,153,150만원,12개월,0.25,남자,41세,생산직,3250000.0,2880000.0,,14.0,2.0,6.0,0.0,0.0,1,3250000.0,2880000.0,370000.0,370000.0,1500000.0,12.0,156250.0,141927.08333333334,-213750.0,0.4222972972972973,0.0,-228072.91666666666
B160305-1,3,3,0.0,0.0,1.0,42.667,128,92,1.0,0.333,,,1,0,2016,연체중,손실,32,599,200만원,12개월,0.25,여자,44세,기타,2000000.0,1830000.0,,1.0,0.0,9.0,0.0,0.0,1,2000000.0,1830000.0,170000.0,170000.0,2000000.0,12.0,208333.3333333333,189236.1111111111,38333.333333333314,1.2254901960784312,1.0,19236.111111111095
B160307-4,13,13,1.0,0.4615,0.0,0.0,0,0,,,,,0,0,2016,정상종료,완납,237,1497,200만원,15개월,0.25,여자,52세,기타,1000000.0,710000.0,,25.0,9.0,0.0,0.0,0.0,1,1000000.0,710000.0,290000.0,290000.0,2000000.0,15.0,175000.0,155555.55555555556,-115000.0,0.603448275862069,0.0,-134444.44444444444
B160310-3,1,1,1.0,1.0,0.0,0.0,0,0,,,,,0,0,2016,정상종료,완납,334,567,200만원,12개월,0.25,여자,46세,공공기관,3000000.0,1940000.0,,11.0,2.0,0.0,0.0,0.0,1,3000000.0,1940000.0,1060000.0,1060000.0,2000000.0,12.0,208333.3333333333,189236.1111111111,-851666.6666666667,0.19654088050314464,0.0,-870763.8888888889
B160315-1,6,6,1.0,0.1667,0.0,0.0,0,0,,,,,0,0,2016,정상종료,완납,278,853,300만원,21개월,0.22,여자,51세,사무직,2600000.0,2030000.0,,50.0,9.0,5.0,0.0,0.0,1,2600000.0,2030000.0,570000.0,570000.0,3000000.0,21.0,197857.14285714287,171666.6666666667,-372142.85714285716,0.34711779448621555,0.0,-398333.3333333333
B160316-1,24,24,0.9167,0.0,0.0833,0.75,18,9,17.0,0.708,18.0,20.0,1,0,2016,정상종료,완납,117,677,200만원,24개월,0.25,여자,44세,기타,1700000.0,1380000.0,,,,,,,1,1700000.0,1380000.0,320000.0,320000.0,2000000.0,24.0,125000.0,105034.72222222222,-195000.0,0.390625,0.0,-214965.27777777778
B160316-2,17,17,1.0,0.2353,0.0,0.0,0,0,,,,,0,0,2016,정상종료,완납,1303,1062,200만원,18개월,0.23,남자,50세,사무직,3500000.0,2780000.0,,23.0,8.0,8.0,0.0,0.0,1,3500000.0,2780000.0,720000.0,720000.0,2000000.0,18.0,149444.44444444444,131342.59259259258,-570555.5555555555,0.2075617283950617,0.0,-588657.4074074074
B160317-1,11,11,1.0,1.0,0.0,0.0,0,0,,,,,0,0,2016,정상종료,완납,88,253,100만원,12개월,0.25,여자,39세,기타,2560000.0,1620000.0,,45.0,43.0,0.0,0.0,0.0,1,2560000.0,1620000.0,940000.0,940000.0,1000000.0,12.0,104166.66666666666,94618.05555555556,-835833.3333333334,0.11081560283687943,0.0,-845381.9444444445
B160320-1,17,15,0.6667,0.4,0.3333,56.235,956,934,7.0,0.412,8.0,11.0,1,2,2016,연체중,손실,239,1641,1000만원,16개월,0.2,남자,63세,요식업,5500000.0,3890000.0,,69.0,56.0,5.0,0.0,0.0,1,5500000.0,3890000.0,1610000.0,1610000.0,10000000.0,16.0,791666.6666666666,713541.6666666666,-818333.3333333334,0.4917184265010352,0.0,-896458.3333333334
B160321-7,7,7,0.4286,0.1429,0.5714,1.286,9,4,1.0,0.143,2.0,3.0,1,0,2016,정상종료,완납,365,439,100만원,12개월,0.25,남자,38세,기타,2500000.0,2180000.0,,3.0,1.0,9.0,0.0,0.0,1,2500000.0,2180000.0,320000.0,320000.0,1000000.0,12.0,104166.66666666666,94618.05555555556,-215833.33333333334,0.3255208333333333,0.0,-225381.94444444444
B160322-1,3,3,0.6667,0.0,0.3333,30.667,92,92,3.0,1.0,,,1,0,2016,연체중,손실,176,111,100만원,12개월,0.25,남자,43세,사무직,1800000.0,1070000.0,,,,,,,1,1800000.0,1070000.0,730000.0,730000.0,1000000.0,12.0,104166.66666666666,94618.05555555556,-625833.3333333334,0.14269406392694062,0.0,-635381.9444444445
B160323-5,9,9,1.0,0.2222,0.0,0.0,0,0,,,,,0,0,2016,정상종료,완납,144,669,200만원,15개월,0.25,여자,42세,사무직,1620000.0,1410000.0,210000.0,49.0,19.0,5.0,0.0,0.0,1,1620000.0,1410000.0,210000.0,210000.0,2000000.0,15.0,175000.0,155555.55555555556,-35000.0,0.8333333333333334,0.0,-54444.44444444444
B160328-2,2,2,1.0,0.5,0.0,0.0,0,0,,,,,0,0,2016,정상종료,완납,46,151,200만원,24개월,0.2,남자,44세,기타,3260000.0,2460000.0,,12.0,5.0,0.0,0.0,0.0,1,3260000.0,2460000.0,800000.0,800000.0,2000000.0,24.0,116666.66666666666,100694.44444444444,-683333.3333333334,0.14583333333333331,0.0,-699305.5555555555
B160407-2,13,13,1.0,0.0769,0.0,0.0,0,0,,,,,0,0,2016,정상종료,완납,43,656,200만원,18개월,0.25,남자,37세,기타,1800000.0,1680000.0,,34.0,5.0,1.0,0.0,0.0,1,1800000.0,1680000.0,120000.0,120000.0,2000000.0,18.0,152777.77777777778,133101.85185185185,32777.77777777778,1.2731481481481481,1.0,13101.851851851854
B160413-1,24,24,0.1667,0.0,0.8333,2.833,68,5,2.0,0.083,6.0,7.0,1,0,2016,정상종료,완납,294,421,500만원,24개월,0.25,남자,46세,기술직,2200000.0,1650000.0,,89.0,36.0,28.0,0.0,0.0,1,2200000.0,1650000.0,550000.0,550000.0,5000000.0,24.0,312500.0,262586.8055555556,-237500.0,0.5681818181818182,0.0,-287413.1944444444
B160417-1,24,24,1.0,0.5,0.0,0.0,0,0,,,,,0,0,2016,정상종료,완납,489,1370,600만원,24개월,0.25,남자,52세,기술직,3850000.0,3720000.0,,125.0,86.0,2.0,0.0,0.0,1,3850000.0,3720000.0,130000.0,130000.0,6000000.0,24.0,375000.0,315104.1666666667,245000.0,2.8846153846153846,1.0,185104.1666666667
B160418-2,14,13,0.2308,0.2308,0.7692,88.143,1234,969,4.0,0.286,,,1,1,2016,연체중,손실,439,2021,600만원,14개월,0.25,남자,55세,일용직,2500000.0,1900000.0,,66.0,56.0,5.0,5.0,0.0,1,2500000.0,1900000.0,600000.0,600000.0,6000000.0,14.0,553571.4285714286,495535.7142857143,-46428.57142857136,0.9226190476190478,0.0,-104464.28571428568
B160426-1,3,3,1.0,0.3333,0.0,0.0,0,0,,,,,0,0,2016,정상종료,완납,315,1276,200만원,24개월,0.25,여자,35세,기타,1950000.0,1380000.0,,32.0,12.0,1.0,0.0,0.0,1,1950000.0,1380000.0,570000.0,570000.0,2000000.0,24.0,125000.0,105034.72222222222,-445000.0,0.21929824561403508,0.0,-464965.27777777775
B160427-4,14,12,1.0,1.0,0.0,0.0,0,0,,,,,0,2,2016,정상종료,완납,210,1110,200만원,18개월,0.25,여자,60세,기타,1800000.0,1590000.0,,49.0,46.0,0.0,0.0,0.0,1,1800000.0,1590000.0,210000.0,210000.0,2000000.0,18.0,152777.77777777778,133101.85185185185,-57222.22222222222,0.7275132275132276,0.0,-76898.14814814815
B160502-4,6,6,0.5,0.1667,0.5,11.667,70,42,4.0,0.667,,,1,0,2016,연체중,손실,285,130,150만원,12개월,0.25,남자,52세,공기업,4800000.0,4170000.0,,,,,,,1,4800000.0,4170000.0,630000.0,630000.0,1500000.0,12.0,156250.0,141927.08333333334,-473750.0,0.24801587301587302,0.0,-488072.9166666666
B160503-5,10,10,1.0,0.1,0.0,0.0,0,0,,,,,0,0,2016,정상종료,완납,334,796,200만원,18개월,0.25,여자,46세,공공기관,3000000.0,2240000.0,,11.0,2.0,0.0,0.0,0.0,1,3000000.0,2240000.0,760000.0,760000.0,2000000.0,18.0,152777.77777777778,133101.85185185185,-607222.2222222222,0.2010233918128655,0.0,-626898.1481481481
B160509-4,24,24,1.0,1.0,0.0,0.0,0,0,,,,,0,0,2016,정상종료,완납,738,1184,600만원,24개월,0.25,여자,43세,보험설계사,7300000.0,6120000.0,,125.0,120.0,0.0,0.0,0.0,1,7300000.0,6120000.0,1180000.0,1180000.0,6000000.0,24.0,375000.0,315104.1666666667,-805000.0,0.3177966101694915,0.0,-864895.8333333333
B160511-6,1,1,1.0,1.0,0.0,0.0,0,0,,,,,0,0,2016,정상종료,완납,91,356,200만원,12개월,0.25,남자,40세,서비스업,2160000.0,1420000.0,,18.0,7.0,10.0,0.0,0.0,1,2160000.0,1420000.0,740000.0,740000.0,2000000.0,12.0,208333.3333333333,189236.1111111111,-531666.6666666667,0.2815315315315315,0.0,-550763.8888888889
B160516-4,14,13,0.7692,0.2308,0.2308,74.857,1048,1031,6.0,0.429,7.0,8.0,1,1,2016,연체중,손실,306,1356,650만원,24개월,0.25,여자,47세,학원,4600000.0,3920000.0,,67.0,51.0,3.0,0.0,0.0,1,4600000.0,3920000.0,680000.0,680000.0,6500000.0,24.0,406250.0,341362.8472222222,-273750.0,0.5974264705882353,0.0,-338637.1527777778
B160524-3,5,4,1.0,1.0,0.0,0.0,0,0,,,,,0,1,2016,정상종료,완납,312,277,200만원,18개월,0.25,남자,36세,기술직,2200000.0,1310000.0,,53.0,46.0,0.0,0.0,0.0,1,2200000.0,1310000.0,890000.0,890000.0,2000000.0,18.0,152777.77777777778,133101.85185185185,-737222.2222222222,0.17166042446941324,0.0,-756898.1481481481
B160530-4,23,23,0.9565,0.7391,0.0435,0.087,2,2,7.0,0.304,8.0,,1,0,2016,정상종료,완납,760,670,500만원,24개월,0.25,남자,54세,운전직,2400000.0,1340000.0,,114.0,90.0,4.0,0.0,0.0,1,2400000.0,1340000.0,1060000.0,1060000.0,5000000.0,24.0,312500.0,262586.8055555556,-747500.0,0.294811320754717,0.0,-797413.1944444444
B160531-4,4,4,0.5,0.0,0.5,18.75,75,74,1.0,0.25,2.0,4.0,1,0,2016,연체중,손실,291,648,300만원,24개월,0.25,남자,54세,기술직,3000000.0,2010000.0,,29.0,6.0,2.0,0.0,0.0,1,3000000.0,2010000.0,990000.0,990000.0,3000000.0,24.0,187500.0,157552.08333333334,-802500.0,0.1893939393939394,0.0,-832447.9166666666
B160602-2,6,6,1.0,0.1667,0.0,0.0,0,0,,,,,0,0,2016,정상종료,완납,220,258,100만원,12개월,0.25,여자,47세,사무직,1400000.0,1330000.0,,25.0,18.0,0.0,0.0,0.0,1,1400000.0,1330000.0,70000.0,70000.0,1000000.0,12.0,104166.66666666666,94618.05555555556,34166.66666666666,1.488095238095238,1.0,24618.055555555562
B160607-4,21,11,0.9091,0.0909,0.0909,52.619,1105,1100,5.0,0.238,6.0,8.0,1,10,2016,연체중,손실,176,674,200만원,12개월,0.25,남자,40세,요식업,2500000.0,1200000.0,,25.0,6.0,1.0,0.0,0.0,1,2500000.0,1200000.0,1300000.0,1300000.0,2000000.0,12.0,208333.3333333333,189236.1111111111,-1091666.6666666667,0.16025641025641024,0.0,-1110763.888888889
B160616-1,5,5,1.0,1.0,0.0,0.0,0,0,,,,,0,0,2016,정상종료,완납,343,721,150만원,12개월,0.25,여자,31세,기타,2200000.0,1880000.0,,49.0,37.0,1.0,0.0,0.0,1,2200000.0,1880000.0,320000.0,320000.0,1500000.0,12.0,156250.0,141927.08333333334,-163750.0,0.48828125,0.0,-178072.91666666666
B160616-5,16,15,1.0,0.2667,0.0,71.438,1143,1143,6.0,0.375,7.0,,1,1,2016,연체중,손실,551,513,600만원,24개월,0.25,여자,46세,콜센터,2600000.0,1700000.0,,95.0,76.0,2.0,0.0,0.0,1,2600000.0,1700000.0,900000.0,900000.0,6000000.0,24.0,375000.0,315104.1666666667,-525000.0,0.4166666666666667,0.0,-584895.8333333333
B160621-3,12,12,1.0,1.0,0.0,0.0,0,0,,,,,0,0,2016,정상종료,완납,293,432,100만원,12개월,0.25,여자,40세,학원,1970000.0,1050000.0,,18.0,18.0,0.0,0.0,0.0,1,1970000.0,1050000.0,920000.0,920000.0,1000000.0,12.0,104166.66666666666,94618.05555555556,-815833.3333333334,0.11322463768115941,0.0,-825381.9444444445
B160622-5,12,12,0.9167,0.25,0.0833,1.083,13,13,12.0,1.0,,,1,0,2016,정상종료,완납,300,310,150만원,12개월,0.25,여자,42세,사무직,2410000.0,1780000.0,,26.0,6.0,5.0,0.0,0.0,1,2410000.0,1780000.0,630000.0,630000.0,1500000.0,12.0,156250.0,141927.08333333334,-473750.0,0.24801587301587302,0.0,-488072.9166666666
B160627-3,12,12,0.3333,0.0,0.6667,1.0,12,4,1.0,0.083,2.0,5.0,1,0,2016,정상종료,완납,319,1024,100만원,12개월,0.25,여자,34세,서비스업,8000000.0,7190000.0,,6.0,1.0,13.0,3.0,0.0,1,8000000.0,7190000.0,810000.0,810000.0,1000000.0,12.0,104166.66666666666,94618.05555555556,-705833.3333333334,0.1286008230452675,0.0,-715381.9444444445
B160701-8,26,10,0.5,0.1,0.5,38.077,990,982,1.0,0.038,2.0,5.0,1,16,2016,연체중,손실,52,447,200만원,11개월,0.25,남자,54세,기술직,4700000.0,3660000.0,,31.0,10.0,5.0,0.0,0.0,1,4700000.0,3660000.0,1040000.0,1040000.0,2000000.0,11.0,223484.84848484848,204545.45454545456,-816515.1515151515,0.21488927738927738,0.0,-835454.5454545454
B160704-1,24,24,0.5833,0.0417,0.4167,1.042,25,8,2.0,0.083,4.0,7.0,1,0,2016,정상종료,완납,59,231,400만원,24개월,0.25,여자,38세,사무직,2600000.0,1820000.0,,52.0,15.0,24.0,0.0,0.0,1,2600000.0,1820000.0,780000.0,780000.0,4000000.0,24.0,250000.0,210069.44444444444,-530000.0,0.32051282051282054,0.0,-569930.5555555555
B160705-2,27,27,1.0,0.9259,0.0,0.0,0,0,,,,,0,0,2016,정상종료,완납,123,777,650만원,27개월,0.25,여자,45세,사무직,4800000.0,4420000.0,,101.0,95.0,0.0,0.0,0.0,1,4800000.0,4420000.0,380000.0,380000.0,6500000.0,27.0,376157.4074074074,310956.7901234568,-3842.592592592584,0.9898879142300195,0.0,-69043.2098765432
B160706-1,8,8,0.5,0.125,0.5,6.25,50,19,2.0,0.25,4.0,6.0,1,0,2016,정상종료,완납,205,461,250만원,21개월,0.25,여자,46세,영업직,3880000.0,3410000.0,,54.0,45.0,31.0,5.0,0.0,1,3880000.0,3410000.0,470000.0,470000.0,2500000.0,21.0,171130.9523809524,146329.3650793651,-298869.0476190476,0.36410840932117533,0.0,-323670.6349206349
B160707-1,9,8,0.875,0.375,0.125,121.444,1093,1067,7.0,0.778,9.0,,1,1,2016,연체중,손실,263,955,250만원,18개월,0.25,남자,51세,공공기관,3600000.0,3050000.0,,68.0,49.0,27.0,0.0,0.0,1,3600000.0,3050000.0,550000.0,550000.0,2500000.0,18.0,190972.22222222225,166377.3148148148,-359027.77777777775,0.34722222222222227,0.0,-383622.68518518517
B160718-2,12,12,1.0,0.8333,0.0,0.0,0,0,,,,,0,0,2016,정상종료,완납,507,1074,150만원,12개월,0.25,여자,37세,기타,,,,55.0,39.0,4.0,0.0,0.0,1,2200000.0,1660000.0,540000.0,540000.0,1500000.0,12.0,156250.0,141927.08333333334,-383750.0,0.28935185185185186,0.0,-398072.9166666666
B160723-1,25,23,0.8696,0.0435,0.1304,46.32,1158,1144,2.0,0.08,6.0,,1,2,2016,연체중,손실,122,446,400만원,24개월,0.2,남자,50세,장교/하사관,5500000.0,4770000.0,,52.0,32.0,6.0,0.0,0.0,1,5500000.0,4770000.0,730000.0,730000.0,4000000.0,24.0,233333.3333333333,201388.88888888888,-496666.6666666667,0.319634703196347,0.0,-528611.1111111111
B160726-5,2,2,0.0,0.0,1.0,43.5,87,85,1.0,0.5,,,1,0,2016,연체중,손실,491,482,100만원,12개월,0.25,남자,32세,기술직,1850000.0,1000000.0,,3.0,2.0,2.0,0.0,0.0,1,1850000.0,1000000.0,850000.0,850000.0,1000000.0,12.0,104166.66666666666,94618.05555555556,-745833.3333333334,0.12254901960784313,0.0,-755381.9444444445
B160728-1,12,12,0.0833,0.0,0.9167,5.583,67,25,1.0,0.083,4.0,5.0,1,0,2016,정상종료,완납,92,206,100만원,12개월,0.25,남자,59세,영업직,6000000.0,4550000.0,,3.0,1.0,15.0,0.0,0.0,1,6000000.0,4550000.0,1450000.0,1450000.0,1000000.0,12.0,104166.66666666666,94618.05555555556,-1345833.3333333333,0.07183908045977011,0.0,-1355381.9444444445
B160728-4,12,12,1.0,0.6667,0.0,0.0,0,0,,,,,0,0,2016,정상종료,완납,345,844,250만원,12개월,0.25,남자,48세,서비스업,4600000.0,4090000.0,,90.0,38.0,21.0,4.0,0.0,1,4600000.0,4090000.0,510000.0,510000.0,2500000.0,12.0,260416.6666666667,236545.1388888889,-249583.3333333333,0.5106209150326798,0.0,-273454.8611111111
B160729-1,12,12,0.5,0.3333,0.5,0.917,11,2,5.0,0.417,6.0,8.0,1,0,2016,정상종료,완납,289,553,100만원,12개월,0.25,남자,42세,기술직,3100000.0,2500000.0,,,,,,,1,3100000.0,2500000.0,600000.0,600000.0,1000000.0,12.0,104166.66666666666,94618.05555555556,-495833.3333333334,0.1736111111111111,0.0,-505381.94444444444
B160809-1,11,11,0.9091,0.5455,0.0909,0.091,1,1,6.0,0.545,7.0,,1,0,2016,정상종료,완납,533,219,100만원,12개월,0.25,남자,39세,사무직,3130000.0,2600000.0,,13.0,8.0,6.0,0.0,0.0,1,3130000.0,2600000.0,530000.0,530000.0,1000000.0,12.0,104166.66666666666,94618.05555555556,-425833.3333333334,0.19654088050314464,0.0,-435381.94444444444
B160809-3,24,24,1.0,0.2917,0.0,0.0,0,0,,,,,0,0,2016,정상종료,완납,946,1068,300만원,24개월,0.25,남자,47세,기타,2110000.0,1010000.0,,69.0,24.0,0.0,0.0,0.0,1,2110000.0,1010000.0,1100000.0,1100000.0,3000000.0,24.0,187500.0,157552.08333333334,-912500.0,0.17045454545454544,0.0,-942447.9166666666
B160812-9,8,7,0.8571,0.7143,0.1429,130.375,1043,1038,6.0,0.75,7.0,8.0,1,1,2016,연체중,손실,104,610,200만원,12개월,0.2,남자,47세,서비스업,2000000.0,1460000.0,,19.0,18.0,1.0,0.0,0.0,1,2000000.0,1460000.0,540000.0,540000.0,2000000.0,12.0,200000.0,184722.22222222225,-340000.0,0.37037037037037035,0.0,-355277.77777777775
B160816-2,10,10,1.0,1.0,0.0,0.0,0,0,,,,,0,0,2016,정상종료,완납,416,453,500만원,24개월,0.25,남자,40세,사무직,4000000.0,2700000.0,,75.0,73.0,1.0,0.0,0.0,1,4000000.0,2700000.0,1300000.0,1300000.0,5000000.0,24.0,312500.0,262586.8055555556,-987500.0,0.2403846153846154,0.0,-1037413.1944444444
B160818-2,12,12,0.9167,0.75,0.0833,0.083,1,1,3.0,0.25,4.0,,1,0,2016,정상종료,완납,561,2805,150만원,12개월,0.25,여자,44세,일용직,1950000.0,1830000.0,,36.0,31.0,18.0,0.0,0.0,1,1950000.0,1830000.0,120000.0,120000.0,1500000.0,12.0,156250.0,141927.08333333334,36250.0,1.3020833333333333,1.0,21927.083333333343
B160819-1,3,3,1.0,0.3333,0.0,0.0,0,0,,,,,0,0,2016,정상종료,완납,91,356,200만원,12개월,0.25,남자,40세,서비스업,2160000.0,1420000.0,,18.0,7.0,10.0,0.0,0.0,1,2160000.0,1420000.0,740000.0,740000.0,2000000.0,12.0,208333.3333333333,189236.1111111111,-531666.6666666667,0.2815315315315315,0.0,-550763.8888888889
B160819-4,8,8,1.0,0.125,0.0,0.0,0,0,,,,,0,0,2016,정상종료,완납,245,439,300만원,15개월,0.25,남자,46세,기타,4400000.0,3240000.0,,75.0,25.0,0.0,0.0,0.0,1,4400000.0,3240000.0,1160000.0,1160000.0,3000000.0,15.0,262500.0,233333.3333333333,-897500.0,0.22629310344827586,0.0,-926666.6666666667
B160820-1,8,7,0.4286,0.2857,0.5714,129.125,1033,1026,1.0,0.125,2.0,4.0,1,1,2016,연체중,손실,165,303,200만원,12개월,0.2,여자,33세,기술직,2000000.0,790000.0,,,,,,,1,2000000.0,790000.0,1210000.0,1210000.0,2000000.0,12.0,200000.0,184722.22222222225,-1010000.0,0.1652892561983471,0.0,-1025277.7777777778
B160822-1,12,12,0.8333,0.6667,0.1667,0.417,5,4,5.0,0.417,7.0,,1,0,2016,정상종료,완납,353,535,200만원,12개월,0.25,남자,46세,기술직,4250000.0,3200000.0,,71.0,56.0,14.0,0.0,0.0,1,4250000.0,3200000.0,1050000.0,1050000.0,2000000.0,12.0,208333.3333333333,189236.1111111111,-841666.6666666667,0.1984126984126984,0.0,-860763.8888888889
B160825-3,24,24,0.2083,0.0833,0.7917,1.375,33,4,1.0,0.042,4.0,5.0,1,0,2016,정상종료,완납,148,583,200만원,24개월,0.25,여자,45세,서비스업,4000000.0,2710000.0,,,,,,,1,4000000.0,2710000.0,1290000.0,1290000.0,2000000.0,24.0,125000.0,105034.72222222222,-1165000.0,0.09689922480620156,0.0,-1184965.2777777778
B160826-1,10,10,0.3,0.1,0.7,1.3,13,5,2.0,0.2,6.0,7.0,1,0,2016,정상종료,완납,289,254,200만원,12개월,0.25,남자,26세,영업직,5000000.0,2230000.0,,,,,,,1,5000000.0,2230000.0,2770000.0,2770000.0,2000000.0,12.0,208333.3333333333,189236.1111111111,-2561666.6666666665,0.07521058965102285,0.0,-2580763.888888889
B160906-3,9,9,1.0,0.6667,0.0,0.0,0,0,,,,,0,0,2016,정상종료,완납,612,2134,300만원,24개월,0.25,여자,39세,기타,1350000.0,1050000.0,,43.0,29.0,0.0,0.0,0.0,1,1350000.0,1050000.0,300000.0,300000.0,3000000.0,24.0,187500.0,157552.08333333334,-112500.0,0.625,0.0,-142447.91666666666
B160915-1,36,36,0.9444,0.1389,0.0556,0.056,2,1,14.0,0.389,15.0,19.0,1,0,2016,정상종료,완납,745,462,800만원,36개월,0.2,남자,38세,영업직,2350000.0,1490000.0,,83.0,37.0,2.0,0.0,0.0,1,2350000.0,1490000.0,860000.0,860000.0,8000000.0,36.0,355555.5555555556,290740.7407407408,-504444.4444444444,0.41343669250646004,0.0,-569259.2592592592
B160918-2,31,31,0.9677,0.6129,0.0323,0.032,1,1,4.0,0.129,5.0,,1,0,2016,정상종료,완납,311,446,700만원,36개월,0.25,남자,47세,사무직,2980000.0,2880000.0,,96.0,76.0,3.0,0.0,0.0,1,2980000.0,2880000.0,100000.0,100000.0,7000000.0,36.0,340277.7777777777,269386.57407407404,240277.7777777777,3.402777777777777,1.0,169386.57407407404
B160918-4,24,24,0.9583,0.8333,0.0417,0.042,1,1,18.0,0.75,19.0,,1,0,2016,정상종료,완납,413,564,200만원,24개월,0.25,남자,37세,생산직,2700000.0,2090000.0,,,,,,,1,2700000.0,2090000.0,610000.0,610000.0,2000000.0,24.0,125000.0,105034.72222222222,-485000.0,0.20491803278688525,0.0,-504965.27777777775
B160919-6,10,10,0.7,0.2,0.3,1.2,12,7,4.0,0.4,5.0,8.0,1,0,2016,정상종료,완납,441,3034,200만원,12개월,0.25,여자,34세,사무직,1700000.0,1210000.0,,27.0,9.0,13.0,0.0,0.0,1,1700000.0,1210000.0,490000.0,490000.0,2000000.0,12.0,208333.3333333333,189236.1111111111,-281666.6666666667,0.42517006802721086,0.0,-300763.8888888889
B160922-1,13,13,1.0,1.0,0.0,0.0,0,0,,,,,0,0,2016,정상종료,완납,97,363,200만원,15개월,0.25,남자,49세,서비스업,3500000.0,1550000.0,,30.0,29.0,2.0,0.0,0.0,1,3500000.0,1550000.0,1950000.0,1950000.0,2000000.0,15.0,175000.0,155555.55555555556,-1775000.0,0.08974358974358974,0.0,-1794444.4444444445
B161003-1,7,6,1.0,1.0,0.0,0.0,0,0,,,,,0,1,2016,정상종료,완납,312,369,100만원,12개월,0.25,남자,36세,기술직,2200000.0,1410000.0,,53.0,46.0,0.0,0.0,0.0,1,2200000.0,1410000.0,790000.0,790000.0,1000000.0,12.0,104166.66666666666,94618.05555555556,-685833.3333333334,0.13185654008438819,0.0,-695381.9444444445
B161004-3,4,3,1.0,1.0,0.0,275.5,1102,1102,4.0,1.0,,,1,1,2016,연체중,손실,432,1543,250만원,24개월,0.25,남자,33세,기술직,3000000.0,2740000.0,,28.0,11.0,12.0,0.0,0.0,1,3000000.0,2740000.0,260000.0,260000.0,2500000.0,24.0,156250.0,131293.40277777778,-103750.0,0.6009615384615384,0.0,-128706.59722222222
B161006-2,4,4,1.0,0.25,0.0,0.0,0,0,,,,,0,0,2016,정상종료,완납,47,204,200만원,24개월,0.25,남자,44세,기타,3410000.0,2440000.0,,12.0,5.0,0.0,0.0,0.0,1,3410000.0,2440000.0,970000.0,970000.0,2000000.0,24.0,125000.0,105034.72222222222,-845000.0,0.12886597938144329,0.0,-864965.2777777778
B161010-1,6,5,1.0,0.0,0.0,191.667,1150,1150,2.0,0.333,3.0,,1,1,2016,연체중,손실,206,910,200만원,12개월,0.25,남자,37세,기술직,2600000.0,1400000.0,,11.0,2.0,1.0,0.0,0.0,1,2600000.0,1400000.0,1200000.0,1200000.0,2000000.0,12.0,208333.3333333333,189236.1111111111,-991666.6666666667,0.1736111111111111,0.0,-1010763.8888888889
B161010-2,24,24,1.0,0.9167,0.0,0.0,0,0,,,,,0,0,2016,정상종료,완납,204,360,500만원,36개월,0.25,여자,44세,사무직,1640000.0,1350000.0,,125.0,109.0,1.0,0.0,0.0,1,1640000.0,1350000.0,290000.0,290000.0,5000000.0,36.0,243055.5555555556,192418.98148148143,-46944.44444444441,0.8381226053639848,0.0,-97581.01851851857
B161011-1,16,16,0.9375,0.25,0.0625,0.062,1,1,8.0,0.5,9.0,,1,0,2016,정상종료,완납,300,806,200만원,18개월,0.25,남자,40세,일용직,1400000.0,1050000.0,,38.0,13.0,1.0,0.0,0.0,1,1400000.0,1050000.0,350000.0,350000.0,2000000.0,18.0,152777.77777777778,133101.85185185185,-197222.22222222222,0.4365079365079365,0.0,-216898.14814814815
B161019-7,6,6,1.0,0.1667,0.0,0.0,0,0,,,,,0,0,2016,정상종료,완납,130,121,100만원,12개월,0.23,여자,32세,사무직,1300000.0,640000.0,,30.0,17.0,6.0,0.0,0.0,1,1300000.0,640000.0,660000.0,660000.0,1000000.0,12.0,102500.0,93715.27777777778,-557500.0,0.1553030303030303,0.0,-566284.7222222222
B161025-1,7,7,1.0,0.1429,0.0,0.0,0,0,,,,,0,0,2016,정상종료,완납,522,804,200만원,24개월,0.25,여자,35세,기타,2400000.0,1660000.0,,32.0,12.0,1.0,0.0,0.0,1,2400000.0,1660000.0,740000.0,740000.0,2000000.0,24.0,125000.0,105034.72222222222,-615000.0,0.16891891891891891,0.0,-634965.2777777778
B161029-1,22,22,1.0,0.5909,0.0,0.0,0,0,,,,,0,0,2016,정상종료,완납,349,216,300만원,24개월,0.25,남자,51세,기타,2800000.0,1970000.0,,77.0,43.0,3.0,0.0,0.0,1,2800000.0,1970000.0,830000.0,830000.0,3000000.0,24.0,187500.0,157552.08333333334,-642500.0,0.22590361445783133,0.0,-672447.9166666666
B161102-1,12,12,0.9167,0.0,0.0833,0.083,1,1,5.0,0.417,6.0,,1,0,2016,정상종료,완납,230,603,150만원,12개월,0.25,남자,40세,기타,700000.0,670000.0,,23.0,0.0,1.0,0.0,0.0,1,700000.0,670000.0,30000.0,30000.0,1500000.0,12.0,156250.0,141927.08333333334,126250.0,5.208333333333333,1.0,111927.08333333334
B161107-1,13,13,1.0,0.9231,0.0,0.0,0,0,,,,,0,0,2016,정상종료,완납,318,210,600만원,36개월,0.25,남자,46세,사무직,1700000.0,1640000.0,,88.0,82.0,0.0,0.0,0.0,1,1700000.0,1640000.0,60000.0,60000.0,6000000.0,36.0,291666.6666666666,230902.77777777772,231666.66666666663,4.861111111111111,1.0,170902.77777777772
B161109-1,29,23,1.0,0.0,0.0,36.724,1065,1065,4.0,0.138,5.0,,1,6,2016,연체중,손실,134,1365,500만원,24개월,0.25,여자,42세,기타,3500000.0,2670000.0,,103.0,49.0,3.0,0.0,0.0,1,3500000.0,2670000.0,830000.0,830000.0,5000000.0,24.0,312500.0,262586.8055555556,-517500.0,0.37650602409638556,0.0,-567413.1944444444
B161120-1,19,18,1.0,0.9444,0.0,31.368,596,596,19.0,1.0,,,1,1,2016,연체중,손실,433,774,300만원,24개월,0.25,여자,54세,일용직,1800000.0,1690000.0,,54.0,47.0,0.0,0.0,0.0,1,1800000.0,1690000.0,110000.0,110000.0,3000000.0,24.0,187500.0,157552.08333333334,77500.0,1.7045454545454546,1.0,47552.08333333334
B161124-1,23,23,1.0,0.5652,0.0,0.0,0,0,,,,,0,0,2016,정상종료,완납,137,219,200만원,24개월,0.25,여자,32세,사무직,2000000.0,1210000.0,,33.0,15.0,2.0,0.0,0.0,1,2000000.0,1210000.0,790000.0,790000.0,2000000.0,24.0,125000.0,105034.72222222222,-665000.0,0.15822784810126583,0.0,-684965.2777777778
B161216-2,3,3,0.6667,0.3333,0.3333,1.333,4,4,2.0,0.667,3.0,,1,0,2016,정상종료,완납,87,98,200만원,12개월,0.24,남자,40세,서비스업,2160000.0,1420000.0,,18.0,7.0,10.0,0.0,0.0,1,2160000.0,1420000.0,740000.0,740000.0,2000000.0,12.0,206666.66666666663,188333.3333333333,-533333.3333333334,0.2792792792792792,0.0,-551666.6666666667
B170103-1,12,11,0.6364,0.0,0.3636,64.75,777,765,4.0,0.333,5.0,8.0,1,1,2017,연체중,손실,594,692,200만원,12개월,0.25,남자,41세,생산직,4550000.0,2980000.0,,14.0,2.0,6.0,0.0,0.0,1,4550000.0,2980000.0,1570000.0,1570000.0,2000000.0,12.0,208333.3333333333,189236.1111111111,-1361666.6666666667,0.1326963906581741,0.0,-1380763.888888889
B170106-2,11,11,1.0,0.7273,0.0,0.0,0,0,,,,,0,0,2017,정상종료,완납,125,419,100만원,12개월,0.25,여자,31세,기타,2600000.0,1750000.0,,49.0,37.0,1.0,0.0,0.0,1,2600000.0,1750000.0,850000.0,850000.0,1000000.0,12.0,104166.66666666666,94618.05555555556,-745833.3333333334,0.12254901960784313,0.0,-755381.9444444445
B170111-1,15,15,0.6,0.2667,0.4,1.8,27,6,3.0,0.2,9.0,,1,0,2017,정상종료,완납,461,438,350만원,15개월,0.25,여자,47세,간호사,2100000.0,1650000.0,,60.0,39.0,21.0,0.0,0.0,1,2100000.0,1650000.0,450000.0,450000.0,3500000.0,15.0,306250.0,272222.22222222225,-143750.0,0.6805555555555556,0.0,-177777.77777777775
B170112-1,21,21,1.0,0.381,0.0,0.0,0,0,,,,,0,0,2017,정상종료,완납,256,321,250만원,21개월,0.25,남자,43세,공공기관,5000000.0,4020000.0,,92.0,45.0,3.0,0.0,0.0,1,5000000.0,4020000.0,980000.0,980000.0,2500000.0,21.0,171130.9523809524,146329.3650793651,-808869.0476190476,0.1746234207968902,0.0,-833670.6349206349
B170120-2,4,4,0.5,0.25,0.5,0.5,2,1,2.0,0.5,4.0,,1,0,2017,정상종료,완납,92,118,150만원,12개월,0.25,남자,51세,기술직,3500000.0,2850000.0,,27.0,17.0,34.0,2.0,8.0,1,3500000.0,2850000.0,650000.0,650000.0,1500000.0,12.0,156250.0,141927.08333333334,-493750.0,0.2403846153846154,0.0,-508072.9166666666
B170130-2,20,20,1.0,0.15,0.0,0.0,0,0,,,,,0,0,2017,정상종료,완납,324,315,400만원,24개월,0.25,여자,41세,보험설계사,2500000.0,1800000.0,,75.0,26.0,10.0,1.0,0.0,1,2500000.0,1800000.0,700000.0,700000.0,4000000.0,24.0,250000.0,210069.44444444444,-450000.0,0.35714285714285715,0.0,-489930.55555555556
B170201-1,4,3,0.6667,0.6667,0.3333,247.5,990,983,3.0,0.75,,,1,1,2017,연체중,손실,105,1092,300만원,4개월,0.25,남자,49세,서비스업,3500000.0,2530000.0,,30.0,29.0,2.0,0.0,0.0,1,3500000.0,2530000.0,970000.0,970000.0,3000000.0,4.0,812500.0,789062.5,-157500.0,0.8376288659793815,0.0,-180937.5
B170202-4,12,12,1.0,1.0,0.0,0.0,0,0,,,,,0,0,2017,정상종료,완납,84,487,100만원,12개월,0.25,여자,41세,사무직,1500000.0,1280000.0,,57.0,53.0,0.0,0.0,0.0,1,1500000.0,1280000.0,220000.0,220000.0,1000000.0,12.0,104166.66666666666,94618.05555555556,-115833.33333333334,0.47348484848484845,0.0,-125381.94444444444
B170204-1,12,12,0.6667,0.25,0.3333,1.917,23,12,6.0,0.5,8.0,10.0,1,0,2017,정상종료,완납,159,450,200만원,12개월,0.2,남자,39세,학원,4200000.0,1090000.0,,15.0,5.0,9.0,0.0,0.0,1,4200000.0,1090000.0,3110000.0,3110000.0,2000000.0,12.0,200000.0,184722.22222222225,-2910000.0,0.06430868167202572,0.0,-2925277.777777778
B170206-3,11,3,0.0,0.0,1.0,53.909,593,570,1.0,0.091,4.0,,1,8,2017,정상종료,완납,150,271,200만원,3개월,0.25,남자,45세,기타,4000000.0,3400000.0,,26.0,11.0,8.0,0.0,1.0,1,4000000.0,3400000.0,600000.0,600000.0,2000000.0,3.0,708333.3333333333,694444.4444444444,108333.33333333326,1.1805555555555554,1.0,94444.44444444438
B170222-1,10,10,1.0,0.8,0.0,0.0,0,0,,,,,0,0,2017,정상종료,완납,153,417,100만원,12개월,0.25,여자,44세,일용직,1450000.0,930000.0,,48.0,41.0,10.0,1.0,0.0,1,1450000.0,930000.0,520000.0,520000.0,1000000.0,12.0,104166.66666666666,94618.05555555556,-415833.3333333334,0.2003205128205128,0.0,-425381.94444444444
B170227-2,21,21,1.0,0.9524,0.0,0.0,0,0,,,,,0,0,2017,정상종료,완납,124,285,200만원,24개월,0.25,여자,39세,기타,2680000.0,1580000.0,,45.0,43.0,0.0,0.0,0.0,1,2680000.0,1580000.0,1100000.0,1100000.0,2000000.0,24.0,125000.0,105034.72222222222,-975000.0,0.11363636363636363,0.0,-994965.2777777778
B170228-2,16,16,1.0,0.0625,0.0,0.0,0,0,,,,,0,0,2017,정상종료,완납,102,255,200만원,18개월,0.25,남자,49세,공공기관,4800000.0,4230000.0,,44.0,3.0,1.0,0.0,0.0,1,4800000.0,4230000.0,570000.0,570000.0,2000000.0,18.0,152777.77777777778,133101.85185185185,-417222.22222222225,0.2680311890838207,0.0,-436898.14814814815
B170302-2,9,7,1.0,0.7143,0.0,0.0,0,0,,,,,0,2,2017,정상종료,완납,262,357,200만원,18개월,0.25,남자,36세,기술직,2300000.0,1460000.0,,53.0,46.0,0.0,0.0,0.0,1,2300000.0,1460000.0,840000.0,840000.0,2000000.0,18.0,152777.77777777778,133101.85185185185,-687222.2222222222,0.1818783068783069,0.0,-706898.1481481481
B170309-2,22,12,0.1667,0.0,0.8333,33.273,732,671,2.0,0.091,3.0,4.0,1,10,2017,연체중,손실,152,413,500만원,36개월,0.25,여자,44세,은행원,2000000.0,1400000.0,,84.0,58.0,16.0,0.0,0.0,1,2000000.0,1400000.0,600000.0,600000.0,5000000.0,36.0,243055.5555555556,192418.98148148143,-356944.4444444444,0.40509259259259267,0.0,-407581.01851851854
B170314-1,12,12,0.75,0.0,0.25,1.833,22,11,7.0,0.583,8.0,10.0,1,0,2017,정상종료,완납,851,1488,150만원,12개월,0.25,남자,42세,사무직,3990000.0,3590000.0,,44.0,23.0,28.0,0.0,0.0,1,3990000.0,3590000.0,400000.0,400000.0,1500000.0,12.0,156250.0,141927.08333333334,-243750.0,0.390625,0.0,-258072.91666666666
B170326-1,18,18,0.5,0.1111,0.5,2.5,45,11,10.0,0.556,,,1,0,2017,정상종료,완납,87,99,200만원,18개월,0.25,남자,40세,서비스업,2160000.0,1340000.0,,18.0,7.0,10.0,0.0,0.0,1,2160000.0,1340000.0,820000.0,820000.0,2000000.0,18.0,152777.77777777778,133101.85185185185,-667222.2222222222,0.18631436314363145,0.0,-686898.1481481481
B170328-2,12,12,1.0,0.8333,0.0,0.0,0,0,,,,,0,0,2017,정상종료,완납,94,478,150만원,12개월,0.25,남자,53세,생산직,3000000.0,1980000.0,,53.0,25.0,13.0,0.0,0.0,1,3000000.0,1980000.0,1020000.0,1020000.0,1500000.0,12.0,156250.0,141927.08333333334,-863750.0,0.15318627450980393,0.0,-878072.9166666666
B170329-3,24,24,0.875,0.4167,0.125,0.167,4,2,6.0,0.25,7.0,18.0,1,0,2017,정상종료,완납,144,394,300만원,24개월,0.25,여자,42세,사무직,2230000.0,2090000.0,140000.0,49.0,19.0,5.0,0.0,0.0,1,2230000.0,2090000.0,140000.0,140000.0,3000000.0,24.0,187500.0,157552.08333333334,47500.0,1.3392857142857142,1.0,17552.083333333343
B170404-1,20,20,1.0,0.1,0.0,0.0,0,0,,,,,0,0,2017,정상종료,완납,93,953,300만원,24개월,0.25,남자,50세,기타,4500000.0,4060000.0,,97.0,55.0,3.0,0.0,0.0,1,4500000.0,4060000.0,440000.0,440000.0,3000000.0,24.0,187500.0,157552.08333333334,-252500.0,0.42613636363636365,0.0,-282447.9166666666
B170412-3,15,15,0.7333,0.5333,0.2667,1.867,28,7,12.0,0.8,,,1,0,2017,정상종료,완납,162,344,300만원,15개월,0.25,남자,46세,기타,4000000.0,3040000.0,,67.0,62.0,4.0,0.0,0.0,1,4000000.0,3040000.0,960000.0,960000.0,3000000.0,15.0,262500.0,233333.3333333333,-697500.0,0.2734375,0.0,-726666.6666666667
B170417-1,14,14,1.0,0.9286,0.0,0.0,0,0,,,,,0,0,2017,정상종료,완납,85,598,200만원,15개월,0.25,여자,55세,사무직,1700000.0,1400000.0,300000.0,46.0,36.0,0.0,0.0,0.0,1,1700000.0,1400000.0,300000.0,300000.0,2000000.0,15.0,175000.0,155555.55555555556,-125000.0,0.5833333333333334,0.0,-144444.44444444444
B170419-3,10,10,1.0,0.9,0.0,0.0,0,0,,,,,0,0,2017,정상종료,완납,208,406,200만원,18개월,0.25,여자,32세,사무직,1300000.0,880000.0,,30.0,17.0,6.0,0.0,0.0,1,1300000.0,880000.0,420000.0,420000.0,2000000.0,18.0,152777.77777777778,133101.85185185185,-267222.22222222225,0.3637566137566138,0.0,-286898.14814814815
B170423-2,15,15,0.3333,0.2667,0.6667,8.133,122,23,4.0,0.267,7.0,8.0,1,0,2017,정상종료,완납,1551,958,200만원,15개월,0.25,여자,36세,일용직,1280000.0,1090000.0,,75.0,68.0,34.0,0.0,0.0,1,1280000.0,1090000.0,190000.0,190000.0,2000000.0,15.0,175000.0,155555.55555555556,-15000.0,0.9210526315789473,0.0,-34444.44444444444
B170429-1,2,1,0.0,0.0,1.0,483.5,967,954,1.0,0.5,,,1,1,2017,연체중,손실,381,1122,100만원,2개월,0.25,남자,33세,사무직,1700000.0,1030000.0,,,,,,,1,1700000.0,1030000.0,670000.0,670000.0,1000000.0,2.0,520833.3333333333,515625.0,-149166.6666666667,0.7773631840796019,0.0,-154375.0
B170506-2,12,12,0.5833,0.0833,0.4167,1.5,18,7,2.0,0.167,3.0,7.0,1,0,2017,정상종료,완납,106,1012,150만원,12개월,0.25,여자,39세,기타,1700000.0,1200000.0,,8.0,1.0,18.0,0.0,0.0,1,1700000.0,1200000.0,500000.0,500000.0,1500000.0,12.0,156250.0,141927.08333333334,-343750.0,0.3125,0.0,-358072.9166666666
B170508-2,3,3,1.0,1.0,0.0,0.0,0,0,,,,,0,0,2017,정상종료,완납,397,437,100만원,12개월,0.25,여자,38세,기타,3800000.0,3220000.0,,97.0,69.0,20.0,0.0,0.0,1,3800000.0,3220000.0,580000.0,580000.0,1000000.0,12.0,104166.66666666666,94618.05555555556,-475833.3333333334,0.17959770114942528,0.0,-485381.94444444444
B170522-2,12,12,1.0,1.0,0.0,0.0,0,0,,,,,0,0,2017,정상종료,완납,375,925,200만원,12개월,0.25,남자,50세,기타,3000000.0,2870000.0,,37.0,36.0,0.0,0.0,0.0,1,3000000.0,2870000.0,130000.0,130000.0,2000000.0,12.0,208333.3333333333,189236.1111111111,78333.33333333331,1.6025641025641024,1.0,59236.111111111095
B170525-2,13,13,1.0,1.0,0.0,0.0,0,0,,,,,0,0,2017,정상종료,완납,210,1580,200만원,15개월,0.25,여자,60세,기타,1790000.0,1610000.0,,49.0,46.0,0.0,0.0,0.0,1,1790000.0,1610000.0,180000.0,180000.0,2000000.0,15.0,175000.0,155555.55555555556,-5000.0,0.9722222222222222,0.0,-24444.444444444438
B170525-3,12,12,1.0,0.25,0.0,0.0,0,0,,,,,0,0,2017,정상종료,완납,542,698,100만원,12개월,0.25,여자,37세,사무직,2210000.0,1810000.0,,,,,,,1,2210000.0,1810000.0,400000.0,400000.0,1000000.0,12.0,104166.66666666666,94618.05555555556,-295833.3333333334,0.26041666666666663,0.0,-305381.94444444444
B170605-10,24,24,0.0417,0.0417,0.9583,25.625,615,33,1.0,0.042,18.0,19.0,1,0,2017,정상종료,완납,248,786,250만원,24개월,0.25,여자,46세,영업직,4500000.0,3770000.0,,54.0,45.0,31.0,5.0,0.0,1,4500000.0,3770000.0,730000.0,730000.0,2500000.0,24.0,156250.0,131293.40277777778,-573750.0,0.21404109589041095,0.0,-598706.5972222222
B170605-7,24,24,0.7917,0.1667,0.2083,0.208,5,1,2.0,0.083,4.0,5.0,1,0,2017,정상종료,완납,888,1145,200만원,24개월,0.25,여자,52세,기타,3900000.0,3520000.0,,36.0,10.0,6.0,0.0,0.0,1,3900000.0,3520000.0,380000.0,380000.0,2000000.0,24.0,125000.0,105034.72222222222,-255000.0,0.32894736842105265,0.0,-274965.27777777775
B170613-5,24,24,0.9167,0.375,0.0833,0.125,3,2,10.0,0.417,11.0,22.0,1,0,2017,정상종료,완납,326,713,500만원,24개월,0.25,여자,48세,사무직,4250000.0,3620000.0,,86.0,34.0,5.0,0.0,0.0,1,4250000.0,3620000.0,630000.0,630000.0,5000000.0,24.0,312500.0,262586.8055555556,-317500.0,0.49603174603174605,0.0,-367413.1944444444
B170619-1,12,12,0.5833,0.1667,0.4167,1.75,21,7,2.0,0.167,4.0,5.0,1,0,2017,정상종료,완납,92,137,150만원,12개월,0.25,남자,51세,기술직,3800000.0,2700000.0,,27.0,17.0,34.0,2.0,8.0,1,3800000.0,2700000.0,1100000.0,1100000.0,1500000.0,12.0,156250.0,141927.08333333334,-943750.0,0.14204545454545456,0.0,-958072.9166666666
B170621-1,12,12,1.0,0.25,0.0,0.0,0,0,,,,,0,0,2017,정상종료,완납,168,897,100만원,12개월,0.25,여자,52세,서비스업,1000000.0,700000.0,,25.0,9.0,0.0,0.0,0.0,1,1000000.0,700000.0,300000.0,300000.0,1000000.0,12.0,104166.66666666666,94618.05555555556,-195833.33333333334,0.3472222222222222,0.0,-205381.94444444444
B170626-4,8,7,0.2857,0.1429,0.7143,90.25,722,717,1.0,0.125,3.0,5.0,1,1,2017,연체중,손실,78,321,200만원,8개월,0.25,남자,39세,사무직,3120000.0,2290000.0,,13.0,8.0,6.0,0.0,0.0,1,3120000.0,2290000.0,830000.0,830000.0,2000000.0,8.0,291666.6666666667,273437.5,-538333.3333333333,0.3514056224899599,0.0,-556562.5
B170705-8,17,17,0.9412,0.5882,0.0588,0.059,1,1,8.0,0.471,9.0,,1,0,2017,정상종료,완납,306,1501,200만원,18개월,0.25,여자,37세,기타,,,,55.0,39.0,4.0,0.0,0.0,1,2750000.0,2020000.0,730000.0,730000.0,2000000.0,18.0,152777.77777777778,133101.85185185185,-577222.2222222222,0.2092846270928463,0.0,-596898.1481481481
B170711-2,14,14,0.8571,0.2143,0.1429,0.143,2,1,8.0,0.571,9.0,12.0,1,0,2017,정상종료,완납,339,522,300만원,15개월,0.25,남자,48세,서비스업,4800000.0,4050000.0,,90.0,38.0,21.0,4.0,0.0,1,4800000.0,4050000.0,750000.0,750000.0,3000000.0,15.0,262500.0,233333.3333333333,-487500.0,0.35,0.0,-516666.6666666667
B170731-2,15,15,0.9333,0.0667,0.0667,0.067,1,1,13.0,0.867,14.0,,1,0,2017,정상종료,완납,169,349,400만원,15개월,0.25,남자,45세,서비스업,15000000.0,14470000.0,,79.0,11.0,5.0,0.0,0.0,1,15000000.0,14470000.0,530000.0,530000.0,4000000.0,15.0,350000.0,311111.1111111111,-180000.0,0.660377358490566,0.0,-218888.88888888888
B170807-4,18,18,1.0,0.5556,0.0,0.0,0,0,,,,,0,0,2017,정상종료,완납,538,624,300만원,18개월,0.25,여자,43세,기타,4700000.0,3320000.0,,73.0,48.0,0.0,0.0,0.0,1,,,,1380000.0,3000000.0,18.0,229166.66666666663,199652.77777777772,-1150833.3333333335,0.1660628019323671,0.0,-1180347.2222222222
B170817-3,18,18,0.9444,0.3333,0.0556,0.056,1,1,7.0,0.389,8.0,,1,0,2017,정상종료,완납,55,372,200만원,18개월,0.25,여자,53세,기타,3900000.0,3290000.0,,77.0,35.0,7.0,0.0,0.0,1,,,,610000.0,2000000.0,18.0,152777.77777777778,133101.85185185185,-457222.22222222225,0.25045537340619306,0.0,-476898.14814814815
B170905-1,8,8,1.0,1.0,0.0,0.0,0,0,,,,,0,0,2017,정상종료,완납,688,691,250만원,12개월,0.25,남자,40세,사무직,5000000.0,3840000.0,,75.0,73.0,1.0,0.0,0.0,1,,,,1160000.0,2500000.0,12.0,260416.6666666667,236545.1388888889,-899583.3333333333,0.22449712643678163,0.0,-923454.8611111111
B170911-2,8,8,1.0,1.0,0.0,0.0,0,0,,,,,0,0,2017,정상종료,완납,453,745,100만원,12개월,0.25,여자,38세,생산직,4300000.0,3720000.0,,97.0,69.0,20.0,0.0,0.0,1,,,,580000.0,1000000.0,12.0,104166.66666666666,94618.05555555556,-475833.3333333334,0.17959770114942528,0.0,-485381.94444444444
B170918-5,13,13,1.0,0.5385,0.0,0.0,0,0,,,,,0,0,2017,정상종료,완납,247,501,200만원,15개월,0.25,남자,46세,기타,4500000.0,3200000.0,,75.0,25.0,0.0,0.0,0.0,1,,,,1300000.0,2000000.0,15.0,175000.0,155555.55555555556,-1125000.0,0.1346153846153846,0.0,-1144444.4444444445
B171010-4,15,15,0.4667,0.4,0.5333,5.333,80,29,5.0,0.333,6.0,8.0,1,0,2017,정상종료,완납,638,1256,300만원,15개월,0.25,남자,50세,기타,4500000.0,4070000.0,,100.0,82.0,21.0,0.0,0.0,1,,,,430000.0,3000000.0,15.0,262500.0,233333.3333333333,-167500.0,0.6104651162790697,0.0,-196666.6666666667
B171020-1,13,12,1.0,0.9167,0.0,0.0,0,0,,,,,0,1,2017,정상종료,완납,337,491,200만원,21개월,0.25,남자,36세,기술직,2560000.0,1620000.0,,53.0,46.0,0.0,0.0,0.0,1,,,,940000.0,2000000.0,21.0,136904.7619047619,117063.49206349206,-803095.2380952381,0.1456433637284701,0.0,-822936.5079365079
B171021-3,10,9,0.1111,0.0,0.8889,69.5,695,533,2.0,0.2,,,1,1,2017,연체중,손실,442,1638,100만원,12개월,0.25,여자,34세,서비스업,9000000.0,8380000.0,,6.0,1.0,13.0,3.0,0.0,1,,,,620000.0,1000000.0,12.0,104166.66666666666,94618.05555555556,-515833.3333333334,0.16801075268817203,0.0,-525381.9444444445
B171024-1,18,18,1.0,0.6667,0.0,0.0,0,0,,,,,0,0,2017,정상종료,완납,202,1621,300만원,18개월,0.25,여자,38세,기타,2800000.0,2110000.0,,75.0,54.0,7.0,0.0,0.0,1,,,,690000.0,3000000.0,18.0,229166.66666666663,199652.77777777772,-460833.3333333334,0.3321256038647342,0.0,-490347.22222222225
B171121-2,12,12,1.0,0.8333,0.0,0.0,0,0,,,,,0,0,2017,정상종료,완납,187,239,200만원,24개월,0.25,여자,47세,콜센터,1800000.0,1660000.0,,25.0,18.0,0.0,0.0,0.0,1,,,,140000.0,2000000.0,24.0,125000.0,105034.72222222222,-15000.0,0.8928571428571429,0.0,-34965.27777777778
B171129-5,8,8,1.0,0.875,0.0,0.0,0,0,,,,,0,0,2017,정상종료,완납,635,612,200만원,12개월,0.25,남자,46세,기술직,5700000.0,3060000.0,,71.0,56.0,14.0,0.0,0.0,1,,,,2640000.0,2000000.0,12.0,208333.3333333333,189236.1111111111,-2431666.6666666665,0.07891414141414141,0.0,-2450763.888888889
B171216-2,12,12,1.0,0.4167,0.0,0.0,0,0,,,,,0,0,2017,정상종료,완납,209,731,150만원,12개월,0.25,여자,31세,일용직,3100000.0,1420000.0,,49.0,37.0,1.0,0.0,0.0,1,,,,1680000.0,1500000.0,12.0,156250.0,141927.08333333334,-1523750.0,0.09300595238095238,0.0,-1538072.9166666667
B171220-2,12,12,0.75,0.25,0.25,0.333,4,2,1.0,0.083,2.0,4.0,1,0,2017,정상종료,완납,335,2042,100만원,12개월,0.25,여자,34세,사무직,2000000.0,1170000.0,,27.0,9.0,13.0,0.0,0.0,1,,,,830000.0,1000000.0,12.0,104166.66666666666,94618.05555555556,-725833.3333333334,0.1255020080321285,0.0,-735381.9444444445
B171227-5,2,2,1.0,1.0,0.0,0.0,0,0,,,,,0,0,2017,정상종료,완납,144,789,200만원,12개월,0.25,여자,30세,사무직,2300000.0,1670000.0,,7.0,6.0,1.0,0.0,0.0,1,,,,630000.0,2000000.0,12.0,208333.3333333333,189236.1111111111,-421666.6666666667,0.33068783068783064,0.0,-440763.8888888889
B180109-1,12,12,1.0,1.0,0.0,0.0,0,0,,,,,0,0,2018,정상종료,완납,134,267,100만원,12개월,0.25,여자,44세,일용직,2060000.0,1230000.0,,48.0,41.0,10.0,1.0,0.0,1,,,,830000.0,1000000.0,12.0,104166.66666666666,94618.05555555556,-725833.3333333334,0.1255020080321285,0.0,-735381.9444444445
B180322-1,23,23,1.0,1.0,0.0,0.0,0,0,,,,,0,0,2018,상환중,진행중,89,638,200만원,24개월,0.2,여자,41세,사무직,1700000.0,1240000.0,,57.0,53.0,0.0,0.0,0.0,1,,,,460000.0,2000000.0,24.0,116666.66666666666,100694.44444444444,-343333.3333333334,0.25362318840579706,0.0,-359305.55555555556
B180327-2,14,14,0.6429,0.3571,0.3571,3.571,50,16,8.0,0.571,13.0,,1,0,2018,정상종료,완납,192,287,200만원,24개월,0.22,여자,32세,사무직,1500000.0,940000.0,,30.0,17.0,6.0,0.0,0.0,1,,,,560000.0,2000000.0,24.0,120000.0,102430.55555555556,-440000.0,0.21428571428571427,0.0,-457569.44444444444
B180404-1,5,5,1.0,1.0,0.0,0.0,0,0,,,,,0,0,2018,정상종료,완납,759,393,300만원,15개월,0.24,남자,40세,사무직,5000000.0,3600000.0,,75.0,73.0,1.0,0.0,0.0,1,,,,1400000.0,3000000.0,15.0,260000.0,232000.0,-1140000.0,0.18571428571428572,0.0,-1168000.0
B180409-2,2,2,1.0,1.0,0.0,0.0,0,0,,,,,0,0,2018,정상종료,완납,472,988,100만원,12개월,0.24,여자,39세,영업직,1500000.0,1340000.0,,43.0,29.0,0.0,0.0,0.0,1,,,,160000.0,1000000.0,12.0,103333.33333333331,94166.66666666666,-56666.666666666686,0.6458333333333333,0.0,-65833.33333333334
B180418-1,19,19,1.0,1.0,0.0,0.0,0,0,,,,,0,0,2018,정상종료,완납,287,1001,300만원,24개월,0.24,여자,49세,사무직,2400000.0,1830000.0,,78.0,51.0,0.0,0.0,0.0,1,,,,570000.0,3000000.0,24.0,185000.0,156250.0,-385000.0,0.32456140350877194,0.0,-413750.0
B180419-1,12,11,1.0,1.0,0.0,0.0,0,0,,,,,0,1,2018,정상종료,완납,627,587,250만원,12개월,0.24,남자,54세,기타,3600000.0,390000.0,,114.0,90.0,4.0,0.0,0.0,1,,,,3210000.0,2500000.0,12.0,258333.3333333333,235416.6666666667,-2951666.6666666665,0.08047767393561786,0.0,-2974583.3333333335
B180518-2,20,20,0.95,0.15,0.05,0.05,1,1,12.0,0.6,13.0,,1,0,2018,상환중,진행중,438,1297,400만원,24개월,0.24,남자,52세,기술직,4200000.0,4010000.0,,125.0,86.0,2.0,0.0,0.0,1,,,,190000.0,4000000.0,24.0,246666.66666666663,208333.3333333333,56666.66666666663,1.2982456140350875,1.0,18333.333333333314
B180530-4,20,20,0.85,0.45,0.15,0.15,3,1,14.0,0.7,16.0,20.0,1,0,2018,상환중,진행중,517,1443,300만원,24개월,0.24,여자,42세,기타,6000000.0,5560000.0,,90.0,71.0,15.0,1.0,0.0,1,,,,440000.0,3000000.0,24.0,185000.0,156250.0,-255000.0,0.42045454545454547,0.0,-283750.0
B180608-1,15,15,0.6,0.4,0.4,3.533,53,12,5.0,0.333,8.0,9.0,1,0,2018,정상종료,완납,298,513,300만원,15개월,0.24,여자,47세,간호사,2650000.0,2130000.0,,60.0,39.0,21.0,0.0,0.0,1,,,,520000.0,3000000.0,15.0,260000.0,232000.0,-260000.0,0.5,0.0,-288000.0
B180620-1,12,12,0.0833,0.0,0.9167,3.167,38,6,2.0,0.167,,,1,0,2018,정상종료,완납,107,1083,100만원,12개월,0.24,여자,39세,기타,2450000.0,1650000.0,,8.0,1.0,18.0,0.0,0.0,1,,,,800000.0,1000000.0,12.0,103333.33333333331,94166.66666666666,-696666.6666666667,0.12916666666666665,0.0,-705833.3333333334
B180627-4,15,15,0.2,0.2,0.8,114.8,1722,304,4.0,0.267,,,1,0,2018,정상종료,완납,92,104,250만원,15개월,0.24,남자,51세,기술직,3800000.0,2700000.0,,27.0,17.0,34.0,2.0,8.0,1,,,,1100000.0,2500000.0,15.0,216666.66666666663,193333.3333333333,-883333.3333333334,0.19696969696969693,0.0,-906666.6666666667
B180710-2,2,2,1.0,0.5,0.0,0.0,0,0,,,,,0,0,2018,정상종료,완납,390,638,200만원,15개월,0.24,남자,46세,기술직,2200000.0,1910000.0,,89.0,36.0,28.0,0.0,0.0,1,,,,290000.0,2000000.0,15.0,173333.33333333334,154666.6666666667,-116666.66666666666,0.5977011494252874,0.0,-135333.3333333333
B180712-1,12,12,0.9167,0.0833,0.0833,0.083,1,1,6.0,0.5,7.0,,1,0,2018,정상종료,완납,102,438,200만원,15개월,0.24,남자,49세,공공기관,5500000.0,4560000.0,,44.0,3.0,1.0,0.0,0.0,1,,,,940000.0,2000000.0,15.0,173333.33333333334,154666.6666666667,-766666.6666666666,0.1843971631205674,0.0,-785333.3333333333
B180730-4,12,12,0.6667,0.0833,0.3333,0.333,4,1,9.0,0.75,,,1,0,2018,정상종료,완납,390,878,100만원,12개월,0.2,여자,38세,기타,4500000.0,3750000.0,,27.0,7.0,5.0,0.0,0.0,1,,,,750000.0,1000000.0,12.0,100000.0,92361.11111111112,-650000.0,0.13333333333333333,0.0,-657638.8888888889
B180807-1,12,12,1.0,0.9167,0.0,0.0,0,0,,,,,0,0,2018,정상종료,완납,427,305,100만원,12개월,0.24,남자,46세,기술직,6700000.0,2970000.0,,71.0,56.0,14.0,0.0,0.0,1,,,,3730000.0,1000000.0,12.0,103333.33333333331,94166.66666666666,-3626666.6666666665,0.027703306523681855,0.0,-3635833.3333333335
B180816-2,13,13,1.0,1.0,0.0,0.0,0,0,,,,,0,0,2018,정상종료,완납,166,910,250만원,15개월,0.24,남자,50세,기타,3500000.0,3400000.0,,37.0,36.0,0.0,0.0,0.0,1,,,,100000.0,2500000.0,15.0,216666.66666666663,193333.3333333333,116666.66666666663,2.166666666666666,1.0,93333.33333333331
B180824-3,18,18,1.0,0.6667,0.0,0.0,0,0,,,,,0,0,2018,상환중,진행중,203,253,300만원,24개월,0.24,남자,51세,기타,3250000.0,1970000.0,,77.0,43.0,3.0,0.0,0.0,1,,,,1280000.0,3000000.0,24.0,185000.0,156250.0,-1095000.0,0.14453125,0.0,-1123750.0
B180827-1,17,17,0.3529,0.1765,0.6471,5.235,89,12,5.0,0.294,6.0,8.0,1,0,2018,상환중,진행중,248,1511,300만원,24개월,0.24,여자,50세,생산직,3500000.0,2690000.0,,28.0,16.0,11.0,0.0,0.0,1,,,,810000.0,3000000.0,24.0,185000.0,156250.0,-625000.0,0.22839506172839505,0.0,-653750.0
B180829-5,11,3,1.0,1.0,0.0,36.818,405,405,4.0,0.364,5.0,,1,8,2018,연체중,손실,341,832,200만원,24개월,0.24,여자,35세,기타,2200000.0,1750000.0,,32.0,12.0,1.0,0.0,0.0,1,,,,450000.0,2000000.0,24.0,123333.33333333331,104166.66666666666,-326666.6666666667,0.274074074074074,0.0,-345833.3333333334
B180831-3,4,4,1.0,1.0,0.0,0.0,0,0,,,,,0,0,2018,정상종료,완납,747,699,350만원,15개월,0.24,남자,40세,사무직,5000000.0,3900000.0,,75.0,73.0,1.0,0.0,0.0,1,,,,1100000.0,3500000.0,15.0,303333.3333333334,270666.6666666667,-796666.6666666666,0.2757575757575758,0.0,-829333.3333333333
B180904-10,9,8,0.875,0.125,0.125,28.444,256,247,8.0,0.889,,,1,1,2018,연체중,손실,94,386,300만원,18개월,0.24,남자,53세,생산직,3200000.0,2180000.0,,53.0,25.0,13.0,0.0,0.0,1,,,,1020000.0,3000000.0,18.0,226666.66666666663,198333.3333333333,-793333.3333333334,0.22222222222222218,0.0,-821666.6666666667
B180907-1,12,12,0.3333,0.1667,0.6667,3.0,36,10,3.0,0.25,5.0,7.0,1,0,2018,정상종료,완납,581,601,100만원,12개월,0.24,여자,37세,기타,3100000.0,2410000.0,,28.0,12.0,42.0,5.0,0.0,1,,,,690000.0,1000000.0,12.0,103333.33333333331,94166.66666666666,-586666.6666666667,0.14975845410628016,0.0,-595833.3333333334
B180910-2,11,11,1.0,0.3636,0.0,0.0,0,0,,,,,0,0,2018,정상종료,완납,531,934,100만원,12개월,0.24,남자,40세,일용직,1600000.0,980000.0,,38.0,13.0,1.0,0.0,0.0,1,,,,620000.0,1000000.0,12.0,103333.33333333331,94166.66666666666,-516666.6666666667,0.16666666666666663,0.0,-525833.3333333334
B180914-1,15,15,0.3333,0.0,0.6667,13.2,198,39,4.0,0.267,5.0,7.0,1,0,2018,상환지연중,진행중,256,495,300만원,15개월,0.24,남자,48세,서비스업,5200000.0,4500000.0,,90.0,38.0,21.0,4.0,0.0,1,,,,700000.0,3000000.0,15.0,260000.0,232000.0,-440000.0,0.37142857142857144,0.0,-468000.0
B180920-4,12,12,0.3333,0.1667,0.6667,1.583,19,4,1.0,0.083,2.0,3.0,1,0,2018,정상종료,완납,52,211,100만원,12개월,0.24,남자,40세,기술직,3500000.0,2730000.0,,,,,,,1,,,,770000.0,1000000.0,12.0,103333.33333333331,94166.66666666666,-666666.6666666667,0.13419913419913418,0.0,-675833.3333333334
B180928-5,12,12,0.0833,0.0,0.9167,6.75,81,13,2.0,0.167,,,1,0,2018,정상종료,완납,255,1008,100만원,12개월,0.24,남자,39세,사무직,3100000.0,2560000.0,,,,,,,1,,,,540000.0,1000000.0,12.0,103333.33333333331,94166.66666666666,-436666.6666666667,0.191358024691358,0.0,-445833.3333333334
B181004-2,16,16,1.0,1.0,0.0,0.0,0,0,,,,,0,0,2018,상환중,진행중,70,629,600만원,24개월,0.24,여자,45세,사무직,5100000.0,4570000.0,,101.0,95.0,0.0,0.0,0.0,1,,,,530000.0,6000000.0,24.0,370000.0,312500.0,-160000.0,0.6981132075471698,0.0,-217500.0
B181015-4,15,15,1.0,0.8667,0.0,0.0,0,0,,,,,0,0,2018,상환중,진행중,137,184,300만원,24개월,0.24,남자,46세,사무직,1700000.0,1510000.0,,88.0,82.0,0.0,0.0,0.0,1,,,,190000.0,3000000.0,24.0,185000.0,156250.0,-5000.0,0.9736842105263158,0.0,-33750.0
B181018-1,12,12,1.0,0.8333,0.0,0.0,0,0,,,,,0,0,2018,정상종료,완납,203,579,300만원,24개월,0.24,여자,44세,사무직,1740000.0,1460000.0,,125.0,109.0,1.0,0.0,0.0,1,,,,280000.0,3000000.0,24.0,185000.0,156250.0,-95000.0,0.6607142857142857,0.0,-123750.0
B181023-8,15,15,0.3333,0.2667,0.6667,2.067,31,11,4.0,0.267,12.0,13.0,1,0,2018,상환지연중,진행중,1558,1686,250만원,15개월,0.24,여자,36세,일용직,1450000.0,750000.0,,75.0,68.0,34.0,0.0,0.0,1,,,,700000.0,2500000.0,15.0,216666.66666666663,193333.3333333333,-483333.3333333334,0.3095238095238095,0.0,-506666.6666666667
B181025-5,11,11,1.0,0.9091,0.0,0.0,0,0,,,,,0,0,2018,정상종료,완납,304,520,200만원,15개월,0.24,남자,46세,,,,,75.0,25.0,0.0,0.0,0.0,1,,,,,2000000.0,15.0,173333.33333333334,154666.6666666667,,,,
B181105-1,15,15,1.0,0.1333,0.0,0.0,0,0,,,,,0,0,2018,상환중,진행중,225,435,300만원,21개월,0.22,여자,51세,사무직,3500000.0,2880000.0,,50.0,9.0,5.0,0.0,0.0,1,,,,620000.0,3000000.0,21.0,197857.14285714287,171666.6666666667,-422142.85714285716,0.3191244239631337,0.0,-448333.3333333333
B181108-5,8,8,1.0,0.875,0.0,0.0,0,0,,,,,0,0,2018,정상종료,완납,418,662,100만원,12개월,0.24,여자,38세,생산직,4300000.0,3920000.0,,97.0,69.0,20.0,0.0,0.0,1,,,,380000.0,1000000.0,12.0,103333.33333333331,94166.66666666666,-276666.6666666667,0.27192982456140347,0.0,-285833.3333333334
B181113-11,14,14,1.0,0.9286,0.0,0.0,0,0,,,,,0,0,2018,상환중,진행중,40,624,300만원,24개월,0.24,여자,39세,사무직,4430000.0,2830000.0,,45.0,43.0,0.0,0.0,0.0,1,,,,1600000.0,3000000.0,24.0,185000.0,156250.0,-1415000.0,0.115625,0.0,-1443750.0
B181127-1,14,14,0.8571,0.2143,0.1429,3.643,51,30,4.0,0.286,6.0,,1,0,2018,상환중,진행중,407,1661,400만원,21개월,0.24,여자,41세,기타,2000000.0,1660000.0,,75.0,26.0,10.0,1.0,0.0,1,,,,340000.0,4000000.0,21.0,270476.1904761905,232380.9523809524,-69523.80952380953,0.7955182072829131,0.0,-107619.0476190476
B181128-2,12,12,0.9167,0.8333,0.0833,0.083,1,1,4.0,0.333,5.0,,1,0,2018,정상종료,완납,268,245,100만원,12개월,0.24,여자,42세,사무직,1650000.0,800000.0,,,,,,,1,,,,850000.0,1000000.0,12.0,103333.33333333331,94166.66666666666,-746666.6666666667,0.12156862745098036,0.0,-755833.3333333334
B181130-1,14,14,0.9286,0.8571,0.0714,0.071,1,1,4.0,0.286,5.0,,1,0,2018,상환중,진행중,175,549,300만원,24개월,0.24,여자,31세,일용직,3300000.0,1630000.0,,49.0,37.0,1.0,0.0,0.0,1,,,,1670000.0,3000000.0,24.0,185000.0,156250.0,-1485000.0,0.11077844311377245,0.0,-1513750.0
B181205-3,14,14,1.0,1.0,0.0,0.0,0,0,,,,,0,0,2018,상환중,진행중,211,893,200만원,15개월,0.24,여자,60세,기타,1990000.0,1860000.0,,49.0,46.0,0.0,0.0,0.0,1,,,,130000.0,2000000.0,15.0,173333.33333333334,154666.6666666667,43333.33333333334,1.3333333333333335,1.0,24666.666666666686
B181211-1,14,14,1.0,0.6429,0.0,0.0,0,0,,,,,0,0,2018,상환중,진행중,321,666,250만원,21개월,0.24,여자,37세,기타,,,,55.0,39.0,4.0,0.0,0.0,1,,,,,2500000.0,21.0,169047.61904761905,145238.09523809524,,,,
B181224-2,14,14,1.0,0.9286,0.0,0.0,0,0,,,,,0,0,2018,상환중,진행중,679,982,600만원,24개월,0.24,남자,40세,사무직,5000000.0,3900000.0,,75.0,73.0,1.0,0.0,0.0,1,,,,1100000.0,6000000.0,24.0,370000.0,312500.0,-730000.0,0.33636363636363636,0.0,-787500.0
B181226-6,13,13,0.7692,0.1538,0.2308,1.538,20,18,5.0,0.385,8.0,,1,0,2018,상환중,진행중,412,617,300만원,24개월,0.24,남자,37세,운전직,2000000.0,1110000.0,,32.0,22.0,4.0,0.0,0.0,1,,,,890000.0,3000000.0,24.0,185000.0,156250.0,-705000.0,0.20786516853932585,0.0,-733750.0
B181227-1,9,8,1.0,0.75,0.0,0.0,0,0,,,,,0,1,2018,정상종료,완납,391,548,200만원,21개월,0.24,남자,46세,기술직,2200000.0,1420000.0,,89.0,36.0,28.0,0.0,0.0,1,,,,780000.0,2000000.0,21.0,135238.09523809524,116190.47619047618,-644761.9047619047,0.17338217338217338,0.0,-663809.5238095238
B190102-3,11,10,0.3,0.1,0.7,27.727,305,76,2.0,0.182,8.0,10.0,1,1,2019,상환지연중,진행중,828,1744,100만원,12개월,0.24,여자,42세,기술직,2300000.0,2060000.0,,18.0,7.0,19.0,7.0,0.0,1,,,,240000.0,1000000.0,12.0,103333.33333333331,94166.66666666666,-136666.6666666667,0.43055555555555547,0.0,-145833.33333333334
B190103-5,12,12,0.3333,0.0833,0.6667,6.333,76,15,4.0,0.333,12.0,,1,0,2019,상환중,진행중,204,896,150만원,12개월,0.24,여자,40세,기타,2290000.0,1950000.0,,,,,,,1,,,,340000.0,1500000.0,12.0,155000.0,141250.0,-185000.0,0.45588235294117646,0.0,-198750.0
B190113-1,12,12,0.5833,0.0,0.4167,1.083,13,6,2.0,0.167,3.0,5.0,1,0,2019,상환중,진행중,98,790,100만원,12개월,0.24,남자,42세,운전직,2000000.0,1900000.0,,13.0,0.0,10.0,0.0,0.0,1,,,,100000.0,1000000.0,12.0,103333.33333333331,94166.66666666666,3333.333333333314,1.0333333333333332,1.0,-5833.333333333343
B190115-2,14,13,1.0,1.0,0.0,0.0,0,0,,,,,0,1,2019,상환중,진행중,337,317,200만원,24개월,0.24,남자,36세,기술직,2560000.0,1600000.0,,53.0,46.0,0.0,0.0,0.0,1,,,,960000.0,2000000.0,24.0,123333.33333333331,104166.66666666666,-836666.6666666667,0.1284722222222222,0.0,-855833.3333333334
B190211-2,12,12,1.0,0.5833,0.0,0.0,0,0,,,,,0,0,2019,상환중,진행중,112,108,200만원,24개월,0.24,남자,58세,사무직,4070000.0,3980000.0,,30.0,11.0,20.0,0.0,0.0,1,,,,90000.0,2000000.0,24.0,123333.33333333331,104166.66666666666,33333.333333333314,1.3703703703703702,1.0,14166.666666666657
B190221-20,11,11,0.8182,0.4545,0.1818,0.182,2,1,5.0,0.455,7.0,,1,0,2019,상환중,진행중,662,902,300만원,24개월,0.24,남자,42세,운전직,4800000.0,3710000.0,,62.0,26.0,8.0,0.0,0.0,1,,,,1090000.0,3000000.0,24.0,185000.0,156250.0,-905000.0,0.16972477064220184,0.0,-933750.0
B190224-2,11,11,1.0,0.2727,0.0,0.0,0,0,,,,,0,0,2019,상환중,진행중,170,594,200만원,12개월,0.24,남자,56세,사무직,2100000.0,1650000.0,,19.0,3.0,17.0,0.0,0.0,1,,,,450000.0,2000000.0,12.0,206666.66666666663,188333.3333333333,-243333.33333333337,0.4592592592592592,0.0,-261666.6666666667
B190225-2,11,11,0.2727,0.2727,0.7273,7.0,77,18,2.0,0.182,10.0,,1,0,2019,상환중,진행중,351,1341,200만원,18개월,0.24,남자,50세,사무직,3800000.0,3120000.0,,23.0,8.0,8.0,0.0,0.0,1,,,,680000.0,2000000.0,18.0,151111.11111111112,132222.22222222222,-528888.8888888889,0.22222222222222224,0.0,-547777.7777777778
B190304-4,11,11,0.9091,0.8182,0.0909,0.818,9,9,11.0,1.0,,,1,0,2019,상환중,진행중,393,1532,600만원,24개월,0.24,여자,43세,보험설계사,7500000.0,5670000.0,,125.0,120.0,0.0,0.0,0.0,1,,,,1830000.0,6000000.0,24.0,370000.0,312500.0,-1460000.0,0.20218579234972678,0.0,-1517500.0
B190311-2,11,11,1.0,1.0,0.0,0.0,0,0,,,,,0,0,2019,상환중,진행중,614,568,300만원,15개월,0.24,남자,54세,운전직,3600000.0,1740000.0,,114.0,90.0,4.0,0.0,0.0,1,,,,1860000.0,3000000.0,15.0,260000.0,232000.0,-1600000.0,0.13978494623655913,0.0,-1628000.0
B190324-1,6,6,1.0,0.8333,0.0,0.0,0,0,,,,,0,0,2019,정상종료,완납,230,195,100만원,12개월,0.24,여자,26세,사무직,1300000.0,460000.0,,,,,,,1,,,,840000.0,1000000.0,12.0,103333.33333333331,94166.66666666666,-736666.6666666667,0.123015873015873,0.0,-745833.3333333334
B190326-1,7,7,1.0,1.0,0.0,0.0,0,0,,,,,0,0,2019,정상종료,완납,162,268,200만원,24개월,0.24,여자,47세,기타,2100000.0,2010000.0,,25.0,18.0,0.0,0.0,0.0,1,,,,90000.0,2000000.0,24.0,123333.33333333331,104166.66666666666,33333.333333333314,1.3703703703703702,1.0,14166.666666666657
B190329-3,10,9,0.0,0.0,1.0,8.7,87,14,1.0,0.1,,,1,1,2019,상환중,진행중,297,635,100만원,12개월,0.24,여자,39세,서비스업,4000000.0,3320000.0,,,,,,,1,,,,680000.0,1000000.0,12.0,103333.33333333331,94166.66666666666,-576666.6666666667,0.15196078431372545,0.0,-585833.3333333334
B190420-2,6,6,1.0,0.3333,0.0,0.0,0,0,,,,,0,0,2019,정상종료,완납,92,471,300만원,24개월,0.24,남자,50세,기타,4500000.0,3950000.0,,97.0,55.0,3.0,0.0,0.0,1,,,,550000.0,3000000.0,24.0,185000.0,156250.0,-365000.0,0.33636363636363636,0.0,-393750.0
B190501-2,9,9,1.0,1.0,0.0,0.0,0,0,,,,,0,0,2019,상환중,진행중,64,349,300만원,24개월,0.24,여자,44세,서비스업,2600000.0,2160000.0,,48.0,41.0,10.0,1.0,0.0,1,,,,440000.0,3000000.0,24.0,185000.0,156250.0,-255000.0,0.42045454545454547,0.0,-283750.0
B190508-5,9,9,1.0,0.8889,0.0,0.0,0,0,,,,,0,0,2019,상환중,진행중,212,350,500만원,24개월,0.24,남자,47세,운전직,2800000.0,2330000.0,,96.0,76.0,3.0,0.0,0.0,1,,,,470000.0,5000000.0,24.0,308333.3333333334,260416.6666666667,-161666.66666666663,0.6560283687943264,0.0,-209583.3333333333
B190515-2,8,8,1.0,0.5,0.0,0.0,0,0,,,,,0,0,2019,상환중,진행중,48,549,100만원,12개월,0.24,남자,29세,기타,1400000.0,1030000.0,,,,,,,1,,,,370000.0,1000000.0,12.0,103333.33333333331,94166.66666666666,-266666.6666666667,0.2792792792792792,0.0,-275833.3333333334
B190523-3,7,7,1.0,0.5714,0.0,0.0,0,0,,,,,0,0,2019,정상종료,완납,73,742,300만원,15개월,0.23,여자,38세,기타,4000000.0,3450000.0,,75.0,54.0,7.0,0.0,0.0,1,,,,550000.0,3000000.0,15.0,257500.0,230666.66666666663,-292500.0,0.4681818181818182,0.0,-319333.3333333334
B190529-5,8,8,0.75,0.125,0.25,0.5,4,3,5.0,0.625,6.0,7.0,1,0,2019,상환중,진행중,291,651,200만원,24개월,0.24,남자,43세,기타,4000000.0,3350000.0,,92.0,45.0,3.0,0.0,0.0,1,,,,650000.0,2000000.0,24.0,123333.33333333331,104166.66666666666,-526666.6666666667,0.1897435897435897,0.0,-545833.3333333334
B190607-1,8,8,1.0,1.0,0.0,0.0,0,0,,,,,0,0,2019,상환중,진행중,764,878,300만원,24개월,0.24,남자,44세,기술직,5000000.0,4810000.0,,57.0,44.0,1.0,0.0,0.0,1,,,,190000.0,3000000.0,24.0,185000.0,156250.0,-5000.0,0.9736842105263158,0.0,-33750.0
B190701-3,7,7,1.0,0.4286,0.0,0.0,0,0,,,,,0,0,2019,상환중,진행중,40,434,100만원,12개월,0.24,여자,43세,사무직,2200000.0,1280000.0,,,,,,,1,,,,920000.0,1000000.0,12.0,103333.33333333331,94166.66666666666,-816666.6666666667,0.11231884057971013,0.0,-825833.3333333334
B190718-2,6,6,1.0,0.1667,0.0,0.0,0,0,,,,,0,0,2019,상환중,진행중,102,682,300만원,24개월,0.24,남자,49세,공공기관,5100000.0,4100000.0,,44.0,3.0,1.0,0.0,0.0,1,,,,1000000.0,3000000.0,24.0,185000.0,156250.0,-815000.0,0.185,0.0,-843750.0
B190719-4,7,7,1.0,1.0,0.0,0.0,0,0,,,,,0,0,2019,상환중,진행중,259,325,150만원,12개월,0.24,여자,50세,기타,3400000.0,2200000.0,,51.0,51.0,0.0,0.0,0.0,1,,,,1200000.0,1500000.0,12.0,155000.0,141250.0,-1045000.0,0.12916666666666668,0.0,-1058750.0
B190725-1,6,6,1.0,1.0,0.0,0.0,0,0,,,,,0,0,2019,상환중,진행중,803,331,200만원,12개월,0.24,남자,42세,사무직,1670000.0,1010000.0,,61.0,60.0,4.0,0.0,0.0,1,,,,660000.0,2000000.0,12.0,206666.66666666663,188333.3333333333,-453333.3333333334,0.3131313131313131,0.0,-471666.6666666667
B190826-1,5,5,1.0,0.6,0.0,0.0,0,0,,,,,0,0,2019,상환중,진행중,37,553,200만원,12개월,0.24,남자,45세,사무직,4000000.0,3210000.0,,,,,,,1,,,,790000.0,2000000.0,12.0,206666.66666666663,188333.3333333333,-583333.3333333334,0.26160337552742613,0.0,-601666.6666666667
B190830-7,5,5,0.2,0.2,0.8,5.0,25,10,2.0,0.4,,,1,0,2019,상환중,진행중,136,1034,100만원,12개월,0.24,여자,25세,서비스업,1800000.0,1050000.0,,,,,,,1,,,,750000.0,1000000.0,12.0,103333.33333333331,94166.66666666666,-646666.6666666667,0.13777777777777775,0.0,-655833.3333333334
B190903-3,5,5,1.0,1.0,0.0,0.0,0,0,,,,,0,0,2019,상환중,진행중,698,674,200만원,24개월,0.24,여자,38세,사무직,4800000.0,4280000.0,,28.0,16.0,1.0,0.0,0.0,1,,,,520000.0,2000000.0,24.0,123333.33333333331,104166.66666666666,-396666.6666666667,0.23717948717948714,0.0,-415833.3333333334
B190905-6,5,5,1.0,1.0,0.0,0.0,0,0,,,,,0,0,2019,상환중,진행중,74,204,100만원,12개월,0.24,여자,37세,사무직,2300000.0,2110000.0,,16.0,7.0,0.0,0.0,0.0,1,,,,190000.0,1000000.0,12.0,103333.33333333331,94166.66666666666,-86666.66666666669,0.5438596491228069,0.0,-95833.33333333334
B190909-12,4,4,1.0,0.0,0.0,0.0,0,0,,,,,0,0,2019,상환중,진행중,102,226,100만원,12개월,0.24,여자,31세,기타,1300000.0,700000.0,,15.0,0.0,0.0,0.0,0.0,1,,,,600000.0,1000000.0,12.0,103333.33333333331,94166.66666666666,-496666.6666666667,0.1722222222222222,0.0,-505833.3333333334
B190920-1,4,4,1.0,0.75,0.0,0.0,0,0,,,,,0,0,2019,상환중,진행중,298,249,300만원,15개월,0.24,여자,47세,간호사,2650000.0,2130000.0,,60.0,39.0,21.0,0.0,0.0,1,,,,520000.0,3000000.0,15.0,260000.0,232000.0,-260000.0,0.5,0.0,-288000.0
B191014-3,3,3,1.0,1.0,0.0,0.0,0,0,,,,,0,0,2019,상환중,진행중,1069,994,100만원,12개월,0.24,남자,42세,사무직,5100000.0,4750000.0,,44.0,23.0,28.0,0.0,0.0,1,,,,350000.0,1000000.0,12.0,103333.33333333331,94166.66666666666,-246666.6666666667,0.2952380952380952,0.0,-255833.33333333334
B191015-3,4,4,1.0,0.75,0.0,0.0,0,0,,,,,0,0,2019,상환중,진행중,414,471,150만원,12개월,0.24,여자,38세,생산직,4500000.0,3970000.0,,97.0,69.0,20.0,0.0,0.0,1,,,,530000.0,1500000.0,12.0,155000.0,141250.0,-375000.0,0.29245283018867924,0.0,-388750.0
B191023-3,3,3,1.0,1.0,0.0,0.0,0,0,,,,,0,0,2019,상환중,진행중,254,645,300만원,24개월,0.24,여자,44세,기타,1680000.0,1440000.0,,125.0,109.0,1.0,0.0,0.0,1,,,,240000.0,3000000.0,24.0,185000.0,156250.0,-55000.0,0.7708333333333334,0.0,-83750.0
B191025-1,3,3,0.3333,0.3333,0.6667,2.333,7,4,2.0,0.667,,,1,0,2019,상환지연중,진행중,192,428,150만원,12개월,0.24,여자,32세,사무직,1750000.0,1300000.0,,30.0,17.0,6.0,0.0,0.0,1,,,,450000.0,1500000.0,12.0,155000.0,141250.0,-295000.0,0.34444444444444444,0.0,-308750.0
B191031-2,3,3,0.0,0.0,1.0,10.667,32,27,1.0,0.333,,,1,0,2019,상환중,진행중,178,310,100만원,12개월,0.24,여자,46세,보험설계사,3200000.0,2850000.0,,54.0,45.0,31.0,5.0,0.0,1,,,,350000.0,1000000.0,12.0,103333.33333333331,94166.66666666666,-246666.6666666667,0.2952380952380952,0.0,-255833.33333333334
B191103-1,3,2,0.0,0.0,1.0,5.667,17,11,1.0,0.333,,,1,1,2019,상환중,진행중,52,290,100만원,12개월,0.24,남자,40세,기술직,3700000.0,2900000.0,,4.0,2.0,9.0,0.0,0.0,1,,,,800000.0,1000000.0,12.0,103333.33333333331,94166.66666666666,-696666.6666666667,0.12916666666666665,0.0,-705833.3333333334
B191114-2,3,3,1.0,0.6667,0.0,0.0,0,0,,,,,0,0,2019,상환중,진행중,273,418,300만원,24개월,0.23,여자,48세,사무직,4600000.0,4410000.0,,86.0,34.0,5.0,0.0,0.0,1,,,,190000.0,3000000.0,24.0,182500.0,154947.91666666666,-7500.0,0.9605263157894737,0.0,-35052.08333333334
B191118-3,2,2,0.5,0.5,0.5,0.5,1,1,2.0,1.0,,,1,0,2019,상환중,진행중,1081,803,300만원,24개월,0.22,남자,47세,기타,2530000.0,1270000.0,,69.0,24.0,0.0,0.0,0.0,1,,,,1260000.0,3000000.0,24.0,180000.0,153645.83333333334,-1080000.0,0.14285714285714285,0.0,-1106354.1666666667
B191127-3,2,2,1.0,0.0,0.0,0.0,0,0,,,,,0,0,2019,상환중,진행중,418,408,350만원,24개월,0.24,여자,49세,사무직,2600000.0,1580000.0,,78.0,51.0,0.0,0.0,0.0,1,,,,1020000.0,3500000.0,24.0,215833.3333333333,182291.6666666667,-804166.6666666667,0.21160130718954245,0.0,-837708.3333333333
B191205-1,1,1,0.0,0.0,1.0,3.0,3,3,1.0,1.0,,,1,0,2019,상환중,진행중,171,497,150만원,12개월,0.24,여자,42세,요식업,2300000.0,1710000.0,,11.0,10.0,1.0,0.0,0.0,1,,,,590000.0,1500000.0,12.0,155000.0,141250.0,-435000.0,0.2627118644067797,0.0,-448750.0
B191207-4,2,2,0.5,0.5,0.5,0.5,1,1,2.0,1.0,,,1,0,2019,상환중,진행중,88,816,200만원,12개월,0.24,여자,51세,간호사,2420000.0,2320000.0,,12.0,9.0,0.0,0.0,0.0,1,,,,100000.0,2000000.0,12.0,206666.66666666663,188333.3333333333,106666.66666666663,2.0666666666666664,1.0,88333.33333333331
B191215-1,1,1,1.0,0.0,0.0,0.0,0,0,,,,,0,0,2019,상환중,진행중,144,371,300만원,24개월,0.24,여자,42세,기타,3000000.0,2780000.0,220000.0,49.0,19.0,5.0,0.0,0.0,1,,,,220000.0,3000000.0,24.0,185000.0,156250.0,-35000.0,0.8409090909090909,0.0,-63750.0
B191219-7,1,1,1.0,1.0,0.0,0.0,0,0,,,,,0,0,2019,상환중,진행중,147,253,300만원,15개월,0.24,남자,48세,사무직,5500000.0,4050000.0,1450000.0,56.0,32.0,6.0,0.0,0.0,1,,,,1450000.0,3000000.0,15.0,260000.0,232000.0,-1190000.0,0.1793103448275862,0.0,-1218000.0
